text,is_toxic
"Are you feeling it now, mr mark?",Not Toxic
so many haters on the internet . dident get what so bad about this video.... i think u just jealous logan paul.... fuck humens,Toxic
"I do this with store-bought breaded shrimp all the time. The way you are better than be is that the seasoning is IN the batter, not dusted on top. Play! Experiment! You'll do something wonderful if you are already putting in that effort.",Not Toxic
"nobody threw President Trump anywhere, the dems cheated. We've only been screaming this since Nov 2019 and we won't stop until he is in his elected seat by We The People!!!
 FJB
 LET'S GO BRANDON!!",Toxic
"I’m from Scandinavia, so we have different pancakes than in the US. Ours is much thinner and larger. But I loved the BA’s!",Not Toxic
"holy shit, its actually ironically funny now that this shit is fun to gawk at these dumbasses",Toxic
why your so gay,Toxic
The veggie ramen is a staple for me. I typically stock up when I find it.,Not Toxic
"""Jon Mills, a Cummins representative, confirmed to Business Insider that the company, which employs some 62,610 people globally, would reduce its global workforce by about 2,000 by the first quarter of 2020.
 It's not clear which Cummins locations or departments will be affected by the layoffs.""
 As we communicated to our employees last week, demand has deteriorated even faster than expected, and we need to adjust to reduce costs,"" Mills said in an emailed statement.""
 You stupid fucking trumpsters done winning yet",Toxic
"If you build ap with lethal tempo on him you can get absolutely ridiculous shred-through-anything attack speed. Like turrets won't even last half a second when he's beating the shit out of them. It's one of my favourite build in the game because of how ridiculous his damage output is and how hilarious he looks while doing it. I've got a few clips of it, i might post one if ppl want to see it lol.",Not Toxic
Pedo Joe is a lying cheating Racist Piece of Dung!!!,Toxic
"I just reread this part of Crystal Shard, too. Salvatore didn't say anything about it, but I'd imagined his purple eyes shining or twinkling (heh) when he found it. I love the image.",Not Toxic
PLEASE share your Dream Address with us someday. I need to visit!,Not Toxic
She’s a poor asshole dressed in Gucci,Toxic
Love it! Thank you for finding me a new sub to join.,Not Toxic
I think it's important that Sinema is showing us even a bisexual woman in a colorful wig can be a money grubbing piece of garbage.,Toxic
"If this is a serious question, it’s the week long break in November that was implemented for student mental health",Not Toxic
"My parents were just there, they told me just 3 days ago. Wild.",Not Toxic
"I was a little disappointed by the lack of a turkey offer this year, but honestly it’s awesome they do something like this at all. Looking forward to the upcoming Walmart visit!",Not Toxic
Curious- can contestants still see the Category once a Clue has been chosen? Or is it like home viewers where you see only the clue?,Not Toxic
"The transition from pointless angry noise to music about real social ills will do that to you
 
 
 
 Not that metal can't be good music but I don't remember the last time I heard a meaningful protest song come out of anyone I'd ever heard of.",Not Toxic
"I do not want America to be more brown. If I wanted brown, I would have stayed in India.",Toxic
Rest in peace good man.,Not Toxic
"Centipede has amazing frame data and corner pressure. On top of that his super is just broken!
 
 
 
 Next time Pogchamp... NEXT TIME YOU CAN DO IT!",Not Toxic
"One of the very few bioavailable sources of vitamin D you can get from diet, IIRC",Not Toxic
It soaks up through the cookie part and makes the chocolate melty,Not Toxic
He is definitely a maggot...,Toxic
Prosecute trump he is unstable with a full diaper🤡💩💦👶🤮👶💦💩🤡🤑😈🤑🤡💩🤡,Toxic
Ford just hit a new 52 week high!!,Not Toxic
Kimberly and Daphne a lesbian couple. We don't need more of this in the US.,Toxic
"Thank you for that link!
 
 
 
 Instantly subbed.",Not Toxic
Die already so we can get the nation moving!!,Toxic
Same exact word! Spanish speakers just like to add -ita or -ito to the end of things to make it sound cute. It's also use when referring to something small- like grandmas! :D,Not Toxic
I hope lil nas x dies faggot.,Toxic
"It's absolutly amazing. Harris is everything. Black, white, Indian, Mexican, ect. What a disgusting fraud",Toxic
I find it interesting how the blade isn’t outright named “Incingdeath” at least by book 9 which is what I’m reading right now. Twinkle is often referred to by name but his other scimitar is called “his other scimitar” many times.,Not Toxic
"You have eagle eyes, friend! Keep 'em coming!",Not Toxic
"That truly made me feel so much better, I tend to spiral when I feel I've messed things up. Truly, you've just made it easy for me to atleast sleep tonight. Thank you so much. I don't have anymore question, just immensely grateful.",Not Toxic
"Makes sense. Bjergsen is pretty close to Doublelift, and I'm sure he heard a lot about CoreJJ from him considering DL still waxes poetic about how amazing Core is every chance he gets.
 
 
 
 I'm sure he knows his talent from playing against him, but hearing how good of a teammate Core is from first-hand experience would definitely solidify that desire to be on his team.",Not Toxic
AYOOOO DOSUNMU. The hometown boy strikes again,Not Toxic
"12511. ""Why are WSACC students so fucking annoying and fake when it comes to class participation? FFS, stop asking so many obvious, redundant yet well-crafted questions during online class that interrupts the flow of the class.
 Chillax man, PCT is just 6%. There is no need to act like a slut for it that brings annoyance and disgust to many other students. Because of your selfish and greedy whore-like attitude, the lecturer have to repeatedly waste time to answer something you understood already for the sake of your own PCT.""",Toxic
"He wrecked a casino, for crying out loud. Everything Trump touches turns to poo.
 Except neo-Nazis and so-called Evangelicals.
 #TheFecalTouch",Toxic
"What do you mean it is clearly Fudge?
 
 
 
 /s
 
 
 
 On a serious note, it is probably CoreJJ. I don't know who else in the league could be held up in such high standards, like honestly my brain can't think of anyone in NA LCS atm.",Not Toxic
"Elon Musk is a piece of shit, greedy capitalist who exploits workers, and offers nothing of real benefit to the world.
 All he’s done is make a name for himself on the backs of other people, using dirty money from his family’s emerald mine they acquired during apartheid.
 I don’t care that he’s autistic. He thinks we should be cured with his company’s AI chip. 
 He is not a representation of our community. Don’t celebrate him on this page.",Toxic
Fuck that gun control you aint takn my gun AMS most of the places that are not safe are liberal cities with ninjas,Toxic
Kourtney is more used up then the Duggar’s condom use,Toxic
Amen. Woke self-righteous leftists are simply ugly humans to the core.,Toxic
:) I’m not gonna lie and say this didn’t make me tear up abit,Not Toxic
MAYBE YOUR LIBFUK CORPORATE ASS SHOULD HAVE THOUGHT ABOUT THAT BEFORE YOU HELPED THE DEMOCRAPS STEAL THE 2020 ELECTION!,Toxic
How cool!! Mario Kart vibes!,Not Toxic
If this person is really your friend they won’t try to date someone you are with,Not Toxic
TSLA sending shareholders early Christmas gifts,Not Toxic
"no such thing as transgender, it's a boy in a dress",Toxic
Just use one of those old wire coat hangers.... or maybe the good old fashion thump in the stomach .,Toxic
y’all he did not just act all quirky and shit😭 “wait we just found a dead body in suicide forest” and the way he was joking about it to. also the fact that the only thing that made him believe that people commit suicide is that there guide told him someone he knew did it like wtf. also what’s calling the police gonna do? like the persons already dead. is that what your gonna do for everyone else? call the police? it’s not gonna do shit. THEN HE SAID IT WAS SUPPOSED TO BE A FUN VOLG?! WHATS FUN ABOUT GOING INTO A PLACE WHERE PEOPLE FUCKING TOOK THERE OWN LIVES. and it did not take him to just see a dead body to realize suicide is not a joke. also the FUCKING FACT that he was saying shit like “oh people care about you” and shit like that trying to be serious THEN FUCKING JUMPED AROUND LAUGHING AND MAKING JOKES,Toxic
I love Tesla! — They’re all about the mission!,Not Toxic
I was going to go as a Democrat but I couldn’t get my head up my ass.,Toxic
"About halfway through The Furies of Calderon and I’m loving it so far, can’t wait to read the whole series. For anyone wondering, it’s pretty much Ancient Rome mixed with Pokémon/ATLA.",Not Toxic
"..Hopefully, a visit from big-mouthed BIGOT Al Sharpton will be the final nail in Beijing Biden's coffin! 😂 🤣 😆",Toxic
He opens his mouth and words come out. It's amazing how politicians can talk so much and yet say nothing at all.,Not Toxic
"Smite jinx... int or pentakill?
 
 
 
 Both.",Not Toxic
Who wants to bet she didn't get a real booster. #HangTheCorruptDemocrats,Toxic
Don't you know apparently only black lives matter now it's so f****** twisted 🖕that,Toxic
oh man who’s cutting the onions,Not Toxic
Well I think the dog owner found his doggos new favorite experience.,Not Toxic
beautiful,Not Toxic
"THIS FOOL IS A LIFETIME
 FAILURE. PUT HIM OUT 
 OF HIS SENILE MISERY
 L O O S E R....SHAME ON
 THE VOTERS THEY HAVE
 BLOOD ON THEIR.HANDS",Toxic
I'm pretty sure her plan was ill get bot tower voli will get top tower maybe inhib and we'll both back to defend. (Which is pretty good trade) No way did she think voli will go balls deep and end,Not Toxic
"WHEN DIMENTIATED DEMOCRAPS ARE RUNNING THE SHOW, SCUMFUKS LIKE ""ELGORE"" THINK IT'S SAFE TO SHOW THEMSELVES AND PEDDLE THEIR BULLSHIT!",Toxic
When your house is haunted by the ghost of a deceased interior designer.,Not Toxic
Yeah I’m interested in the potential of this story. How could a BBEG trick a party into reviving them instead of a teammate?,Not Toxic
Gays: fucking without spirituality is as hollow as an ass without dick.,Toxic
YUP! It runs in the Libturd Dumocratic circles.,Toxic
"You wear a mask for ONE picture but yet you’ve been out on the town without one getting your haircut while sending people to DIE in nursing homes while your mommy is safe and catered to. BLOOD ON YOUR HANDS! You’re not a Governor, you’re a CAREER CRIMINAL",Toxic
I’m a fan of your comment,Not Toxic
Lies u fuck with people heads get the fuck out of he bitch,Toxic
Just ignore these constant attention seekers!!!pathetic and desperate!!!indulgent and entitled!!!fake and phoney!!!,Toxic
"Got a question for you guys out there: did revan always hold hit lightsaber like that?
 
 
 
 I was rather young when kotor first came out but if I remember correctly it became only a thing after the force unleashed dropped.",Not Toxic
"ME SITTING ON THE ACCEPTING COUCH THAT WE ALL DAY ALL NEED WATCHING MOVIES REST
 
 
 
 Idk the message came across to me ^ _ ^",Not Toxic
Seriously breathtaking. I loved zooming in on the tiny details. Thank you for sharing!,Not Toxic
My maternal abuelita taught me how to make plantain empanadas 🥺 and my paternal abuelita needed me to help her brush her dentures 😌 I love them so much 🥰,Not Toxic
The morality police are after me. Fuck em. Fuck em with this dick.,Toxic
I have a friend who got a wagon for her Weimaraner with deteriorated discs; he absolutely loved it!,Not Toxic
I work long enough hours as it is.... Don't give them suggestions,Not Toxic
"Looks good, and most importantly the pieces are set up correctly.",Not Toxic
"""So I decided to go to Morganville, which is what they called Shelbyville in those days. So I tied an onion to my belt, which was the style at the time. Now, to take the ferry cost a nickel, and in those days, nickels had pictures of bumblebees on 'em. ""Gimme five bees for a quarter,"" you'd say.""",Not Toxic
I don't like CUNTMILA at all...................And F- Joe Too...............,Toxic
"Tuck frannies, I'm sick of them telling me what to do. No one controls me.",Toxic
This is disgusting so tired of listening and hearing of the bowl crap. The 100% vaccinated. Pushing it and pushing it.,Toxic
"Its better to say, that its not surv or hunter sided. As someone in this post said, every hunter as every survivor have a good skills. Depends on the player? Of course. Both sides rant about this kind of conversation, so both sides need to swallow the same kind of pill, ""ts not surv or hunter sided""",Not Toxic
What a beautiful video. She's proud of her little puppies 🥰,Not Toxic
"Playing Pot is like driving a tank. Playing Millia is like kite surfing.
 
 
 
 Go explore the skies my son.",Not Toxic
Not a whole lot of social distancing going on in this picture you hypocritical douche,Toxic
Pussy ass hoes could never *Woahh Vicky voice* since she’s in the spotlight today,Toxic
#fairelections #fuckjoebiden #fuckzuckerberg #freespeech #loveusa #saveamerica #maga,Toxic
"Damn fresh ass cut , 
 Truth is the Step dad can't TAG FOR SHIT ,
 The Counselor was actually a rival from 803 krew and saw that shit and was Like Hell nah Fuck 308 and Capped the Piece. He won't allow Toys in his school,and 
 The White out to fill in the 3D fx for the letters was toy too
 AND THAT LADIES AND GENTLEMEN IS WHY ZIGZAG FROM 803 KREW CAPPED THAT WEAK ASS SPOT ON LIL FOO'S CAVESA",Toxic
He keeps slapping the face of the Americans in this country and the leftist communists and adoring media keep holding him up as a savior. It is pathetic. LET'S GO BRANDON!!,Toxic
I’ll have to agree there,Not Toxic
"Heels up Harris don't know her A$$ from a hole in the ground, She has never done anything good , Unless it was on her back or her knees..................",Toxic
The consistency looks perfect! Did it have good flavor? I haven’t been able to bring myself to make this recipe because it calls for salted water instead of stock or broth and I’m afraid it’ll turn out bland.,Not Toxic
I was playing a rogue when I came up with the idea. exactly it's intended use!,Not Toxic
I f*@king knew that he'd be back. Ain't no way he ever left Nick. Both of these a**hats have been f*@king with us for a long time.,Toxic
OH HELL NO BRING ON THE NUREMBERG TRIALS arrest all these mass serial murderers !!!,Toxic
Im collecting BLM flags/merch for a bonfire live stream. Gonna burn it all,Toxic
And there's nothing wrong with that! I still have my IRL halloween stuff up and it will probably stay up until obscenely close to IRL turkey day because I too am lazy,Not Toxic
Beat them bitches up cause guess what ? The fucking police won’t do shit unless your a black guy with your hands up !,Toxic
"WHAT A BUNCH OF JACKASSES....
 😎😎😎😎😎😎😎",Toxic
"When some jerk asserts that Diaper Don, the Tangerine Terdbucket won just ask them if 74 is a larger number than 81.",Toxic
"#Trumptards thugs getting maced and now yelling defund the police...
 No matter the douchebag Senators and House Reps that object, BIDEN WILL STILL BE PRESIDENT...
 Senate MINORITY Leader #BitchyMitchy Is somewhere crying in his car on his way in...
 And Georgia is now PURPLE my baby 🙌🏽💜🙌🏽
 Today is already a good day, a whole lotta reaping what you cowards sowed is showing out today ✊🏽😂👏🏽",Toxic
"They should take action NOW, for their own health and her's.",Not Toxic
"Only in the moronic cult of trumptards. The unscrupulous T-idiot won't give a f*ck about his followers, yet they adore him. 😆",Toxic
"He is mental, but his supporters are just plain sick!",Toxic
"LEC is gonna be sooo god damn good to watch. It already was, but god this takes it to another level",Not Toxic
Up yours Brandon.,Toxic
A couple well place 50 cal turrets could really thin this crowd,Toxic
If he would drop Dead he would get a better rating just a thought.Let's go Brandon,Toxic
"Haha Joe ,What say you now ? Start packing , if you last another 3 + Years the Earth as we know it now will be gone FOREVER,ETERNALLY , CEASE TO EXIST AND BLOWN AWAY BY YOU LOSER THAT YOU MOST CERTRAINLY ARE IN MORE WAYS THAN ONE !!! #TRUMPWON",Toxic
Lying sob. White tribalist barbarism is what trumpty dumpty represents,Toxic
"That's what a rapist pedifile does, she should have kicked his nuts",Toxic
"I'm hoping that it'll show up later. I saw a lot of users showing off their turkeys in another group I'm part of, and they said they didn't do anything special to get it. I know a lot of Ibotta offers are targeted and seem to rotate through users, so I can only hope it'll pop up later, haha.",Not Toxic
"Finally a real first lady, not a transvestite with stolen kids.",Toxic
"He does that a lot -- makes everyone look good but him...I guess it's also probably the Dems and the Media that force him to compulsively tweet abject bullshit like a lying bitch. They're tricky, them libs.",Toxic
It will be on Wednesday night at 10 eastern time.,Not Toxic
Fuck off with youre climate change bollocks,Toxic
I feel they should have gone with bone ankles instead of white socks for death.,Not Toxic
He's already brain dead; pull the plug. FJB- he needs to go away.,Toxic
"The dragon bonus damage is actually massive, sadly it basically never makes a difference. Her passive is still shit. But don't underestimate the damage, you take drakes faster than any other champ in the game and in steal situations it can come in clutch when your AP E might deal 1200 damage to a drake over the wall. And if AD, your EQ-smite is also like 2k damage.",Not Toxic
Slept her way to the top. Good job Kamala 👏🏾,Toxic
"My heart. That dog was so thankful for that wagon, just collapsed into it like he ran a marathon",Not Toxic
This is what it feels like being a gymnastics coach every day! My babies be doing there best 😭❤️,Not Toxic
"i love how he triggers these bitter and uninformed magats...even just the mention of his name. 😂💖🥳🥂~ these same people brushed off - justified - rationalized - minimized - ignored every crass, vulgar, immature, out-right lie that trump ever uttered.",Toxic
"After touching a ruin guard, she got their powers. That’s her E. For Q she’ll fire missiles",Not Toxic
#trumptards asking me if I am okay. stop. I am expressing my first amendment right to call you a #covididiot,Toxic
"Bcuz Dem MFkn hoes are hypocritical. She wants someone to want her FAT ass but, she exercises her options on who she wants",Toxic
Got my hardest midterm before the reading break and it's right after another midterm.,Not Toxic
"White Len!
 
 
 
 I love her tricky movement. I would honestly be sort of sad if we got Len and that wasn't added in to her moveset somehow.
 
 
 
 I also require Nvrseqrvrqrqrr and would enjoy Aoko, Satsuki and Eltnam.",Not Toxic
"i’m literally dropping out after seeing this, i feel like it’s a sign",Not Toxic
"Man this looks good, add a dash of paprika and other spices and you set, kinda like air-fryed tempura shrimp, I'd eat that with some ranch",Not Toxic
that would make sense.they absolutely should,Not Toxic
you are lucky I'm not one of your players or you would be Drow'ning in these jokes,Not Toxic
"I was like wtf is attack speed ratio and took a read. What an unnecessarily complex system between base AS, AS ratio, and bonus AS at lvl 1.",Not Toxic
Disturbing wholesomeness should be a thing,Not Toxic
Nobody is waiting for Yanks land to do whatever. You people sucks at everything.....just concentrate on what you people do best.....invading and killing people,Toxic
"These far left lunatics are miserable, angry failures at basic human interaction, so they seek to drag the entirety of society down with them, making even laughter off limits.
 Just think about that for a minute.",Toxic
"I kept reading ""magic school bus"", it seemed like a lot of excitement for ms fizzle",Not Toxic
I have not mastered the skill of being super careful. Really great work,Not Toxic
"G2, MAD, VIT, & RGE all have desirable AD spots open. Even if MAD promote Flakked, that still gives 3 destinations for Rekkles, Hans and Carzzy. Maybe 1 goes to NA maximum.",Not Toxic
I used to feel sorry for chomsky for being a frail old man. Now I hope he falls victim to the vaccine,Toxic
She is a Dead Beat Stoner Moron Cackling Idiot. Ashamed she went to school here in Canada.,Toxic
I don't understand tsla but I'm happy riding this gravy train lmao,Not Toxic
I made this!',Not Toxic
MSNBC and CNN anchors are a bunch of freaks elitist that ride a high horse and look down on everyone else it's overdue for true Americans to do something about this evil trash,Toxic
More likely a weird bug that caused multiple notifications rather than him actually trying to tap that many times.,Not Toxic
"For real ep 6 is what took the show from ""pretty good"" to ""i fucking love this show"" for me",Not Toxic
I can't decide which I like more. They both are awesome.,Not Toxic
"You wont be doing much teaching, you will be there to help the students not be scared of foreigners. As long as you are friendly and approachable you will be great!!!",Not Toxic
"Best Kohai vs Best Goddess, clover works did this fight justice",Not Toxic
That's ducking beautiful,Not Toxic
"Fuck the NBA, NFL and MLB. They absolutely hate the fans that pay their salaries. Wake up America.",Toxic
"You may not always be abled to see it yourself, but someone else might.
 
 
 
 Found that out today... while dressed as a vampire, funnily enough... I pretty much always look like a vampire though so idk if that counts.",Not Toxic
"Comrade Biden's New American Slogan ""Settle for Less, Accept the Worse, American Citizens Last"" Let's Go Brandon",Toxic
Nailed it....unless you are are a Libtard or Liberal Elite that never misses a chance to turn everything into racism.,Toxic
"Yes! This is why I love rereading Salvatore. It's like I've come to know Drizzt so well, that I can imagine what he would do, behind just the words.",Not Toxic
All the globalist puppets thinking haw they can screw the public over even more under the lies of climate change .when they know it's another new cycle and haw long the extreme weather will last for .. untrustworthy spineless globalist government,Toxic
"History with show tDump is by far the most useless individual to walk the earth. Those who actually support him definitely need help. The World has watch the demise of the once strong and United States. I am thoroughly sickened by the racism, brutality and horrid attitude. Good luck to you all chanting your infantile slogans. Why not band together and build a strong economy, environment and stop the incessant childish behaviour. You all sound like school yard bullies. Petty and childish for grown men and women. Watching from Europe I am disgusted.",Toxic
Let's just get rid of the republican terrorist party. If theybhate America so much why not leave. Republican are a better fit for Russia anyways.,Toxic
What a stupid bitch AOC is! Go Candace,Toxic
Me too! I still reread it all the time. It never gets old. I love it.,Not Toxic
Thank you in advance! I've been trying to figure this out for years.,Not Toxic
"Hey man, I managed to get back in in September as a returning resident from over east. feel free to pM me",Not Toxic
I’m going to call bullshit on that thing being raped 1 time - let alone 4.,Toxic
Shut the absolute fuck up you stupid ass goddamn moron,Toxic
100% on you Joe and the mindless libtards that voted your senile ass into office.,Toxic
"IS IT LEGAL FOR THESE LIBCUNTS TO SPEND CAMPAIGN MONEY FOR PRIVATE SECURITY? DOESN'T SOUND RIGHT TO ME..........NEED A FUCKING HOUSE INVESTIGATION, NANCY!",Toxic
I personally think that it’s the maps that are survivor sided however the map spawn points tend to be hunter sided but then again I haven’t played in about a 3-4 days so i’m not sure anymore,Not Toxic
That’s pretty much exactly what happened to me,Not Toxic
"Where Islam is, there is murder and terrorism. This Religion, which Amarica supports in her damn plans, should be banned all over the world.",Toxic
Yes! Love the toothsome feel of the bones. Plus calcium.,Not Toxic
FUCK YOU. FELADAPUTAS SA\FADOS. BANDIDOS RETRÓGRADOS. VTNC BANDO DE TRUMPISTAS VAGABUNDOS.,Toxic
OMG cnn is so libtarded.,Toxic
Magic School Bus slaps.,Not Toxic
"We got a nation of liberal BOY Drones who will change Corporate America…….Hey liberal Idiot you let Doomberg tell you what to eat……You let a man tell you if you can or cannot own a gun……..How will you change Corporate America BOY…….You voted for higher taxes, which mean more and more police…….So tell me BOY…….How will you change America……You cant because you are a spoon fed Drone……You are not a MAN like me………Take a good look BOY at what a MAN is suppose to be…….Because when you only do what some idiot like Doomberg tells you, then you are not a MAN…..You are a BOY.",Toxic
Biden’s such a p u s s y. I miss Trump. He would have answered.,Toxic
Trumptards are so stupid they cannot do simple math!!,Toxic
Can’t lie I wish this could have been a seized opportunity for “Claire and Brad Make the Perfect Thanksgiving Pie 2: Electric Boogaloo”,Not Toxic
Awesome! Tell her the internet said it was really good.,Not Toxic
"“Bitch, you ain’t takin SHIT, but’choo can DAMN sure take it up with me right here and now”. 
 But see, I don’t have anxiety, and my dog weighs 122 pounds, so . . . . . .",Toxic
F&@k Stanton!!! 🖕🏽,Toxic
Everyone in this comment section dumb af lol including the ones defending the vaccine,Toxic
"Look at all of the retards in the comments shitting on Meta and Zuckerburg. This is the future, whether you like it or not.",Toxic
"Soros is nothing less than PURE EVIL. . He needs to be ""cancelled"" from this planet",Toxic
He actually drew the entire storyboard. He later drew the storyboard for TRON too. Definitely watch the documentary Jodorowski's Dune. Besides being a hilarious story it contains a lot of artwork Moebius did for the film that you cannot find elsewhere. Unfortunately the complete Dune production bible still hasn't been released to this date.,Not Toxic
"Nothing says ""iM a SlAvE"" like being payed millions to play a game that we all played for free in our friends backyards. Colin is such a douche.",Toxic
Physical gift card or virtual gift card?,Not Toxic
420 okay ȠỈဌဌᕦЃ,Toxic
Reminds me of Gravity Falls,Not Toxic
Do you think it’s possible for this lady to sound more stupid?,Toxic
Damn! This is actually really cool. I live in Manchester but its City vs United Derby day at that time! Really sucks :(! I will save your place in my phone for the next time I'm in Leeds!,Not Toxic
"Zed, why is it illegal to punch these freaks? Can we please try and pass a law where beating these fools is an acceptable part of my Monday’s. Let me know in the comments.",Toxic
"And to think that years ago I liked A. Cooper, he's really an a-hole!",Toxic
"{nods in agreement} Stay in school and keep practicing, kids",Not Toxic
"Wipe out the entire state! I hope it sucks all of the people out of their homes and drops them in the ocean. God knows the Us needs an enema and California is the bowels of the country. 
 
 Buh byeeeeee turds.",Toxic
That is amazing and never stop making stuff like this!! The colander really slays.,Not Toxic
The only time Joe Biden isn't the dumbest person in the room..... when Kamala is present.,Toxic
The detail on those mountains is incredible!,Not Toxic
This makes me happy,Not Toxic
"Just a very sick sick dumorat. Head is so far up her ass she will never see daylight. Along with the rest of that very very sick sick bunch of dumorats.I was going to block, But these post are so so funny I just can`t do it. Just shows there sickness.",Toxic
Hope you have a great day!,Not Toxic
"I did not only post it on reddit, altough I'm aware that my sampling is sub-optimal.",Not Toxic
"Yes. The first 4 seasons of the show are very good. But starting with 5 starts to go down hill compared to the books.
 
 
 
 Also the shows character compression changes some arcs dramatically. Because they squish 3-5 characters into one.",Not Toxic
"It's ALL free, says fuck JOE BIDEN",Toxic
How I look before crossing the street,Not Toxic
"Post was funny, but this took it to another level.",Not Toxic
"Haha, this is amazing. If my daughter wanted to be a Dalek for Halloween I think that would be my sign that I did something right as a parent.",Not Toxic
Damn it feels great to see a good Bulls team,Not Toxic
"I love seeing American citizens so divided, your politics are truly a shitshow",Toxic
"tbf, i think that a good change in play-ins would only be possible if the whole group stage gets reformated as well, the 2017 changes for play-ins basically killed any hope of a minor region improving if they aren't based near china/korea",Not Toxic
FJB = FELCHING JOE BLOWS = LET'S GO BRANDON.......,Toxic
"Wait, a five year old posted this?! I'm not even mad. I'm just impressed.",Not Toxic
#HAHAHAKAMALAGOHANGYOURSELF,Toxic
I’m not crying your crying,Not Toxic
Dump Dumb Lying Rump Repuklicans Religions Deplorables Despicables Trash Ignorance Policies Agendas Are Killing Americans And America 👺🥵🐖🐑🐀🐘🦠☠️🎭🐀🥵🐖🎭🐘💩,Toxic
"In the real world it did not go well when Carlo Gambino picked brother in law Paul Castellano as successor. Many of the capos and soldiers thought underboss Neil Dellacroce had earned the job. One of those capos was a fellow named Gotti, and we all know what happened at Sparks Steakhouse. Ironically, after he went to prison John then tried to turn what power was left over to brother Peter Gotti and son John Jr., but by that point it barely mattered - John died in prison and underboss Sammy Gravano had turned rat, so there was not much of a Gambino Family left.",Not Toxic
Thats awesome. Good for you man. How does it work with insurance and all that? You need all kinds of coverage and accountants/lawyers/etc.?,Not Toxic
Inception vibes. Go deeper!,Not Toxic
Lol yup. Try searching Corejj 5 man alistar knock up. You wont find any pro play evidence except Kiwikid's alistar pro play knock up highlights¯\_(ツ)_/¯,Not Toxic
The LGBFJB community is strong and growing stronger everyday.,Toxic
☭ WHY DO #LIBERALS HATE #AMERICA? ☹ WHY DOES A #LIBERAL WORSHIP #COMMUNISM? ☭ #LIBERALISM is a Severe Disease and Mental Illness – Find a Cure - #Democrats #LiberalLogic #Leftists #LibTard #LiberalHypocrisy #JoeBiden - q-7391,Toxic
That is a 10/10. Nailed it.,Not Toxic
"Biden lies, no doubt. But he's also demented, also no doubt. (I doubt he was ever alone with Francis; and it must have been an interesting experience for Francis, if he was.) So, on at least two counts, we cannot readily give credence to his rendition of Francis's words to him. (And notice how, in the clip, he answered the question with the tone and cadences of an elementary schooler.)",Toxic
Michelle Obama has to be trans,Toxic
"I would say, if not of your lies for months, Mr Todd, Biden approval would be 0.0. We, Americans can spot traitor, and that's Biden. That means: impeach, arrest, trial, execute. And you, sir, acomplitatce of the crime.",Toxic
Skills. I do well but I'd like more skills and knowledge.,Not Toxic
"Post was funny, but this took it to another level.",Not Toxic
There is no chance that MBTL ends up as difficult to find matches as Current Code in the next decade. The game has rollback netcode. Don't make the mistake of focusing on how many people are online,Not Toxic
"Pro tip- ginger knobs freeze amazingly, such that you can just shave a small bit off with a grater then throw the ginger back into the freezer for next time. Same fresh taste without the added expense of whatever processing/preservatives those tubes of “fresh” stuff use.",Not Toxic
They could keep the current format and still have VN at the tournament by eliminating the fourth seeds if they wanted,Not Toxic
If Batman had a dog!,Not Toxic
DISGUSTING! You made a whole movie for pedophiles.. Good job Netflix.. you sick fckrs,Toxic
Jermaine these are the posts that have me in jail…. SMH I hate Sam White. I hate his mom for having him.,Toxic
Looking for something to do with the family this weekend? Disney in Florida is hosting SODOMY DAYS (aka Gay Days) this weekend. Bring the kids!lol,Toxic
POS!,Toxic
"i think it’s very likely that barzini would tire of waiting and get right back on the warpath. he just didn’t have the time to do it in the alpha timeline because michael did his michael thing before he (barzini) could get any funny ideas
 
 3",Not Toxic
F. JOE LIEDON.,Toxic
"You need to submit an after hours trade as an ""EXT"" order or extended hours order. These EXT orders must also be submitted as a limit order as opposed to a market order for trades that are made during market hours.
 
 
 
 Edit: Grammar",Not Toxic
Fucking people are nuts. That's nearly as bad as rape. What the fuck is wrong with people and why is America turning into a stockpot of shitheads?,Toxic
"Yep those Trumptards, sure wish they had a union now to fight the vaccination legal battle, dumbassess???",Toxic
Is it apple sauce on the bottom with the h/h poured over the top? Or the whole thing stirred together?,Not Toxic
I see you want to keep dragon this out all night.,Not Toxic
"It’s real to you, so it’s real. I’m sorry for your loss. What an amazing story though.",Not Toxic
I have never seen a dice hammer that is so fucking cool I definitely need one,Not Toxic
It's always about the thought people put into the gift that matter.,Not Toxic
Tell this to closeted straight boys who bend over for u then affirm their love for pussy.,Toxic
and you believe your stupid little conspiracy cult? Dipshit,Toxic
That toothless old white woman is a thief! And the damn dog should have been microchipped already!!,Toxic
wow the she-it that sat down is such an a$$ hat,Toxic
"You can use Samira's passive dash on turrets that get tp'd on, since they apparently count as hard ccd during channel.",Not Toxic
Camel toe Harris is a white Karen. Stop acting like it's black.,Toxic
"I just kind of pour a bit on top of the applesauce in a bowl. Like, if I had a little saucer of applesauce at a restaurant, I'd use three of those little half-and-half sealed cups. It's good both eaten ""separately"" (like cereal style) or mixed. I just kinda do what I feel like doing with it at the time.",Not Toxic
"It's NOT shocking.... we have a traitorous buffoon in the WH. Would someone in news or the media do your job and blow the lid off this azzhole and his son, along with his administration and get them outta there before they do any more damage(on purpose) to this country and all American citizens! He is a walking disaster and so is everything he's involved in.",Toxic
"I don't know man, I think it's fine they are there as gatekeepers. LJL got out of groups first time in history, and they got destroyed in groups. Imagine if no major regions were there to gatekeep, groups would be embarrassing.
 
 
 
 On another note, remember that MAD didn't even made it past play-ins last year, so there is potential for upsets.",Not Toxic
BOYCOTT CORRUPT RACIST CRIMINALLY INSANE FASCIST ELITIST DEMOCRATS!!!!! SORRY WE EVER WERE DEMOCRATS!!!!! LETS GO BRANDON!!!!!,Toxic
Throw the miserable S.O.B in prison for a few years.,Toxic
"Went with this recipe and it was pretty perfect. If you really want something that you have to stir a lot, this is the recipe for you!",Not Toxic
"I read this in Joseph’s voice, absolutely golden. Get stickied",Not Toxic
"The R-7A was operational as an ICBM in early ‘59 about 6 months before the US Atlas. However as you pointed out, the Soviets had far fewer of them (about 10) and they were hardly responsive (taking a day to prepare for launch). The Atlas was better (but not by much)",Not Toxic
Jews are cursed!,Toxic
Aoc is scum what a dummy,Toxic
"New Cait looks great, awesome work! The Jinx skin looks slightly strange, especially the face, but it's a free skin so that's cool too. My only question is if we will also get the event with the Brand prestige on PBE tomorrow or not.",Not Toxic
"My favorite part of that was they intentionally made the graphics look ""awful"" because they wanted to emulate low budget indie horrors and it still looked damn impressive",Not Toxic
"Bjergsen moving to C9 Academy for sure. Darshan is too enticing to not play with, who could blame him.",Not Toxic
"Great picture Joe, are you going to sexual abuse someone from that room?",Toxic
"The book is a lot clearer that the father-son succession is not automatic, and that Michael's going to have to be successful to solidify his position.
 
 
 
 As to why the Corleones can't just cash out and walk away, I don't know. The plan seems to be that they'll cross the line to legitimacy when they're rich enough to be powerful based on money alone. It could just be that they never see themselves as having that much money.",Not Toxic
"I was so excited when I first saw the glasses, and I was NOT disappointed with the result!! Well done.",Not Toxic
This is so far beyond awesome I can't even express it.,Not Toxic
Ahahaha i can't believe they had the creepy porn lawyer on Maher. Wait... actually I can because Maher is an idiot.,Toxic
Where's a Casper when you need one?,Not Toxic
You will probably be fine! But you may have to spend 4 extra days in quarantine.,Not Toxic
"No, they're mostly slot machines with ads pasted on top.",Not Toxic
That's is why u aren't president any more Dumb as rocks.SDSTFU,Toxic
"Of course! I'm actually glad you asked, was pretty ticked off seeing my comment being downvoted with no reason and no one arguing why; anyways here I go.
 
 
 
 People often cite titanic hydra as a must buy for shyvana, but I argue it's only a good item situationally, and a pretty late buy. The reasons for that is that while we call ""AD Shyvana"" ""AD"", it should really be ""Attack speed shyvana"", as most of her damage comes from her E passive. Titanic Hydra costs 3.3k gold while providing no attack speed, this already means that you can't buy it until your 3rd item (which is already pretty late). The stats are pretty nice, HP is really good on shyvana since she has high base resistances on top of her passive. However, as I mentioned previously, AD is nice but doesn't do a whole lot for her (which is why PtA is better 95% of the time over Conq). A good reason to buy titanic hydra would be for wave/jungle clear, but with W maxed out you already melt waves and jungle camps. The on-hit is nice on paper, but often feels lackluster in practice. In my opinion, if you want survivability you should get Athanema's, steraks or a tank item. Hell, I might even Black Cleaver higher just because of the movespeed. I'd rate Demonic Embrace even higher than titanic if it gave a little less AP and more HP. Now I haven't tested the item (titanic) a lot, I tried it maybe a dozen times and every time it felt lackluster for a 3.3k item so I kinda discarded it. I might need to try it again to make myself a more recent opinion.
 
 
 
 tl;dr: 3.3k item so high expectations, HP is very nice on shyvana but AD is whatever. On-hit effect nice on paper but negligible when comparing to other options (notably botrk and wit's end). Cleave passive borderline useless. I'd only get this item as a 3rd+ item but at that point I feel like there are better options depending on what you built previously.",Not Toxic
Imagine hearing the crowd chanting TOM TOM TOM,Not Toxic
They don’t call him Sleepy Joe for nothing! Let’s go Brandon!,Toxic
Somebody should have walked up behind this idiot and put him in a sleeper hold little night night time outside the store slumped against the wall wake up with a headache and hopefully a better attitude.,Toxic
Just KILL babies ya loonies,Toxic
I love how you can clearly see he says wow and how amazed he is,Not Toxic
"Hey Kevin, was this when you were on pedo island?",Toxic
I feel a subreddit being born,Not Toxic
Lots of Dunshire memes... But this is a new joke on it. Bernie and Ted would be proud,Not Toxic
Haunt and Ghoul Television,Not Toxic
Right. All of them did the same thing but a Thousand times worse than any conservatives have done. I mean the democrat party act just like a bunch of thugs that are really 🤡.,Toxic
"It was actually KiWiKiD, but I can see how you'd mistype it. Letters are close together and whatnot",Not Toxic
TL Bjergsen and Jensen ADC step 1 confirmed,Not Toxic
Tesla’s next big revenue stream?,Not Toxic
Just another money making fund raiser for the Libtard thieves...,Toxic
What's crazy is that she's probably like 5'10 and not short at all but looks so small next to the 6'7 person,Not Toxic
I'm sure one of the vehemently anti-gun suburban people who will never experience violence against themselves or someone they love will be along shortly to call him a LARPer.,Not Toxic
What a boss,Not Toxic
Hello beautifuls!!!!! Capy is painfully kissable,Not Toxic
The OG show came out first. Watch that and power through the second half of second season. Then the movie then the return in that order,Not Toxic
The senile credit card shrill from Delaware needs to resign!!,Toxic
Macaroni and cheese and dill pickles! The vinegar cuts through the richness of the cheese and it is bomb.,Not Toxic
"He is adorable! I'm so glad you got him back, OP! What a sweet fella.",Not Toxic
"Once you realize that Tesla is a once in a lifetime opportunity, you'll get the conviction to hold. Tesla is a convergence of many different technologies and the rate of progress that Elon and team have been able to achieve is unmatched.
 
 
 
 If you understand Tesla's vision, you'll know that they're just getting started. We're going to 10 Trillion, minimum. Yes, there will be dips but those are just buying opportunities.",Not Toxic
Love a good base race. Voli gave zero fucks and it paid off.,Not Toxic
"This is very specifically based on the experience of ""listening to a piano piece for the first time and tapping out whatever you hear on the table in a vague imitation of playing it on an actual keyboard.""",Not Toxic
"Hey, that's cross stitch!
 
 
 
 It looks really good! Great job!",Not Toxic
"imagine if they'd done it last year - the reports were they'd be have Upset/Hyli bot... absolute wet dream. Kinda like how in 2019 G2 signed most of my favourite players it's hard not to support all those players together.
 
 
 
 Interesting that the rumours were it fell apart as Alphari was unhappy with jungle situation (Vitality wanting to play Skeanz and not sign Trick) and now Selfmade's there and he's interested in joining again.",Not Toxic
Probs like around 2010/2012 ish,Not Toxic
"oh wow over 200 upvotes, thanks you guys!",Not Toxic
She’s a hypocritical awful horrible disgusting excuse of a human being who slept her way to the “top”,Toxic
The snow cone place in my hometown used sweetened condensed milk as the cream drizzle. It was so good.,Not Toxic
Kamel-toe Hair-ass. Worse than the kid sniffer.,Toxic
"Not only need to be fired, they need to be banned from working in any type of law enforcement...""RIGHT ON TO THA REAL ! DEATH TO THA FAKER'S ! !"" -Big Rube",Toxic
Thx this means so much to me,Not Toxic
"RemindMe! 6 hours ""My new main?",Not Toxic
I think so,Not Toxic
CNN. Total scum....may you all pay with your lives,Toxic
"The more pigs who quit or die from covid, the safer we'll all be",Toxic
Yeah he is a little cutie!,Not Toxic
"Hillary is a loser just like her husband and they need to be in jail where they both belong along with Obama, Biden and the rest of the democratic party.",Toxic
"Agreed, I personally think he is the new champion too.",Not Toxic
This is heartwarming :'),Not Toxic
"WHY IN THE HELL
 Are we sending Biden out to a world meeting representing America??
 That diaper load doesn't represent anything regarding the support & protection of the Constitution and the citizens of our Country",Toxic
Thats super interesting. Also I’ve read somewhere that Brazilian Portuguese sound more like the old Portuguese Portuguese than the current Portuguese Portuguese,Not Toxic
"The entire Baldwins are just messy af. Hilaria the scam/con artist from Spain, Alec the negligent murderer, Hailey the racist 304 who broke jelena apart posing as their fan, Ireland being abusive and disrespectful to politician Candace Owens. They all get passes for being white. I bet you if they were truly minorities they would all be in big trouble and jail for their messy actions.",Toxic
"I wonder if one could use maple syrup instead of caramelizing honey... I definitely agree with her that pumpkin pies tend to be sweet pumpkin puree instead of a pumpkin flavored custard, I'll be trying this recipe!",Not Toxic
Thanks for giving me confidence… Now I have recalled that I used to do volunteering in our Kids’ church community. 😅,Not Toxic
The team that was promised.,Not Toxic
Stringy Mc String-face,Not Toxic
"I’m never played the series, but that looks legit haha",Not Toxic
"lol good. I saw that a lot of people recommended shin black, but I'd like to put a vote in for shin in the red bag. It's always good and is always stocked in our pantry. Crack an egg into it right before the noodles are done cooking, or, if you're really hungry, melt a slice of American cheese into the noodles and mix it up really well.
 
 
 
 Also, and this applies to all instant noodles, don't use the amount of water they recommend on the bag. Use less, fill your pot up just enough to submerge the noodle puck. And don't drink all the broth, that's a lot of salt.",Not Toxic
"Yeah political correctness and tyrannical censorship hasn't gotten out of control has it.....
 Fuck Zuckerberg and fuck Facebook",Toxic
Omg thank you I I have been putting it off for some time for fear because it was awful getting it in (worse than Labor almost and the pain after was deifnelyy labor cramps for me),Not Toxic
"For those that don't know, a Tim-Tam is a rectangular shaped chocolate coated biscuit. If you bite off opposing corners, you can use it as a straw to drink tea or coffee. The hot drink melts the inside and you can slurp it up as a ""Tim-Tam Slam"".",Not Toxic
"straight and proud?? proud of what?? that you were bullied in school for your sexual orientation? that you were discriminated against for being straight? that you couldn’t visit your loved one in the hospital cause they were the opposite sex?? That you rose up against a hostile world that judged you for the way you were born? 
 WHAT THE FUCK HOW STUPID CAN YOU BE?",Toxic
"Now we all know this is just another fantasy with hopeful thinking.... Biden is desperate to be pardoned from his sins but does he not know that the pope does not save a man only Jesus can do this!! This demented Biden has condoned the greatest atrocity of all time by allowing the murdering of innocent unborn babies. He has also left young men behind enemy lines to die with only a selfish motivations. He has also condemned innocent men, women and children to lives of poverty due to the unrelentless lies of this COVID-19 fiasco, taking livelihoods, health loss and death due to unverified and quickly released vaccines that do only harm and provide no solutions to the virus itself. This man was placed in a position to care for a nation of people and he has failed in every avenue intentionally because he has a personal agenda to single-handedly wreck this nation in order to bring on a socialist regime. He has gone against God’s people and it’s persecuting them relentlessly which eventually will perpetuate and extend out into the world. If this pope is lying to the president about the way he is handling his affairs as a president then God help that pope as well because he is a liar. ￼￼￼",Toxic
"This … was so funny to me that I was laughing, crying, and wheezing for a full minute before I could manage to read it to my husband. I still have tears running down my face. SnackOverFlow … so good",Not Toxic
Read up on this one folks and you’ll never bank with Bank of America again. I just cancelled all my accounts with them. They have lost their minds and they are absolutely racist a-holes against white people￼. Critical race theory is probably the most racist thing ever since it’s completely based on the color of people’s skin and has nothing to do with their character.￼,Toxic
Yet more proof of exactly what a piece of chit human being / pig this guy really is . . .,Toxic
"I love the bones in canned salmon, does anyone else?",Not Toxic
Al Sharpton is nothing but a race baiting hate monger. He should be arrested for terrorism and thown into GITMO. His actions have already killed numorous Americans. Nothing but a terrorist poverty pimp.,Toxic
I have never killed a bird nor shot a rabbit. I never liked fishing and always let others kill even the chickens which I ate. Nearly all my schoolmates in the South carried pistols. I never owned one. I could never conceive myself killing a human being. But in 1906 I rushed back from Alabama to Atlanta where my wife and six-year old child were living. A mob had raged for days killing Negroes. I bought a Winchester double-barreled shotgun and two dozen rounds of shells filled with buckshot. If a white mob had stepped on the campus where I lived I would without hesitation have sprayed their guts over the grass.”,Not Toxic
"You don't fool me. Bill gates is a demon. This is the same man flying around with epstein. They manufactured the pandemic, lockdowns and soon an app that will track you at all times. This man needs to be in jail.",Toxic
"To..
 Biden\Hitler and administration...
 GTFO OF OUR WHITE HOUSE..P.O.S MTHR FCKRS..",Toxic
i understand you love to draw female champs but not seeing sett skin really made me sad :/,Not Toxic
Really is hard to breathe in hell where your low life drug addicted criminal ass belongs.,Toxic
There alll sluts..... I like this dude .....,Toxic
Funnily enough I was looking online last week and wondering why nobody has opened an eSports/Gaming bar round here. Can’t wait to pop in at some point :),Not Toxic
If this doesn’t included her ingesting Cyanide at the end of this video it has all been a waste.,Toxic
WE MANAGED TO FIND AN ASSHOLE WHO'S A BIGGER SCUMBAG THAN CUOMO!,Toxic
ILLEGALS ARE COMING FROM THE NORTH DUMBASS DO YOUR FUCKIN HOME WORK TRUMP LIARS,Toxic
Hey Kevin. Don't rape any kids on the way to the Q&A.,Toxic
Truly embracing the loose cannon aspect of their character.,Not Toxic
"Have you ever seen Only Connect? That has become my second favorite quiz show after Jeopardy, and there's someone on youtube who uploads every episode the day after they air!",Not Toxic
The entire show is an absolute masterpiece. I haven’t been this blown away since Breaking Bad.,Not Toxic
Your costumes through the years are amazing! Thank you for sharing!,Not Toxic
"Exactly, dipshit. You have no evidence. The police concluded he murdered his own family. Hell even Benoit's own family and friends know he murdered them.",Toxic
I think it’s just a bit weird to have her there sitting awkwardly in the background and occasionally chiming in. Why not just bring her on the couch if she’s going to be in the recording room watching anyways?,Not Toxic
Best moment of HK,Not Toxic
That's one of the things that I'm really proud of punx for. Never gave up the tradition of NeoNazi bashing.,Not Toxic
GFY trump. Your a loser. Good bye to you and your minions.,Toxic
"FOCH DemoCraps!!! ""LET'S GO BRANDON""",Toxic
"Your an absolute idiot that has done nothing in almost a year. All that you do is cackle about everything. You and Joe will burn.
 Vote for Glen Youngkin",Toxic
"Fire walk with me is a feature film, while the seasons are 45 minute long episodes. It is a bit confusing, but you should definitely watch in release order so that’s
 
 
 
 Twin Peaks season 1 (1990) Twin Peaks season 2 (1990 later that year) Fire walk with me (1992) The Return (2017)
 
 
 
 I personally think the order you watch it matters a lot, and they are kinda separate from each other in the way that each is presented, but they’re all part of the same continuous story. Hope this helps.",Not Toxic
He's such a handsome fella. He looks like a very chill cat.,Not Toxic
"Me, my brother, and brother in law all started playing MTG this week(BIL new) and we decided to only use this set, and we are having a blast with all the DnD stuff. I managed to pull Drizzt, my brother got Icingdeath(and this token), BIL pulled TWO tarrasques.",Not Toxic
Fantastic! Get rid of these bums. Half of these antivaxxers plotted to overthrow the government per the QAnon Russian planted propaganda they believe. They don’t deserve a job cleaning toilets for a private company let alone living on decent Americans’ tax dollars. Fire them all.,Toxic
I love this,Not Toxic
"If you ever visit New Orleans/south Louisiana or South Mississippi you’ll greatly appreciate their snowballs. I grew up with options like nectar stuffed with soft serve or tigersblood topped with condensed milk, or half coffee half almond with evaporated milk on top.",Not Toxic
I DON'T CARE WHO YOU ARE. FAUCI IS WORSE THAN THE NAZIS and you people Trust him.,Toxic
"Niki minaj wears chun-li dress : wow what a cool performance
 Jay park makes dread hair : dont mocking our culture a-hole
 The most selfish species in the world. It looks disgusting",Toxic
"These imbeciles at FUX news are so disgusting, idiotic and dangerous spreading untruths and now how many deaths, over 650,000? Worthless pukes they are 🧐🤬☠️☠️.",Toxic
beat me to it,Not Toxic
This man wants to do the same thing with humans as he’s doing to dogs torturing them get it through your fucking thick skulls America they’re liars don’t listen to them if you’re sick go talk to your doctor & listen to your body work out a couple times a week and eat more fiber and take your vitamins. ((do not to these politicians)) They want what’s best for them not us!!!,Toxic
PEDOPHILE ! Hollywood BITCH,Toxic
Look at the lying media giving libtardism the advantage when reality shows the left is incompetent and pathetic,Toxic
"Stupid racist bish.Fck all of you racists, you are not deserved to be even called ""people"".",Toxic
#fjb #fkh You traitors will be hauled out of office soon. #BeijingBidenCheated #HeelsUp #Treason #Sedition #RICO McAuliffe is almost hated as much as you and her Heinous. BTW this is the criminal that passed the bribe to McCabe WHILE he was supposed to…,Toxic
"Thats really nice of you thanks so much, im used to facebook where they're very vigilant about sharing photographers names haha",Not Toxic
Taric and rakan?,Not Toxic
"Yep. I agree. It really is one of the best things I've experienced in any medium.
 
 
 
 I'm glad you were able to put into words what you feel about House in Fata Morgana, I love almost everything about it and I couldn't put it into words the way you did.
 
 
 
 I'll copy what I wrote a year ago ""If I had to best describe The House in Fata Morgana, it's a story about stories. I empathized with the characters, all flawed yet beautiful people with their own stories to tell. It's a story of love and curses that span almost a thousand years and is beautiful every step of the way."".
 
 
 
 It's been almost a year since I've read House in Fata Morgana, and while the strength of my emotions after having read it subsided after a few weeks. I still look back to the art and especially certain songs and feel a certain kind of melancholy to have finished such a great read, but will probably never forget it enough to be able to read it again blind.
 
 
 
 As a side note: will you be reading requiem?",Not Toxic
"Upvoted for the elbows, not sure why, just cool ass elbows",Not Toxic
"""Guns don't kill people....Alec Baldwin does.""",Toxic
"This should NOT be about a white raising a black or a black raising a white. It should be about gender confusion, ungodlyness, twisted principles, perverse abuse and a UNNWO that is pushed down our children's throats by monsters such as these hollywood clan and many others. This is not God!",Toxic
"As Elise if you use Spider form E on an enemy your spider form passive’s auto dmg and healing is increased by 40%.
 
 
 
 Edit: Actually its 40/50/70/85/100% apparently. Just checked the league wiki lmao.",Not Toxic
I really like this! It reminds me of one of my favourite places near my home. Great job!,Not Toxic
"Checks out. I am that person. I'm barely 5'2'' in a friend group of 6ft+ giants. Dang it, they're going to be happy giants if I can help it!!",Not Toxic
Scotland please take president mr. Potato Head put in a straightjacket and throne in a dungeon. He's yours to keep,Toxic
"He went to a suicide fucking forest, what did he expect. This fucking arsehole comes to our country, disrespects culture, breaks more laws than I can count and makes monetised content out of a dead body, I fucking hate tourists",Toxic
Joe Biden 'needs a nursing home and a bowl of soup'...NO - HE NEEDS THE GALLOWS.,Toxic
Say what u will envious hateful small dicked fuckwads,Toxic
And get off my dick with that Christian shit. Jesus didn’t judge so why the fuck do you?,Toxic
Look at all these dumb degenerates actually believing the Pope is a sheep lol. Such lowly educated,Toxic
You are a traitor $loppy jOe!!!! Your ugly face is the face of sleaze and tyranny! You are going down you worthless parasite SOB!!!!!!!!!!!!,Toxic
"This is me with my daughter, every day.",Not Toxic
"its more meta-sided, all of the hunters I encounter are only Joshort, Fish Lady, and Crippled Hot Wheels",Not Toxic
"That’s Democrats for you, criminals get treated like heroes and victims get treated like criminals",Toxic
Would it be accurate to call this shrimp and gritz? Looks fantastic!,Not Toxic
WHO REALLY FUCKING CARES? Melania is bought and paid for. That entire family consists of such horrible human beings that they give the rest of us hope - no matter how fucked up and dysfunctional our families are and have been....there's hope for us!,Toxic
i need that infernal sylas,Not Toxic
"The camera malfunction got me too, I had to go back and watch the last few minutes. I was expecting some camera weirdness like the distortion, but it just stopped cycling to the corridor. That was pretty good. Thanks for the recommendation as well!",Not Toxic
Yeah but he's a libtard so you'll all ignore it and listen to all his expert medical advise.,Toxic
"My Grandmother made the best navy bean soup, and chicken and dumplings,",Not Toxic
Honestly the cutest and smartest thing ive seen all year! kudos!!,Not Toxic
"I love Lynch's Dune. I prefer the original cut mostly for the opening that they replaced with a storyboard explanation. The music,sets,costumes makes it a wonderful experience I never tire of. The effects are often weak and a great cast doesn't always deliver but it's still fun.",Not Toxic
You can use your money to get away with all you want but not to hurt our children anymore. WE ALL KNOW WHAT YOU HAVE DONE YOUR A SICK MFR.,Toxic
"Congratulations. You have single handedly cast all Americans out, ruined their careers, financial status, and healthcare and you have ruined so many lives of future Americans. it would take more than 20 years to undo what you have done. You sir should be exiled out of America and all your sitting democrats!",Toxic
I fucking hate him,Toxic
"Liberals are nothing but hypocrites and wolves in sheep's clothing! They claim to be open-minded and accepting of others, but go ape-shit crazy when you politely disagree with them! They must be stopped!!!! #fuckliberals #fuckcancelculture #trump #trump2020 #maga #maga2020",Toxic
"RANT: Listen, you fucking Trumpsters with brain damage (and short-term memory loss, apparently), Trump literally campaigned on getting us out of Afghanistan, he had four years to issue visas to friendlies (but didn’t do it), he personally cut a withdrawal deal with the Taliban and bragged about it for months, it’s one of the few Trump policies that Biden left in place and followed through on, and now you’re pissed that Biden is pulling us out of Afghanistan?
 Jeezus fucking christ, I can’t.
 We’re leaving Afghanistan. It’s the right move. It’s messy. It was a 20-year failure. Glad we have a president with the courage to finally get us out.
 It’s also nice to have a president capable of showing empathy. This isn’t weakness, it’s emotional maturity. Glad we have an adult in charge.",Toxic
"A place like this.
 
 
 
 All we can wish for.",Not Toxic
I wish the rioters would burn the clinic down,Toxic
Can I ask how? Sorry from UK and never heard of this,Not Toxic
i like it ... thanks for link,Not Toxic
"🔻👽👁🔻
 ANTI ASIAN and LOVING it!!!",Toxic
"I love Bizarro, they're just so bizzar(o)",Not Toxic
Make sure you understand what President Dickhead is doing to your families and your future families. Joe Biden you’re a scum bag with a dirty diaper.,Toxic
We can see and feel EVIL in Lauren Boebert'eyes !,Toxic
"F Ted. Use him for what he is good for - which may be considerable. But in the end not enough. 
 Where does he stand on forced vaccination?
 Where does he stand on Jan 6th ?
 He imagined he would be the next President. 
 If he could just get rid of trump. He had an entire speech already prepared Jan 6th condemning over 100,000 VOTERS in PEACEFUL PROTEST. All prepared. While hiding under his desk and trembling in fear?
 Give me a break.
 While he would be far better than biden he is basically a POS.
 His constituents lost electricity and had no heat. So he went to a warm island with his fam - the only people who really mattered - and invited his neighbors for entertainment. I don't think they even went. Why should we?
 Watch this guy closely. He is good ay a lot but definitely inferior than the average hoe. We deserve better",Toxic
"Well you want woke entitled sh*thead...here ya go mom and dad!!! This is your kid and this is their mentality when you give them what ever they want whenever ever they want it! Learn to say no, learn to discipline, learn to raise respectful kids!!",Toxic
pfffffft. Pedophile Froot Loop.,Toxic
"Barely 72 hours after C9 gets spanked and they're dreaming of world domination again, that's the American Spirit!",Not Toxic
Congrats on your new friend!,Not Toxic
This sub’s notorious for it. It might be the most toxic sub I’ve ever seen..I got 7 downvotes for saying Denzel Curry was my favorite rapper at this moment. Like I didn’t know that meant Eminem couldn’t be your favorite lmao,Not Toxic
if imbecile biden gets in it will not take long for the country to enter phase one of shitholehood,Toxic
"This is the best thing I have seen today.
 
 
 
 I wish I had a group of friends to be Dinos with.",Not Toxic
"That is amazing. Many men are pressured too fight to save face, even taking care of your own children can be seen as femenine. It's amazing that more men get help instead of having to just swallow their problems and end expressing that frustration with violence that makes them and the people around then unhappy out even unsafe.",Not Toxic
"She saw a bit of play in early season 5 during the Cinderhulk meta, actually.",Not Toxic
"I know! I suffer from major depression, and Niall’s comics were some of the first comics I’ve found that I both really relate to and also find comfort in. I’m glad it could bring you a bit of joy today.",Not Toxic
Way to lick rich ass Joe! You are a good little eunuch. You are a disgrace. Two assholes holding the whole Democratic Party hostage. Shoulda gone with Bernie.,Toxic
"I completely understand if they don't return, but I'll be gutted if I never get a chance to see them...",Not Toxic
Must have been a pedophile convention,Toxic
Lmao This title fits perfectly with this fucken pedophile. Kevin spacey is nothing more than a walking hard on for little kids. Just like many other actors and artists fame finds a way of covering up their evil side. Cant wait till the truth comes out about this sick fuck.,Toxic
I wanna see both of those so badly! Has CSC confirmed Assassins is still happening at some point?,Not Toxic
"Next, those crazy Q-Trumptards will tell you it’s ok to eat horse food.",Toxic
Do they even make a muzzle big enough for that cackling beech??,Toxic
"That is the push of a player who's got shit to do. One way or another that game was ending, whoever wins is irrelevant.",Not Toxic
"I mean, a paladin is a character archetype, while warden is a (admittedly small) defined class of champions in LoL",Not Toxic
Ooooh this sounds interesting,Not Toxic
me thinking in my head: mmm pizzaaaa...,Not Toxic
Yet another unrealistic body standard for women,Not Toxic
I actually got it from the movie Rat Race lol,Not Toxic
The world was not worthy for such a good hearted man. Remarkable individual.,Not Toxic
So super cute! 🖤,Not Toxic
"I truly believe he hits Hunters pipe before he goes public. It's disrespectful to Dementia patients that truly suffer with this disease. He was never worthy and should be impeached on the laws he has broken in the name of America. Now the fool is spewing lies in Italy and Scotland. I want to see his reception to there Countries.
 Doubtful anyone but fake news want report. F U Biden!",Toxic
same but flying 5 hours across the atlantic,Not Toxic
This was so cute and wholesome.,Not Toxic
Lets Go Brandon. FJB and the progressive China loving Filth,Toxic
Fu stupidity,Toxic
"Right!! I was already excited for X Choice, & then Tarte had to be like, ""u kno wut??? me 2 haha""",Not Toxic
He needs diapers on his mouth and ass. Shit comes out both. He should be in an asylum.,Toxic
Whoever made this thank you,Not Toxic
"I'm still really confused why A-1 has decided to go from floor 1 to floor 5 with their Progressive adaptation. I absolutely love floor 5 (volume 4) of Progressive, but floors 2-4 getting the cut isn't a smart adaptation decision.
 
 
 
 EDIT: So Kawahara has confirmed on his Twitter that the reason floors 2-4 are being skipped is because the Elf War Campaign is still incomplete, and don't want viewers to be unsatisfied with the questline.",Not Toxic
"This happened to me too when I did razor's quest. But only his though, after that it went back to normal lmao",Not Toxic
My 2 year old niece showing me how she learned to front roll,Not Toxic
YeIIow AIiens,Toxic
Here are some of the best Memes we’ve seen regarding Alec Baldwin‘s hypocrisy. While we feel sorry for the family of the woman killed Karma is a bitch you liberal elite assholes and you get to live with the fact that you did not practice basic gun safety that my 9 year old knows and understands nor did anyone on your liberal ran movie set. #BoycottHollywood￼,Toxic
"Something experience-based you can both do together might be better than something material. For example, take them to some sporting event or concert and go all out for the night with box seats, dinner, etc. After my business was purchased, I ended up doing more trips that I would cover tickets and hotel for friends if they got themselves there. To me at least it feels less transactional and more balanced in the relationship than buying someone a car or throwing money at gifts. YMMV!",Not Toxic
fucking slut,Toxic
This! I saw the original cast and she was the best of them all. I really hope she returns as Eurydice.,Not Toxic
"wait till you hear the news about Hans Sama, Inspired and Carzzy playing in NA before you say that",Not Toxic
"I cant stand this guy bro to this day I hate him just because of this video the fact that he said ""like if your sad"" fuck him dude such a bitch",Toxic
i legitimately said “i am so sick of being alive” in front of my groupmates earlier today and their replies were just “same”,Not Toxic
What’s the difference between a cosplay and a costume?,Not Toxic
"Trumptards are a lost case ...they're as brainwashed as the mask wearing sheep...all parties are freemason controlled. 
 If they're freemasons ...they're in on it and all need to vanish.",Toxic
Same it really sucks I feel like I’ve lost my youth or something,Not Toxic
"I guess yall ""patriots"" (punks) didn't show up and show out! 🤣🤣🤣 That riot hit different when federal charges and armed guards are around.. 🤣🤣🤣 Just like we all thought!!
 #Cowards#
 #trumptards# 💩🤡👹",Toxic
Not too late to contact Sky News and heap your own media pressure on the Premier.,Not Toxic
"nope that is n will always be the DUMP. There has never ever been a bigger lying, cheating, sneaking, thieving POS in that office.",Toxic
That was the best thing to have instant friends!,Not Toxic
"Obama Articles of Impeachment: IRS targeting citizens and citizens groups, Fast and Furious, Outing of Seal Team 6, Benghazi, I.D., Eligibility, Social Security, Passport, Immigration Fraud, other high crimes and misdemeanors .
  BLAME OBAMA! IMPEACH OBAMA! REMOVE OBAMA! CRIMINALLY PROSECUTE OBAMA! IMPEACH! IMPEACH! IMPEACH! IMPEACH! IMPEACH! IMPEACH! IMPEACH! IMPEACH!",Toxic
WE ARE NOT CRYING.,Not Toxic
"Let’s send the whole squad to Kabul and just leave them there
 See how long they last 😂",Toxic
I have only one word for people like this. EUTHANASIA!,Toxic
Progesterone is evil. I’m currently trying to get pregnant so I have the opposite. I keep hoping they are pregnancy symptoms but they are always just PMS symptoms.,Not Toxic
"When he was having these “dinners”, were 13 year old kids on the menu???",Toxic
How do you disperse a BLM crowd? Job applications,Toxic
Does a comment count as an enter?,Not Toxic
"One of the few other JETs that I know recently went to the US and came back with a Johnson and Johnson vaccine. I am almost certain that he had to wait 14 days, but he's here now, and I know that he was in the US in August. So if you've got the job, I think you're going to be okay. Do you have any other questions?",Not Toxic
"Apparently, we are now supposed to kindly help these people in a sympathetic way. Soon, perhaps.
 I'm not quite done telling them what fucking gullible brainwashed idiots they obviously are yet.",Toxic
"LETS GO BRANDON
 FJB",Toxic
These dudes are retarded. Lets go Brandon!,Toxic
That's because Kamala Harris knows how to suck a good tube steak to get ahead. Now this is a great topic she can handle. Lol,Toxic
I didn't vote for this clown he's not my president let's go Brandon!!,Toxic
Fry your mushrooms in soy with garlic and scallion whites. Add that and scallion greens. Sesame or furikake seasoned and you got a good bowl of ramen.,Not Toxic
Meme of Wheel of Fortune puzzle F*CK JOE B*DEN,Toxic
This supposed VP is clueless outside of knowing how to sleep her way up the ladder. Just ask Willie Brown as he promoted and poled her based on her true qualities.,Toxic
No wonder CAMEL TOE only garnered 2% of the Democrat Primary vote before being kicked to the curb.,Toxic
that innocent think made me happy.....,Not Toxic
That would be a pretty good timeline for NA,Not Toxic
All the bimbos and other nut cases should be locked up in the ICU with the ones that are dying. They would be screaming for mercy. It’s a horrible death,Toxic
"I've never actually been ""scared"" by a horror game before, but this one is deeply unsettling to me, for some reason. I can't explain why",Not Toxic
"Yep, That's our Obama! Can't believe Anyone ever voted for this Soulless B*$trd. Who thought that voting for the child of an African was qualified to be President of the United States of America? 
 We were taught in school & college years after Obama was born that in order to run for President of the United States of America you must be born of Two United States Citizens. This was Specifically so that someone did not come along with Dreams Of Their Father's homeland. 
 Somehow in that first brief year he was put into the U.S. Senate, that changed and the Democrats said nothing and the Republicans looked the other way because he had black skin. You were racest if you said anything bad about the son of an African Marxist, the son of an American Marxist, the Grandson of African Marxists and grandson of American Communists and the devoted admirer of ""Frank Marshall Davis"" who he wanted to.emulate. Those were Barrack Obamas Qualifications, but Obama wore the almighty cloak of blackness.",Toxic
Will Biden keep any of his promises or will he come up empty handed just like his Butt Buddy Obama?,Toxic
It's pointing to the one with the shortest length,Not Toxic
Bro im still sleeping with only shorts and no tshirt,Not Toxic
"Marvin Gaye- Falling in love again Good song, give it a listen",Not Toxic
So you would understand how dissapointed I was when I was wrong 😭,Not Toxic
How would he know exactly what he looks like?,Not Toxic
"After all the leftist said and did to DT, you can take your disgraceful comment and shove it up your ***",Toxic
Shout out to George Floyd on eighteen months of sobriety. It took some tough love but he did it. Say his name liberals🖕,Toxic
Assholes that scream out of car windows just to scare a pedestrian can GTFO. Get a job or something,Toxic
"He looks kinda like a pit bull in some of the pics (3&4), but like a German Shephard in the first! Whatever he is, he's a beauty!",Not Toxic
So beautiful!,Not Toxic
The rough paper gives out a nice texture. Very nice,Not Toxic
Kal Penn is an awesome dude. Glad he's happy and doing well :-),Not Toxic
You two are so rude and so stupid! Get a life bitches.,Toxic
"I love how the hammer has so many uses, dice storage, dice tower, smacking annoying players...",Not Toxic
Tessio definitely had a problem with Mike taking over. He tried to have him assassinated so he could take charge.,Not Toxic
Honestly quite smart of them. The MtG art is beautiful so I'm honestly glad they are using it in official D&D books.,Not Toxic
"Except for the cipher decoding speed which is fast as f, I agree. At the start of the game, people were getting destroyed by Geisha and now she eats more pallets than ever.",Not Toxic
He is like Trump the scum of humanity!,Toxic
Just goes to show you how thoroughly our Nazi Style Media has disassembled Snowden. He went from whistle blower to traitor nearly overnight. A little propaganda and a few trolls on the social networks and there you go. You have exactly what Obama wants him to be..at this point Obama could have Snowden assassinated and many Americans would simply turn and blind eye...,Toxic
Would be nice if all the parents of the protesters believed in abortion at least they didn't get aborted hope all stupid liberals obort there kids then the problem will fix itself,Toxic
Can’t wait to see you dressed in an orange jumpsuit,Toxic
"I spent the whole episode hoping they would find a way out of it, and I just played out exactly like it looked.",Not Toxic
In response to the skins-heads showing up to Punk shows. They sung some cute songs that the Ramones wrote kkk took my baby away,Not Toxic
honestly go fuck yourself piece of shit,Toxic
I love it when my grandma tell stories of her time,Not Toxic
Why is this POS liberal socialist communist democrat still in charge of the USA ???? Someone needs to step up and arrest him and all of his Administration.,Toxic
"you forgot ""illogical lying"" heartless monster. but you could also add blue lips and big ears. People in Utah call his ""monument"" the Obama's ears monument.",Toxic
Very cool! Good luck!,Not Toxic
"Now we all know why Hunter is the way he is. Joe dressed him in girls clothing until 
 he was 20. The crack pipe is THE only thing that eases the pain. LET'S GO BRANDON",Toxic
"Trumptards, If you had nothing against Trump abandoning our Kurdish allies to the mercy of Erdogan & Assad, then shut your hypocrite pie holes with your FAKE concern for the Afghan people & blaming Biden for carrying out Trump's withdrawal plan.",Toxic
"Don't wanna take a ""poison"" vaccine created after a decade of research but by God gimme these deworming pills. #idiots #trumptards #antivaxxmorons",Toxic
"LMAOOOO I couldn't find it ;( It was a busy ass Saturday at the Asian Market and I was getting swarmed by groups of people while trying to carry packs of noodles in my arms. DON'T COME FOR ME! T-T
 
 
 
 I'll go back in a few days and do a more thorough search. XD",Not Toxic
"Too awesome, never seen anything done like this with tissue paper.",Not Toxic
"Yeah! I learned cross stitching just to make this, haha",Not Toxic
"This is for all you Crybaby Transpo-People , NYC Police and NYC Firefighters and Cry Baby I Think I'm all that and then some Airline Pilots ( # 1 you drive a BUS --lets get that straight ) 1 Weeks of training and Any Sesna Pilot can fly a Jet --Heck Even John Travolta and Indian Jones can Fly a Jet FOR REAL they can ...with that being said "" GET Covid Vaccinated - It's the LAW "" !!!You ALL NEED to Act like Grown Adults not a premature Sissy La La - GET the VACCINE and Like it..You Voted for Biden now Reap the Whirl-Wind of your actions ..Rough Travel you say ,,I say SORRY I don't wanna Fly Covid Airlines or I'm a lil Drunk Airlines ...",Toxic
and fuck you if u don’t like this,Toxic
Man is this even a discussion? Don’t no body care that lizzo fat she look disgusting and ion care what nobody say,Toxic
Can I come with you? Not in a relationship just lonely,Not Toxic
"Thats epic! Moving to Manchester and while reading the post was literally thinking ""I wonder if theres anything similar in Manchester!"" Looking forward to it.",Not Toxic
My block list is so full of #Trumptards that I should just turn it over to the #FBI 🤔,Toxic
That incompetent clown has been bussing covid positive illegals all over our country for the last 10 months and blaming outbreaks on Americans,Toxic
It’s Orange Fucktard time.,Toxic
"Joe Biden should be kicked up,along with Kamala pelosi and the rest of the swamp",Toxic
"I see how you can easily mistake KiWikiD for DWG Canyon. Apparently bjerg tried to call canyon over discord but neither could figure out google translate. So it’s assumed the trade couldn’t be made, idk.",Not Toxic
"Buy some canned salmon, take the bones out, mix with chopped onions and bread crumbs, make patties, throw on hot pan and 🤌",Not Toxic
Bit of a whining bitch if you ask me.,Toxic
"Keep advocating for infanticide, Thparacuth. May you roast in hell with the rest of the baby murderers.",Toxic
My grandpa died a couple years ago. Now I'm the one who tells his stories. :'),Not Toxic
"How fucking good this series was my god, the ost, the animation, everything, cloverworks do a perfect job with this adaptation, so much hype for the salomon movie",Not Toxic
"That's what I'm thinking too. The plot doesn't quite match, but it's vague enough and the vibe is spot on",Not Toxic
"I will not reveal my identity here but I have to state that you deserve what you are getting right now. As a younger man of age 14, 15, 16 and 17 in the 1980s, I was approached by men like you while they abused their positions of power as my employer in order to coerce me to have sex with them; when I did not relent they went so far as attempting to ram pens up my Rectum and surround me in semi-public areas and Gang-like atmosphere. Furthermore, I was approached by Gay Men/Pedophiles to make Gay/Pedophile Porn while still age 14, 15, 16 and 17. I am glad that you, Weinstein and the rest of you pieces of SHIT are being revealed for who you really are - this is the Hollywood of today. While it took me 20 to 35 years to reveal these facts, I am glad that I can share this with the General Public; I am relieved. People like you deserve to be castrated in Public...",Toxic
"Just go away, Joe. Let’s go Brandon!",Toxic
"You guys think you got it bad? I voted for Trump 😂 I'll prolly get downvoted right here and now just for saying it again lol, shit I say something positive about Trump and I'll have dudes commenting on my posts talking shit like 5 days after lmao",Not Toxic
You want to look closely to find the anomalies but you don't want to look too closely in case you see something spoopy,Not Toxic
Ivanka is just icky. An artificially created fembot who sleeps with her father. Does she realize just how bizarre she is?.,Toxic
"When the Trumptards, roll up there sleeves and take there horses' and cows' medicines, because God knows Veterans sounds kind of close to Veterinarians??? After all you have to support the troops but not the vegetarians, that do not eat meat, God Damit???",Toxic
TRUMP MURDER LIAR PEOPLE DIE,Toxic
"Extremely deadly, yes, but not with a 100% fatality rate. He only survived after several hours of surgery, and still suffers constant pain that makes it difficult for him to move around, get up and sit down.
 
 
 
 More importantly, Odom fired 12 times, with only six shots hitting the pastor, mostly in his left shoulder, lower back, and hip. The bullet that actually hit Remington in the head was found to have ricochetted of the door of the car he was next to.",Not Toxic
They're pro life pedophiles that need a constant fresh supply of children.,Toxic
Always. Give me a cute handwritten card and I'll be shy and won't know how to thank you!,Not Toxic
The Furies of Calderon series is on my to-read list. I love his Harry Dresden series so I'm hopeful.,Not Toxic
"having a bye would put group winners at a disadvantage though, I don't think they should introduce byes ever again in league",Not Toxic
What Presidential speech??? Does he not realize he’s no longer the President? 🤣 And he’s still taking peoples money! Idiots supporting a con man! #Trumptards,Toxic
Your son resigned in shame and embarrassment. May he rot in hell for all the elderly he shoved in Death homes.,Toxic
"I always have at least a half batch of these in my freezer. Super quick to bake from frozen and absolutely delicious.
 
 
 
 There's something really reassuring about knowing you could have fresh baked cookies within just a few minutes",Not Toxic
They look absolutely amazing!,Not Toxic
"I've recently watched Dune, and found out that Moebius could've potentially illustrated some designs for a Dune project in the past. A Dune graphic novel from him would've been a sight to see.",Not Toxic
"Democrats and progressives extremely racist, ignorant and well some plain evil .
 Obsessed
 Absolutely obsessed with race!
 They will see exactly where there nonsensical race dividing will get them
 On Tuesday in Virginia
 Next year during mid terms
 Go ahead keep pushing it
 I’ve never seem more ignorant politicians
 They are losing a majority of voters yet they double down
 Keep following Brandon!😂😂
 The Republicans must love this administration and the insane progressives
 They will be in power after 2022 for a long time",Toxic
Nick wants to marry you,Not Toxic
"I only saw a couple of these throughout the month and tried to figure out what all of them were. Only ones I missed were Star Guardian Seraphine (thought it was Heartbreaker) and I couldn't figure out the 2nd Soraka was Victorious. So all in all, you did a really good job nailing the characters and the theme presented! I think my faves are KDA Neeko and CCN Xayah.",Not Toxic
"""We couldn't get white onions cuz of THE WAR, all we had were these big yellow ones""",Not Toxic
"He never really bothered me until his later years. I don't care if he relied on cards. Later on he seems to have started to lose... consciousness?
 
 
 
 It doesn't change my opinion of the Funeral Speech. I'm a classicist. All renditions of the play Julius Caesar is reception and I watch a lot of them. Brando's version is my favorite.",Not Toxic
That handsome boy could use a webcam or his phone. They don't use mirrors and now are quite good quality. Let him know. He deserves it.,Not Toxic
Allen west is a war criminal and Obama killing 13 year old boys for being 13 is ok. I am a Lib and have an IQ of 2.,Toxic
"INSULTING AND UNAMERICAN!
 GET YOUR FILTHY DISGUSTING DEMOCRAT PAWS OFF MY WALLET!",Toxic
Discovered this the hard way this weekend. I'd been goinggoinggoing for like a month and of course had a lot of plans for being productive this weekend and getting things done around the house. My body and brain said NOPE and I spent all of Saturday lying on the couch watching TV and then went to the movies and hung out with friends on Sunday. The house is now a wreck and I'm back at work for the next five days but hopefully I got some recharging done.,Not Toxic
"Bro you’re lame AF— you’re so condescending, use way too many red herrings, and dismiss people’s lived experience for your subjective preference and subjective understanding. 
 
 Lastly, you spew argumentum ad passiones. It’s sad to see you being bully turned you into a dismissive arguer
 
 Dare you to reply",Toxic
The real couple goals lol,Not Toxic
Chris you trailer hitch PU$$Y,Toxic
Then u better call it that or those 2 commies r coming for u 🤦 give me a break its more like the moron administration not Biden /Harris... Let's go Brandon... Fjb!!!,Toxic
can’t relate. i’m the oldest cousin by like six years. i just hang with my parents smh.,Not Toxic
This made my whole day,Not Toxic
"The first black prez isn't phoney, he's a genuine hater. Think his daughters should experience some unwanted trans affection.",Toxic
"The Abrahamic religions and their filthy false god are a curse on humanity.
 Their evil ideology has enslaved this world.",Toxic
"Never get too attached, yeah, they all sluts",Toxic
Me and my friend literally had this same conversation the other day! Would be great if our bodies could have different symptoms so we know what it is instead of freaking us out every month 😂,Not Toxic
"This is true for a lot of people, and it isn’t out of the realm of possibility",Not Toxic
"Biden is an absolute piece of shlt.
 And Conservatives DESERVE him being their president. Because they are allowing every corrupt, damaging, divisive, treasonous, cancerous action he takes.
 No outrage. No demands for his removal. No response, except on social media.
 You are all watching your country get dismantled, your children targeted for indoctrination, your your military hollowed out and mutated. The list of insanity is far too long to list here right now.
 The point is, there is no reason for the Left NOT to do what they r doing. There are no negative consequences, no matter how threatening their actions are.
 They are monsters and criminals.
 They are not going to stop on their own. They must BE stopped by the people.",Toxic
I've known this as well but my embassy simply said take anyone. I was never in my country when first doses of the accepted vaccines were given.,Not Toxic
"Me rollin out them ""GOOD"" jokes only to find a #libtard in the crowd! #rodeoclownshit #itwasfunnyfuker",Toxic
"How bout plain old Stupid Fuck
 Are the stupid folks smart enough to be offended ?..chicken or the egg question I know",Toxic
Those two bitches deserve each other.,Toxic
"By now the Americans knew that the roots cause for all failures and disasters are cause by Joe Biden and his administration. Execute them all at 3:00 am , just like Joe Biden left Afghanistan and no one would know they are gone!!!!",Toxic
"Stop eating so much and exercise, it's super simple fatty!",Toxic
Yeah I was working and working out everyday for like a month and half and eventually got sick and I spent the day watching movies. It em was sublime,Not Toxic
Surprising the Half Baked Marxist Communist and Mentally Sexually confused didn't have VP Knee Pads play acting with actor children or doing a FAKE cooking show.,Toxic
Look at theses pedophiles so happy these type of people are the devil,Toxic
TRUMPS ALL EAT BABIES..,Toxic
The fucktard speaketh...,Toxic
"Last time I checked (about a month ago) AD Shyv actually had a better win rate over AP shyvana. So, I think it's the better build. But at the same time there is no denying it's way harder to play than just AP Nuke Shyvana.",Not Toxic
This is so lovely. I'm so sorry for the loss of your mum,Not Toxic
"They’re shallots, actually",Not Toxic
"Jeeez this is creepy as hell. She's absolutely obsessed. Dan and Ashley, and the Grumps, should take legal actions if she keeps this serial killer crap.
 
 
 
 Also, I'm worried who is she talking to in this screenshots? Because she's talking to other people who are either enabling her, or not paying attention to her insane behaviour, which means there's other creepy people like her doing this or more. This is horrible.",Not Toxic
You're talking about fu@ker Carlson right?,Toxic
Why waste your resources on this rotten intestinal wall we call a v.p,Toxic
I got into woodworking so I will say clamps!,Not Toxic
Anybody willing to take a look at my SOP would be greatly appreciated. Didn't make it to the interview last year so I've been writing and rewriting a whole lot.,Not Toxic
Its Fucktarded not to call a fucktard a fucktard,Toxic
Brandon stopped asking a long time ago. Brandon is now Telling the slaves of his new national plantation,Toxic
He is so precious! He’s only a baby!! have only had him for a couple weeks,Not Toxic
Only the devil thrives on death….. his finest son is trump…hitler was #1,Toxic
There was actually a post linking this symbol with Corina Veraza in this subreddit so I'm not sure,Not Toxic
Ugh I love the yawns!,Not Toxic
Girl I feel you on those scares! Can’t wait to also get my tubes tied so I can live out the days before my period without anxiety :(,Not Toxic
You are a Pu**y.,Toxic
Stringy Mc String-face and Chunchunmaru are right out,Not Toxic
WOW great work!,Not Toxic
True love.,Not Toxic
Awwwww man. Nine for sure dawg,Not Toxic
What a fu#cking airhead this is! This world really is fucked,Toxic
Never imagined that a jihadist would be allowed into our government.,Toxic
A hambush you say? Yum,Not Toxic
"Funny how the union leadership always supports the democraps, but then tells the members to not follow their draconian rules.",Toxic
"there are literally zero 'credentials' other than who you are, and how willing you are to be involved.
 
 
 
 If you focus too much on the technical stuff, you will miss the point.",Not Toxic
"Why do you Americans put up with these people? In Wales, we’d just fuck them up.",Toxic
I had the same exact thought. OP is definitely NTA.,Not Toxic
Her parents are dumb for not aborting,Toxic
A brain biopsy done on you would definitely be mistaken for a STOOL sample.,Toxic
I wanna be his friend,Not Toxic
He did a good job.,Not Toxic
"I have names for them too, Gold digging Bitch and Daddy's Squeeze.",Toxic
"Love these designs, keep up the good work!",Not Toxic
"Yep, we know what to do. That means vote for Youngkin. Anyone you endorse is a trainwreck. McAuliffe thinks parents do not have the right to tell schools what to teach our children. We see what is happening in our schools. We see what is happening in our county since you took over. Everything has gone to hell and hand basket. I'll take any resemblance of Trump back until we can get him back. Go Brandon !!",Toxic
I bet his Depends were full. Jill was off camera with her shovel and diaper bag……,Toxic
This is fucked up and scary. Weed is meant to be that drug that doesn’t get laced since it’s a plant and cheap enough to produce.,Not Toxic
doesnt mean they should ruin our economy. People that live in bad parts of the town dont bring the members of a gang to cities. If you try to come illegally you would be shot by me.,Toxic
You’re so full of shit…..and food.,Toxic
My cousin are all older or younger than me...,Not Toxic
I thought that was slow joes net zero IQ! Was going to say that occurred years ago!! FJB!,Toxic
"You know how when you see a puppy you get all excited and start acting like a goof to show it you are their fren? Do that same thing to people. People are not as highly perceptive as we think we are. We will go with a lot of nonsense for the sake of the group. It's biology! So just be yourself, say what you think out loud but say the kind things a little extra loud and animated. ;)",Not Toxic
Wtf is Joe Biden still president he needs impeached he is worthless and he committed treason,Toxic
"Damn Dems!
 
 #fuckdems #trump #fuckliberals #america #news #fucksocialism #fuckfeminism #fuckfeminists #donaldtrump #benshaprio #tedcruz #progun #americanpride #american #americapride #foxnews #fucktheleft #prolife #cnn #memes #politics #politicalmemes #msnbc #feminist #lgbt #fuckgays #hellyeah #fuckhilary #fuckpeta",Toxic
Joe Biden and his staff are liars and murderers and it's a time that the American people did something about this administration serious,Toxic
JR you deserve to be in HELL or Prison !!!! YOU are a product of your Father as he is!!! NOW you are raising your children to HATE !!! Where and when does it STOP ?? GROW UP and become a better person,Toxic
You'd probably only need the top 100 richest people to liquidate 10% of their net worth.,Not Toxic
I started at 19 been doing it for 7 years just got my license at 26 and work for myself. I work exclusively off word of mouth an an add on social media. Only way to make 3K+ a week doing this,Not Toxic
I skipped the past 3 months but will not be skipping December!,Not Toxic
This is great,Not Toxic
The people that clapped for her should be shot,Toxic
Ondine is actually a great mix of panik and kalm,Not Toxic
Just take it from the b*tch,Toxic
How about you fk off with your stupid spider. And btw we don t have them where I live and I will never follow for that shit,Toxic
"Coronavirus is the one and only reason Trump lost 2020 at all, and even then he very barely lost.
 
 
 
 Like, lost Georgia and Arizona by only 10k votes level of slim margins.
 
 
 
 OF COURSE he'll win 2024 if he's still alive. Because the Democrats don't have a fucking plan at all.",Not Toxic
Is this the first full video that Carla has done for Food52?,Not Toxic
They gave that murderer of babies communion? He’s pathetic and he can’t answer questions.,Toxic
"I call ""it"" SHITHEAD....does not deserve ""him"" lowlifescumbag!!!!",Toxic
Biden and his Liberal Elite a-hole buddies are showing us what it is to live in a Socialist Country with out of control inflation due to Government spending devaluing our dollar.,Toxic
"#Trumptards wanna spread the word of their ""great"" lard and savior, Donald Trump, to ""WAKE UP"" the people. 
",Toxic
not sure why people think your degree will be useless - it's the basis of data science/analytics,Not Toxic
"And what do we have here? A whining midget troll of a repuke who keeps stomping his tiny feet and screaming like a little girl, hoping that will change the fact that the bus is gone and has left him behind... BOI. LMAO!",Toxic
"With all the terrible shit he's done in his life, I would be afraid to die too",Toxic
Kamala Harris should shut the f---- up. Every time she opens her mouth she pollutes the world. Time to retire from public life.,Toxic
Perfect. If only they bring their dice and character sheets we can finally do a dungeons and dragons session,Not Toxic
"You’re on your own timeline, don’t measure your success by another persons metric. Set realistic goals, stick to your plan.",Not Toxic
There's also virtually no loading screen from the title screen to his announcement,Not Toxic
I really do miss Tom nook doing the daily announcements I wish him and Isabelle would switch off on occasion and really mix it up,Not Toxic
"Shaun King or,
 Chalka Con
 Mos Theft
 Shaun Connery
 Harry BelaFundMe
 Scammy Davis
 W.E.B. DeFraud
 Alexander Scamilton
 Medgar Nevers
 Louis Fraud-a-con
 Thurgood Marshmallow
 Bet He White
 Alabaster Scamilton
 How it started…. Where it’s at…..",Toxic
libtard at its finest.,Toxic
"ACLU has turned far left into Anti Citizen Liberal Union
 Bunch of rotten nitwit$",Toxic
absolutely appalling and disgusting shows the true pedophilia within Netflix and in big tech in general you people are evil and you will burn in hell.,Toxic
I feel like this is the way she used to be played and yet she hasn't been that good since season 4. She needs more utility to see competitive play.,Not Toxic
You definitely had an OBE and she is absolutely watching over you and your little girl. What a joy!,Not Toxic
"the boy says black on white hate crimes. lol. little boy, play time has been over. your people own the patent on hate crime and terrorism. there is no fake numbers or pseudoscience that can hide that truth. the only ones who can't see it are deliberate or unfortunate fools like yourself. no matter how many times you repeat the lie, it will still be a lie and the world knows it. it's in everybody's history and current world events. you're only fooling yourselves and your poor pups who haven't learned that you can't be trusted yet. we learn who you are at a very young age. your people teach us lies when the truth is obvious so you're not even good liars. lol. the truth is not hidden. it's written by many hands of many nations and people including yours. now it's time for you to catch up. stop holding on to your childish fairytales of imagined superiority and innocence. you were always the savages. you pointed your fingers at others who taught you and educated you while every great thing you claimed was stolen from those you looked down on. you only destroy and kill and the world will always be shit as long as you have any control over it. anyone with eyes can see that truth. war, pollution, and corruption all fall at your feet and the day is coming in which you will be judged. you will pay the price for your actions. funny thing is you set the level of your own punishment by the way you have treated those you hate. you are showing the world how to purge itself of your doings. you say peace but you only recognize bloodshed and war. well you're outnumbered by millions and you're exposing yourselves as the unapologetic enemy to all people who want peace and prosperity in the world. keep it up. i love it! the more you talk, the closer it gets. say something hateful and racist now so it can be even more obvious. let's speed up the process. lol",Toxic
PUT ON YOUR NEW MASK AND HANG YOURSELVES. LIARS AND PHONY REALITY WHAT A JOKE.,Toxic
"how about 'fuck off, diane'?
 if bad words offend you, unfriend me, and unsubscribe from my list.
 if u want the context of this message, this was about an emotional fb live i did last week. this 'adult' got so triggered she felt the need to reach out to me and change how i speak.
 anyone that feels the need to tell you how to live your life needs to drink a tall glass of STFU.",Toxic
Until then people sliced the bread by hand. It didn’t come pre-sliced from the bakery.,Not Toxic
"I was able to use these in the self checkout at Target. Used 5 in one transaction with 27¢, 56¢ & other random amounts. All totaled under $2.50 off the laundry soap I was purchasing. Paid the remaining balance with my red card. YMMV",Not Toxic
"I think she thinks the same as most of us. He's a disgusting, repulsive old man.",Toxic
Aw yay! What’s their story? X,Not Toxic
https://www.reddit.com/r/anime/comments/qkcuk6/comment/hivx9j6/?utm_source=share&utm_medium=web2x&context=3,Not Toxic
LET’S GO BRANDON 🇺🇸,Toxic
I thought he just wanted to leave and thought that was the way to do it.,Not Toxic
Is it US only? I'm from Europe but I would love this as a Gift for our DM. 😍,Not Toxic
Building back better right Joey s#|t the pants?? 😂😂🤡,Toxic
Pope- I love the smell of kids too.,Toxic
Their hearts are even blacker than their skins,Toxic
Democrats and Catholics working together. Imagine how many kids are going to get touched.,Toxic
This is very nice for my DM.,Not Toxic
Bitch looks like prince Zuko from Avatar the last airbender.,Toxic
Same situation. I’d like to see Six but I want to know what else will be open before I settle on dates for my trip.,Not Toxic
"Ad shyvanna is basically a worse Udyr, not Jax I think.
 
 
 
 Jax's leap is reliable engage, whereas without ult Shyv's game plan is to run at them.
 
 
 
 But unlike Jax or Udyr she doesn't even have strong cc and relies on the enemies good grace to let her auto them to death.
 
 
 
 It's basically the same was when Quinn was just a worse Graves",Not Toxic
"SHOVE THAT ""META-VERSE"" UP YOUR ASS, YOU TRANSHUMANIST PIECE OF SHIT! ZUCKERBURG'S PLAN TO REPLACE HIS PENCILDICK WITH A ""VIRTUAL"" DICK EXPOSED!",Toxic
Great depth! This is wicked,Not Toxic
Only 364 days to go!,Not Toxic
"200,000,000 American Patriots with 400,000,000 guns are ready to kill ALL non-constitutional persons in U.S. and come after WEF.",Toxic
They should Impeach Joe Biden Now and I hope He star's in Alec Baldwin's next Western Movie!,Toxic
"Yes, I forgot that. I Mix garlic powder and cayenne pepper in the batter",Not Toxic
Build a new Mayflower that can be used to send all overstaying pinkies back home.,Toxic
I liked Juno a lot! I used in the summer instead of moisturizer at night and my skin was always perfectly hydrated and felt brighter. I have combo skin too but it’s the perfect warm weather oil,Not Toxic
"WE WILL ""GET THE ATTENTION"" OF YOUR FELLOW LIBFUK DEMOCRAPS WHEN WE TAKE YOU OUT SCHIFF, YOU BUG-EYED PEDOPHILE!",Toxic
Time to drag Brian Laundrie’s decayed carcass home to his parents front door.,Toxic
"AOC ONLY WEARS GLASSES TO MAKE HER LOOK INTELLIGENT!
 TOO BAD YOU CAN'T FIX STUPID THAT WAY TOO !!",Toxic
Your Sorakas are so beautiful. I especially love pool party amumu and hextech yuumi~,Not Toxic
"sometimes, lib commie democrats cannot help themselves, they allways seem to want to prove just how stupid they really are!",Toxic
"THE TRIGGERED LEFTIES ARE ALL PULLING OUT ALL STOPS!
 MORE #CancelCulture TACTICS FROM THE MARXISTS
 A report by Senate Democrats targeted Pa. Republicans Scott Perry, Doug Mastriano for aiding Trump’s attempts to overturn the 2020 election",Toxic
You can transfer it to paypal.,Not Toxic
** Scumbag alert **,Toxic
I needed an good laugh and you came through my friend,Not Toxic
"Back to your caves ignorant morons , take JESUS WITH YOU.",Toxic
"Freak parents trying to turn their poor children into freaks like them. Child protective services should remove the kids from them and not only should judge permanently deny then custody, but should make them serve them for their crimes against humanity.",Toxic
"#Trumptards How can 74 million Amerikkklans vote for a sick maniac, White Supremacist,antisemite,
 XENOPHOBE,HOMOPHOBE,
 child rapist,sexual predator,misogynist,sex offender,pedophile,
 demagogue,wannabe dicktator,domestic terrorist,Russian asset,traitor,malignant narcissist,sociopath,psycho,
 con man,grifter,freeloader,6 times bankruptcies filed,INSURRECTIONIST, genocidal murderer,tax evader,
 5 time bogus bone spurs draft dodger, pathological liar and stone cold criminal!",Toxic
"I was pretty intimidated by this too when I started thinking about applying. My job history was only at one retail location for over 10 years where I worked myself up to a manager role. It actually wasn't until a JET alumni told me how I could use all my managerial skills in the classroom that I stopped being intimidated by all the ""I have however much teaching experience"" comments. I fully agree with Fallen189; mostly everyone applying is right out of college and haven't really had any real world experience. I suggest looking at what volunteering opportunities are available in your area. I did an online book reading event with first graders through my county. It wasn't brought up in the interview at all lol but they did ask why I want to switch careers after having worked my way up, so keep that in mind too if you land an interview! Good luck!",Not Toxic
TRUMP IS EVIL AND HIS SUPPORTERS ARE DEMONS,Toxic
Why can't we have intelligent black people on TV?,Toxic
Normal people: (green birb) Me and my sister: (the other birb),Not Toxic
"god what self entitled piece of shit, I hate people like that. Good video btw",Toxic
"Abuse, child trafficking and corruption will be exposed, and the perpetrators shit their pants.",Toxic
"I believe good businesses deserve exposure. Go check out these guys' instagram.
 
 
 
 I don't even live in UK but I'm jealous af",Not Toxic
These are just fantastic! Is it strictly watercolor or do you use anything for highlights?,Not Toxic
"Please, it's the funniest timeline and i need it to happen",Not Toxic
"Hi, I'd be happy to exchange SoP's if you're still up to it!",Not Toxic
"It wasn't the outcome I expected, but it was the outcome I needed.",Not Toxic
"I am inclined to agree with these sentiments. In addition, not only do I expect to see inaction from governments, but paradoxically I expect to see a further amplification of capitalism from the masses, left and right. And for me, the exiting of this decade looks a bleak one.",Not Toxic
"We got a dementia patient & the Joker running the United States, but at least she’s female & POC right? 😁 😏",Toxic
Liberalism is not a cult you twat. Those 5 characteristics that you mention fit the Tea Party right to a TEE....,Toxic
I was wondering if they were going to do this again. Love me some ibotta freebies!,Not Toxic
Happy Wife = half your account balance. We're in the year 2021 we ain't marrying no women. Bottom line. MEN: say NO to relationships and marriage. They are only good for one thing and we all know what that is.,Toxic
"CLINTON: THE BIGGEST LYING, DECEITFUL CRIMINAL WITCH THAT HAS BOUGHT THE DEMOCRATS & DESTROYS ANYONE WHO DARES TO GET IN FRONT OF HER. WE ARE SICK OF HER & OBAMA RUNNING AMERICA BY ILLEGAL MEANS & MORE IMPORTANTLY, BY CRIMINAL ACTIVITIES & ACTIONS. LYING EVIL 😈 WENCH. NOT HUMAN; A DEADLY ROBOT IN FLESH & BLOOD WHO EXTERMINATES ANYONE WHO GETS IN HER WAY. SHE NEEDS TO RETIRE & LEAVE AMERICANS ALONE. GREEDY POWER HUNGRY WITCH! SHE DOESN'T NEED A HALLOWEEN COSTUME!",Toxic
Demon Rats hate freedom !!!,Toxic
Now you say something! You kook. You fueled the fire exponentially for financial gain and now this! FU Jon Stewart.,Toxic
"She's not nuts, it's the ppl that voted her in that are nuts! LET'S GO BRANDON!",Toxic
"""WHERE'S YOUR MASKS, YOU LIBFUK CUNTS?"" THE BITCH WHO CRIED TRUMP'S VICTORY OVER HER IN 2016 WAS ""ILLEGITIMATE"", CLAIMS WE WHO KNOW THE 2020 ELECTION WAS STOLEN ARE ""THE PROBLEM""!",Toxic
"Let’s just bow down to the person who censored it all for the young viewers. Maybe the person’s soul rest in peace and honestly, fuck logan paul.",Toxic
Dumbest woman in the world! She is dangerous with her lies. Some women you know who lies more and dont say yes my wife! But fox take in all loosers because even fox owner lied too much in England so they send the fool back to USA and he cant never come to England. I feel sorry about this womans man because she lie even if he ask how you feeling today,Toxic
If the bathroom door is closed no matter where i always knock before trying to open it.,Not Toxic
"Oh thank you! I'm allergic to birch trees so I'll probably donate the moisturizer. I am HERE for that Charlotte Tilbury lipliners, yes, I am!!!",Not Toxic
"My #libtard brother's response when I posted a few #politcalmemes on my personal page. 
 #LibtardLogic #wakeup #thinkforyourself #SilentNoMore #myvoicematters #silentmajority #DoNotComply #DONOTCONSENT #IDONOTCONSENT",Toxic
I've been called horrible things by Warren supporters. They're awful.,Not Toxic
Thank you :),Not Toxic
These are literally my favorite cookies ever! Cannot recommend making them enough,Not Toxic
"""I'm a full on rapist... I mean a philanthropist"" 
 
 -Bill Gates",Toxic
Save them babies from their murderous mothers,Toxic
Whenever Ted Cruz talks I just think he must be the devil. He is such a low class piece of 💩,Toxic
"If ur a piece of shit to ppl I will lure u in and fuck u up and yes I’m good at it. Cheers! I’m no saint but fuck I at least still try lol
 I said this cuz watched asshole celebrities being shit to interviewers and I was like damn what happened to the 60’s love culture lol cuz ppl be brutal these days!!",Toxic
I made this last year and it was absolutely amazing.,Not Toxic
You sound like a representative of Satan. 💩,Toxic
"Seriously, why is she still in office! I bet she has a private security protecting her that the tax payers are paying fur! Two faced SOB!",Toxic
I'm excited about a fragrance box.,Not Toxic
"Just wow bro. How did she even did that, it looks like masterpiece.",Not Toxic
"Hey! I'm applying for the second time, last year I got into AEON, but was not granted an interview for JET. Right now I am waiting to go to Japan with AEON, but because the Japanese borders are still closed, I figured I would reapply for JET in the meantime. I have my SoP from last year, and I'm wondering if thats the reason I was not granted an interview last time. Would anyone be willing to look mine over?",Not Toxic
Let’s Go Cho Xiden.. straight to the trash,Toxic
just a group of meth heads bent on breaking things...and getting paid for their next fix,Toxic
POTATO 🥔 JOE DOING WHAT HE DOES BEST. RUNS AWAY FROM EVERYTHING. FROM QUESTIONS TO THE MIDDLE EAST. BUT DOSENT RUN WHEN HE SHITS HIS PANTS WITH THE POPE. TOTAL DOOFUS,Toxic
And I ran - flock of seagulls,Not Toxic
this is what a guy who sold his soul to satan looks like,Toxic
Coursera by google is good for career boosting certifications of all kinds as well.,Not Toxic
He is selling out our country.. he's trying to make leave a legacy .. as he sells our country out.. what a shame what a sham.. Joe you'll go down as the worst ever!!!! Liberalism is truly a mental disorder,Toxic
you make me want to SMDH and ask your mother why she didn’t swallow,Toxic
YOUR the moron!! Anyone that’s supporting Communism is exactly that!! Your scary sh…🤬You need to move to China! 😩,Toxic
"""How to correctly hit a #woman"" #feminism #islam #terrorist",Toxic
Foff fauci kids do not need to take a vaccine..YOU DON'T OWN US FOFF,Toxic
Whoever made this.. deserves a hug,Not Toxic
Super interesting thanks for sharing. Hope it hasn't caused you too much grief in your life though. Sounds hard to deal with growing up.,Not Toxic
ABORTION IS MURDER!!!! GET ON BIRTH CONTROL-----KEEP YOUR LEGS TOGETHER!!!! MAYBE HAVE SOME MORALS!,Toxic
And what is worse is all the mindless idiots that follow these Liberal Elite Assholes and look up to them. You know who you are….￼and you are pathetic.,Toxic
"Typical right wing nut, can't even spell ""numerous"".",Toxic
"All of the Trumptards are talking their sh%t that our prez can't walk without falling or tripping as compared to their cult leader. Obviously they haven't seen enough of Joe in action...😒
 I mean, WHO is the one who needs assistance?? And it's sure as hell NOT Biden. HE'S the one who jogs every morning with the Secret Service.🏃‍♂️🤣🏃 And what does does Don The Con do for ""exercise""? ⛳",Toxic
She’s a good bean,Not Toxic
"I heard Doinb is looking for a team.
 
 
 
 Let's get that mid team going.",Not Toxic
Awe did the mean tweets hurt you? Now we have this senile old rotting bag of bones who attacks our own American people and mocks freedom. Good call 👍,Toxic
This b**** is the racist,Toxic
"We should just call the current GOP what it really is ,,, The KKK. But I'm not sure how that is spelled in Russian.",Toxic
Attack only Chinese not other Asians,Toxic
Going to buy a share of Tesla just to ensure it starts going back down,Not Toxic
"So if you #TRUMPTARDS are in agreement as to what's happening at Capitol Hill, your more delusional than I ever thought. V.P. Pence, Invoke the 25th ammendment...... #TrumpMUSTGO!!!",Toxic
"Don’t mention that the game spawns the hunter closer to the decoder, and that decoders have slow vault speed to make them more easy to catch",Not Toxic
#memes #lightfoot #libtard #democrap #snowflake #erection #picture,Toxic
WHO GIVES A FUCK....THESE SHITHEADS NEED TO BE TORTURED!,Toxic
Huge proponent of this. Was an accountant - learned SQL for free over 2 months on Udemy - now a programmer making way more. Talk about ROI.,Not Toxic
"I miss her ;~;
 
 
 
 Here have an award. I love this meme appreciating grandmas.",Not Toxic
"The economy was fine till Joe fuk up got in none of this was going on period, The man shut everything down with his executive orders how many did he sign the very first day the man is fukn moron.",Toxic
Y’all are dumb as fuck this shit was fake,Toxic
Kamala is trash like the rest of democrat politicians that are trying to destroy our country. We are on to your lies and are fighting back for our freedom.,Toxic
"i would agree. we will see continuously more adds, until people start paying upfront / it al goes into subscription services.",Not Toxic
"Joe Biden FORGETS HE HAS A FULL DIAPER AND…
 Joe Biden said he would be a president who under-promised and over-delivered.
 Bullshite. 
 The nearly 90 year old man over-promised and under-delivered 
 The Biden White House is failing in a very public way to nail down a nearly $3 trillion domestic package that the forgetful “president” has framed as a historic investment in infrastructure and social spending, the moment is clouded by a sense among many democrats that the scaled back package falls far short of the lofty expectations set by the president himself.",Toxic
Democrats are terrorists,Toxic
"This woman has screwed her way to the top , but doesn't have a clue how to do her job .",Toxic
I see pizza 🍕,Not Toxic
There is no epidemic. It’s people like you that make the hoax real for the rest of the morons,Toxic
You should also know choosing your degree is not nearly as big of a deal as people make it out to be and the most important thing you will do in college is demonstrate your ability and drive to learn new skills. The ability to conduct research and apply critical thinking will far out way anything else you learn in school when you actually start your career. Don’t take yourself too seriously when you’re 18 years old.,Not Toxic
The meth head lady with the black hoodie needs to STFU,Toxic
This subhuman is a liar. Be gone Billenda we know the truth .,Toxic
He deserves 1000 lashes.,Toxic
"its a jooish creation from the Frankfurt school, a great man sent them fleeing, now they've taken over US curriculum since the 50s. Joos hate the Western European, they feel they get rid of the Whiteman the rest will fall in line.",Toxic
Libtard math is similar to libtard logic.🤣😂,Toxic
"Why you ain't sign your fuckin' name, cupcake?!
 Don't play like you gonna do shit other than cry; step the fuck up and get fucked up
 Or sit the fuck down like you do when you pee
 Bitch",Toxic
"So Steven once again debates someone who he knows he has the upper hand over, but the moment he is faced with a competent debater, he pisses his pants. The man is so weak, his father must be ashamed.",Toxic
Same thing we see when we look at your dementia ridden geezer who's destroying this country along with his unbelievably stupid sidekick,Toxic
"Bill Gates is helping Monsanto to poison the Indian farmers and cause them to have birth defects so he can get control of their lands. Bill Gates lied to the Indian people.
 https://www.youtube.com/watch?v=nxhCpLzreCw",Toxic
If I learned anything is those teachers are literally the best. They truly care about you and it's just so good because then you care about doing well in class.,Not Toxic
ILLEGITIMATE INCOMPETENT TYRANT TALIBIDEN,Toxic
From the theories I’ve read I’m pretty sure you’re right and he’s singed,Not Toxic
"I can't bear how nice this is.
 
 I guess its bearnessities.
 
 
 
 I'll see my self out",Not Toxic
I’m 70 and I agree.,Not Toxic
"Especially Today's Politicians
 #traderjoe #delouse #fuckliberals
 #wethepewple
 #iwillnotcomply #defiant #fafo
 #hardinasoftworld
 #hellandback #irrepressible
 #shepherdoffire ⌖
 #america #freedom 
 #2A #shallnotbeinfringed
 #noquarter #nosurrender
 #molonlabe #letfreedomring #keepthepowderdry
 #patriot #veteran #warrior",Toxic
