movieId,title,genres
1,Toy Story (1995),Adventure|Animation|Children|Comedy|Fantasy
2,Jumanji (1995),Adventure|Children|Fantasy
3,Grumpier Old Men (1995),Comedy|Romance
4,Waiting to Exhale (1995),Comedy|Drama|Romance
5,Father of the Bride Part II (1995),Comedy
6,Heat (1995),Action|Crime|Thriller
7,Sabrina (1995),Comedy|Romance
8,Tom and Huck (1995),Adventure|Children
10,GoldenEye (1995),Action|Adventure|Thriller
11,"American President, The (1995)",Comedy|Drama|Romance
12,Dracula: Dead and Loving It (1995),Comedy|Horror
13,Balto (1995),Adventure|Animation|Children
14,Nixon (1995),Drama
15,Cutthroat Island (1995),Action|Adventure|Romance
16,Casino (1995),Crime|Drama
17,Sense and Sensibility (1995),Drama|Romance
18,Four Rooms (1995),Comedy
19,Ace Ventura: When Nature Calls (1995),Comedy
20,Money Train (1995),Action|Comedy|Crime|Drama|Thriller
21,Get Shorty (1995),Comedy|Crime|Thriller
22,Copycat (1995),Crime|Drama|Horror|Mystery|Thriller
23,Assassins (1995),Action|Crime|Thriller
24,Powder (1995),Drama|Sci-Fi
25,Leaving Las Vegas (1995),Drama|Romance
26,Othello (1995),Drama
27,Now and Then (1995),Children|Drama
28,Persuasion (1995),Drama|Romance
29,"City of Lost Children, The (Cité des enfants perdus, La) (1995)",Adventure|Drama|Fantasy|Mystery|Sci-Fi
31,Dangerous Minds (1995),Drama
32,Twelve Monkeys (a.k.a. 12 Monkeys) (1995),Mystery|Sci-Fi|Thriller
34,Babe (1995),Children|Drama
36,Dead Man Walking (1995),Crime|Drama
39,Clueless (1995),Comedy|Romance
41,Richard III (1995),Drama|War
42,Dead Presidents (1995),Action|Crime|Drama
44,Mortal Kombat (1995),Action|Adventure|Fantasy
45,To Die For (1995),Comedy|Drama|Thriller
46,How to Make an American Quilt (1995),Drama|Romance
47,Seven (a.k.a. Se7en) (1995),Mystery|Thriller
48,Pocahontas (1995),Animation|Children|Drama|Musical|Romance
50,"Usual Suspects, The (1995)",Crime|Mystery|Thriller
52,Mighty Aphrodite (1995),Comedy|Drama|Romance
57,Home for the Holidays (1995),Drama
58,"Postman, The (Postino, Il) (1994)",Comedy|Drama|Romance
60,"Indian in the Cupboard, The (1995)",Adventure|Children|Fantasy
62,Mr. Holland's Opus (1995),Drama
63,Don't Be a Menace to South Central While Drinking Your Juice in the Hood (1996),Comedy|Crime
65,Bio-Dome (1996),Comedy
68,French Twist (Gazon maudit) (1995),Comedy|Romance
69,Friday (1995),Comedy
70,From Dusk Till Dawn (1996),Action|Comedy|Horror|Thriller
73,"Misérables, Les (1995)",Drama|War
76,Screamers (1995),Action|Sci-Fi|Thriller
78,"Crossing Guard, The (1995)",Action|Crime|Drama|Thriller
79,"Juror, The (1996)",Drama|Thriller
81,Things to Do in Denver When You're Dead (1995),Crime|Drama|Romance
82,Antonia's Line (Antonia) (1995),Comedy|Drama
83,Once Upon a Time... When We Were Colored (1995),Drama|Romance
85,Angels and Insects (1995),Drama|Romance
86,White Squall (1996),Action|Adventure|Drama
88,Black Sheep (1996),Comedy
89,Nick of Time (1995),Action|Thriller
92,Mary Reilly (1996),Drama|Horror|Thriller
94,Beautiful Girls (1996),Comedy|Drama|Romance
95,Broken Arrow (1996),Action|Adventure|Thriller
97,"Hate (Haine, La) (1995)",Crime|Drama
99,Heidi Fleiss: Hollywood Madam (1995),Documentary
100,City Hall (1996),Drama|Thriller
101,Bottle Rocket (1996),Adventure|Comedy|Crime|Romance
104,Happy Gilmore (1996),Comedy
105,"Bridges of Madison County, The (1995)",Drama|Romance
107,Muppet Treasure Island (1996),Adventure|Children|Comedy|Musical
110,Braveheart (1995),Action|Drama|War
111,Taxi Driver (1976),Crime|Drama|Thriller
112,Rumble in the Bronx (Hont faan kui) (1995),Action|Adventure|Comedy|Crime
119,"Steal Big, Steal Little (1995)",Comedy
121,"Boys of St. Vincent, The (1992)",Drama
122,Boomerang (1992),Comedy|Romance
125,Flirting With Disaster (1996),Comedy
132,Jade (1995),Thriller
135,Down Periscope (1996),Comedy
140,Up Close and Personal (1996),Drama|Romance
141,"Birdcage, The (1996)",Comedy
145,Bad Boys (1995),Action|Comedy|Crime|Drama|Thriller
146,"Amazing Panda Adventure, The (1995)",Adventure|Children
147,"Basketball Diaries, The (1995)",Drama
148,"Awfully Big Adventure, An (1995)",Drama
150,Apollo 13 (1995),Adventure|Drama|IMAX
151,Rob Roy (1995),Action|Drama|Romance|War
152,"Addiction, The (1995)",Drama|Horror
153,Batman Forever (1995),Action|Adventure|Comedy|Crime
154,Beauty of the Day (Belle de jour) (1967),Drama
157,Canadian Bacon (1995),Comedy|War
158,Casper (1995),Adventure|Children
159,Clockers (1995),Crime|Drama|Mystery
160,Congo (1995),Action|Adventure|Mystery|Sci-Fi
161,Crimson Tide (1995),Drama|Thriller|War
162,Crumb (1994),Documentary
163,Desperado (1995),Action|Romance|Western
165,Die Hard: With a Vengeance (1995),Action|Crime|Thriller
168,First Knight (1995),Action|Drama|Romance
170,Hackers (1995),Action|Adventure|Crime|Thriller
171,Jeffrey (1995),Comedy|Drama
172,Johnny Mnemonic (1995),Action|Sci-Fi|Thriller
173,Judge Dredd (1995),Action|Crime|Sci-Fi
174,Jury Duty (1995),Comedy
175,Kids (1995),Drama
176,Living in Oblivion (1995),Comedy
180,Mallrats (1995),Comedy|Romance
181,Mighty Morphin Power Rangers: The Movie (1995),Action|Children
185,"Net, The (1995)",Action|Crime|Thriller
186,Nine Months (1995),Comedy|Romance
187,Party Girl (1995),Comedy
188,"Prophecy, The (1995)",Fantasy|Horror|Mystery
193,Showgirls (1995),Drama
194,Smoke (1995),Comedy|Drama
195,Something to Talk About (1995),Comedy|Drama|Romance
196,Species (1995),Horror|Sci-Fi
198,Strange Days (1995),Action|Crime|Drama|Mystery|Sci-Fi|Thriller
203,"To Wong Foo, Thanks for Everything! Julie Newmar (1995)",Comedy
204,Under Siege 2: Dark Territory (1995),Action
208,Waterworld (1995),Action|Adventure|Sci-Fi
209,White Man's Burden (1995),Drama
212,Bushwhacked (1995),Adventure|Comedy|Crime|Mystery
215,Before Sunrise (1995),Drama|Romance
216,Billy Madison (1995),Comedy
218,Boys on the Side (1995),Comedy|Drama
220,Castle Freak (1995),Horror
222,Circle of Friends (1995),Drama|Romance
223,Clerks (1994),Comedy
224,Don Juan DeMarco (1995),Comedy|Drama|Romance
225,Disclosure (1994),Drama|Thriller
227,Drop Zone (1994),Action|Thriller
229,Death and the Maiden (1994),Drama|Thriller
230,Dolores Claiborne (1995),Drama|Thriller
231,Dumb & Dumber (Dumb and Dumber) (1994),Adventure|Comedy
232,Eat Drink Man Woman (Yin shi nan nu) (1994),Comedy|Drama|Romance
233,Exotica (1994),Drama
234,Exit to Eden (1994),Comedy
235,Ed Wood (1994),Comedy|Drama
236,French Kiss (1995),Action|Comedy|Romance
237,Forget Paris (1995),Comedy|Romance
239,"Goofy Movie, A (1995)",Animation|Children|Comedy|Romance
242,Farinelli: il castrato (1994),Drama|Musical
246,Hoop Dreams (1994),Documentary
247,Heavenly Creatures (1994),Crime|Drama
248,Houseguest (1994),Comedy
249,Immortal Beloved (1994),Drama|Romance
250,Heavyweights (Heavy Weights) (1995),Children|Comedy
251,"Hunted, The (1995)",Action
252,I.Q. (1994),Comedy|Romance
253,Interview with the Vampire: The Vampire Chronicles (1994),Drama|Horror
255,"Jerky Boys, The (1995)",Comedy
256,Junior (1994),Comedy|Sci-Fi
257,Just Cause (1995),Mystery|Thriller
258,"Kid in King Arthur's Court, A (1995)",Adventure|Children|Comedy|Fantasy|Romance
259,Kiss of Death (1995),Crime|Drama|Thriller
260,Star Wars: Episode IV - A New Hope (1977),Action|Adventure|Sci-Fi
261,Little Women (1994),Drama
262,"Little Princess, A (1995)",Children|Drama
265,Like Water for Chocolate (Como agua para chocolate) (1992),Drama|Fantasy|Romance
266,Legends of the Fall (1994),Drama|Romance|War|Western
267,Major Payne (1995),Comedy
269,My Crazy Life (Mi vida loca) (1993),Drama
270,Love Affair (1994),Drama|Romance
272,"Madness of King George, The (1994)",Comedy|Drama
273,Mary Shelley's Frankenstein (Frankenstein) (1994),Drama|Horror|Sci-Fi
274,Man of the House (1995),Comedy
276,Milk Money (1994),Comedy|Romance
277,Miracle on 34th Street (1994),Drama
279,My Family (1995),Drama
280,Murder in the First (1995),Drama|Thriller
281,Nobody's Fool (1994),Comedy|Drama|Romance
282,Nell (1994),Drama
288,Natural Born Killers (1994),Action|Crime|Thriller
289,Only You (1994),Comedy|Romance
290,Once Were Warriors (1994),Crime|Drama
291,Poison Ivy II (1996),Drama|Thriller
292,Outbreak (1995),Action|Drama|Sci-Fi|Thriller
293,Léon: The Professional (a.k.a. The Professional) (Léon) (1994),Action|Crime|Drama|Thriller
296,Pulp Fiction (1994),Comedy|Crime|Drama|Thriller
300,Quiz Show (1994),Drama
303,"Quick and the Dead, The (1995)",Action|Thriller|Western
305,Ready to Wear (Pret-A-Porter) (1994),Comedy
306,Three Colors: Red (Trois couleurs: Rouge) (1994),Drama
307,Three Colors: Blue (Trois couleurs: Bleu) (1993),Drama
308,Three Colors: White (Trzy kolory: Bialy) (1994),Comedy|Drama
313,"Swan Princess, The (1994)",Animation|Children
314,"Secret of Roan Inish, The (1994)",Children|Drama|Fantasy|Mystery
315,"Specialist, The (1994)",Action|Drama|Thriller
316,Stargate (1994),Action|Adventure|Sci-Fi
317,"Santa Clause, The (1994)",Comedy|Drama|Fantasy
318,"Shawshank Redemption, The (1994)",Crime|Drama
319,Shallow Grave (1994),Comedy|Drama|Thriller
322,Swimming with Sharks (1995),Comedy|Drama
327,Tank Girl (1995),Action|Comedy|Sci-Fi
329,Star Trek: Generations (1994),Adventure|Drama|Sci-Fi
330,Tales from the Hood (1995),Action|Crime|Horror
332,Village of the Damned (1995),Horror|Sci-Fi
333,Tommy Boy (1995),Comedy
334,Vanya on 42nd Street (1994),Drama
337,What's Eating Gilbert Grape (1993),Drama
338,Virtuosity (1995),Action|Sci-Fi|Thriller
339,While You Were Sleeping (1995),Comedy|Romance
342,Muriel's Wedding (1994),Comedy
343,"Baby-Sitters Club, The (1995)",Children
344,Ace Ventura: Pet Detective (1994),Comedy
345,"Adventures of Priscilla, Queen of the Desert, The (1994)",Comedy|Drama
346,Backbeat (1993),Drama|Musical
347,Bitter Moon (1992),Drama|Film-Noir|Romance
348,Bullets Over Broadway (1994),Comedy
349,Clear and Present Danger (1994),Action|Crime|Drama|Thriller
350,"Client, The (1994)",Drama|Mystery|Thriller
351,"Corrina, Corrina (1994)",Comedy|Drama|Romance
353,"Crow, The (1994)",Action|Crime|Fantasy|Thriller
355,"Flintstones, The (1994)",Children|Comedy|Fantasy
356,Forrest Gump (1994),Comedy|Drama|Romance|War
357,Four Weddings and a Funeral (1994),Comedy|Romance
358,Higher Learning (1995),Drama
359,I Like It Like That (1994),Comedy|Drama|Romance
361,It Could Happen to You (1994),Comedy|Drama|Romance
362,"Jungle Book, The (1994)",Adventure|Children|Romance
364,"Lion King, The (1994)",Adventure|Animation|Children|Drama|Musical|IMAX
366,"Wes Craven's New Nightmare (Nightmare on Elm Street Part 7: Freddy's Finale, A) (1994)",Drama|Horror|Mystery|Thriller
367,"Mask, The (1994)",Action|Comedy|Crime|Fantasy
368,Maverick (1994),Adventure|Comedy|Western
369,Mrs. Parker and the Vicious Circle (1994),Drama
370,Naked Gun 33 1/3: The Final Insult (1994),Action|Comedy
371,"Paper, The (1994)",Comedy|Drama
372,Reality Bites (1994),Comedy|Drama|Romance
373,Red Rock West (1992),Thriller
374,Richie Rich (1994),Children|Comedy
376,"River Wild, The (1994)",Action|Thriller
377,Speed (1994),Action|Romance|Thriller
379,Timecop (1994),Action|Sci-Fi|Thriller
380,True Lies (1994),Action|Adventure|Comedy|Romance|Thriller
381,When a Man Loves a Woman (1994),Drama|Romance
382,Wolf (1994),Drama|Horror|Romance|Thriller
383,Wyatt Earp (1994),Western
393,Street Fighter (1994),Action|Adventure|Fantasy
405,Highlander III: The Sorcerer (a.k.a. Highlander: The Final Dimension) (1994),Action|Fantasy
407,In the Mouth of Madness (1995),Horror|Thriller
409,Above the Rim (1994),Crime|Drama
410,Addams Family Values (1993),Children|Comedy|Fantasy
412,"Age of Innocence, The (1993)",Drama
413,Airheads (1994),Comedy
414,"Air Up There, The (1994)",Comedy
415,Another Stakeout (1993),Comedy|Thriller
416,Bad Girls (1994),Western
417,Barcelona (1994),Comedy|Romance
419,"Beverly Hillbillies, The (1993)",Comedy
420,Beverly Hills Cop III (1994),Action|Comedy|Crime|Thriller
421,Black Beauty (1994),Adventure|Children|Drama
423,Blown Away (1994),Action|Thriller
426,Body Snatchers (1993),Horror|Sci-Fi|Thriller
427,Boxing Helena (1993),Drama|Mystery|Romance|Thriller
428,"Bronx Tale, A (1993)",Drama
429,Cabin Boy (1994),Comedy
431,Carlito's Way (1993),Crime|Drama
432,City Slickers II: The Legend of Curly's Gold (1994),Adventure|Comedy|Western
433,Clean Slate (1994),Comedy
434,Cliffhanger (1993),Action|Adventure|Thriller
435,Coneheads (1993),Comedy|Sci-Fi
436,Color of Night (1994),Drama|Thriller
438,"Cowboy Way, The (1994)",Action|Comedy|Drama
440,Dave (1993),Comedy|Romance
441,Dazed and Confused (1993),Comedy
442,Demolition Man (1993),Action|Adventure|Sci-Fi
444,Even Cowgirls Get the Blues (1993),Comedy|Romance
445,Fatal Instinct (1993),Comedy
448,Fearless (1993),Drama
450,With Honors (1994),Comedy|Drama
451,Flesh and Bone (1993),Drama|Mystery|Romance
453,For Love or Money (1993),Comedy|Romance
454,"Firm, The (1993)",Drama|Thriller
455,Free Willy (1993),Adventure|Children|Drama
457,"Fugitive, The (1993)",Thriller
461,Go Fish (1994),Drama|Romance
466,Hot Shots! Part Deux (1993),Action|Comedy|War
468,"Englishman Who Went Up a Hill But Came Down a Mountain, The (1995)",Comedy|Romance
471,"Hudsucker Proxy, The (1994)",Comedy
472,I'll Do Anything (1994),Comedy|Drama
473,In the Army Now (1994),Comedy|War
474,In the Line of Fire (1993),Action|Thriller
475,In the Name of the Father (1993),Drama
476,"Inkwell, The (1994)",Comedy|Drama
477,What's Love Got to Do with It? (1993),Drama|Musical
479,Judgment Night (1993),Action|Crime|Thriller
480,Jurassic Park (1993),Action|Adventure|Sci-Fi|Thriller
481,Kalifornia (1993),Drama|Thriller
484,Lassie (1994),Adventure|Children
485,Last Action Hero (1993),Action|Adventure|Comedy|Fantasy
487,Lightning Jack (1994),Comedy|Western
490,Malice (1993),Thriller
491,"Man Without a Face, The (1993)",Drama
492,Manhattan Murder Mystery (1993),Comedy|Mystery
494,Executive Decision (1996),Action|Adventure|Thriller
497,Much Ado About Nothing (1993),Comedy|Romance
500,Mrs. Doubtfire (1993),Comedy|Drama
505,North (1994),Comedy
508,Philadelphia (1993),Drama
509,"Piano, The (1993)",Drama|Romance
511,"Program, The (1993)",Action|Drama
514,"Ref, The (1994)",Comedy
515,"Remains of the Day, The (1993)",Drama|Romance
516,Renaissance Man (1994),Comedy|Drama
517,Rising Sun (1993),Action|Drama|Mystery
519,RoboCop 3 (1993),Action|Crime|Drama|Sci-Fi|Thriller
520,Robin Hood: Men in Tights (1993),Comedy
521,Romeo Is Bleeding (1993),Crime|Thriller
522,Romper Stomper (1992),Action|Drama
523,Ruby in Paradise (1993),Drama
524,Rudy (1993),Drama
527,Schindler's List (1993),Drama|War
529,Searching for Bobby Fischer (1993),Drama
531,"Secret Garden, The (1993)",Children|Drama
532,Serial Mom (1994),Comedy|Crime|Horror
533,"Shadow, The (1994)",Action|Adventure|Fantasy|Mystery
534,Shadowlands (1993),Drama|Romance
536,"Simple Twist of Fate, A (1994)",Drama
537,Sirens (1994),Drama
538,Six Degrees of Separation (1993),Drama
539,Sleepless in Seattle (1993),Comedy|Drama|Romance
540,Sliver (1993),Thriller
541,Blade Runner (1982),Action|Sci-Fi|Thriller
542,Son in Law (1993),Comedy|Drama|Romance
543,So I Married an Axe Murderer (1993),Comedy|Romance|Thriller
544,Striking Distance (1993),Action|Crime
546,Super Mario Bros. (1993),Action|Adventure|Children|Comedy|Fantasy|Sci-Fi
548,Terminal Velocity (1994),Action|Mystery|Thriller
550,Threesome (1994),Comedy|Romance
551,"Nightmare Before Christmas, The (1993)",Animation|Children|Fantasy|Musical
552,"Three Musketeers, The (1993)",Action|Adventure|Comedy|Romance
553,Tombstone (1993),Action|Drama|Western
555,True Romance (1993),Crime|Thriller
556,"War Room, The (1993)",Documentary
558,"Pagemaster, The (1994)",Action|Adventure|Animation|Children|Fantasy
562,Welcome to the Dollhouse (1995),Comedy|Drama
574,Spanking the Monkey (1994),Comedy|Drama
575,"Little Rascals, The (1994)",Children|Comedy
580,Princess Caraboo (1994),Drama
581,"Celluloid Closet, The (1995)",Documentary
585,"Brady Bunch Movie, The (1995)",Comedy
586,Home Alone (1990),Children|Comedy
587,Ghost (1990),Comedy|Drama|Fantasy|Romance|Thriller
588,Aladdin (1992),Adventure|Animation|Children|Comedy|Musical
589,Terminator 2: Judgment Day (1991),Action|Sci-Fi
590,Dances with Wolves (1990),Adventure|Drama|Western
592,Batman (1989),Action|Crime|Thriller
593,"Silence of the Lambs, The (1991)",Crime|Horror|Thriller
594,Snow White and the Seven Dwarfs (1937),Animation|Children|Drama|Fantasy|Musical
595,Beauty and the Beast (1991),Animation|Children|Fantasy|Musical|Romance|IMAX
596,Pinocchio (1940),Animation|Children|Fantasy|Musical
597,Pretty Woman (1990),Comedy|Romance
599,"Wild Bunch, The (1969)",Adventure|Western
605,One Fine Day (1996),Drama|Romance
606,Candyman: Farewell to the Flesh (1995),Fantasy|Horror
608,Fargo (1996),Comedy|Crime|Drama|Thriller
610,Heavy Metal (1981),Action|Adventure|Animation|Horror|Sci-Fi
612,"Pallbearer, The (1996)",Comedy
613,Jane Eyre (1996),Drama|Romance
615,Bread and Chocolate (Pane e cioccolata) (1973),Comedy|Drama
616,"Aristocats, The (1970)",Animation|Children
618,Two Much (1995),Comedy|Romance
627,"Last Supper, The (1995)",Drama|Thriller
628,Primal Fear (1996),Crime|Drama|Mystery|Thriller
631,All Dogs Go to Heaven 2 (1996),Adventure|Animation|Children|Fantasy|Musical|Romance
637,Sgt. Bilko (1996),Comedy
638,Jack and Sarah (1995),Romance
640,Diabolique (1996),Drama|Thriller
647,Courage Under Fire (1996),Action|Crime|Drama|War
648,Mission: Impossible (1996),Action|Adventure|Mystery|Thriller
653,Dragonheart (1996),Action|Adventure|Fantasy
656,Eddie (1996),Comedy
661,James and the Giant Peach (1996),Adventure|Animation|Children|Fantasy|Musical
662,Fear (1996),Thriller
663,Kids in the Hall: Brain Candy (1996),Comedy
667,Bloodsport 2 (a.k.a. Bloodsport II: The Next Kumite) (1996),Action
671,Mystery Science Theater 3000: The Movie (1996),Comedy|Sci-Fi
673,Space Jam (1996),Adventure|Animation|Children|Comedy|Fantasy|Sci-Fi
674,Barbarella (1968),Adventure|Comedy|Sci-Fi
680,"Alphaville (Alphaville, une étrange aventure de Lemmy Caution) (1965)",Drama|Mystery|Romance|Sci-Fi|Thriller
691,Mrs. Winterbourne (1996),Comedy|Romance
694,"Substitute, The (1996)",Action|Crime|Drama
698,Delta of Venus (1995),Drama
700,Angus (1995),Comedy
704,"Quest, The (1996)",Action|Adventure
707,Mulholland Falls (1996),Crime|Drama|Thriller
708,"Truth About Cats & Dogs, The (1996)",Comedy|Romance
709,Oliver & Company (1988),Adventure|Animation|Children|Comedy|Musical
710,Celtic Pride (1996),Comedy
714,Dead Man (1995),Drama|Mystery|Western
715,"Horseman on the Roof, The (Hussard sur le toit, Le) (1995)",Drama|Romance
718,"Visitors, The (Visiteurs, Les) (1993)",Comedy|Fantasy|Sci-Fi
719,Multiplicity (1996),Comedy
720,Wallace & Gromit: The Best of Aardman Animation (1996),Adventure|Animation|Comedy
724,"Craft, The (1996)",Drama|Fantasy|Horror|Thriller
728,Cold Comfort Farm (1995),Comedy
733,"Rock, The (1996)",Action|Adventure|Thriller
736,Twister (1996),Action|Adventure|Romance|Thriller
737,Barb Wire (1996),Action|Sci-Fi
741,Ghost in the Shell (Kôkaku kidôtai) (1995),Animation|Sci-Fi
742,Thinner (1996),Horror|Thriller
743,Spy Hard (1996),Comedy
745,Wallace & Gromit: A Close Shave (1995),Animation|Children|Comedy
747,"Stupids, The (1996)",Comedy
748,"Arrival, The (1996)",Action|Sci-Fi|Thriller
750,Dr. Strangelove or: How I Learned to Stop Worrying and Love the Bomb (1964),Comedy|War
757,Ashes of Time (Dung che sai duk) (1994),Drama
761,"Phantom, The (1996)",Action|Adventure
762,Striptease (1996),Comedy|Crime
765,Jack (1996),Comedy|Drama
778,Trainspotting (1996),Comedy|Crime|Drama
780,Independence Day (a.k.a. ID4) (1996),Action|Adventure|Sci-Fi|Thriller
782,"Fan, The (1996)",Drama|Thriller
783,"Hunchback of Notre Dame, The (1996)",Animation|Children|Drama|Musical|Romance
784,"Cable Guy, The (1996)",Comedy|Thriller
785,Kingpin (1996),Comedy
786,Eraser (1996),Action|Drama|Thriller
788,"Nutty Professor, The (1996)",Comedy|Fantasy|Romance|Sci-Fi
798,Daylight (1996),Action|Adventure|Drama|Thriller
799,"Frighteners, The (1996)",Comedy|Horror|Thriller
800,Lone Star (1996),Drama|Mystery|Western
801,Harriet the Spy (1996),Children|Comedy
802,Phenomenon (1996),Drama|Romance
805,"Time to Kill, A (1996)",Drama|Thriller
809,Fled (1996),Action|Adventure
810,Kazaam (1996),Children|Comedy|Fantasy
813,Larger Than Life (1996),Comedy
818,"Very Brady Sequel, A (1996)",Comedy
823,"Collector, The (La collectionneuse) (1967)",Drama
828,"Adventures of Pinocchio, The (1996)",Adventure|Children
829,Joe's Apartment (1996),Comedy|Fantasy|Musical
830,"First Wives Club, The (1996)",Comedy
832,Ransom (1996),Crime|Thriller
835,Foxfire (1996),Drama
836,Chain Reaction (1996),Action|Adventure|Thriller
837,Matilda (1996),Children|Comedy|Fantasy
838,Emma (1996),Comedy|Drama|Romance
839,"Crow: City of Angels, The (1996)",Action|Thriller
840,House Arrest (1996),Children|Comedy
842,Tales from the Crypt Presents: Bordello of Blood (1996),Comedy|Horror
848,"Spitfire Grill, The (1996)",Drama
849,Escape from L.A. (1996),Action|Adventure|Sci-Fi|Thriller
851,Basquiat (1996),Drama
852,Tin Cup (1996),Comedy|Drama|Romance
858,"Godfather, The (1972)",Crime|Drama
866,Bound (1996),Crime|Drama|Romance|Thriller
869,Kansas City (1996),Crime|Drama|Musical|Thriller
876,Supercop 2 (Project S) (Chao ji ji hua) (1993),Action|Comedy|Crime|Thriller
880,"Island of Dr. Moreau, The (1996)",Sci-Fi|Thriller
885,Bogus (1996),Children|Drama|Fantasy
886,Bulletproof (1996),Action|Comedy|Crime
892,Twelfth Night (1996),Comedy|Drama|Romance
897,For Whom the Bell Tolls (1943),Adventure|Drama|Romance|War
898,"Philadelphia Story, The (1940)",Comedy|Drama|Romance
899,Singin' in the Rain (1952),Comedy|Musical|Romance
900,"American in Paris, An (1951)",Musical|Romance
901,Funny Face (1957),Comedy|Musical
902,Breakfast at Tiffany's (1961),Drama|Romance
903,Vertigo (1958),Drama|Mystery|Romance|Thriller
904,Rear Window (1954),Mystery|Thriller
905,It Happened One Night (1934),Comedy|Romance
906,Gaslight (1944),Drama|Thriller
908,North by Northwest (1959),Action|Adventure|Mystery|Romance|Thriller
909,"Apartment, The (1960)",Comedy|Drama|Romance
910,Some Like It Hot (1959),Comedy|Crime
911,Charade (1963),Comedy|Crime|Mystery|Romance|Thriller
912,Casablanca (1942),Drama|Romance
913,"Maltese Falcon, The (1941)",Film-Noir|Mystery
914,My Fair Lady (1964),Comedy|Drama|Musical|Romance
915,Sabrina (1954),Comedy|Romance
916,Roman Holiday (1953),Comedy|Drama|Romance
918,Meet Me in St. Louis (1944),Musical
919,"Wizard of Oz, The (1939)",Adventure|Children|Fantasy|Musical
920,Gone with the Wind (1939),Drama|Romance|War
921,My Favorite Year (1982),Comedy
922,Sunset Blvd. (a.k.a. Sunset Boulevard) (1950),Drama|Film-Noir|Romance
923,Citizen Kane (1941),Drama|Mystery
924,2001: A Space Odyssey (1968),Adventure|Drama|Sci-Fi
926,All About Eve (1950),Drama
928,Rebecca (1940),Drama|Mystery|Romance|Thriller
933,To Catch a Thief (1955),Crime|Mystery|Romance|Thriller
938,Gigi (1958),Musical
941,"Mark of Zorro, The (1940)",Adventure
943,"Ghost and Mrs. Muir, The (1947)",Drama|Fantasy|Romance
944,Lost Horizon (1937),Drama
945,Top Hat (1935),Comedy|Musical|Romance
946,To Be or Not to Be (1942),Comedy|Drama|War
947,My Man Godfrey (1936),Comedy|Romance
949,East of Eden (1955),Drama
951,His Girl Friday (1940),Comedy|Romance
952,Around the World in 80 Days (1956),Adventure|Comedy
953,It's a Wonderful Life (1946),Children|Drama|Fantasy|Romance
954,Mr. Smith Goes to Washington (1939),Drama
955,Bringing Up Baby (1938),Comedy|Romance
959,Of Human Bondage (1934),Drama
965,"39 Steps, The (1935)",Drama|Mystery|Thriller
968,Night of the Living Dead (1968),Horror|Sci-Fi|Thriller
969,"African Queen, The (1951)",Adventure|Comedy|Romance|War
973,Meet John Doe (1941),Comedy|Drama
984,"Pompatus of Love, The (1996)",Comedy|Drama
986,Fly Away Home (1996),Adventure|Children
990,Maximum Risk (1996),Action|Adventure|Thriller
991,Michael Collins (1996),Drama
994,Big Night (1996),Comedy|Drama
999,2 Days in the Valley (1996),Crime|Film-Noir
1004,"Glimmer Man, The (1996)",Action|Thriller
1005,D3: The Mighty Ducks (1996),Children|Comedy
1006,"Chamber, The (1996)",Drama
1007,"Apple Dumpling Gang, The (1975)",Children|Comedy|Western
1010,"Love Bug, The (1969)",Children|Comedy
1011,Herbie Rides Again (1974),Children|Comedy|Fantasy|Romance
1012,Old Yeller (1957),Children|Drama
1013,"Parent Trap, The (1961)",Children|Comedy|Romance
1015,Homeward Bound: The Incredible Journey (1993),Adventure|Children|Drama
1016,"Shaggy Dog, The (1959)",Children|Comedy
1017,Swiss Family Robinson (1960),Adventure|Children
1018,That Darn Cat! (1965),Children|Comedy|Mystery
1019,"20,000 Leagues Under the Sea (1954)",Adventure|Drama|Sci-Fi
1020,Cool Runnings (1993),Comedy
1021,Angels in the Outfield (1994),Children|Comedy
1022,Cinderella (1950),Animation|Children|Fantasy|Musical|Romance
1023,Winnie the Pooh and the Blustery Day (1968),Animation|Children|Musical
1024,"Three Caballeros, The (1945)",Animation|Children|Musical
1025,"Sword in the Stone, The (1963)",Animation|Children|Fantasy|Musical
1027,Robin Hood: Prince of Thieves (1991),Adventure|Drama
1028,Mary Poppins (1964),Children|Comedy|Fantasy|Musical
1029,Dumbo (1941),Animation|Children|Drama|Musical
1030,Pete's Dragon (1977),Adventure|Animation|Children|Musical
1031,Bedknobs and Broomsticks (1971),Adventure|Children|Musical
1032,Alice in Wonderland (1951),Adventure|Animation|Children|Fantasy|Musical
1033,"Fox and the Hound, The (1981)",Animation|Children|Drama
1034,Freeway (1996),Comedy|Crime|Drama|Thriller
1035,"Sound of Music, The (1965)",Musical|Romance
1036,Die Hard (1988),Action|Crime|Thriller
1037,"Lawnmower Man, The (1992)",Action|Horror|Sci-Fi|Thriller
1041,Secrets & Lies (1996),Drama
1042,That Thing You Do! (1996),Comedy|Drama
1043,To Gillian on Her 37th Birthday (1996),Drama|Romance
1047,"Long Kiss Goodnight, The (1996)",Action|Drama|Thriller
1049,"Ghost and the Darkness, The (1996)",Action|Adventure
1050,Looking for Richard (1996),Documentary|Drama
1051,Trees Lounge (1996),Drama
1055,Shadow Conspiracy (1997),Thriller
1057,Everyone Says I Love You (1996),Comedy|Musical|Romance
1059,William Shakespeare's Romeo + Juliet (1996),Drama|Romance
1060,Swingers (1996),Comedy|Drama
1061,Sleepers (1996),Thriller
1064,Aladdin and the King of Thieves (1996),Animation|Children|Comedy|Fantasy|Musical|Romance
1073,Willy Wonka & the Chocolate Factory (1971),Children|Comedy|Fantasy|Musical
1077,Sleeper (1973),Comedy|Sci-Fi
1078,Bananas (1971),Comedy|War
1079,"Fish Called Wanda, A (1988)",Comedy|Crime
1080,Monty Python's Life of Brian (1979),Comedy
1081,Victor/Victoria (1982),Comedy|Musical|Romance
1083,"Great Race, The (1965)",Comedy|Musical
1084,Bonnie and Clyde (1967),Crime|Drama
1085,"Old Man and the Sea, The (1958)",Adventure|Drama
1086,Dial M for Murder (1954),Crime|Mystery|Thriller
1088,Dirty Dancing (1987),Drama|Musical|Romance
1089,Reservoir Dogs (1992),Crime|Mystery|Thriller
1090,Platoon (1986),Drama|War
1091,Weekend at Bernie's (1989),Comedy
1092,Basic Instinct (1992),Crime|Mystery|Thriller
1093,"Doors, The (1991)",Drama
1094,"Crying Game, The (1992)",Drama|Romance|Thriller
1095,Glengarry Glen Ross (1992),Drama
1096,Sophie's Choice (1982),Drama
1097,E.T. the Extra-Terrestrial (1982),Children|Drama|Sci-Fi
1099,"Christmas Carol, A (1938)",Children|Drama|Fantasy
1100,Days of Thunder (1990),Action|Drama|Romance
1101,Top Gun (1986),Action|Romance
1103,Rebel Without a Cause (1955),Drama
1104,"Streetcar Named Desire, A (1951)",Drama
1120,"People vs. Larry Flynt, The (1996)",Comedy|Drama
1124,On Golden Pond (1981),Drama
1125,"Return of the Pink Panther, The (1975)",Comedy|Crime
1126,Drop Dead Fred (1991),Comedy|Fantasy
1127,"Abyss, The (1989)",Action|Adventure|Sci-Fi|Thriller
1128,"Fog, The (1980)",Horror
1129,Escape from New York (1981),Action|Adventure|Sci-Fi|Thriller
1130,"Howling, The (1980)",Horror|Mystery
1131,Jean de Florette (1986),Drama|Mystery
1132,Manon of the Spring (Manon des sources) (1986),Drama
1135,Private Benjamin (1980),Comedy
1136,Monty Python and the Holy Grail (1975),Adventure|Comedy|Fantasy
1148,Wallace & Gromit: The Wrong Trousers (1993),Animation|Children|Comedy|Crime
1150,"Return of Martin Guerre, The (Retour de Martin Guerre, Le) (1982)",Drama
1171,Bob Roberts (1992),Comedy
1172,Cinema Paradiso (Nuovo cinema Paradiso) (1989),Drama
1173,"Cook the Thief His Wife & Her Lover, The (1989)",Comedy|Drama
1175,Delicatessen (1991),Comedy|Drama|Romance
1177,Enchanted April (1992),Drama|Romance
1178,Paths of Glory (1957),Drama|War
1179,"Grifters, The (1990)",Crime|Drama|Film-Noir
1183,"English Patient, The (1996)",Drama|Romance|War
1186,"Sex, Lies, and Videotape (1989)",Drama
1187,Passion Fish (1992),Drama
1188,Strictly Ballroom (1992),Comedy|Romance
1189,"Thin Blue Line, The (1988)",Documentary
1190,Tie Me Up! Tie Me Down! (¡Átame!) (1990),Crime|Drama|Romance
1191,Madonna: Truth or Dare (1991),Documentary|Musical
1192,Paris Is Burning (1990),Documentary
1193,One Flew Over the Cuckoo's Nest (1975),Drama
1196,Star Wars: Episode V - The Empire Strikes Back (1980),Action|Adventure|Sci-Fi
1197,"Princess Bride, The (1987)",Action|Adventure|Comedy|Fantasy|Romance
1198,Raiders of the Lost Ark (Indiana Jones and the Raiders of the Lost Ark) (1981),Action|Adventure
1199,Brazil (1985),Fantasy|Sci-Fi
1200,Aliens (1986),Action|Adventure|Horror|Sci-Fi
1201,"Good, the Bad and the Ugly, The (Buono, il brutto, il cattivo, Il) (1966)",Action|Adventure|Western
1202,Withnail & I (1987),Comedy
1203,12 Angry Men (1957),Drama
1204,Lawrence of Arabia (1962),Adventure|Drama|War
1206,"Clockwork Orange, A (1971)",Crime|Drama|Sci-Fi|Thriller
1207,To Kill a Mockingbird (1962),Drama
1208,Apocalypse Now (1979),Action|Drama|War
1209,Once Upon a Time in the West (C'era una volta il West) (1968),Action|Drama|Western
1210,Star Wars: Episode VI - Return of the Jedi (1983),Action|Adventure|Sci-Fi
1211,"Wings of Desire (Himmel über Berlin, Der) (1987)",Drama|Fantasy|Romance
1213,Goodfellas (1990),Crime|Drama
1214,Alien (1979),Horror|Sci-Fi
1215,Army of Darkness (1993),Action|Adventure|Comedy|Fantasy|Horror
1216,"Big Blue, The (Grand bleu, Le) (1988)",Adventure|Drama|Romance
1217,Ran (1985),Drama|War
1218,"Killer, The (Die xue shuang xiong) (1989)",Action|Crime|Drama|Thriller
1219,Psycho (1960),Crime|Horror
1220,"Blues Brothers, The (1980)",Action|Comedy|Musical
1221,"Godfather: Part II, The (1974)",Crime|Drama
1222,Full Metal Jacket (1987),Drama|War
1223,"Grand Day Out with Wallace and Gromit, A (1989)",Adventure|Animation|Children|Comedy|Sci-Fi
1224,Henry V (1989),Action|Drama|Romance|War
1225,Amadeus (1984),Drama
1226,"Quiet Man, The (1952)",Drama|Romance
1227,Once Upon a Time in America (1984),Crime|Drama
1228,Raging Bull (1980),Drama
1230,Annie Hall (1977),Comedy|Romance
1231,"Right Stuff, The (1983)",Drama
1232,Stalker (1979),Drama|Mystery|Sci-Fi
1233,"Boot, Das (Boat, The) (1981)",Action|Drama|War
1234,"Sting, The (1973)",Comedy|Crime
1235,Harold and Maude (1971),Comedy|Drama|Romance
1237,"Seventh Seal, The (Sjunde inseglet, Det) (1957)",Drama
1238,Local Hero (1983),Comedy
1240,"Terminator, The (1984)",Action|Sci-Fi|Thriller
1241,Dead Alive (Braindead) (1992),Comedy|Fantasy|Horror
1242,Glory (1989),Drama|War
1243,Rosencrantz and Guildenstern Are Dead (1990),Comedy|Drama
1244,Manhattan (1979),Comedy|Drama|Romance
1245,Miller's Crossing (1990),Crime|Drama|Film-Noir|Thriller
1246,Dead Poets Society (1989),Drama
1247,"Graduate, The (1967)",Comedy|Drama|Romance
1248,Touch of Evil (1958),Crime|Film-Noir|Thriller
1249,"Femme Nikita, La (Nikita) (1990)",Action|Crime|Romance|Thriller
1250,"Bridge on the River Kwai, The (1957)",Adventure|Drama|War
1251,8 1/2 (8½) (1963),Drama|Fantasy
1252,Chinatown (1974),Crime|Film-Noir|Mystery|Thriller
1253,"Day the Earth Stood Still, The (1951)",Drama|Sci-Fi|Thriller
1254,"Treasure of the Sierra Madre, The (1948)",Action|Adventure|Drama|Western
1255,Bad Taste (1987),Comedy|Horror|Sci-Fi
1256,Duck Soup (1933),Comedy|Musical|War
1257,Better Off Dead... (1985),Comedy|Romance
1258,"Shining, The (1980)",Horror
1259,Stand by Me (1986),Adventure|Drama
1260,M (1931),Crime|Film-Noir|Thriller
1261,Evil Dead II (Dead by Dawn) (1987),Action|Comedy|Fantasy|Horror
1262,"Great Escape, The (1963)",Action|Adventure|Drama|War
1263,"Deer Hunter, The (1978)",Drama|War
1265,Groundhog Day (1993),Comedy|Fantasy|Romance
1266,Unforgiven (1992),Drama|Western
1267,"Manchurian Candidate, The (1962)",Crime|Thriller|War
1268,Pump Up the Volume (1990),Comedy|Drama
1269,Arsenic and Old Lace (1944),Comedy|Mystery|Thriller
1270,Back to the Future (1985),Adventure|Comedy|Sci-Fi
1271,Fried Green Tomatoes (1991),Comedy|Crime|Drama
1272,Patton (1970),Drama|War
1274,Akira (1988),Action|Adventure|Animation|Sci-Fi
1275,Highlander (1986),Action|Adventure|Fantasy
1276,Cool Hand Luke (1967),Drama
1277,Cyrano de Bergerac (1990),Comedy|Drama|Romance
1278,Young Frankenstein (1974),Comedy|Fantasy
1279,Night on Earth (1991),Comedy|Drama
1280,Raise the Red Lantern (Da hong deng long gao gao gua) (1991),Drama
1281,"Great Dictator, The (1940)",Comedy|Drama|War
1282,Fantasia (1940),Animation|Children|Fantasy|Musical
1283,High Noon (1952),Drama|Western
1285,Heathers (1989),Comedy
1287,Ben-Hur (1959),Action|Adventure|Drama
1288,This Is Spinal Tap (1984),Comedy
1289,Koyaanisqatsi (a.k.a. Koyaanisqatsi: Life Out of Balance) (1983),Documentary
1291,Indiana Jones and the Last Crusade (1989),Action|Adventure
1292,Being There (1979),Comedy|Drama
1293,Gandhi (1982),Drama
1295,"Unbearable Lightness of Being, The (1988)",Drama
1296,"Room with a View, A (1986)",Drama|Romance
1297,Real Genius (1985),Comedy
1298,Pink Floyd: The Wall (1982),Drama|Musical
1299,"Killing Fields, The (1984)",Drama|War
1300,My Life as a Dog (Mitt liv som hund) (1985),Comedy|Drama
1301,Forbidden Planet (1956),Drama|Sci-Fi
1302,Field of Dreams (1989),Children|Drama|Fantasy
1303,"Man Who Would Be King, The (1975)",Adventure|Drama
1304,Butch Cassidy and the Sundance Kid (1969),Action|Western
1307,When Harry Met Sally... (1989),Comedy|Romance
1310,Hype! (1996),Documentary
1320,Alien³ (a.k.a. Alien 3) (1992),Action|Horror|Sci-Fi|Thriller
1321,"American Werewolf in London, An (1981)",Comedy|Horror|Thriller
1327,"Amityville Horror, The (1979)",Drama|Horror|Mystery|Thriller
1330,April Fool's Day (1986),Horror
1333,"Birds, The (1963)",Horror|Thriller
1334,"Blob, The (1958)",Horror|Sci-Fi
1336,Body Parts (1991),Horror|Thriller
1339,Dracula (Bram Stoker's Dracula) (1992),Fantasy|Horror|Romance|Thriller
1342,Candyman (1992),Horror|Thriller
1343,Cape Fear (1991),Thriller
1344,Cape Fear (1962),Crime|Drama|Thriller
1345,Carrie (1976),Drama|Fantasy|Horror|Thriller
1346,Cat People (1982),Drama|Fantasy|Horror
1347,"Nightmare on Elm Street, A (1984)",Horror|Thriller
1348,"Nosferatu (Nosferatu, eine Symphonie des Grauens) (1922)",Horror
1350,"Omen, The (1976)",Horror|Mystery|Thriller
1354,Breaking the Waves (1996),Drama|Mystery
1355,Nightwatch (1997),Horror|Thriller
1356,Star Trek: First Contact (1996),Action|Adventure|Sci-Fi|Thriller
1357,Shine (1996),Drama|Romance
1358,Sling Blade (1996),Drama
1359,Jingle All the Way (1996),Children|Comedy
1365,Ridicule (1996),Drama
1366,"Crucible, The (1996)",Drama
1367,101 Dalmatians (1996),Adventure|Children|Comedy
1370,Die Hard 2 (1990),Action|Adventure|Thriller
1371,Star Trek: The Motion Picture (1979),Adventure|Sci-Fi
1372,Star Trek VI: The Undiscovered Country (1991),Action|Mystery|Sci-Fi
1373,Star Trek V: The Final Frontier (1989),Action|Sci-Fi
1374,Star Trek II: The Wrath of Khan (1982),Action|Adventure|Sci-Fi|Thriller
1375,Star Trek III: The Search for Spock (1984),Action|Adventure|Sci-Fi
1376,Star Trek IV: The Voyage Home (1986),Adventure|Comedy|Sci-Fi
1377,Batman Returns (1992),Action|Crime
1378,Young Guns (1988),Action|Comedy|Western
1379,Young Guns II (1990),Action|Western
1380,Grease (1978),Comedy|Musical|Romance
1381,Grease 2 (1982),Comedy|Musical|Romance
1382,Marked for Death (1990),Action|Drama
1385,Under Siege (1992),Action|Drama|Thriller
1387,Jaws (1975),Action|Horror
1388,Jaws 2 (1978),Horror|Thriller
1389,Jaws 3-D (1983),Action|Horror
1390,My Fellow Americans (1996),Comedy
1391,Mars Attacks! (1996),Action|Comedy|Sci-Fi
1392,Citizen Ruth (1996),Comedy|Drama
1393,Jerry Maguire (1996),Drama|Romance
1394,Raising Arizona (1987),Comedy
1395,Tin Men (1987),Comedy|Drama
1396,Sneakers (1992),Action|Comedy|Crime|Drama|Sci-Fi
1401,Ghosts of Mississippi (1996),Drama
1405,Beavis and Butt-Head Do America (1996),Adventure|Animation|Comedy|Crime
1406,La Cérémonie (1995),Crime|Drama|Mystery|Thriller
1407,Scream (1996),Comedy|Horror|Mystery|Thriller
1408,"Last of the Mohicans, The (1992)",Action|Romance|War|Western
1409,Michael (1996),Comedy|Drama|Fantasy|Romance
1411,Hamlet (1996),Crime|Drama|Romance
1416,Evita (1996),Drama|Musical
1425,Fierce Creatures (1997),Comedy
1428,Angel Baby (1995),Drama
1429,First Strike (Police Story 4: First Strike) (Ging chaat goo si 4: Ji gaan daan yam mo) (1996),Action|Adventure|Comedy|Thriller
1431,Beverly Hills Ninja (1997),Action|Comedy
1439,Meet Wally Sparks (1997),Comedy
1441,Benny & Joon (1993),Comedy|Romance
1442,Prefontaine (1997),Drama
1446,Kolya (Kolja) (1996),Comedy|Drama
1449,Waiting for Guffman (1996),Comedy
1453,"Beautician and the Beast, The (1997)",Comedy|Romance
1457,Fools Rush In (1997),Comedy|Drama|Romance
1458,Touch (1997),Drama|Fantasy|Romance
1459,Absolute Power (1997),Mystery|Thriller
1461,Vegas Vacation (National Lampoon's Las Vegas Vacation) (1997),Comedy
1464,Lost Highway (1997),Crime|Drama|Fantasy|Film-Noir|Mystery|Romance
1465,Rosewood (1997),Action|Drama
1466,Donnie Brasco (1997),Crime|Drama
1474,Jungle2Jungle (a.k.a. Jungle 2 Jungle) (1997),Children|Comedy
1475,Kama Sutra: A Tale of Love (1996),Romance
1476,Private Parts (1997),Comedy|Drama
1479,"Saint, The (1997)",Action|Romance|Sci-Fi|Thriller
1480,Smilla's Sense of Snow (1997),Drama|Thriller
1483,Crash (1996),Drama|Thriller
1485,Liar Liar (1997),Comedy
1488,"Devil's Own, The (1997)",Action|Drama|Thriller
1489,Cats Don't Dance (1997),Animation|Children|Musical
1499,Anaconda (1997),Action|Adventure|Thriller
1500,Grosse Pointe Blank (1997),Comedy|Crime|Romance
1503,8 Heads in a Duffel Bag (1997),Comedy
1513,Romy and Michele's High School Reunion (1997),Comedy
1517,Austin Powers: International Man of Mystery (1997),Action|Adventure|Comedy
1518,Breakdown (1997),Action|Thriller
1527,"Fifth Element, The (1997)",Action|Adventure|Comedy|Sci-Fi
1537,Shall We Dance? (Shall We Dansu?) (1996),Comedy|Drama|Romance
1541,Addicted to Love (1997),Comedy|Romance
1542,Brassed Off (1996),Comedy|Drama|Romance
1544,"Lost World: Jurassic Park, The (1997)",Action|Adventure|Sci-Fi|Thriller
1545,Ponette (1996),Drama
1546,Schizopolis (1996),Comedy
1551,Buddy (1997),Adventure|Children|Drama
1552,Con Air (1997),Action|Adventure|Thriller
1556,Speed 2: Cruise Control (1997),Action|Romance|Thriller
1562,Batman & Robin (1997),Action|Adventure|Fantasy|Thriller
1566,Hercules (1997),Adventure|Animation|Children|Comedy|Musical
1569,My Best Friend's Wedding (1997),Comedy|Romance
1573,Face/Off (1997),Action|Crime|Drama|Thriller
1580,Men in Black (a.k.a. MIB) (1997),Action|Comedy|Sci-Fi
1581,Out to Sea (1997),Comedy
1582,Wild America (1997),Adventure|Children
1583,"Simple Wish, A (1997)",Children|Fantasy
1584,Contact (1997),Drama|Sci-Fi
1586,G.I. Jane (1997),Action|Drama
1587,Conan the Barbarian (1982),Action|Adventure|Fantasy
1588,George of the Jungle (1997),Children|Comedy
1589,Cop Land (1997),Action|Crime|Drama|Thriller
1590,Event Horizon (1997),Horror|Sci-Fi|Thriller
1591,Spawn (1997),Action|Adventure|Sci-Fi|Thriller
1596,Career Girls (1997),Drama
1597,Conspiracy Theory (1997),Drama|Mystery|Romance|Thriller
1599,Steel (1997),Action
1601,Hoodlum (1997),Crime|Drama|Film-Noir
1602,Leave It to Beaver (1997),Comedy
1603,Mimic (1997),Horror|Sci-Fi|Thriller
1606,Kull the Conqueror (1997),Action|Adventure
1608,Air Force One (1997),Action|Thriller
1610,"Hunt for Red October, The (1990)",Action|Adventure|Thriller
1611,My Own Private Idaho (1991),Drama|Romance
1614,In & Out (1997),Comedy
1615,"Edge, The (1997)",Adventure|Drama
1616,"Peacemaker, The (1997)",Action|Thriller|War
1617,L.A. Confidential (1997),Crime|Film-Noir|Mystery|Thriller
1619,Seven Years in Tibet (1997),Adventure|Drama|War
1620,Kiss the Girls (1997),Crime|Drama|Mystery|Thriller
1625,"Game, The (1997)",Drama|Mystery|Thriller
1629,"MatchMaker, The (1997)",Comedy|Romance
1633,Ulee's Gold (1997),Drama
1635,"Ice Storm, The (1997)",Drama
1639,Chasing Amy (1997),Comedy|Drama|Romance
1641,"Full Monty, The (1997)",Comedy|Drama
1644,I Know What You Did Last Summer (1997),Horror|Mystery|Thriller
1645,The Devil's Advocate (1997),Drama|Mystery|Thriller
1646,RocketMan (a.k.a. Rocket Man) (1997),Children|Comedy|Romance|Sci-Fi
1652,Year of the Horse (1997),Documentary
1653,Gattaca (1997),Drama|Sci-Fi|Thriller
1658,"Life Less Ordinary, A (1997)",Romance|Thriller
1659,Hurricane Streets (1997),Drama
1660,Eve's Bayou (1997),Drama
1663,Stripes (1981),Comedy|War
1665,Bean (1997),Comedy
1673,Boogie Nights (1997),Drama
1674,Witness (1985),Drama|Romance|Thriller
1676,Starship Troopers (1997),Action|Sci-Fi
1680,Sliding Doors (1998),Drama|Romance
1681,Mortal Kombat: Annihilation (1997),Action|Adventure|Fantasy
1682,"Truman Show, The (1998)",Comedy|Drama|Sci-Fi
1683,"Wings of the Dove, The (1997)",Drama|Romance
1686,Red Corner (1997),Crime|Thriller
1687,"Jackal, The (1997)",Action|Thriller
1688,Anastasia (1997),Adventure|Animation|Children|Drama|Musical
1689,"Man Who Knew Too Little, The (1997)",Comedy|Crime|Thriller
1690,Alien: Resurrection (1997),Action|Horror|Sci-Fi
1693,Amistad (1997),Drama|Mystery
1695,Artemisia (1997),Drama
1702,Flubber (1997),Children|Comedy|Fantasy
1703,For Richer or Poorer (1997),Comedy
1704,Good Will Hunting (1997),Drama|Romance
1707,Home Alone 3 (1997),Children|Comedy
1711,Midnight in the Garden of Good and Evil (1997),Crime|Drama|Mystery
1713,Mouse Hunt (1997),Children|Comedy
1717,Scream 2 (1997),Comedy|Horror|Mystery|Thriller
1719,"Sweet Hereafter, The (1997)",Drama
1721,Titanic (1997),Drama|Romance
1722,Tomorrow Never Dies (1997),Action|Adventure|Thriller
1726,"Postman, The (1997)",Action|Adventure|Drama|Sci-Fi
1729,Jackie Brown (1997),Crime|Drama|Thriller
1730,Kundun (1997),Drama
1732,"Big Lebowski, The (1998)",Comedy|Crime
1734,My Life in Pink (Ma vie en rose) (1997),Comedy|Drama
1735,Great Expectations (1998),Drama|Romance
1747,Wag the Dog (1997),Comedy
1748,Dark City (1998),Adventure|Film-Noir|Sci-Fi|Thriller
1752,Hard Rain (1998),Action|Crime|Thriller
1753,Half Baked (1998),Comedy
1754,Fallen (1998),Crime|Drama|Fantasy|Thriller
1755,Shooting Fish (1997),Comedy|Romance
1760,Spice World (1997),Comedy
1762,Deep Rising (1998),Action|Horror|Sci-Fi
1769,"Replacement Killers, The (1998)",Action|Crime|Thriller
1772,Blues Brothers 2000 (1998),Action|Comedy|Musical
1777,"Wedding Singer, The (1998)",Comedy|Romance
1779,Sphere (1998),Sci-Fi|Thriller
1784,As Good as It Gets (1997),Comedy|Drama|Romance
1792,U.S. Marshals (1998),Action|Crime|Thriller
1793,Welcome to Woop-Woop (1997),Comedy
1794,Love and Death on Long Island (1997),Comedy|Drama
1799,Suicide Kings (1997),Comedy|Crime|Drama|Mystery|Thriller
1801,"Man in the Iron Mask, The (1998)",Action|Adventure|Drama
1805,Wild Things (1998),Crime|Drama|Mystery|Thriller
1806,Paulie (1998),Adventure|Children|Comedy
1807,"Cool, Dry Place, A (1998)",Drama
1810,Primary Colors (1998),Comedy|Drama
1831,Lost in Space (1998),Action|Adventure|Sci-Fi
1833,Mercury Rising (1998),Action|Drama|Thriller
1835,City of Angels (1998),Drama|Fantasy|Romance
1836,"Last Days of Disco, The (1998)",Comedy|Drama
1840,He Got Game (1998),Drama
1844,Live Flesh (Carne trémula) (1997),Drama|Romance
1845,Zero Effect (1998),Comedy|Mystery|Thriller
1848,"Borrowers, The (1997)",Adventure|Children|Comedy|Fantasy
1858,Mr. Nice Guy (Yat goh ho yan) (1997),Action|Comedy
1859,Taste of Cherry (Ta'm e guilass) (1997),Drama
1862,Species II (1998),Horror|Sci-Fi
1863,Major League: Back to the Minors (1998),Comedy
1873,"Misérables, Les (1998)",Crime|Drama|Romance|War
1875,Clockwatchers (1997),Comedy
1876,Deep Impact (1998),Drama|Sci-Fi|Thriller
1882,Godzilla (1998),Action|Sci-Fi|Thriller
1883,Bulworth (1998),Comedy|Drama|Romance
1884,Fear and Loathing in Las Vegas (1998),Adventure|Comedy|Drama
1885,"Opposite of Sex, The (1998)",Comedy|Drama|Romance
1889,Insomnia (1997),Drama|Mystery|Thriller
1892,"Perfect Murder, A (1998)",Thriller
1894,Six Days Seven Nights (1998),Adventure|Comedy|Romance
1895,Can't Hardly Wait (1998),Comedy|Drama|Romance
1907,Mulan (1998),Adventure|Animation|Children|Comedy|Drama|Musical|Romance
1909,"X-Files: Fight the Future, The (1998)",Action|Crime|Mystery|Sci-Fi|Thriller
1912,Out of Sight (1998),Comedy|Crime|Drama|Romance|Thriller
1914,Smoke Signals (1998),Comedy|Drama
1916,Buffalo '66 (a.k.a. Buffalo 66) (1998),Drama|Romance
1917,Armageddon (1998),Action|Romance|Sci-Fi|Thriller
1918,Lethal Weapon 4 (1998),Action|Comedy|Crime|Thriller
1919,Madeline (1998),Children|Comedy
1920,Small Soldiers (1998),Animation|Children|Fantasy|War
1921,Pi (1998),Drama|Sci-Fi|Thriller
1923,There's Something About Mary (1998),Comedy|Romance
1924,Plan 9 from Outer Space (1959),Horror|Sci-Fi
1926,"Broadway Melody, The (1929)",Musical
1928,Cimarron (1931),Drama|Western
1934,You Can't Take It with You (1938),Comedy|Romance
1936,Mrs. Miniver (1942),Drama|War
1937,Going My Way (1944),Comedy|Drama|Musical
1938,"Lost Weekend, The (1945)",Drama
1939,"Best Years of Our Lives, The (1946)",Drama|War
1944,From Here to Eternity (1953),Drama|Romance|War
1945,On the Waterfront (1954),Crime|Drama
1947,West Side Story (1961),Drama|Musical|Romance
1948,Tom Jones (1963),Adventure|Comedy|Romance
1949,"Man for All Seasons, A (1966)",Drama
1950,In the Heat of the Night (1967),Drama|Mystery
1951,Oliver! (1968),Drama|Musical
1952,Midnight Cowboy (1969),Drama
1953,"French Connection, The (1971)",Action|Crime|Thriller
1954,Rocky (1976),Drama
1955,Kramer vs. Kramer (1979),Drama
1957,Chariots of Fire (1981),Drama
1958,Terms of Endearment (1983),Comedy|Drama
1959,Out of Africa (1985),Drama|Romance
1960,"Last Emperor, The (1987)",Drama
1961,Rain Man (1988),Drama
1962,Driving Miss Daisy (1989),Drama
1963,Take the Money and Run (1969),Comedy|Crime
1964,Klute (1971),Drama|Mystery
1965,Repo Man (1984),Comedy|Sci-Fi
1966,Metropolitan (1990),Comedy
1967,Labyrinth (1986),Adventure|Fantasy|Musical
1968,"Breakfast Club, The (1985)",Comedy|Drama
1969,"Nightmare on Elm Street 2: Freddy's Revenge, A (1985)",Horror
1970,"Nightmare on Elm Street 3: Dream Warriors, A (1987)",Horror|Thriller
1972,"Nightmare on Elm Street 5: The Dream Child, A (1989)",Horror
1973,"Freddy's Dead: The Final Nightmare (Nightmare on Elm Street Part 6: Freddy's Dead, A) (1991)",Horror
1974,Friday the 13th (1980),Horror|Mystery|Thriller
1975,Friday the 13th Part 2 (1981),Horror
1976,Friday the 13th Part 3: 3D (1982),Horror
1979,Friday the 13th Part VI: Jason Lives (1986),Horror
1982,Halloween (1978),Horror
1983,Halloween II (1981),Horror
1985,Halloween 4: The Return of Michael Myers (1988),Horror
1986,Halloween 5: The Revenge of Michael Myers (1989),Horror
1987,Prom Night (1980),Horror
1991,Child's Play (1988),Horror|Thriller
1992,Child's Play 2 (1990),Horror|Thriller
1994,Poltergeist (1982),Horror|Thriller
1995,Poltergeist II: The Other Side (1986),Horror|Thriller
1996,Poltergeist III (1988),Horror|Thriller
1997,"Exorcist, The (1973)",Horror|Mystery
1998,Exorcist II: The Heretic (1977),Horror
2000,Lethal Weapon (1987),Action|Comedy|Crime|Drama
2001,Lethal Weapon 2 (1989),Action|Comedy|Crime|Drama
2002,Lethal Weapon 3 (1992),Action|Comedy|Crime|Drama
2003,Gremlins (1984),Comedy|Horror
2004,Gremlins 2: The New Batch (1990),Comedy|Horror
2005,"Goonies, The (1985)",Action|Adventure|Children|Comedy|Fantasy
2006,"Mask of Zorro, The (1998)",Action|Comedy|Romance
2007,Polish Wedding (1998),Comedy
2009,Soylent Green (1973),Drama|Mystery|Sci-Fi|Thriller
2010,Metropolis (1927),Drama|Sci-Fi
2011,Back to the Future Part II (1989),Adventure|Comedy|Sci-Fi
2012,Back to the Future Part III (1990),Adventure|Comedy|Sci-Fi|Western
2013,"Poseidon Adventure, The (1972)",Action|Adventure|Drama
2014,Freaky Friday (1977),Children|Comedy|Fantasy
2016,"Apple Dumpling Gang Rides Again, The (1979)",Children|Comedy|Western
2017,Babes in Toyland (1961),Children|Fantasy|Musical
2018,Bambi (1942),Animation|Children|Drama
2019,Seven Samurai (Shichinin no samurai) (1954),Action|Adventure|Drama
2020,Dangerous Liaisons (1988),Drama|Romance
2021,Dune (1984),Adventure|Sci-Fi
2022,"Last Temptation of Christ, The (1988)",Drama
2023,"Godfather: Part III, The (1990)",Crime|Drama|Mystery|Thriller
2025,Lolita (1997),Drama|Romance
2028,Saving Private Ryan (1998),Action|Drama|War
2034,"Black Hole, The (1979)",Children|Sci-Fi
2035,Blackbeard's Ghost (1968),Children|Comedy
2036,Blank Check (1994),Children|Comedy
2040,"Computer Wore Tennis Shoes, The (1969)",Children|Comedy
2041,Condorman (1981),Action|Adventure|Children|Comedy
2048,"Great Mouse Detective, The (1986)",Action|Animation|Children|Crime
2050,Herbie Goes Bananas (1980),Adventure|Children|Comedy
2052,Hocus Pocus (1993),Children|Comedy|Fantasy|Horror
2053,"Honey, I Blew Up the Kid (1992)",Children|Comedy|Sci-Fi
2054,"Honey, I Shrunk the Kids (1989)",Adventure|Children|Comedy|Fantasy|Sci-Fi
2057,"Incredible Journey, The (1963)",Adventure|Children
2058,"Negotiator, The (1998)",Action|Crime|Drama|Mystery|Thriller
2059,"Parent Trap, The (1998)",Children|Comedy|Romance
2060,BASEketball (1998),Comedy
2064,Roger & Me (1989),Documentary
2065,"Purple Rose of Cairo, The (1985)",Comedy|Drama|Fantasy|Romance
2067,Doctor Zhivago (1965),Drama|Romance|War
2070,Tender Mercies (1983),Drama|Romance|Western
2073,Fandango (1985),Comedy
2076,Blue Velvet (1986),Drama|Mystery|Thriller
2078,"Jungle Book, The (1967)",Animation|Children|Comedy|Musical
2080,Lady and the Tramp (1955),Animation|Children|Comedy|Romance
2081,"Little Mermaid, The (1989)",Animation|Children|Comedy|Musical|Romance
2082,"Mighty Ducks, The (1992)",Children|Comedy
2083,"Muppet Christmas Carol, The (1992)",Children|Comedy|Musical
2085,101 Dalmatians (One Hundred and One Dalmatians) (1961),Adventure|Animation|Children
2087,Peter Pan (1953),Animation|Children|Fantasy|Musical
2088,Popeye (1980),Adventure|Comedy|Musical
2089,"Rescuers Down Under, The (1990)",Adventure|Animation|Children
2090,"Rescuers, The (1977)",Adventure|Animation|Children|Crime|Drama
2093,Return to Oz (1985),Adventure|Children|Fantasy
2094,"Rocketeer, The (1991)",Action|Adventure|Sci-Fi
2095,"Shaggy D.A., The (1976)",Children|Comedy
2096,Sleeping Beauty (1959),Animation|Children|Musical
2097,Something Wicked This Way Comes (1983),Children|Drama|Fantasy|Mystery|Thriller
2100,Splash (1984),Comedy|Fantasy|Romance
2102,Steamboat Willie (1928),Animation|Children|Comedy|Musical
2105,Tron (1982),Action|Adventure|Sci-Fi
2106,Swing Kids (1993),Drama|War
2107,Halloween H20: 20 Years Later (Halloween 7: The Revenge of Laurie Strode) (1998),Horror|Thriller
2108,L.A. Story (1991),Comedy|Romance
2109,"Jerk, The (1979)",Comedy
2110,Dead Men Don't Wear Plaid (1982),Comedy|Crime|Thriller
2111,"Man with Two Brains, The (1983)",Comedy
2112,Grand Canyon (1991),Crime|Drama
2114,"Outsiders, The (1983)",Drama
2115,Indiana Jones and the Temple of Doom (1984),Action|Adventure|Fantasy
2116,"Lord of the Rings, The (1978)",Adventure|Animation|Children|Fantasy
2117,1984 (Nineteen Eighty-Four) (1984),Drama|Sci-Fi
2119,Maximum Overdrive (1986),Horror
2120,Needful Things (1993),Drama|Horror
2121,Cujo (1983),Horror|Thriller
2122,Children of the Corn (1984),Horror|Thriller
2124,"Addams Family, The (1991)",Children|Comedy|Fantasy
2125,Ever After: A Cinderella Story (1998),Comedy|Drama|Romance
2126,Snake Eyes (1998),Action|Crime|Mystery|Thriller
2130,Atlantic City (1980),Crime|Drama|Romance
2131,Autumn Sonata (Höstsonaten) (1978),Drama
2133,Adventures in Babysitting (1987),Adventure|Comedy
2134,Weird Science (1985),Comedy|Fantasy|Sci-Fi
2135,Doctor Dolittle (1967),Adventure|Children|Musical
2136,"Nutty Professor, The (1963)",Comedy|Sci-Fi
2137,Charlotte's Web (1973),Animation|Children
2138,Watership Down (1978),Adventure|Animation|Children|Drama|Fantasy
2139,"Secret of NIMH, The (1982)",Adventure|Animation|Children|Drama
2140,"Dark Crystal, The (1982)",Adventure|Fantasy
2141,"American Tail, An (1986)",Adventure|Animation|Children|Comedy
2143,Legend (1985),Adventure|Fantasy|Romance
2144,Sixteen Candles (1984),Comedy|Romance
2145,Pretty in Pink (1986),Comedy|Drama|Romance
2146,St. Elmo's Fire (1985),Drama|Romance
2147,"Clan of the Cave Bear, The (1986)",Adventure|Drama|Fantasy
2150,"Gods Must Be Crazy, The (1980)",Adventure|Comedy
2152,Air Bud: Golden Receiver (1998),Children|Comedy
2153,"Avengers, The (1998)",Action|Adventure
2154,How Stella Got Her Groove Back (1998),Drama|Romance
2159,Henry: Portrait of a Serial Killer (1986),Crime|Horror|Thriller
2160,Rosemary's Baby (1968),Drama|Horror|Thriller
2161,"NeverEnding Story, The (1984)",Adventure|Children|Fantasy
2162,"NeverEnding Story II: The Next Chapter, The (1990)",Adventure|Children|Fantasy
2163,Attack of the Killer Tomatoes! (1978),Comedy|Horror
2167,Blade (1998),Action|Horror|Thriller
2170,Wrongfully Accused (1998),Action|Comedy
2171,Next Stop Wonderland (1998),Comedy|Drama|Romance
2172,"Strike! (a.k.a. All I Wanna Do, The Hairy Bird) (1998)",Comedy|Drama
2174,Beetlejuice (1988),Comedy|Fantasy
2176,Rope (1948),Crime|Drama|Thriller
2177,Family Plot (1976),Comedy|Thriller
2182,"Wrong Man, The (1956)",Drama|Film-Noir|Thriller
2186,Strangers on a Train (1951),Crime|Drama|Film-Noir|Thriller
2193,Willow (1988),Action|Adventure|Fantasy
2194,"Untouchables, The (1987)",Action|Crime|Drama
2195,Dirty Work (1998),Comedy
2202,Lifeboat (1944),Drama|War
2203,Shadow of a Doubt (1943),Crime|Drama|Thriller
2204,Saboteur (1942),Mystery|Thriller
2205,Mr. & Mrs. Smith (1941),Comedy|Romance
2208,"Lady Vanishes, The (1938)",Drama|Mystery|Thriller
2226,"Ring, The (1927)",Drama
2231,Rounders (1998),Drama
2232,Cube (1997),Horror|Mystery|Sci-Fi|Thriller
2239,Swept Away (Travolti da un insolito destino nell'azzurro mare d'Agosto) (1975),Comedy|Drama
2243,Broadcast News (1987),Comedy|Drama|Romance
2244,"Allnighter, The (1987)",Comedy|Romance
2245,Working Girl (1988),Comedy|Drama|Romance
2247,Married to the Mob (1988),Comedy
2248,Say Anything... (1989),Comedy|Drama|Romance
2249,My Blue Heaven (1990),Comedy
2253,Toys (1992),Comedy|Fantasy
2256,Parasite (1982),Horror|Sci-Fi
2262,About Last Night... (1986),Comedy|Drama|Romance
2268,"Few Good Men, A (1992)",Crime|Drama|Thriller
2269,Indecent Proposal (1993),Drama|Romance
2273,Rush Hour (1998),Action|Comedy|Crime|Thriller
2275,Six-String Samurai (1998),Action|Adventure|Sci-Fi
2278,Ronin (1998),Action|Crime|Thriller
2279,Urban Legend (1998),Horror|Thriller
2282,Pecker (1998),Comedy|Drama
2283,"Sheltering Sky, The (1990)",Drama
2288,"Thing, The (1982)",Action|Horror|Sci-Fi|Thriller
2289,"Player, The (1992)",Comedy|Crime|Drama
2290,Stardust Memories (1980),Comedy|Drama
2291,Edward Scissorhands (1990),Drama|Fantasy|Romance
2294,Antz (1998),Adventure|Animation|Children|Comedy|Fantasy
2296,"Night at the Roxbury, A (1998)",Comedy
2297,What Dreams May Come (1998),Adventure|Drama|Fantasy|Romance
2300,"Producers, The (1968)",Comedy
2302,My Cousin Vinny (1992),Comedy
2303,Nashville (1975),Drama|Musical
2306,Holy Man (1998),Comedy
2311,2010: The Year We Make Contact (1984),Sci-Fi
2312,Children of a Lesser God (1986),Drama
2313,"Elephant Man, The (1980)",Drama
2315,Bride of Chucky (Child's Play 4) (1998),Comedy|Horror|Thriller
2316,Practical Magic (1998),Drama|Fantasy|Mystery|Romance
2318,Happiness (1998),Comedy|Drama
2320,Apt Pupil (1998),Drama|Thriller
2321,Pleasantville (1998),Comedy|Drama|Fantasy
2322,Soldier (1998),Action|Sci-Fi|War
2324,Life Is Beautiful (La Vita è bella) (1997),Comedy|Drama|Romance|War
2325,Orgazmo (1997),Comedy
2327,Tales from the Darkside: The Movie (1990),Fantasy|Horror|Thriller
2328,Vampires (1998),Horror|Western
2329,American History X (1998),Crime|Drama
2332,Belly (1998),Crime|Drama
2334,"Siege, The (1998)",Action|Thriller
2336,Elizabeth (1998),Drama
2338,I Still Know What You Did Last Summer (1998),Horror|Mystery|Thriller
2340,Meet Joe Black (1998),Romance
2344,Runaway Train (1985),Action|Adventure|Drama|Thriller
2346,"Stepford Wives, The (1975)",Mystery|Sci-Fi|Thriller
2347,"Pope of Greenwich Village, The (1984)",Drama
2349,Mona Lisa (1986),Comedy|Thriller
2351,"Nights of Cabiria (Notti di Cabiria, Le) (1957)",Drama
2352,"Big Chill, The (1983)",Comedy|Drama
2353,Enemy of the State (1998),Action|Thriller
2354,"Rugrats Movie, The (1998)",Animation|Children|Comedy
2355,"Bug's Life, A (1998)",Adventure|Animation|Children|Comedy
2359,Waking Ned Devine (a.k.a. Waking Ned) (1998),Comedy
2361,Pink Flamingos (1972),Comedy
2364,"Godzilla 1985: The Legend Is Reborn (Gojira) (Godzilla) (Return of Godzilla, The) (1984)",Action|Horror|Sci-Fi|Thriller
2366,King Kong (1933),Action|Adventure|Fantasy|Horror
2367,King Kong (1976),Adventure|Fantasy|Romance|Sci-Fi|Thriller
2369,Desperately Seeking Susan (1985),Comedy|Drama|Romance
2371,Fletch (1985),Comedy|Crime|Mystery
2372,Fletch Lives (1989),Comedy
2373,Red Sonja (1985),Action|Adventure|Fantasy
2375,"Money Pit, The (1986)",Comedy
2376,"View to a Kill, A (1985)",Action|Adventure|Thriller
2378,Police Academy (1984),Comedy|Crime
2379,Police Academy 2: Their First Assignment (1985),Comedy|Crime
2380,Police Academy 3: Back in Training (1986),Comedy|Crime
2381,Police Academy 4: Citizens on Patrol (1987),Comedy|Crime
2384,Babe: Pig in the City (1998),Adventure|Children|Drama
2387,Very Bad Things (1998),Comedy|Crime
2389,Psycho (1998),Crime|Horror|Thriller
2390,Little Voice (1998),Comedy
2391,"Simple Plan, A (1998)",Crime|Drama|Thriller
2392,Jack Frost (1998),Children|Comedy|Drama
2393,Star Trek: Insurrection (1998),Action|Drama|Romance|Sci-Fi
2394,"Prince of Egypt, The (1998)",Animation|Musical
2395,Rushmore (1998),Comedy|Drama
2396,Shakespeare in Love (1998),Comedy|Drama|Romance
2398,Miracle on 34th Street (1947),Comedy|Drama
2401,Pale Rider (1985),Western
2402,Rambo: First Blood Part II (1985),Action|Adventure|Thriller
2403,First Blood (Rambo: First Blood) (1982),Action|Adventure|Drama|Thriller
2404,Rambo III (1988),Action|Adventure|Thriller|War
2405,"Jewel of the Nile, The (1985)",Action|Adventure|Comedy|Romance
2406,Romancing the Stone (1984),Action|Adventure|Comedy|Romance
2407,Cocoon (1985),Comedy|Sci-Fi
2408,Cocoon: The Return (1988),Comedy|Sci-Fi
2409,Rocky II (1979),Action|Drama
2410,Rocky III (1982),Action|Drama
2411,Rocky IV (1985),Action|Drama
2412,Rocky V (1990),Action|Drama
2413,Clue (1985),Comedy|Crime|Mystery|Thriller
2414,Young Sherlock Holmes (1985),Action|Adventure|Children|Fantasy|Mystery|Thriller
2415,Violets Are Blue... (1986),Drama|Romance
2416,Back to School (1986),Comedy
2419,Extremities (1986),Drama|Thriller
2420,"Karate Kid, The (1984)",Drama
2421,"Karate Kid, Part II, The (1986)",Action|Adventure|Drama
2422,"Karate Kid, Part III, The (1989)",Action|Adventure|Children|Drama
2423,Christmas Vacation (National Lampoon's Christmas Vacation) (1989),Comedy
2424,You've Got Mail (1998),Comedy|Romance
2427,"Thin Red Line, The (1998)",Action|Drama|War
2428,"Faculty, The (1998)",Horror|Sci-Fi
2430,Mighty Joe Young (1949),Adventure|Children|Drama
2431,Patch Adams (1998),Comedy|Drama
2432,Stepmom (1998),Drama
2433,"Civil Action, A (1998)",Drama
2435,Hurlyburly (1998),Drama
2436,Tea with Mussolini (1999),Comedy|Drama|War
2439,Affliction (1997),Drama
2442,Hilary and Jackie (1998),Drama
2443,Playing by Heart (1998),Drama|Romance
2445,At First Sight (1999),Drama
2447,Varsity Blues (1999),Comedy|Drama
2450,Howard the Duck (1986),Adventure|Comedy|Sci-Fi
2454,"Fly, The (1958)",Horror|Mystery|Sci-Fi
2455,"Fly, The (1986)",Drama|Horror|Sci-Fi|Thriller
2456,"Fly II, The (1989)",Horror|Sci-Fi
2457,Running Scared (1986),Action|Comedy
2458,Armed and Dangerous (1986),Comedy|Crime
2459,"Texas Chainsaw Massacre, The (1974)",Horror
2463,Ruthless People (1986),Comedy
2467,"Name of the Rose, The (Name der Rose, Der) (1986)",Crime|Drama|Mystery|Thriller
2468,Jumpin' Jack Flash (1986),Action|Comedy|Romance|Thriller
2469,Peggy Sue Got Married (1986),Comedy|Drama
2470,Crocodile Dundee (1986),Adventure|Comedy
2471,Crocodile Dundee II (1988),Action|Adventure|Comedy
2474,"Color of Money, The (1986)",Drama
2476,Heartbreak Ridge (1986),Action|War
2477,Firewalker (1986),Adventure
2478,¡Three Amigos! (1986),Comedy|Western
2485,She's All That (1999),Comedy|Romance
2490,Payback (1999),Action|Thriller
2495,"Fantastic Planet, The (Planète sauvage, La) (1973)",Animation|Sci-Fi
2496,Blast from the Past (1999),Comedy|Romance
2498,My Favorite Martian (1999),Comedy|Sci-Fi
2500,Jawbreaker (1999),Comedy
2501,October Sky (1999),Drama
2502,Office Space (1999),Comedy|Crime
2504,200 Cigarettes (1999),Comedy|Drama
2505,8MM (1999),Drama|Mystery|Thriller
2506,"Other Sister, The (1999)",Comedy|Drama|Romance
2511,"Long Goodbye, The (1973)",Crime|Film-Noir
2513,Pet Sematary (1989),Horror
2514,Pet Sematary II (1992),Comedy|Horror
2517,Christine (1983),Horror
2518,Night Shift (1982),Comedy
2522,Airport '77 (1977),Drama
2523,Rollercoaster (1977),Drama|Thriller
2524,"Towering Inferno, The (1974)",Action|Adventure|Drama|Thriller
2527,Westworld (1973),Action|Sci-Fi|Thriller|Western
2528,Logan's Run (1976),Action|Adventure|Sci-Fi
2529,Planet of the Apes (1968),Action|Drama|Sci-Fi
2530,Beneath the Planet of the Apes (1970),Action|Sci-Fi
2531,Battle for the Planet of the Apes (1973),Action|Sci-Fi
2532,Conquest of the Planet of the Apes (1972),Action|Sci-Fi
2533,Escape from the Planet of the Apes (1971),Action|Sci-Fi
2535,Earthquake (1974),Action|Drama|Thriller
2539,Analyze This (1999),Comedy
2541,Cruel Intentions (1999),Drama
2542,"Lock, Stock & Two Smoking Barrels (1998)",Comedy|Crime|Thriller
2548,"Rage: Carrie 2, The (1999)",Horror
2549,Wing Commander (1999),Action|Sci-Fi
2551,Dead Ringers (1988),Drama|Horror|Thriller
2553,Village of the Damned (1960),Horror|Sci-Fi|Thriller
2558,Forces of Nature (1999),Comedy|Romance
2560,Ravenous (1999),Horror|Thriller
2561,True Crime (1999),Crime|Thriller
2565,"King and I, The (1956)",Drama|Musical|Romance
2566,Doug's 1st Movie (1999),Animation|Children
2567,EDtv (1999),Comedy
2568,"Mod Squad, The (1999)",Action|Crime
2570,"Walk on the Moon, A (1999)",Drama|Romance
2571,"Matrix, The (1999)",Action|Sci-Fi|Thriller
2572,10 Things I Hate About You (1999),Comedy|Romance
2574,"Out-of-Towners, The (1999)",Comedy
2575,"Dreamlife of Angels, The (Vie rêvée des anges, La) (1998)",Drama
2579,Following (1998),Crime|Mystery|Thriller
2580,Go (1999),Comedy|Crime
2581,Never Been Kissed (1999),Comedy|Romance
2582,Twin Dragons (Shuang long hui) (1992),Action|Comedy
2583,Cookie's Fortune (1999),Comedy|Drama
2587,Life (1999),Comedy|Crime|Drama
2594,Open Your Eyes (Abre los ojos) (1997),Drama|Romance|Sci-Fi|Thriller
2597,Lost & Found (1999),Comedy|Romance
2598,Pushing Tin (1999),Comedy
2599,Election (1999),Comedy
2600,eXistenZ (1999),Action|Sci-Fi|Thriller
2605,Entrapment (1999),Crime|Thriller
2606,Idle Hands (1999),Comedy|Horror
2613,Night of the Comet (1984),Comedy|Horror|Sci-Fi
2615,My Science Project (1985),Adventure|Sci-Fi
2616,Dick Tracy (1990),Action|Crime
2617,"Mummy, The (1999)",Action|Adventure|Comedy|Fantasy|Horror|Thriller
2622,William Shakespeare's A Midsummer Night's Dream (1999),Comedy|Fantasy
2628,Star Wars: Episode I - The Phantom Menace (1999),Action|Adventure|Sci-Fi
2640,Superman (1978),Action|Adventure|Sci-Fi
2641,Superman II (1980),Action|Sci-Fi
2642,Superman III (1983),Action|Adventure|Sci-Fi
2643,Superman IV: The Quest for Peace (1987),Action|Adventure|Sci-Fi
2656,Tarantula (1955),Horror|Sci-Fi
2657,"Rocky Horror Picture Show, The (1975)",Comedy|Horror|Musical|Sci-Fi
2662,"War of the Worlds, The (1953)",Action|Drama|Sci-Fi
2664,Invasion of the Body Snatchers (1956),Horror|Sci-Fi|Thriller
2671,Notting Hill (1999),Comedy|Romance
2672,"Thirteenth Floor, The (1999)",Drama|Sci-Fi|Thriller
2676,Instinct (1999),Drama|Thriller
2677,Buena Vista Social Club (1999),Documentary|Musical
2681,Free Enterprise (1998),Comedy|Romance|Sci-Fi
2682,Limbo (1999),Drama
2683,Austin Powers: The Spy Who Shagged Me (1999),Action|Adventure|Comedy
2686,"Red Violin, The (Violon rouge, Le) (1998)",Drama|Mystery
2687,Tarzan (1999),Adventure|Animation|Children|Drama
2688,"General's Daughter, The (1999)",Crime|Drama|Mystery|Thriller
2692,Run Lola Run (Lola rennt) (1998),Action|Crime
2694,Big Daddy (1999),Comedy
2696,"Dinner Game, The (Dîner de cons, Le) (1998)",Comedy
2699,Arachnophobia (1990),Comedy|Horror
2700,"South Park: Bigger, Longer and Uncut (1999)",Animation|Comedy|Musical
2701,Wild Wild West (1999),Action|Comedy|Sci-Fi|Western
2702,Summer of Sam (1999),Drama
2706,American Pie (1999),Comedy|Romance
2707,Arlington Road (1999),Thriller
2709,Muppets From Space (1999),Children|Comedy
2710,"Blair Witch Project, The (1999)",Drama|Horror|Thriller
2712,Eyes Wide Shut (1999),Drama|Mystery|Thriller
2713,Lake Placid (1999),Horror|Thriller
2716,Ghostbusters (a.k.a. Ghost Busters) (1984),Action|Comedy|Sci-Fi
2717,Ghostbusters II (1989),Comedy|Fantasy|Sci-Fi
2718,Drop Dead Gorgeous (1999),Comedy
2719,"Haunting, The (1999)",Horror|Thriller
2720,Inspector Gadget (1999),Action|Adventure|Children|Comedy
2722,Deep Blue Sea (1999),Action|Horror|Sci-Fi|Thriller
2723,Mystery Men (1999),Action|Comedy|Fantasy
2724,Runaway Bride (1999),Comedy|Romance
2726,"Killing, The (1956)",Crime|Film-Noir
2728,Spartacus (1960),Action|Drama|Romance|War
2729,Lolita (1962),Drama|Romance
2730,Barry Lyndon (1975),Drama|Romance|War
2731,"400 Blows, The (Les quatre cents coups) (1959)",Crime|Drama
2733,Vibes (1988),Adventure|Comedy|Romance
2735,"Golden Child, The (1986)",Action|Adventure|Comedy|Fantasy|Mystery
2736,Brighton Beach Memoirs (1986),Comedy
2738,Crimes of the Heart (1986),Comedy|Drama
2745,"Mission, The (1986)",Drama
2746,Little Shop of Horrors (1986),Comedy|Horror|Musical
2747,"Little Shop of Horrors, The (1960)",Comedy|Horror
2749,"Morning After, The (1986)",Drama|Mystery
2750,Radio Days (1987),Comedy|Drama
2752,Outrageous Fortune (1987),Comedy|Mystery
2761,"Iron Giant, The (1999)",Adventure|Animation|Children|Drama|Sci-Fi
2762,"Sixth Sense, The (1999)",Drama|Horror|Mystery
2763,"Thomas Crown Affair, The (1999)",Action|Mystery
2764,"Thomas Crown Affair, The (1968)",Crime|Drama|Romance|Thriller
2769,"Yards, The (2000)",Crime|Drama
2770,Bowfinger (1999),Comedy
2772,Detroit Rock City (1999),Comedy
2775,Head On (1998),Drama
2779,Heaven Can Wait (1978),Comedy
2786,Haunted Honeymoon (1986),Comedy
2787,Cat's Eye (1985),Horror
2788,Monty Python's And Now for Something Completely Different (1971),Comedy
2789,Damien: Omen II (1978),Horror
2791,Airplane! (1980),Comedy
2792,Airplane II: The Sequel (1982),Comedy
2793,"American Werewolf in Paris, An (1997)",Comedy|Horror|Romance|Thriller
2794,European Vacation (aka National Lampoon's European Vacation) (1985),Adventure|Comedy|Romance
2795,National Lampoon's Vacation (1983),Comedy
2796,Funny Farm (1988),Comedy
2797,Big (1988),Comedy|Drama|Fantasy|Romance
2798,Problem Child (1990),Children|Comedy
2799,Problem Child 2 (1991),Comedy
2802,Tequila Sunrise (1988),Action|Drama|Romance|Thriller
2803,"Pelican Brief, The (1993)",Crime|Drama|Mystery|Romance|Thriller
2804,"Christmas Story, A (1983)",Children|Comedy
2805,Mickey Blue Eyes (1999),Comedy|Romance
2806,Teaching Mrs. Tingle (1999),Comedy|Thriller
2808,Universal Soldier (1992),Action|Sci-Fi
2810,Perfect Blue (1997),Animation|Horror|Mystery|Thriller
2812,In Too Deep (1999),Action|Thriller
2813,"Source, The (1999)",Documentary
2815,Iron Eagle (1986),Action|War
2816,Iron Eagle II (1988),Action|War
2819,Three Days of the Condor (3 Days of the Condor) (1975),Drama|Mystery|Romance|Thriller
2822,Medicine Man (1992),Adventure|Romance
2826,"13th Warrior, The (1999)",Action|Adventure|Fantasy
2840,Stigmata (1999),Drama|Thriller
2841,Stir of Echoes (1999),Horror|Mystery|Thriller
2843,"Black Cat, White Cat (Crna macka, beli macor) (1998)",Comedy|Romance
2846,"Adventures of Milo and Otis, The (Koneko monogatari) (1986)",Adventure|Children|Comedy|Drama
2848,"Othello (Tragedy of Othello: The Moor of Venice, The) (1952)",Drama
2857,Yellow Submarine (1968),Adventure|Animation|Comedy|Fantasy|Musical
2858,American Beauty (1999),Drama|Romance
2860,Blue Streak (1999),Comedy
2861,For Love of the Game (1999),Comedy|Drama
2863,"Hard Day's Night, A (1964)",Adventure|Comedy|Musical
2870,Barefoot in the Park (1967),Comedy
2871,Deliverance (1972),Adventure|Drama|Thriller
2872,Excalibur (1981),Adventure|Fantasy
2874,"Pajama Game, The (1957)",Comedy|Musical|Romance
2877,Tommy (1975),Musical
2880,Armour of God (Long xiong hu di) (1987),Action|Adventure|Comedy
2881,Double Jeopardy (1999),Action|Crime|Drama|Thriller
2889,"Mystery, Alaska (1999)",Comedy|Drama
2890,Three Kings (1999),Action|Adventure|Comedy|Drama|War
2893,Plunkett & MaCleane (1999),Action|Adventure|Drama
2901,Phantasm (1979),Horror|Sci-Fi
2902,Psycho II (1983),Horror|Mystery|Thriller
2907,Superstar (1999),Comedy
2908,Boys Don't Cry (1999),Drama
2912,"Limey, The (1999)",Crime|Drama|Thriller
2915,Risky Business (1983),Comedy
2916,Total Recall (1990),Action|Adventure|Sci-Fi|Thriller
2918,Ferris Bueller's Day Off (1986),Comedy
2921,High Plains Drifter (1973),Western
2922,Hang 'Em High (1968),Crime|Drama|Western
2924,Drunken Master (Jui kuen) (1978),Action|Comedy
2925,"Conformist, The (Conformista, Il) (1970)",Drama
2926,Hairspray (1988),Comedy|Drama
2935,"Lady Eve, The (1941)",Comedy|Romance
2937,"Palm Beach Story, The (1942)",Comedy
2940,Gilda (1946),Drama|Film-Noir|Mystery|Romance
2941,South Pacific (1958),Musical|Romance|War
2942,Flashdance (1983),Drama|Romance
2943,Indochine (1992),Drama|Romance
2944,"Dirty Dozen, The (1967)",Action|Drama|War
2946,Help! (1965),Comedy|Musical
2947,Goldfinger (1964),Action|Adventure|Thriller
2948,From Russia with Love (1963),Action|Adventure|Thriller
2949,Dr. No (1962),Action|Adventure|Thriller
2950,"Blue Lagoon, The (1980)",Adventure|Drama|Romance
2951,"Fistful of Dollars, A (Per un pugno di dollari) (1964)",Action|Western
2952,Sydney (Hard Eight) (1996),Crime|Drama|Thriller
2953,Home Alone 2: Lost in New York (1992),Children|Comedy
2959,Fight Club (1999),Action|Crime|Drama|Thriller
2964,Julien Donkey-Boy (1999),Drama
2967,"Bad Seed, The (1956)",Drama|Thriller
2968,Time Bandits (1981),Adventure|Comedy|Fantasy|Sci-Fi
2973,Crimes and Misdemeanors (1989),Comedy|Crime|Drama
2976,Bringing Out the Dead (1999),Drama
2977,Crazy in Alabama (1999),Comedy|Drama
2978,Three to Tango (1999),Comedy|Romance
2982,"Guardian, The (1990)",Horror|Thriller
2983,"Ipcress File, The (1965)",Thriller
2985,RoboCop (1987),Action|Crime|Drama|Sci-Fi|Thriller
2986,RoboCop 2 (1990),Action|Crime|Sci-Fi|Thriller
2987,Who Framed Roger Rabbit? (1988),Adventure|Animation|Children|Comedy|Crime|Fantasy|Mystery
2988,Melvin and Howard (1980),Drama
2989,For Your Eyes Only (1981),Action|Adventure|Thriller
2990,Licence to Kill (1989),Action|Adventure|Thriller
2991,Live and Let Die (1973),Action|Adventure|Thriller
2993,Thunderball (1965),Action|Adventure|Thriller
2995,House on Haunted Hill (1999),Horror|Thriller
2997,Being John Malkovich (1999),Comedy|Drama|Fantasy
3000,Princess Mononoke (Mononoke-hime) (1997),Action|Adventure|Animation|Drama|Fantasy
3003,Train of Life (Train de vie) (1998),Comedy|Drama|Romance|War
3004,"Bachelor, The (1999)",Comedy|Romance
3005,"Bone Collector, The (1999)",Thriller
3006,"Insider, The (1999)",Drama|Thriller
3007,American Movie (1999),Documentary
3016,Creepshow (1982),Horror
3018,Re-Animator (1985),Comedy|Horror|Sci-Fi
3021,"Funhouse, The (1981)",Horror
3022,"General, The (1926)",Comedy|War
3030,Yojimbo (1961),Action|Adventure
3031,Repossessed (1990),Comedy
3032,"Omega Man, The (1971)",Action|Drama|Sci-Fi|Thriller
3033,Spaceballs (1987),Comedy|Sci-Fi
3034,Robin Hood (1973),Adventure|Animation|Children|Comedy|Musical
3035,Mister Roberts (1955),Comedy|Drama|War
3037,Little Big Man (1970),Western
3039,Trading Places (1983),Comedy
3040,Meatballs (1979),Comedy
3044,Dead Again (1991),Mystery|Romance|Thriller
3045,Peter's Friends (1992),Comedy|Drama
3052,Dogma (1999),Adventure|Comedy|Fantasy
3060,"Commitments, The (1991)",Comedy|Drama|Musical
3063,Poison Ivy (1992),Drama|Thriller
3066,Tora! Tora! Tora! (1970),Action|Drama|War
3068,"Verdict, The (1982)",Drama|Mystery
3070,"Adventures of Buckaroo Banzai Across the 8th Dimension, The (1984)",Adventure|Comedy|Sci-Fi
3071,Stand and Deliver (1988),Comedy|Drama
3072,Moonstruck (1987),Comedy|Romance
3075,Repulsion (1965),Drama|Horror
3076,Irma la Douce (1963),Comedy
3079,Mansfield Park (1999),Comedy|Drama|Romance
3081,Sleepy Hollow (1999),Fantasy|Horror|Mystery|Romance
3082,"World Is Not Enough, The (1999)",Action|Adventure|Thriller
3083,All About My Mother (Todo sobre mi madre) (1999),Drama
3087,Scrooged (1988),Comedy|Fantasy|Romance
3088,Harvey (1950),Comedy|Fantasy
3090,Matewan (1987),Drama
3095,"Grapes of Wrath, The (1940)",Drama
3097,"Shop Around the Corner, The (1940)",Comedy|Drama|Romance
3098,"Natural, The (1984)",Drama
3100,"River Runs Through It, A (1992)",Drama
3101,Fatal Attraction (1987),Drama|Thriller
3102,Jagged Edge (1985),Crime|Romance|Thriller
3103,Stanley & Iris (1990),Drama|Romance
3104,Midnight Run (1988),Action|Comedy|Crime|Thriller
3105,Awakenings (1990),Drama|Mystery
3107,Backdraft (1991),Action|Drama
3108,"Fisher King, The (1991)",Comedy|Drama|Fantasy|Romance
3109,"River, The (1984)",Drama
3111,Places in the Heart (1984),Drama
3113,End of Days (1999),Action|Fantasy|Horror|Mystery|Thriller
3114,Toy Story 2 (1999),Adventure|Animation|Children|Comedy|Fantasy
3117,Ride with the Devil (1999),Drama|Romance|War
3127,Holy Smoke (1999),Comedy|Drama
3130,Bonfire of the Vanities (1990),Comedy|Crime|Drama
3134,Grand Illusion (La grande illusion) (1937),Drama|War
3142,U2: Rattle and Hum (1988),Documentary|Musical
3146,Deuce Bigalow: Male Gigolo (1999),Comedy
3147,"Green Mile, The (1999)",Crime|Drama
3148,"Cider House Rules, The (1999)",Drama
3152,"Last Picture Show, The (1971)",Drama
3155,Anna and the King (1999),Drama|Romance
3156,Bicentennial Man (1999),Drama|Romance|Sci-Fi
3157,Stuart Little (1999),Children|Comedy|Fantasy
3159,Fantasia 2000 (1999),Animation|Children|Musical|IMAX
3160,Magnolia (1999),Drama
3161,Onegin (1999),Drama|Romance
3168,Easy Rider (1969),Adventure|Drama
3169,The Falcon and the Snowman (1985),Crime|Drama|Thriller
3173,Any Given Sunday (1999),Drama
3174,Man on the Moon (1999),Comedy|Drama
3175,Galaxy Quest (1999),Adventure|Comedy|Sci-Fi
3176,"Talented Mr. Ripley, The (1999)",Drama|Mystery|Thriller
3177,Next Friday (2000),Comedy
3178,"Hurricane, The (1999)",Drama
3181,Titus (1999),Drama
3182,"Mr. Death: The Rise and Fall of Fred A. Leuchter, Jr. (1999)",Documentary
3183,"Third Miracle, The (1999)",Drama
3185,Snow Falling on Cedars (1999),Drama
3186,"Girl, Interrupted (1999)",Drama
3189,My Dog Skip (1999),Children|Drama
3194,"Way We Were, The (1973)",Drama|Romance
3198,Papillon (1973),Crime|Drama
3200,"Last Detail, The (1973)",Comedy|Drama
3203,Dead Calm (1989),Thriller
3204,"Boys from Brazil, The (1978)",Action|Mystery|Thriller
3208,Loaded Weapon 1 (National Lampoon's Loaded Weapon 1) (1993),Action|Comedy
3210,Fast Times at Ridgemont High (1982),Comedy|Drama|Romance
3213,Batman: Mask of the Phantasm (1993),Animation|Children
3214,American Flyers (1985),Drama
3219,Pacific Heights (1990),Mystery|Thriller
3223,"Zed & Two Noughts, A (1985)",Drama
3230,"Odessa File, The (1974)",Thriller
3241,"Cup, The (Phörpa) (1999)",Comedy
3243,Encino Man (1992),Comedy
3244,"Goodbye Girl, The (1977)",Comedy|Romance
3246,Malcolm X (1992),Drama
3247,Sister Act (1992),Comedy|Crime
3248,Sister Act 2: Back in the Habit (1993),Comedy
3249,"Hand That Rocks the Cradle, The (1992)",Drama|Thriller
3250,Alive (1993),Drama
3251,Agnes of God (1985),Drama|Mystery
3252,Scent of a Woman (1992),Drama
3253,Wayne's World (1992),Comedy
3254,Wayne's World 2 (1993),Comedy
3255,"League of Their Own, A (1992)",Comedy|Drama
3256,Patriot Games (1992),Action|Crime|Drama|Thriller
3257,"Bodyguard, The (1992)",Drama|Romance|Thriller
3258,Death Becomes Her (1992),Comedy|Fantasy
3259,Far and Away (1992),Adventure|Drama|Romance
3260,Howards End (1992),Drama
3261,Singles (1992),Comedy|Drama|Romance
3262,Twin Peaks: Fire Walk with Me (1992),Crime|Drama|Mystery|Thriller
3263,White Men Can't Jump (1992),Comedy|Drama
3264,Buffy the Vampire Slayer (1992),Action|Comedy|Horror
3265,Hard-Boiled (Lat sau san taam) (1992),Action|Crime|Drama|Thriller
3267,"Mariachi, El (1992)",Action|Crime|Thriller|Western
3268,Stop! Or My Mom Will Shoot (1992),Action|Comedy
3269,Forever Young (1992),Drama|Romance|Sci-Fi
3270,"Cutting Edge, The (1992)",Comedy|Drama|Romance
3271,Of Mice and Men (1992),Drama
3272,Bad Lieutenant (1992),Crime|Drama
3273,Scream 3 (2000),Comedy|Horror|Mystery|Thriller
3274,Single White Female (1992),Drama|Thriller
3275,"Boondock Saints, The (2000)",Action|Crime|Drama|Thriller
3285,"Beach, The (2000)",Adventure|Drama
3286,Snow Day (2000),Comedy
3295,Raining Stones (1993),Drama
3296,To Sir with Love (1967),Drama
3298,Boiler Room (2000),Crime|Drama|Thriller
3299,Hanging Up (2000),Comedy|Drama
3300,Pitch Black (2000),Horror|Sci-Fi|Thriller
3301,"Whole Nine Yards, The (2000)",Comedy|Crime
3307,City Lights (1931),Comedy|Drama|Romance
3310,"Kid, The (1921)",Comedy|Drama
3313,Class Reunion (1982),Comedy
3316,Reindeer Games (2000),Action|Thriller
3317,Wonder Boys (2000),Comedy|Drama
3324,Drowning Mona (2000),Comedy
3325,"Next Best Thing, The (2000)",Comedy|Drama
3327,Beyond the Mat (1999),Documentary
3328,Ghost Dog: The Way of the Samurai (1999),Crime|Drama
3330,Splendor in the Grass (1961),Drama|Romance
3334,Key Largo (1948),Crime|Drama|Film-Noir|Thriller
3341,Born Yesterday (1950),Comedy
3342,Birdy (1984),Drama|War
3347,Never Cry Wolf (1983),Adventure|Drama
3350,"Raisin in the Sun, A (1961)",Drama
3354,Mission to Mars (2000),Sci-Fi
3355,"Ninth Gate, The (1999)",Fantasy|Horror|Mystery|Thriller
3359,Breaking Away (1979),Comedy|Drama
3360,Hoosiers (a.k.a. Best Shot) (1986),Drama|Romance
3361,Bull Durham (1988),Comedy|Drama|Romance
3362,Dog Day Afternoon (1975),Crime|Drama
3363,American Graffiti (1973),Comedy|Drama
3365,"Searchers, The (1956)",Drama|Western
3372,"Bridge at Remagen, The (1969)",Action|War
3384,"Taking of Pelham One Two Three, The (1974)",Action|Crime
3386,JFK (1991),Drama|Mystery|Thriller
3388,Harry and the Hendersons (1987),Children|Comedy
3390,Shanghai Surprise (1986),Adventure|Crime|Drama|Romance
3392,She-Devil (1989),Comedy
3393,Date with an Angel (1987),Comedy|Fantasy|Romance
3394,Blind Date (1987),Comedy|Romance
3395,Nadine (1987),Comedy
3396,"Muppet Movie, The (1979)",Adventure|Children|Comedy|Musical
3397,"Great Muppet Caper, The (1981)",Children|Comedy
3398,"Muppets Take Manhattan, The (1984)",Children|Comedy|Musical
3406,Captain Horatio Hornblower R.N. (1951),Action|Adventure|Drama|War
3408,Erin Brockovich (2000),Drama
3409,Final Destination (2000),Drama|Thriller
3418,Thelma & Louise (1991),Adventure|Crime|Drama
3421,Animal House (1978),Comedy
3422,She's Gotta Have It (1986),Comedy|Romance
3424,Do the Right Thing (1989),Drama
3426,Jungle Fever (1991),Drama|Romance
3429,Creature Comforts (1989),Animation|Comedy
3431,Death Wish 2 (1982),Action|Drama
3435,Double Indemnity (1944),Crime|Drama|Film-Noir
3436,Dying Young (1991),Drama|Romance
3438,Teenage Mutant Ninja Turtles (1990),Action|Children|Comedy|Fantasy|Sci-Fi
3440,Teenage Mutant Ninja Turtles III (1993),Action|Adventure|Children|Comedy|Fantasy
3441,Red Dawn (1984),Action|Drama|War
3444,Bloodsport (1988),Action
3445,Eyes of Laura Mars (1978),Mystery|Thriller
3448,"Good Morning, Vietnam (1987)",Comedy|Drama|War
3450,Grumpy Old Men (1993),Comedy
3451,Guess Who's Coming to Dinner (1967),Drama
3452,Romeo Must Die (2000),Action|Crime|Romance|Thriller
3461,Lord of the Flies (1963),Adventure|Drama|Thriller
3462,Modern Times (1936),Comedy|Drama|Romance
3466,Heart and Souls (1993),Comedy|Fantasy
3467,Hud (1963),Drama|Western
3468,"Hustler, The (1961)",Drama
3469,Inherit the Wind (1960),Drama
3470,Dersu Uzala (1975),Adventure|Drama
3471,Close Encounters of the Third Kind (1977),Adventure|Drama|Sci-Fi
3473,Jonah Who Will Be 25 in the Year 2000 (Jonas qui aura 25 ans en l'an 2000) (1976),Comedy
3474,Retroactive (1997),Sci-Fi|Thriller
3475,"Place in the Sun, A (1951)",Drama|Romance
3476,Jacob's Ladder (1990),Horror|Mystery
3477,Empire Records (1995),Comedy|Drama
3479,Ladyhawke (1985),Adventure|Fantasy|Romance
3480,Lucas (1986),Drama|Romance
3481,High Fidelity (2000),Comedy|Drama|Romance
3483,"Road to El Dorado, The (2000)",Animation|Children
3484,"Skulls, The (2000)",Thriller
3489,Hook (1991),Adventure|Comedy|Fantasy
3494,True Grit (1969),Adventure|Drama|Western
3497,Max Dugan Returns (1983),Comedy
3498,Midnight Express (1978),Drama
3499,Misery (1990),Drama|Horror|Thriller
3503,Solaris (Solyaris) (1972),Drama|Mystery|Sci-Fi
3504,Network (1976),Comedy|Drama
3505,No Way Out (1987),Drama|Mystery|Thriller
3507,"Odd Couple, The (1968)",Comedy
3508,"Outlaw Josey Wales, The (1976)",Action|Adventure|Drama|Thriller|Western
3510,Frequency (2000),Drama|Thriller
3511,Ready to Rumble (2000),Comedy
3514,Joe Gould's Secret (2000),Drama
3515,Me Myself I (2000),Comedy|Romance
3519,Force 10 from Navarone (1978),Action|Drama|War
3521,Mystery Train (1989),Comedy|Drama
3524,Arthur (1981),Comedy|Romance
3525,Bachelor Party (1984),Comedy
3527,Predator (1987),Action|Sci-Fi|Thriller
3528,"Prince of Tides, The (1991)",Drama|Romance
3529,"Postman Always Rings Twice, The (1981)",Crime|Thriller
3534,28 Days (2000),Drama
3535,American Psycho (2000),Crime|Horror|Mystery|Thriller
3536,Keeping the Faith (2000),Comedy|Drama|Romance
3543,Diner (1982),Comedy|Drama
3545,Cabaret (1972),Drama|Musical
3546,What Ever Happened to Baby Jane? (1962),Drama|Horror|Thriller
3549,Guys and Dolls (1955),Comedy|Musical|Romance
3550,The Hunger (1983),Horror
3551,Marathon Man (1976),Crime|Drama|Thriller
3552,Caddyshack (1980),Comedy
3553,Gossip (2000),Drama|Thriller
3555,U-571 (2000),Action|Thriller|War
3556,"Virgin Suicides, The (1999)",Drama|Romance
3559,Limelight (1952),Comedy|Drama|Romance
3563,"Crow: Salvation, The (2000)",Action|Horror
3564,"Flintstones in Viva Rock Vegas, The (2000)",Children|Comedy
3566,"Big Kahuna, The (2000)",Comedy|Drama
3567,Bossa Nova (2000),Comedy|Drama|Romance
3568,Smiling Fish and Goat on Fire (1999),Comedy|Romance
3572,Carnosaur (1993),Horror|Sci-Fi
3576,"Hidden, The (1987)",Action|Horror|Sci-Fi
3578,Gladiator (2000),Action|Adventure|Drama
3591,Mr. Mom (1983),Comedy|Drama
3593,Battlefield Earth (2000),Action|Sci-Fi
3596,Screwed (2000),Comedy
3598,Hamlet (2000),Crime|Drama|Romance|Thriller
3599,Anchors Aweigh (1945),Comedy|Musical
3608,Pee-wee's Big Adventure (1985),Adventure|Comedy
3614,Honeymoon in Vegas (1992),Comedy|Romance
3615,Dinosaur (2000),Adventure|Animation|Children
3616,Loser (2000),Comedy|Romance
3617,Road Trip (2000),Comedy
3618,Small Time Crooks (2000),Comedy|Crime
3623,Mission: Impossible II (2000),Action|Adventure|Thriller
3624,Shanghai Noon (2000),Action|Adventure|Comedy|Western
3626,8 ½ Women (a.k.a. 8 1/2 Women) (a.k.a. Eight and a Half Women) (1999),Comedy
3628,Flying Tigers (1942),Action|Drama|Romance|War
3629,"Gold Rush, The (1925)",Adventure|Comedy|Romance
3635,"Spy Who Loved Me, The (1977)",Action|Adventure|Thriller
3637,Vagabond (Sans toit ni loi) (1985),Drama
3638,Moonraker (1979),Action|Adventure|Sci-Fi|Thriller
3639,"Man with the Golden Gun, The (1974)",Action|Adventure|Thriller
3646,Big Momma's House (2000),Comedy
3654,"Guns of Navarone, The (1961)",Action|Adventure|Drama|War
3660,Puppet Master (1989),Horror|Sci-Fi|Thriller
3667,Rent-A-Cop (1988),Action|Comedy|Crime
3668,Romeo and Juliet (1968),Drama|Romance
3671,Blazing Saddles (1974),Comedy|Western
3672,Benji (1974),Adventure|Children
3673,Benji the Hunted (1987),Adventure|Children
3675,White Christmas (1954),Comedy|Musical|Romance
3676,Eraserhead (1977),Drama|Horror
3681,For a Few Dollars More (Per qualche dollaro in più) (1965),Action|Drama|Thriller|Western
3682,Magnum Force (1973),Action|Crime|Drama|Thriller
3683,Blood Simple (1984),Crime|Drama|Film-Noir
3684,"Fabulous Baker Boys, The (1989)",Drama|Romance
3686,Flatliners (1990),Horror|Sci-Fi|Thriller
3687,Light Years (Gandahar) (1988),Adventure|Animation|Fantasy|Sci-Fi
3688,Porky's (1982),Comedy
3690,Porky's Revenge (1985),Comedy
3695,"Toxic Avenger Part III: The Last Temptation of Toxie, The (1989)",Comedy|Horror
3697,Predator 2 (1990),Action|Sci-Fi|Thriller
3698,"Running Man, The (1987)",Action|Sci-Fi
3699,Starman (1984),Adventure|Drama|Romance|Sci-Fi
3701,Alien Nation (1988),Crime|Drama|Sci-Fi|Thriller
3702,Mad Max (1979),Action|Adventure|Sci-Fi
3703,"Road Warrior, The (Mad Max 2) (1981)",Action|Adventure|Sci-Fi|Thriller
3704,Mad Max Beyond Thunderdome (1985),Action|Adventure|Sci-Fi
3705,Bird on a Wire (1990),Action|Comedy|Romance
3707,9 1/2 Weeks (Nine 1/2 Weeks) (1986),Drama|Romance
3708,Firestarter (1984),Horror|Thriller
3717,Gone in 60 Seconds (2000),Action|Crime
3723,Hamlet (1990),Drama
3726,Assault on Precinct 13 (1976),Action|Thriller
3727,Near Dark (1987),Horror|Western
3728,One False Move (1992),Crime|Drama|Film-Noir|Thriller
3735,Serpico (1973),Crime|Drama
3738,"Sugarland Express, The (1974)",Drama
3740,Big Trouble in Little China (1986),Action|Adventure|Comedy|Fantasy
3741,Badlands (1973),Crime|Drama|Thriller
3742,Battleship Potemkin (1925),Drama|War
3743,Boys and Girls (2000),Comedy|Romance
3744,Shaft (2000),Action|Crime|Thriller
3745,Titan A.E. (2000),Action|Adventure|Animation|Children|Sci-Fi
3751,Chicken Run (2000),Animation|Children|Comedy
3752,"Me, Myself & Irene (2000)",Adventure|Comedy
3753,"Patriot, The (2000)",Action|Drama|War
3754,"Adventures of Rocky and Bullwinkle, The (2000)",Adventure|Animation|Children|Comedy|Fantasy
3755,"Perfect Storm, The (2000)",Drama|Thriller
3760,"Kentucky Fried Movie, The (1977)",Comedy
3764,F/X2 (a.k.a. F/X 2 - The Deadly Art of Illusion) (1991),Action|Crime|Thriller
3770,Dreamscape (1984),Horror|Sci-Fi|Thriller
3774,House Party 2 (1991),Comedy|Drama|Romance
3784,"Kid, The (2000)",Comedy|Fantasy
3785,Scary Movie (2000),Comedy|Horror
3787,Shower (Xizao) (1999),Comedy
3788,Blow-Up (Blowup) (1966),Drama|Mystery
3790,Groove (2000),Drama
3791,Footloose (1984),Drama
3793,X-Men (2000),Action|Adventure|Sci-Fi
3795,"Five Senses, The (1999)",Drama
3797,"In Crowd, The (2000)",Thriller
3798,What Lies Beneath (2000),Drama|Horror|Mystery
3799,Pokémon the Movie 2000 (2000),Animation|Children
3809,What About Bob? (1991),Comedy
3811,Breaker Morant (1980),Drama|War
3812,Everything You Always Wanted to Know About Sex * But Were Afraid to Ask (1972),Comedy
3813,Interiors (1978),Drama
3814,Love and Death (1975),Comedy
3819,Tampopo (1985),Comedy
3821,Nutty Professor II: The Klumps (2000),Comedy
3824,Autumn in New York (2000),Drama|Romance
3825,Coyote Ugly (2000),Comedy|Drama|Romance
3826,Hollow Man (2000),Horror|Sci-Fi|Thriller
3827,Space Cowboys (2000),Action|Adventure|Comedy|Sci-Fi
3831,Saving Grace (2000),Comedy
3832,"Black Sabbath (Tre volti della paura, I) (1963)",Horror
3833,"Brain That Wouldn't Die, The (1962)",Horror|Sci-Fi
3836,Kelly's Heroes (1970),Action|Comedy|War
3841,Air America (1990),Action|Comedy
3844,Steel Magnolias (1989),Drama
3851,I'm the One That I Want (2000),Comedy
3861,"Replacements, The (2000)",Comedy
3862,About Adam (2000),Comedy
3863,"Cell, The (2000)",Drama|Horror|Thriller
3865,"Original Kings of Comedy, The (2000)",Comedy|Documentary
3868,"Naked Gun: From the Files of Police Squad!, The (1988)",Action|Comedy|Crime|Romance
3869,"Naked Gun 2 1/2: The Smell of Fear, The (1991)",Comedy
3873,Cat Ballou (1965),Comedy|Western
3877,Supergirl (1984),Action|Adventure|Fantasy
3882,Bring It On (2000),Comedy
3889,Highlander: Endgame (Highlander IV) (2000),Action|Adventure|Fantasy
3893,Nurse Betty (2000),Comedy|Crime|Drama|Romance|Thriller
3894,Solas (1999),Drama
3896,"Way of the Gun, The (2000)",Crime|Thriller
3897,Almost Famous (2000),Drama
3908,Urban Legends: Final Cut (2000),Horror
3910,Dancer in the Dark (2000),Drama|Musical
3911,Best in Show (2000),Comedy
3915,Girlfight (2000),Drama
3916,Remember the Titans (2000),Drama
3917,Hellraiser (1987),Horror
3918,Hellbound: Hellraiser II (1988),Horror
3920,"Faraway, So Close (In weiter Ferne, so nah!) (1993)",Drama|Fantasy|Mystery|Romance
3928,Abbott and Costello Meet Frankenstein (1948),Comedy|Horror
3930,"Creature from the Black Lagoon, The (1954)",Adventure|Horror|Sci-Fi
3943,Bamboozled (2000),Comedy
3946,Get Carter (2000),Action|Drama|Thriller
3947,Get Carter (1971),Action|Crime|Drama|Thriller
3948,Meet the Parents (2000),Comedy
3949,Requiem for a Dream (2000),Drama
3950,Tigerland (2000),Drama
3952,"Contender, The (2000)",Drama|Thriller
3955,"Ladies Man, The (2000)",Comedy
3957,Billy Jack (1971),Action|Drama
3958,Billy Jack Goes to Washington (1977),Drama
3966,Detour (1945),Crime|Film-Noir
3967,Billy Elliot (2000),Drama
3968,Bedazzled (2000),Comedy
3969,Pay It Forward (2000),Drama
3972,"Legend of Drunken Master, The (Jui kuen II) (1994)",Action|Comedy
3974,"Little Vampire, The (2000)",Adventure|Children
3977,Charlie's Angels (2000),Action|Comedy
3979,Little Nicky (2000),Comedy
3980,Men of Honor (2000),Drama
3981,Red Planet (2000),Action|Sci-Fi|Thriller
3983,You Can Count on Me (2000),Drama|Romance
3984,Diamonds Are Forever (1971),Action|Adventure|Thriller
3986,"6th Day, The (2000)",Action|Sci-Fi|Thriller
3987,Bounce (2000),Drama|Romance
3988,How the Grinch Stole Christmas (a.k.a. The Grinch) (2000),Children|Comedy|Fantasy
3994,Unbreakable (2000),Drama|Sci-Fi
3996,"Crouching Tiger, Hidden Dragon (Wo hu cang long) (2000)",Action|Drama|Romance
3997,Dungeons & Dragons (2000),Action|Adventure|Comedy|Fantasy
3998,Proof of Life (2000),Drama
4000,"Bounty, The (1984)",Adventure|Drama
4002,"Planes, Trains & Automobiles (1987)",Comedy
4005,"Living Daylights, The (1987)",Action|Adventure|Thriller
4007,Wall Street (1987),Drama
4008,Born on the Fourth of July (1989),Drama|War
4011,Snatch (2000),Comedy|Crime|Thriller
4012,Punchline (1988),Comedy|Drama
4014,Chocolat (2000),Drama|Romance
4015,"Dude, Where's My Car? (2000)",Comedy|Sci-Fi
4016,"Emperor's New Groove, The (2000)",Adventure|Animation|Children|Comedy|Fantasy
4017,Pollock (2000),Drama
4018,What Women Want (2000),Comedy|Romance
4019,Finding Forrester (2000),Drama
4020,"Gift, The (2000)",Thriller
4021,Before Night Falls (2000),Drama
4022,Cast Away (2000),Drama
4023,"Family Man, The (2000)",Comedy|Drama|Romance
4025,Miss Congeniality (2000),Comedy|Crime
4027,"O Brother, Where Art Thou? (2000)",Adventure|Comedy|Crime
4029,State and Main (2000),Comedy|Drama
4030,Dracula 2000 (2000),Horror
4031,All the Pretty Horses (2000),Drama|Romance|Western
4032,"Everlasting Piece, An (2000)",Comedy
4034,Traffic (2000),Crime|Drama|Thriller
4035,"Claim, The (2000)",Romance|Western
4039,Annie (1982),Children|Musical
4040,Don't Tell Mom the Babysitter's Dead (1991),Comedy
4041,"Officer and a Gentleman, An (1982)",Drama|Romance
4051,Horrors of Spider Island (Ein Toter Hing im Netz) (1960),Horror|Sci-Fi
4052,Antitrust (2001),Crime|Drama|Thriller
4054,Save the Last Dance (2001),Drama|Romance
4062,Mystic Pizza (1988),Comedy|Drama|Romance
4063,Prelude to a Kiss (1992),Comedy|Drama|Romance
4066,I'm Gonna Git You Sucka (1988),Action|Comedy
4067,Untamed Heart (1993),Drama|Romance
4069,"Wedding Planner, The (2001)",Comedy|Romance
4077,"With a Friend Like Harry... (Harry, un ami qui vous veut du bien) (2000)",Drama|Thriller
4084,Beverly Hills Cop II (1987),Action|Comedy|Crime|Thriller
4085,Beverly Hills Cop (1984),Action|Comedy|Crime|Drama
4090,"Brave Little Toaster, The (1987)",Animation|Children
4091,Can't Buy Me Love (1987),Comedy|Romance
4102,Eddie Murphy Raw (1987),Comedy|Documentary
4103,Empire of the Sun (1987),Action|Adventure|Drama|War
4105,"Evil Dead, The (1981)",Fantasy|Horror|Thriller
4109,Flowers in the Attic (1987),Drama|Thriller
4117,Hope and Glory (1987),Drama
4121,Innerspace (1987),Action|Adventure|Comedy|Sci-Fi
4127,"Like Father, Like Son (1987)",Comedy
4128,"Lost Boys, The (1987)",Comedy|Horror|Thriller
4132,Mannequin (1987),Comedy|Romance
4133,Masters of the Universe (1987),Action|Adventure|Fantasy|Sci-Fi
4135,"Monster Squad, The (1987)",Adventure|Comedy|Horror
4138,My Demon Lover (1987),Comedy|Horror
4141,Head Over Heels (2001),Comedy|Romance
4144,In the Mood For Love (Fa yeung nin wa) (2000),Drama|Romance
4146,"Million Dollar Hotel, The (2001)",Drama|Mystery|Romance
4148,Hannibal (2001),Horror|Thriller
4149,Saving Silverman (Evil Woman) (2001),Comedy|Romance
4153,Down to Earth (2001),Comedy|Fantasy|Romance
4155,Sweet November (2001),Drama|Romance
4157,"Price of Milk, The (2000)",Comedy|Drama|Fantasy|Romance
4158,Monkeybone (2001),Animation|Comedy|Fantasy
4159,3000 Miles to Graceland (2001),Action|Thriller
4160,"Widow of St. Pierre, The (Veuve de Saint-Pierre, La) (2000)",Drama|Romance
4161,"Mexican, The (2001)",Action|Comedy
4164,"Caveman's Valentine, The (2001)",Drama
4168,Get Over It (2001),Comedy|Romance
4175,Gray's Anatomy (1996),Comedy|Drama
4180,Reform School Girls (1986),Action|Drama
4200,Double Impact (1991),Action
4203,Harley Davidson and the Marlboro Man (1991),Action|Crime|Drama
4205,Mermaids (1990),Comedy|Drama|Romance
4210,Manhunter (1986),Action|Crime|Drama|Horror|Thriller
4211,Reversal of Fortune (1990),Drama
4212,Death on the Nile (1978),Crime|Mystery
4214,Revenge of the Nerds (1984),Comedy
4215,Revenge of the Nerds II: Nerds in Paradise (1987),Comedy
4219,Girls Just Want to Have Fun (1985),Comedy
4223,Enemy at the Gates (2001),Drama|War
4226,Memento (2000),Mystery|Thriller
4228,Heartbreakers (2001),Comedy|Crime|Romance
4232,Spy Kids (2001),Action|Adventure|Children|Comedy
4234,"Tailor of Panama, The (2001)",Drama|Thriller
4235,Amores Perros (Love's a Bitch) (2000),Drama|Thriller
4236,Keep the River on Your Right: A Modern Cannibal Tale (2000),Documentary
4238,Along Came a Spider (2001),Action|Crime|Mystery|Thriller
4239,Blow (2001),Crime|Drama
4243,Brigham City (2001),Crime|Drama|Mystery
4246,Bridget Jones's Diary (2001),Comedy|Drama|Romance
4247,Joe Dirt (2001),Adventure|Comedy|Mystery|Romance
4248,Josie and the Pussycats (2001),Comedy
4252,"Circle, The (Dayereh) (2000)",Drama
4254,Crocodile Dundee in Los Angeles (2001),Comedy|Drama
4255,Freddy Got Fingered (2001),Comedy
4262,Scarface (1983),Action|Crime|Drama
4265,Driven (2001),Action|Thriller
4270,"Mummy Returns, The (2001)",Action|Adventure|Comedy|Thriller
4273,Under the Sand (2000),Drama
4280,"World According to Garp, The (1982)",Comedy|Drama|Romance
4289,"City of Women, The (Città delle donne, La) (1980)",Comedy|Drama
4291,Nine to Five (a.k.a. 9 to 5) (1980),Comedy|Crime
4299,"Knight's Tale, A (2001)",Action|Comedy|Romance
4306,Shrek (2001),Adventure|Animation|Children|Comedy|Fantasy|Romance
4308,Moulin Rouge (2001),Drama|Musical|Romance
4310,Pearl Harbor (2001),Action|Drama|Romance|War
4321,City Slickers (1991),Comedy|Western
4322,Eight Men Out (1988),Drama
4326,Mississippi Burning (1988),Crime|Drama|Thriller
4329,Rio Bravo (1959),Western
4333,Throw Momma from the Train (1987),Comedy|Crime
4334,Yi Yi (2000),Drama
4337,"Sand Pebbles, The (1966)",Drama|Romance|War
4340,"Animal, The (2001)",Comedy
4343,Evolution (2001),Comedy|Sci-Fi
4344,Swordfish (2001),Action|Crime|Drama
4347,Divided We Fall (Musíme si pomáhat) (2000),Comedy|Drama
4349,Catch-22 (1970),Comedy|War
4350,Forgotten Silver (1996),Comedy|Documentary
4351,Point Break (1991),Action|Crime|Thriller
4356,Gentlemen Prefer Blondes (1953),Comedy|Musical|Romance
4359,"Seven Year Itch, The (1955)",Comedy
4361,Tootsie (1982),Comedy|Romance
4366,Atlantis: The Lost Empire (2001),Adventure|Animation|Children|Fantasy
4367,Lara Croft: Tomb Raider (2001),Action|Adventure
4368,Dr. Dolittle 2 (2001),Comedy
4369,"Fast and the Furious, The (2001)",Action|Crime|Thriller
4370,A.I. Artificial Intelligence (2001),Adventure|Drama|Sci-Fi
4378,Sexy Beast (2000),Crime|Drama
4383,"Crimson Rivers, The (Rivières pourpres, Les) (2000)",Crime|Drama|Mystery|Thriller
4386,Cats & Dogs (2001),Children|Comedy
4387,Kiss of the Dragon (2001),Action
4388,Scary Movie 2 (2001),Comedy
4392,Alice (1990),Comedy|Drama|Fantasy|Romance
4396,"Cannonball Run, The (1981)",Action|Comedy
4397,Cannonball Run II (1984),Action|Comedy
4403,"Fall of the House of Usher, The (House of Usher) (1960)",Horror
4404,Faust (1926),Drama|Fantasy|Horror
4406,"Man Who Shot Liberty Valance, The (1962)",Crime|Drama|Western
4407,Salvador (1986),Drama|Thriller|War
4410,Something Wild (1986),Comedy|Crime|Drama
4426,Kiss Me Deadly (1955),Film-Noir
4427,"Lion in Winter, The (1968)",Drama
4428,"Misfits, The (1961)",Comedy|Drama|Romance|Western
4429,Moby Dick (1956),Drama
4432,Sweet Smell of Success (1957),Drama|Film-Noir
4437,Suspiria (1977),Horror
4438,"Fist of Fury (Chinese Connection, The) (Jing wu men) (1972)",Action|Drama|Romance|Thriller
4446,Final Fantasy: The Spirits Within (2001),Adventure|Animation|Fantasy|Sci-Fi
4447,Legally Blonde (2001),Comedy|Romance
4448,"Score, The (2001)",Action|Drama
4449,Adanggaman (2000),Drama
4464,"Accidental Tourist, The (1988)",Comedy|Drama|Romance
4465,"Accused, The (1988)",Drama
4467,"Adventures of Baron Munchausen, The (1988)",Adventure|Comedy|Fantasy
4477,Big Top Pee-Wee (1988),Adventure|Children|Comedy
4480,"Blob, The (1988)",Horror|Sci-Fi
4483,Caddyshack II (1988),Comedy
4487,Cocktail (1988),Drama|Romance
4488,Colors (1988),Action|Crime|Drama
4489,Coming to America (1988),Comedy|Romance
4498,"Dead Pool, The (1988)",Action|Crime|Thriller
4499,Dirty Rotten Scoundrels (1988),Comedy
4500,Drowning by Numbers (1988),Comedy|Drama
4502,Ernest Saves Christmas (1988),Children|Comedy
4506,Frantic (1988),Crime|Mystery|Thriller
4508,Gorillas in the Mist (1988),Drama
4509,"Great Outdoors, The (1988)",Comedy
4517,Lady in White (a.k.a. The Mystery of the Lady in White) (1988),Horror|Mystery|Thriller
4519,"Land Before Time, The (1988)",Adventure|Animation|Children|Fantasy
4523,Milagro Beanfield War (1988),Comedy|Drama|Fantasy
4527,"Night in the Life of Jimmy Reardon, A (1988)",Comedy|Romance
4529,Bagdad Cafe (Out of Rosenheim) (1987),Comedy|Drama
4545,Short Circuit (1986),Comedy|Sci-Fi
4546,"Vanishing, The (Spoorloos) (1988)",Drama|Thriller
4552,"Tetsuo, the Ironman (Tetsuo) (1988)",Action|Horror|Sci-Fi|Thriller
4553,They Live (1988),Action|Sci-Fi|Thriller
4557,Tucker: The Man and His Dream (1988),Drama
4558,Twins (1988),Comedy
4564,Always (1989),Drama|Fantasy|Romance
4571,Bill & Ted's Excellent Adventure (1989),Adventure|Comedy|Sci-Fi
4581,Dad (1989),Drama
4583,Disorganized Crime (1989),Action|Comedy
4587,Earth Girls Are Easy (1988),Comedy|Musical|Sci-Fi
4589,Eddie and the Cruisers (1983),Drama|Musical|Mystery
4602,Harlem Nights (1989),Comedy|Crime|Romance
4610,"January Man, The (1989)",Comedy|Crime|Mystery|Thriller
4611,Johnny Handsome (1989),Crime|Drama
4615,Last Exit to Brooklyn (1989),Drama
4616,Lean on Me (1989),Drama
4619,Little Monsters (1989),Comedy
4621,Look Who's Talking (1989),Comedy|Romance
4623,Major League (1989),Comedy
4628,New York Stories (1989),Comedy|Drama
4634,Penn & Teller Get Killed (1989),Adventure|Comedy
4636,"Punisher, The (1989)",Action
4638,Jurassic Park III (2001),Action|Adventure|Sci-Fi|Thriller
4641,Ghost World (2001),Comedy|Drama
4642,Hedwig and the Angry Inch (2000),Comedy|Drama|Musical
4643,Planet of the Apes (2001),Action|Adventure|Drama|Sci-Fi
4646,Greenfingers (2000),Comedy|Drama
4649,Wet Hot American Summer (2001),Comedy
4661,Sea of Love (1989),Crime|Drama|Thriller
4672,"Tall Guy, The (1989)",Comedy|Romance
4675,Three Fugitives (1989),Action|Comedy
4676,Troop Beverly Hills (1989),Comedy
4677,Turner & Hooch (1989),Comedy|Crime
4678,UHF (1989),Comedy
4679,Uncle Buck (1989),Comedy
4681,"War of the Roses, The (1989)",Comedy|Drama
4686,Weekend at Bernie's II (1993),Adventure|Comedy
4688,Black Robe (1991),Adventure|Drama
4690,"Cotton Club, The (1984)",Crime|Musical
4697,Basket Case (1982),Comedy|Horror
4700,"Princess Diaries, The (2001)",Children|Comedy|Romance
4701,Rush Hour 2 (2001),Action|Comedy
4703,Chocolat (1988),Drama
4713,Altered States (1980),Drama|Sci-Fi
4718,American Pie 2 (2001),Comedy
4719,Osmosis Jones (2001),Action|Animation|Comedy|Crime|Drama|Romance|Thriller
4720,"Others, The (2001)",Drama|Horror|Mystery|Thriller
4723,"Deep End, The (2001)",Drama
4725,Session 9 (2001),Horror|Thriller
4727,Captain Corelli's Mandolin (2001),Drama|Romance|War
4728,Rat Race (2001),Comedy
4733,"Curse of the Jade Scorpion, The (2001)",Comedy
4734,Jay and Silent Bob Strike Back (2001),Adventure|Comedy
4735,Ghosts of Mars (2001),Horror|Sci-Fi|Thriller
4748,3 Ninjas (1992),Action|Children|Comedy
4749,3 Ninjas Kick Back (1994),Action|Children|Comedy
4756,"Musketeer, The (2001)",Action|Adventure|Drama|Romance
4757,Rock Star (2001),Comedy|Drama|Musical
4771,Hardball (2001),Drama
4774,Big Trouble (2002),Comedy|Crime
4776,Training Day (2001),Crime|Drama|Thriller
4785,"Great Silence, The (Grande silenzio, Il) (1969)",Drama|Western
4787,Little Man Tate (1991),Drama
4789,Phantom of the Paradise (1974),Comedy|Fantasy|Horror|Musical|Thriller
4798,Indiscreet (1958),Comedy|Romance
4801,"Little Foxes, The (1941)",Drama
4814,Don't Say a Word (2001),Thriller
4815,Hearts in Atlantis (2001),Drama
4816,Zoolander (2001),Comedy
4818,Extreme Days (2001),Action|Adventure|Comedy|Drama
4822,Max Keeble's Big Move (2001),Children|Comedy
4823,Serendipity (2001),Comedy|Romance
4825,"Swamp, The (Ciénaga, La) (2001)",Comedy|Drama
4828,"Party, The (Boum, La) (1980)",Comedy|Romance
4830,Brubaker (1980),Crime|Drama
4844,Bandits (2001),Comedy|Crime|Romance
4848,Mulholland Drive (2001),Crime|Drama|Film-Noir|Mystery|Thriller
4850,Spriggan (Supurigan) (1998),Action|Animation|Sci-Fi
4852,Bones (2001),Horror
4855,Dirty Harry (1971),Action|Crime|Thriller
4862,Not Without My Daughter (1991),Drama
4864,Titanica (1992),Documentary|IMAX
4865,From Hell (2001),Crime|Horror|Mystery|Thriller
4866,"Last Castle, The (2001)",Action
4867,Riding in Cars with Boys (2001),Comedy|Drama
4873,Waking Life (2001),Animation|Drama|Fantasy
4874,K-PAX (2001),Drama|Fantasy|Mystery|Sci-Fi
4876,Thirteen Ghosts (a.k.a. Thir13en Ghosts) (2001),Horror|Thriller
4878,Donnie Darko (2001),Drama|Mystery|Sci-Fi|Thriller
4880,Life as a House (2001),Drama
4881,"Man Who Wasn't There, The (2001)",Crime|Drama
4886,"Monsters, Inc. (2001)",Adventure|Animation|Children|Comedy|Fantasy
4887,"One, The (2001)",Action|Sci-Fi|Thriller
4889,Heist (2001),Crime|Drama
4890,Shallow Hal (2001),Comedy|Fantasy|Romance
4896,Harry Potter and the Sorcerer's Stone (a.k.a. Harry Potter and the Philosopher's Stone) (2001),Adventure|Children|Fantasy
4898,Novocaine (2001),Comedy|Crime|Mystery|Thriller
4899,Black Knight (2001),Adventure|Comedy|Fantasy
4900,Out Cold (2001),Comedy
4901,Spy Game (2001),Action|Crime|Drama|Thriller
4902,"Devil's Backbone, The (Espinazo del diablo, El) (2001)",Drama|Fantasy|Horror|Thriller|War
4903,In the Bedroom (2001),Drama
4912,Funny Girl (1968),Drama|Musical|Romance
4914,Breathless (À bout de souffle) (1960),Crime|Drama|Romance
4915,"Beastmaster, The (1982)",Action|Adventure|Fantasy
4920,"Now, Voyager (1942)",Drama|Romance
4928,That Obscure Object of Desire (Cet obscur objet du désir) (1977),Drama
4936,Fame (1980),Drama|Musical
4939,"Final Countdown, The (1980)",Action|Sci-Fi
4941,Flash Gordon (1980),Action|Adventure|Sci-Fi
4946,"Eye for an Eye, An (1981)",Action|Crime|Thriller
4951,Lord of the Flies (1990),Adventure|Drama|Thriller
4954,Ocean's Eleven (a.k.a. Ocean's 11) (1960),Comedy|Crime
4958,Behind Enemy Lines (2001),Action|Drama|War
4959,"Affair of the Necklace, The (2001)",Drama
4963,Ocean's Eleven (2001),Crime|Thriller
4966,"Incredible Shrinking Man, The (1957)",Sci-Fi|Thriller
4969,And Then There Were None (1945),Crime|Mystery
4971,Moscow on the Hudson (1984),Comedy|Drama
4973,"Amelie (Fabuleux destin d'Amélie Poulain, Le) (2001)",Comedy|Romance
4974,Not Another Teen Movie (2001),Comedy
4975,Vanilla Sky (2001),Mystery|Romance|Sci-Fi|Thriller
4978,Lantana (2001),Drama|Mystery|Thriller
4979,"Royal Tenenbaums, The (2001)",Comedy|Drama
4980,Bill & Ted's Bogus Journey (1991),Adventure|Comedy|Fantasy|Sci-Fi
4981,Clockwise (1986),Comedy
4985,Sheena (1984),Action|Adventure|Fantasy
4987,Spacehunter: Adventures in the Forbidden Zone (1983),Action|Adventure|Sci-Fi
4990,Jimmy Neutron: Boy Genius (2001),Adventure|Animation|Children|Comedy
4992,Kate & Leopold (2001),Comedy|Romance
4993,"Lord of the Rings: The Fellowship of the Ring, The (2001)",Adventure|Fantasy
4995,"Beautiful Mind, A (2001)",Drama|Romance
5004,"Party, The (1968)",Comedy
5008,Witness for the Prosecution (1957),Drama|Mystery|Thriller
5009,Ali (2001),Drama
5010,Black Hawk Down (2001),Action|Drama|War
5011,Charlotte Gray (2001),Drama|Romance
5013,Gosford Park (2001),Comedy|Drama|Mystery
5014,I Am Sam (2001),Drama
5015,Monster's Ball (2001),Drama|Romance
5021,Murder by Death (1976),Comedy|Crime|Mystery|Thriller
5023,"Waterdance, The (1992)",Drama
5025,Orange County (2002),Comedy
5026,"Brotherhood of the Wolf (Pacte des loups, Le) (2001)",Action|Mystery|Thriller
5027,Another 48 Hrs. (1990),Action|Comedy|Crime|Drama|Thriller
5046,Impostor (2002),Action|Drama|Sci-Fi|Thriller
5047,Kung Pow: Enter the Fist (2002),Action|Comedy
5048,Snow Dogs (2002),Adventure|Children|Comedy
5049,48 Hrs. (1982),Action|Comedy|Crime|Drama
5054,Brainstorm (1983),Sci-Fi|Thriller
5055,Dragon: The Bruce Lee Story (1993),Action|Drama
5060,M*A*S*H (a.k.a. MASH) (1970),Comedy|Drama|War
5064,The Count of Monte Cristo (2002),Action|Adventure|Drama|Thriller
5065,"Mothman Prophecies, The (2002)",Drama|Fantasy|Horror|Mystery|Thriller
5066,"Walk to Remember, A (2002)",Drama|Romance
5068,Beijing Bicycle (Shiqi sui de dan che) (2001),Drama
5072,Metropolis (2001),Animation|Sci-Fi
5075,Waydowntown (2000),Comedy
5081,Birthday Girl (2001),Drama|Romance
5083,Rare Birds (2001),Comedy|Drama
5092,Big Fat Liar (2002),Children|Comedy
5093,Collateral Damage (2002),Action|Thriller
5103,"Sandlot, The (1993)",Children|Comedy|Drama
5107,Hart's War (2002),Drama|War
5108,John Q (2002),Crime|Drama|Thriller
5110,Super Troopers (2001),Comedy|Crime|Mystery
5113,After the Fox (Caccia alla volpe) (1966),Comedy|Crime
5120,Sleuth (1972),Comedy|Mystery|Thriller
5121,Stroszek (1977),Comedy|Drama
5127,Dragonfly (2002),Drama|Fantasy|Mystery|Romance|Thriller
5128,Queen of the Damned (2002),Fantasy|Horror
5134,Mean Machine (2001),Comedy|Drama
5135,Monsoon Wedding (2001),Comedy|Romance
5136,Wendigo (2001),Drama|Horror
5139,"Bad News Bears, The (1976)",Comedy
5146,Vampire Hunter D: Bloodlust (Banpaia hantâ D) (2000),Animation|Fantasy|Horror|Sci-Fi
5147,Wild Strawberries (Smultronstället) (1957),Drama
5151,40 Days and 40 Nights (2002),Comedy|Romance
5152,We Were Soldiers (2002),Action|Drama|War
5159,Ferngully: The Last Rainforest (1992),Animation|Children|Comedy|Musical
5171,"Time Machine, The (2002)",Action|Adventure|Sci-Fi
5181,Hangar 18 (1980),Action|Sci-Fi|Thriller
5202,Mon oncle d'Amérique (1980),Drama
5218,Ice Age (2002),Adventure|Animation|Children|Comedy
5219,Resident Evil (2002),Action|Horror|Sci-Fi|Thriller
5225,And Your Mother Too (Y tu mamá también) (2001),Drama|Romance
5240,Running Scared (1980),Action|Drama
5247,Smokey and the Bandit (1977),Action|Comedy
5248,Smokey and the Bandit III (1983),Action|Comedy
5250,Stir Crazy (1980),Comedy
5254,Blade II (2002),Action|Horror|Thriller
5256,Stolen Summer (2002),Drama
5265,Death to Smoochy (2002),Comedy|Crime|Drama
5266,Panic Room (2002),Thriller
5267,"Rookie, The (2002)",Drama
5275,Boxcar Bertha (1972),Drama
5283,National Lampoon's Van Wilder (2002),Comedy
5291,Rashomon (Rashômon) (1950),Crime|Drama|Mystery
5292,Slap Shot (1977),Comedy
5293,Changing Lanes (2002),Drama|Thriller
5294,Frailty (2001),Crime|Drama|Thriller
5299,My Big Fat Greek Wedding (2002),Comedy|Romance
5303,Joe Versus the Volcano (1990),Comedy|Romance
5308,Three Men and a Baby (1987),Comedy
5309,Three Men and a Little Lady (1990),Comedy|Romance
5312,Murder by Numbers (2002),Crime|Thriller
5313,The Scorpion King (2002),Action|Adventure|Fantasy|Thriller
5316,Enigma (2001),Romance|Thriller
5319,Nine Queens (Nueve reinas) (2000),Crime|Thriller
5321,"Triumph of Love, The (2001)",Comedy
5325,Dogtown and Z-Boyz (2001),Documentary
5329,"Salton Sea, The (2002)",Crime|Drama|Thriller
5339,Husbands and Wives (1992),Comedy|Drama
5349,Spider-Man (2002),Action|Adventure|Sci-Fi|Thriller
5356,"Giant Spider Invasion, The (1975)",Horror|Sci-Fi
5361,White Fang (1991),Adventure
5363,"New Guy, The (2002)",Comedy
5364,Unfaithful (2002),Drama|Thriller
5372,Calamity Jane (1953),Musical|Western
5375,"Harvey Girls, The (1946)",Comedy|Musical|Western
5377,About a Boy (2002),Comedy|Drama|Romance
5378,Star Wars: Episode II - Attack of the Clones (2002),Action|Adventure|Sci-Fi|IMAX
5379,"Believer, The (2001)",Drama
5380,"Importance of Being Earnest, The (2002)",Comedy|Drama|Romance
5382,Every Which Way But Loose (1978),Comedy
5384,I Want to Live! (1958),Crime|Drama
5388,Insomnia (2002),Action|Crime|Drama|Mystery|Thriller
5400,"Sum of All Fears, The (2002)",Drama|Thriller
5401,Undercover Brother (2002),Comedy
5404,84 Charing Cross Road (1987),Drama|Romance
5415,Divine Secrets of the Ya-Ya Sisterhood (2002),Comedy|Drama
5416,Cherish (2002),Comedy|Drama|Thriller
5417,"Fast Runner, The (Atanarjuat) (2001)",Drama|Fantasy
5418,"Bourne Identity, The (2002)",Action|Mystery|Thriller
5420,Windtalkers (2002),Action|Drama|War
5438,Men at Work (1990),Action|Comedy
5442,V. I. Warshawski (1991),Action|Comedy|Crime
5444,Lilo & Stitch (2002),Adventure|Animation|Children|Sci-Fi
5445,Minority Report (2002),Action|Crime|Mystery|Sci-Fi|Thriller
5446,Rabbit-Proof Fence (2002),Adventure|Drama
5449,Mr. Deeds (2002),Comedy|Romance
5454,Mo' Money (1992),Comedy|Romance
5459,Men in Black II (a.k.a. MIIB) (a.k.a. MIB 2) (2002),Action|Comedy|Sci-Fi
5460,"Powerpuff Girls, The (2002)",Action|Animation|Children|Comedy
5463,Reign of Fire (2002),Action|Adventure|Fantasy
5464,Road to Perdition (2002),Crime|Drama
5465,All About Lily Chou-Chou (Riri Shushu no subete) (2001),Crime|Drama|Thriller
5471,Perfect (1985),Drama|Romance
5475,Z (1969),Drama|Mystery|Thriller
5477,Sex and Lucia (Lucía y el sexo) (2001),Drama|Romance
5478,Eight Legged Freaks (2002),Action|Comedy|Horror|Sci-Fi
5479,K-19: The Widowmaker (2002),Action|Adventure|Drama|Thriller
5481,Austin Powers in Goldmember (2002),Comedy
5490,The Big Bus (1976),Action|Comedy
5497,Our Man Flint (1965),Adventure|Comedy|Sci-Fi
5500,Top Secret! (1984),Comedy
5501,"Master of Disguise, The (2002)",Comedy|Mystery
5502,Signs (2002),Horror|Sci-Fi|Thriller
5503,"Last Kiss, The (Ultimo bacio, L') (2001)",Comedy|Drama|Romance
5504,Spy Kids 2: The Island of Lost Dreams (2002),Adventure|Children
5505,"Good Girl, The (2002)",Comedy|Drama
5506,Blood Work (2002),Crime|Drama|Mystery|Thriller
5507,xXx (2002),Action|Crime|Thriller
5508,24 Hour Party People (2002),Comedy|Drama|Musical
5512,Secret Ballot (Raye makhfi) (2001),Comedy
5522,Rollerball (1975),Action|Drama|Sci-Fi
5524,Blue Crush (2002),Adventure|Drama|Romance
5527,Possession (2002),Drama|Romance
5528,One Hour Photo (2002),Drama|Thriller
5530,Simone (S1m0ne) (2002),Comedy|Drama|Fantasy|Sci-Fi
5540,Clash of the Titans (1981),Action|Adventure|Fantasy|Romance
5541,Hot Shots! (1991),Action|Comedy|Romance|War
5544,Time After Time (1979),Sci-Fi|Thriller
5548,Down and Out in Beverly Hills (1986),Comedy
5553,Stakeout (1987),Comedy|Crime|Romance|Thriller
5556,FearDotCom (a.k.a. Fear.com) (a.k.a. Fear Dot Com) (2002),Crime|Horror|Thriller
5564,Swimfan (2002),Thriller
5568,Johnny Dangerously (1984),Comedy
5569,"Last House on the Left, The (1972)",Crime|Horror|Thriller
5572,Barbershop (2002),Comedy
5573,Stealing Harvard (2002),Comedy|Crime
5574,"Transporter, The (2002)",Action|Crime
5577,Igby Goes Down (2002),Comedy|Drama
5585,Ernest Scared Stupid (1991),Comedy
5588,"Hills Have Eyes, The (1977)",Horror
5601,"Yearling, The (1946)",Children|Drama
5608,"Das Experiment (Experiment, The) (2001)",Drama|Thriller
5617,Secretary (2002),Comedy|Drama|Romance
5618,Spirited Away (Sen to Chihiro no kamikakushi) (2001),Adventure|Animation|Fantasy
5620,Sweet Home Alabama (2002),Comedy|Romance
5621,"Tuxedo, The (2002)",Action|Comedy
5625,Moonlight Mile (2002),Drama|Romance
5630,Red Dragon (2002),Crime|Mystery|Thriller
5633,Heaven (2002),Drama
5635,"Man from Elysian Fields, The (2001)",Drama
5637,Flirting (1991),Drama
5643,Powaqqatsi (1988),Documentary
5646,Valmont (1989),Drama|Romance
5650,Strange Brew (1983),Comedy
5665,Knockaround Guys (2002),Action|Comedy|Crime
5666,"Rules of Attraction, The (2002)",Comedy|Drama|Romance|Thriller
5669,Bowling for Columbine (2002),Documentary
5670,Comedian (2002),Comedy|Documentary
5673,Punch-Drunk Love (2002),Comedy|Drama|Romance
5679,"Ring, The (2002)",Horror|Mystery|Thriller
5680,Auto Focus (2002),Crime|Drama
5682,"Grey Zone, The (2001)",Drama
5685,Real Women Have Curves (2002),Comedy|Drama
5690,Grave of the Fireflies (Hotaru no haka) (1988),Animation|Drama|War
5693,Saturday Night Fever (1977),Comedy|Drama|Romance
5694,Staying Alive (1983),Comedy|Drama|Musical
5707,Absence of Malice (1981),Drama|Romance
5710,Banana Joe (1981),Comedy
5733,"Eyewitness (Janitor, The) (1981)",Thriller
5735,Faces of Death (1978),Documentary|Horror
5747,Gallipoli (1981),Drama|War
5755,Happy Birthday to Me (1981),Horror|Mystery
5772,My Dinner with André (1981),Drama
5782,"Professional, The (Le professionnel) (1981)",Action|Drama|Thriller
5784,Ghost Ship (2002),Horror
5785,Jackass: The Movie (2002),Action|Comedy|Documentary
5788,All or Nothing (2002),Drama
5791,Frida (2002),Drama|Romance
5792,Roger Dodger (2002),Comedy|Drama
5796,Casino Royale (1967),Action|Adventure|Comedy
5809,Femme Fatale (2002),Crime|Thriller
5810,8 Mile (2002),Drama
5812,Far from Heaven (2002),Drama|Romance
5816,Harry Potter and the Chamber of Secrets (2002),Adventure|Fantasy
5826,Rio Grande (1950),Romance|Western
5843,Toy Soldiers (1991),Action|Drama
5872,Die Another Day (2002),Action|Adventure|Thriller
5876,"Quiet American, The (2002)",Drama|Thriller|War
5878,Talk to Her (Hable con Ella) (2002),Drama|Romance
5881,Solaris (2002),Drama|Romance|Sci-Fi
5882,Treasure Planet (2002),Adventure|Animation|Children|Sci-Fi|IMAX
5890,Elling (2001),Comedy|Drama
5893,"Last Seduction, The (1994)",Crime|Drama|Thriller
5900,Analyze That (2002),Comedy|Crime
5902,Adaptation (2002),Comedy|Drama|Romance
5903,Equilibrium (2002),Action|Sci-Fi|Thriller
5909,Visitor Q (Bizita Q) (2001),Comedy|Drama|Horror
5919,Android (1982),Sci-Fi
5929,"Party 2, The (Boum 2, La) (1982)",Comedy|Romance
5932,Burden of Dreams (1982),Documentary
5941,Drumline (2002),Comedy|Drama|Musical|Romance
5942,"Hot Chick, The (2002)",Comedy
5943,Maid in Manhattan (2002),Comedy|Romance
5944,Star Trek: Nemesis (2002),Action|Drama|Sci-Fi|Thriller
5945,About Schmidt (2002),Comedy|Drama
5951,Morvern Callar (2002),Drama
5952,"Lord of the Rings: The Two Towers, The (2002)",Adventure|Fantasy
5954,25th Hour (2002),Crime|Drama
5955,Antwone Fisher (2002),Drama
5956,Gangs of New York (2002),Crime|Drama
5957,Two Weeks Notice (2002),Comedy|Romance
5959,Narc (2002),Crime|Drama|Thriller
5965,"Duellists, The (1977)",Action|War
5970,My Girl (1991),Comedy|Drama|Romance
5971,My Neighbor Totoro (Tonari no Totoro) (1988),Animation|Children|Drama|Fantasy
5984,"Story of O, The (Histoire d'O) (1975)",Drama|Romance
5986,Fat City (1972),Drama
5988,Quicksilver (1986),Drama
5989,Catch Me If You Can (2002),Crime|Drama
5991,Chicago (2002),Comedy|Crime|Drama|Musical
5992,"Hours, The (2002)",Drama|Romance
5993,Max (2002),Drama
5995,"Pianist, The (2002)",Drama|War
6001,"King of Comedy, The (1983)",Comedy|Drama
6003,Confessions of a Dangerous Mind (2002),Comedy|Crime|Drama|Thriller
6005,Blue Collar Comedy Tour: The Movie (2003),Comedy|Documentary
6006,Just Married (2003),Comedy|Romance
6012,"Guy Thing, A (2003)",Comedy|Romance
6014,National Security (2003),Action|Comedy
6016,City of God (Cidade de Deus) (2002),Action|Adventure|Crime|Drama|Thriller
6022,American Me (1992),Drama
6025,CB4 - The Movie (1993),Comedy
6039,"Woman in Red, The (1984)",Comedy|Romance
6040,Darkness Falls (2003),Horror|Thriller
6051,"Harder They Come, The (1973)",Action|Crime|Drama
6057,Biker Boyz (2003),Action|Crime|Drama
6059,"Recruit, The (2003)",Action|Thriller
6062,Lost in La Mancha (2002),Documentary
6067,Ordinary Decent Criminal (2000),Comedy|Crime
6093,"Last Unicorn, The (1982)",Animation|Children|Fantasy
6095,Dragon Lord (a.k.a. Dragon Strike) (Long Xiao Ye) (1982),Action
6104,Monty Python Live at the Hollywood Bowl (1982),Comedy
6148,White Dog (1982),Drama|Horror|Thriller
6155,How to Lose a Guy in 10 Days (2003),Comedy|Romance
6156,Shanghai Knights (2003),Action|Adventure|Comedy
6157,Daredevil (2003),Action|Crime
6170,"Black Stallion, The (1979)",Adventure|Children|Drama
6185,Dark Blue (2003),Action|Crime|Drama|Thriller
6187,"Life of David Gale, The (2003)",Crime|Drama|Thriller
6188,Old School (2003),Comedy
6196,Cradle 2 the Grave (2003),Action|Crime|Drama|Thriller
6197,Spider (2002),Drama|Mystery
6201,Lady Jane (1986),Drama|Romance
6213,Tears of the Sun (2003),Action|Drama|Thriller
6214,Irreversible (Irréversible) (2002),Crime|Drama|Mystery|Thriller
6215,Laurel Canyon (2002),Drama
6217,"Safety of Objects, The (2001)",Drama
6218,Bend It Like Beckham (2002),Comedy|Drama|Romance
6223,Spun (2001),Comedy|Crime|Drama
6228,"Talk of the Town, The (1942)",Comedy|Romance|Thriller
6238,Green Card (1990),Comedy|Drama|Romance
6239,Journey to the Center of the Earth (1959),Adventure|Children|Sci-Fi
6241,Pauline at the Beach (Pauline à la Plage) (1983),Comedy|Drama|Romance
6242,Ringu (Ring) (1998),Horror|Mystery|Thriller
6244,Salaam Bombay! (1988),Drama
6245,Sweet Charity (1969),Comedy|Drama|Musical|Romance
6250,Dreamcatcher (2003),Drama|Horror|Sci-Fi|Thriller
6252,View from the Top (2003),Comedy|Romance
6264,"Core, The (2003)",Action|Drama|Sci-Fi|Thriller
6267,Assassination Tango (2002),Drama|Thriller
6268,Raising Victor Vargas (2002),Comedy|Drama|Romance
6269,Stevie (2002),Documentary
6280,"Man Apart, A (2003)",Action|Crime|Drama|Thriller
6281,Phone Booth (2002),Drama|Thriller
6283,Cowboy Bebop: The Movie (Cowboy Bebop: Tengoku no Tobira) (2001),Action|Animation|Sci-Fi|Thriller
6286,"Man Without a Past, The (Mies vailla menneisyyttä) (2002)",Comedy|Crime|Drama
6287,Anger Management (2003),Comedy
6290,House of 1000 Corpses (2003),Horror
6291,Lilya 4-Ever (Lilja 4-ever) (2002),Crime|Drama
6294,Bulletproof Monk (2003),Action|Adventure|Sci-Fi
6296,"Mighty Wind, A (2003)",Comedy|Musical
6297,Holes (2003),Adventure|Children|Comedy|Mystery
6298,Malibu's Most Wanted (2003),Comedy|Crime
6299,"Winged Migration (Peuple migrateur, Le) (2001)",Documentary
6301,Straw Dogs (1971),Drama|Thriller
6303,"Andromeda Strain, The (1971)",Mystery|Sci-Fi
6305,Fahrenheit 451 (1966),Drama|Sci-Fi
6308,Legal Eagles (1986),Comedy|Crime|Romance
6313,Sibling Rivalry (1990),Comedy
6320,Scenes from a Mall (1991),Comedy
6323,Identity (2003),Crime|Horror|Mystery|Thriller
6332,"Lizzie McGuire Movie, The (2003)",Children|Comedy|Romance
6333,X2: X-Men United (2003),Action|Adventure|Sci-Fi|Thriller
6338,Daddy Day Care (2003),Children|Comedy
6341,"Shape of Things, The (2003)",Drama
6348,Breakin' 2: Electric Boogaloo (1984),Musical
6350,Laputa: Castle in the Sky (Tenkû no shiro Rapyuta) (1986),Action|Adventure|Animation|Children|Fantasy|Sci-Fi
6357,High Society (1956),Comedy|Musical|Romance
6358,Kiss Me Kate (1953),Comedy|Musical|Romance
6365,"Matrix Reloaded, The (2003)",Action|Adventure|Sci-Fi|Thriller|IMAX
6367,Down with Love (2003),Comedy|Romance
6368,Cinemania (2002),Documentary
6373,Bruce Almighty (2003),Comedy|Drama|Fantasy|Romance
6377,Finding Nemo (2003),Adventure|Animation|Children|Comedy
6378,"Italian Job, The (2003)",Action|Crime
6379,Wrong Turn (2003),Horror|Thriller
6383,"2 Fast 2 Furious (Fast and the Furious 2, The) (2003)",Action|Crime|Thriller
6385,Whale Rider (2002),Drama
6387,Once a Thief (Zong heng si hai) (1991),Action|Comedy|Crime|Thriller
6400,Murder on a Sunday Morning (Un coupable idéal) (2001),Documentary
6405,Treasure Island (1950),Adventure|Children
6410,Car Wash (1976),Comedy
6422,Shenandoah (1965),Drama|War|Western
6425,"6th Man, The (Sixth Man, The) (1997)",Comedy
6427,"Railway Children, The (1970)",Children|Drama
6429,Winchester '73 (1950),Western
6440,Barton Fink (1991),Drama|Thriller
6461,"Unforgiven, The (1960)",Drama|Western
6482,Dumb and Dumberer: When Harry Met Lloyd (2003),Comedy
6502,28 Days Later (2002),Action|Horror|Sci-Fi
6503,Charlie's Angels: Full Throttle (2003),Action|Adventure|Comedy|Crime|Thriller
6517,"Babe, The (1992)",Drama
6523,Mr. Baseball (1992),Comedy|Romance
6530,"Tenant, The (Locataire, Le) (1976)",Drama|Horror|Mystery|Thriller
6534,Hulk (2003),Action|Adventure|Sci-Fi
6535,"Legally Blonde 2: Red, White & Blonde (2003)",Comedy
6537,Terminator 3: Rise of the Machines (2003),Action|Adventure|Sci-Fi
6538,Swimming Pool (2003),Drama|Mystery|Thriller
6539,Pirates of the Caribbean: The Curse of the Black Pearl (2003),Action|Adventure|Comedy|Fantasy
6541,"League of Extraordinary Gentlemen, The (a.k.a. LXG) (2003)",Action|Fantasy|Sci-Fi
6547,Northfork (2003),Drama|Fantasy
6548,Bad Boys II (2003),Action|Comedy|Crime|Thriller
6549,How to Deal (2003),Comedy|Drama|Romance
6550,Johnny English (2003),Action|Comedy|Thriller
6552,Dirty Pretty Things (2002),Crime|Drama|Thriller
6560,Loose Cannons (1990),Action|Comedy
6561,"Mouse That Roared, The (1959)",Comedy|War
6564,Lara Croft Tomb Raider: The Cradle of Life (2003),Action|Adventure|Comedy|Romance|Thriller
6565,Seabiscuit (2003),Drama
6571,"Mondays in the Sun (Lunes al sol, Los) (2002)",Drama
6573,Avanti! (1972),Comedy|Drama
6577,Kickboxer 2: The Road Back (1991),Action|Drama
6581,"Private Life of Sherlock Holmes, The (1970)",Comedy|Drama|Mystery
6583,"Blood of Heroes, The (Salute of the Jugger, The) (1989)",Action|Sci-Fi
6584,"What's Up, Tiger Lily? (1966)",Adventure|Comedy|Crime|Thriller
6586,American Wedding (American Pie 3) (2003),Comedy
6593,Freaky Friday (2003),Children|Comedy|Fantasy
6595,S.W.A.T. (2003),Action|Thriller
6615,Freddy vs. Jason (2003),Action|Horror|Thriller
6617,Open Range (2003),Western
6619,Uptown Girls (2003),Comedy
6620,American Splendor (2003),Comedy|Drama
6628,Hot Dog... The Movie (1984),Comedy
6629,House of Wax (1953),Crime|Horror|Mystery|Thriller
6639,Wait Until Dark (1967),Drama|Thriller
6643,Tokyo Story (Tôkyô monogatari) (1953),Drama
6645,THX 1138 (1971),Action|Adventure|Drama|Sci-Fi
6659,Tremors (1990),Comedy|Horror|Sci-Fi
6662,"Pink Panther, The (1963)",Comedy|Crime
6663,"Pink Panther Strikes Again, The (1976)",Comedy|Crime
6664,Commando (1985),Action|Adventure
6666,"Discreet Charm of the Bourgeoisie, The (Charme discret de la bourgeoisie, Le) (1972)",Comedy|Drama|Fantasy
6669,Ikiru (1952),Drama
6671,"Angel at My Table, An (1990)",Drama
6684,Death in Venice (Morte a Venezia) (1971),Drama|Romance
6686,"Medallion, The (2003)",Action|Comedy|Crime|Fantasy
6695,Jeepers Creepers 2 (2003),Horror|Thriller
6702,Dickie Roberts: Former Child Star (2003),Comedy
6706,Taking Sides (2001),Drama
6708,Matchstick Men (2003),Comedy|Crime|Drama
6709,Once Upon a Time in Mexico (2003),Action|Adventure|Crime|Thriller
6711,Lost in Translation (2003),Comedy|Drama|Romance
6731,Day of the Dead (1985),Horror|Sci-Fi|Thriller
6744,Once Bitten (1985),Comedy|Horror
6746,Squirm (1976),Horror|Romance
6753,Secondhand Lions (2003),Children|Comedy|Drama
6754,Underworld (2003),Action|Fantasy|Horror
6763,Duplex (2003),Comedy|Crime
6764,"Rundown, The (2003)",Action|Adventure|Comedy
6765,Under the Tuscan Sun (2003),Comedy|Drama|Romance
6770,My Life Without Me (2003),Drama|Romance
6773,"Triplets of Belleville, The (Les triplettes de Belleville) (2003)",Animation|Comedy|Fantasy
6774,Videodrome (1983),Fantasy|Horror|Sci-Fi|Thriller
6775,Life and Debt (2001),Documentary
6776,Lagaan: Once Upon a Time in India (2001),Comedy|Drama|Musical|Romance
6777,Judgment at Nuremberg (1961),Drama
6780,"Brief History of Time, A (1991)",Documentary
6786,Kiss of the Spider Woman (1985),Drama
6787,All the President's Men (1976),Drama|Thriller
6791,Babette's Feast (Babettes gæstebud) (1987),Drama
6793,Beethoven (1992),Children|Comedy|Drama
6794,Beethoven's 2nd (1993),Children|Comedy
6796,Boyz N the Hood (1991),Crime|Drama
6798,Bugsy Malone (1976),Children|Comedy|Crime|Musical
6807,Monty Python's The Meaning of Life (1983),Comedy
6810,Sleeping with the Enemy (1991),Drama|Thriller
6811,PCU (1994),Comedy
6818,Come and See (Idi i smotri) (1985),Drama|War
6827,It's Pat (1994),Comedy
6836,"Amazing Transparent Man, The (1960)",Sci-Fi
6857,Ninja Scroll (Jûbei ninpûchô) (1995),Action|Adventure|Animation|Fantasy
6863,School of Rock (2003),Comedy|Musical
6867,"Station Agent, The (2003)",Comedy|Drama
6870,Mystic River (2003),Crime|Drama|Mystery
6873,Intolerable Cruelty (2003),Comedy|Romance
6874,Kill Bill: Vol. 1 (2003),Action|Crime|Thriller
6879,Runaway Jury (2003),Drama|Thriller
6887,Radio (2003),Drama
6888,Scary Movie 3 (2003),Comedy|Horror
6889,Brother Bear (2003),Adventure|Animation|Children
6890,Elephant (2003),Drama
6898,Sweet Sixteen (2002),Drama
6902,Interstate 60 (2002),Adventure|Comedy|Drama|Fantasy|Mystery|Sci-Fi|Thriller
6932,Shattered Glass (2003),Crime|Drama
6934,"Matrix Revolutions, The (2003)",Action|Adventure|Sci-Fi|Thriller|IMAX
6935,"Revolution Will Not Be Televised, The (a.k.a. Chavez: Inside the Coup) (2003)",Documentary
6936,Elf (2003),Children|Comedy|Fantasy
6942,Love Actually (2003),Comedy|Drama|Romance
6944,Father of the Bride (1991),Comedy
6947,Master and Commander: The Far Side of the World (2003),Adventure|Drama|War
6952,Gothika (2003),Horror|Thriller
6953,21 Grams (2003),Crime|Drama|Mystery|Romance|Thriller
6954,"Barbarian Invasions, The (Les invasions barbares) (2003)",Comedy|Crime|Drama|Mystery|Romance
6957,Bad Santa (2003),Comedy|Crime
6959,Timeline (2003),Action|Adventure|Sci-Fi
6966,Darkman (1990),Action|Crime|Fantasy|Sci-Fi|Thriller
6975,Funny Games (1997),Drama|Horror|Thriller
6978,Slacker (1991),Comedy|Drama
6979,WarGames (1983),Drama|Sci-Fi|Thriller
6992,Guarding Tess (1994),Comedy|Drama
6993,Hannah and Her Sisters (1986),Comedy|Drama|Romance
6996,Highlander II: The Quickening (1991),Action|Sci-Fi
7004,Kindergarten Cop (1990),Action|Comedy|Crime|Thriller
7007,"Last Boy Scout, The (1991)",Action|Comedy|Crime|Drama|Thriller
7008,Last Tango in Paris (Ultimo tango a Parigi) (1972),Drama|Romance
7009,Lorenzo's Oil (1992),Drama
7010,"Lover, The (Amant, L') (1992)",Drama|Romance
7013,"Night of the Hunter, The (1955)",Drama|Film-Noir|Thriller
7022,Battle Royale (Batoru rowaiaru) (2000),Action|Drama|Horror|Thriller
7024,"Salo, or The 120 Days of Sodom (Salò o le 120 giornate di Sodoma) (1976)",Drama
7027,Silverado (1985),Action|Western
7028,Quick Change (1990),Comedy|Crime
7034,Show Me Love (Fucking Åmål) (1998),Drama|Romance
7044,Wild at Heart (1990),Crime|Drama|Mystery|Romance|Thriller
7046,"Witches of Eastwick, The (1987)",Comedy|Fantasy|Horror|Thriller
7048,Nothing to Lose (1997),Action|Adventure|Comedy|Crime
7051,"What's New, Pussycat (1965)",Comedy
7054,Little Women (1949),Drama
7064,Beauty and the Beast (La belle et la bête) (1946),Drama|Fantasy
7067,Juliet of the Spirits (Giulietta degli spiriti) (1965),Comedy|Drama|Fantasy|Romance
7074,"Navigator, The (1924)",Comedy
7076,Bullitt (1968),Action|Crime|Drama|Thriller
7078,Jezebel (1938),Drama
7079,"Hunchback of Notre Dame, The (1939)",Drama
7085,Send Me No Flowers (1964),Comedy|Romance
7090,Hero (Ying xiong) (2002),Action|Adventure|Drama
7091,Horse Feathers (1932),Comedy
7092,Anna Karenina (1935),Drama|Romance
7099,Nausicaä of the Valley of the Wind (Kaze no tani no Naushika) (1984),Adventure|Animation|Drama|Fantasy|Sci-Fi
7102,Dragnet (1987),Comedy|Crime|Drama
7104,1941 (1979),Comedy|War
7115,Deep Red (Profondo rosso) (1975),Horror|Mystery|Thriller
7116,Diabolique (Les diaboliques) (1955),Horror|Mystery|Thriller
7117,Leprechaun (1993),Comedy|Horror
7122,King of Hearts (1966),Comedy|Drama|War
7123,Naked Lunch (1991),Drama|Fantasy|Mystery|Sci-Fi
7125,Spring Forward (1999),Drama
7132,"Night at the Opera, A (1935)",Comedy|Musical|Romance
7139,In America (2002),Drama|Romance
7143,"Last Samurai, The (2003)",Action|Adventure|Drama|War
7147,Big Fish (2003),Drama|Fantasy|Romance
7149,Something's Gotta Give (2003),Comedy|Drama|Romance
7150,Stuck on You (2003),Comedy
7151,Girl with a Pearl Earring (2003),Drama|Romance
7153,"Lord of the Rings: The Return of the King, The (2003)",Action|Adventure|Drama|Fantasy
7154,Mona Lisa Smile (2003),Drama|Romance
7155,Calendar Girls (2003),Comedy
7156,"Fog of War: Eleven Lessons from the Life of Robert S. McNamara, The (2003)",Documentary|War
7158,House of Sand and Fog (2003),Drama
7160,Monster (2003),Crime|Drama
7161,Cheaper by the Dozen (2003),Children|Comedy
7163,Paycheck (2003),Action|Sci-Fi|Thriller
7164,Peter Pan (2003),Action|Adventure|Children|Fantasy
7169,Chasing Liberty (2004),Comedy|Romance
7173,Along Came Polly (2004),Comedy|Romance
7175,Torque (2004),Action|Crime
7176,Crimson Gold (Talaye sorgh) (2003),Drama
7193,"Adventures of Ford Fairlane, The (1990)",Action|Comedy
7205,"Wind and the Lion, The (1975)",Adventure
7206,Mon Oncle (My Uncle) (1958),Comedy
7209,"M. Hulot’s Holiday (Mr. Hulot's Holiday) (Vacances de Monsieur Hulot, Les) (1953)",Comedy
7215,To Have and Have Not (1944),Adventure|Drama|Romance|Thriller|War
7216,High Sierra (1941),Crime|Drama|Film-Noir|Thriller
7222,Reefer Madness (a.k.a. Tell Your Children) (1938),Comedy|Drama
7235,Ichi the Killer (Koroshiya 1) (2001),Action|Comedy|Crime|Drama|Horror|Thriller
7238,Ashes and Diamonds (Popiól i diament) (1958),Drama|War
7247,Chitty Chitty Bang Bang (1968),Adventure|Children|Comedy|Fantasy|Musical
7254,The Butterfly Effect (2004),Drama|Sci-Fi|Thriller
7255,Win a Date with Tad Hamilton! (2004),Comedy|Romance
7257,"Big Bounce, The (2004)",Comedy|Crime|Thriller
7263,Miracle (2004),Drama
7265,"Dreamers, The (2003)",Drama
7293,50 First Dates (2004),Comedy|Romance
7297,Kitchen Stories (Salmer fra kjøkkenet) (2003),Comedy|Drama
7301,Diary of a Country Priest (Journal d'un curé de campagne) (1951),Drama
7304,Allegro non troppo (1977),Animation|Comedy|Fantasy|Musical
7308,King Solomon's Mines (1985),Adventure|Comedy
7311,"Goodbye, Mr. Chips (1939)",Drama|Romance
7315,Against the Ropes (2004),Comedy|Drama
7317,EuroTrip (2004),Adventure|Comedy
7318,"Passion of the Christ, The (2004)",Drama
7319,Club Dread (2004),Comedy|Horror
7320,Dirty Dancing: Havana Nights (2004),Romance
7323,"Good bye, Lenin! (2003)",Comedy|Drama
7324,Hidalgo (2004),Adventure|Drama
7325,Starsky & Hutch (2004),Action|Comedy|Crime|Thriller
7327,Persona (1966),Drama
7333,"Corbeau, Le (Raven, The) (1943)",Crime|Drama|Thriller
7335,Pickup on South Street (1953),Film-Noir
7340,Just One of the Guys (1985),Comedy
7346,"Girl Next Door, The (2004)",Comedy|Romance
7347,Secret Window (2004),Mystery|Thriller
7360,Dawn of the Dead (2004),Action|Drama|Horror|Thriller
7361,Eternal Sunshine of the Spotless Mind (2004),Drama|Romance|Sci-Fi
7362,Taking Lives (2004),Crime|Drama|Thriller
7367,"Ladykillers, The (2004)",Comedy|Crime
7369,Scooby-Doo 2: Monsters Unleashed (2004),Action|Adventure|Children|Comedy|Mystery
7371,Dogville (2003),Drama|Mystery|Thriller
7372,Ned Kelly (2003),Drama
7373,Hellboy (2004),Action|Adventure|Fantasy|Horror
7377,"United States of Leland, The (2003)",Crime|Drama
7380,Ella Enchanted (2004),Comedy|Fantasy|Romance
7386,"Ten Commandments, The (1956)",Adventure|Drama
7387,Dawn of the Dead (1978),Action|Drama|Horror
7390,Prey for Rock & Roll (2003),Drama|Musical
7414,Going in Style (1979),Comedy|Drama
7438,Kill Bill: Vol. 2 (2004),Action|Drama|Thriller
7439,"Punisher, The (2004)",Action|Crime|Thriller
7440,Paper Clips (2004),Documentary
7444,13 Going on 30 (2004),Comedy|Fantasy|Romance
7445,Man on Fire (2004),Action|Crime|Drama|Mystery|Thriller
7449,Godsend (2004),Drama|Horror|Thriller
7451,Mean Girls (2004),Comedy
7454,Van Helsing (2004),Action|Adventure|Fantasy|Horror
7458,Troy (2004),Action|Adventure|Drama|War
7459,Carandiru (2003),Crime|Drama
7477,Eye See You (D-Tox) (2002),Horror|Thriller
7482,Enter the Dragon (1973),Action|Crime
7564,Kwaidan (Kaidan) (1964),Horror
7566,28 Up (1985),Documentary
7569,You Only Live Twice (1967),Action|Adventure|Sci-Fi|Thriller
7570,Octopussy (1983),Action|Adventure|Thriller
7579,Pride and Prejudice (1940),Comedy|Drama|Romance
7587,"Samouraï, Le (Godson, The) (1967)",Crime|Drama|Thriller
7646,Rose Red (2002),Horror|Mystery|Thriller
7649,Babylon 5: In the Beginning (1998),Adventure|Sci-Fi
7650,"Witchfinder General (Conquerer Worm, The) (1968)",Horror
7669,Pride and Prejudice (1995),Drama|Romance
7698,"China Syndrome, The (1979)",Drama|Thriller
7700,"Wages of Fear, The (Salaire de la peur, Le) (1953)",Action|Adventure|Drama|Thriller
7701,Look Who's Talking Too (1990),Comedy|Romance
7705,Pat and Mike (1952),Comedy|Romance
7706,Animal Crackers (1930),Comedy|Musical
7714,Camelot (1967),Drama|Musical|Romance
7716,"Lonely Guy, The (1984)",Comedy
7720,"Four Musketeers, The (1974)",Action|Adventure|Comedy|Romance
7743,Explorers (1985),Adventure|Children|Sci-Fi
7748,Pierrot le fou (1965),Crime|Drama
7757,Jason and the Argonauts (1963),Action|Adventure|Fantasy
7789,"11'09""01 - September 11 (2002)",Drama
7802,"Warriors, The (1979)",Action|Adventure|Crime|Thriller
7822,Mogambo (1953),Adventure|Drama|Romance
7832,"Thin Man Goes Home, The (1945)",Comedy|Crime|Mystery
7834,After the Thin Man (1936),Comedy|Crime|Mystery|Romance
7840,Gunga Din (1939),Adventure|Comedy|War
7843,Lammbock (2001),Comedy
7883,I Walked with a Zombie (1943),Drama|Horror
7895,Bring Me the Head of Alfredo Garcia (1974),Crime|Drama|Thriller
7900,Frankenstein Must Be Destroyed (1969),Drama|Horror|Sci-Fi
7924,Stray Dog (Nora inu) (1949),Drama|Film-Noir|Thriller
7925,"Hidden Fortress, The (Kakushi-toride no san-akunin) (1958)",Action|Adventure
7934,Zelig (1983),Comedy
7951,Nightbreed (1990),Fantasy|Horror
7981,Infernal Affairs (Mou gaan dou) (2002),Crime|Drama|Thriller
7991,Death Race 2000 (1975),Action|Sci-Fi
8012,Kikujiro (Kikujirô no natsu) (1999),Comedy|Drama
8014,"Spring, Summer, Fall, Winter... and Spring (Bom yeoreum gaeul gyeoul geurigo bom) (2003)",Drama
8016,"Getaway, The (1972)",Action|Crime|Drama|Thriller
8033,How to Steal a Million (1966),Comedy|Crime|Romance
8042,Mean Streets (1973),Crime|Drama
8044,I Am a Fugitive from a Chain Gang (1932),Crime|Drama|Film-Noir
8045,Hamburger Hill (1987),Action|Drama|War
8118,Delta Force 2 (Delta Force 2: The Colombian Connection) (1990),Action|Adventure|Thriller|War
8119,Crossroads (1986),Drama
8132,Gladiator (1992),Action|Drama
8137,"Wasp Woman, The (1959)",Horror|Sci-Fi
8157,Jin Roh: The Wolf Brigade (Jin-Rô) (1998),Animation|Fantasy|Thriller
8167,Captain Blood (1935),Action|Adventure|Romance
8191,Anne of the Thousand Days (1969),Drama
8197,Hiroshima Mon Amour (1959),Drama|Romance|War
8199,Ugetsu (Ugetsu monogatari) (1953),Drama|Thriller
8207,"Day of the Jackal, The (1973)",Crime|Thriller
8228,"Maltese Falcon, The (a.k.a. Dangerous Female) (1931)",Mystery
8266,Purple Rain (1984),Drama|Musical
8268,Point of No Return (1993),Action|Thriller
8270,"Hairdresser's Husband, The (Le mari de la coiffeuse) (1990)",Comedy|Drama|Romance
8275,College (1927),Comedy
8331,"Man Who Came to Dinner, The (1942)",Comedy
8341,Oliver Twist (1948),Adventure|Crime|Drama
8360,Shrek 2 (2004),Adventure|Animation|Children|Comedy|Musical|Romance
8361,"Day After Tomorrow, The (2004)",Action|Adventure|Drama|Sci-Fi|Thriller
8362,Raising Helen (2004),Comedy|Drama|Romance
8363,Soul Plane (2004),Comedy
8366,Saved! (2004),Comedy|Drama
8368,Harry Potter and the Prisoner of Azkaban (2004),Adventure|Fantasy|IMAX
8370,"Blind Swordsman: Zatoichi, The (Zatôichi) (2003)",Action|Comedy|Crime|Drama
8371,"Chronicles of Riddick, The (2004)",Action|Sci-Fi|Thriller
8373,"Stepford Wives, The (2004)",Comedy|Fantasy|Thriller
8376,Napoleon Dynamite (2004),Comedy
8380,Father Hood (1993),Comedy
8387,Police Academy: Mission to Moscow (1994),Comedy|Crime
8446,Sands of Iwo Jima (1949),Action|Drama|Romance|War
8450,Anthony Adverse (1936),Adventure|Romance
8459,"Heiress, The (1949)",Drama|Romance
8462,Executive Suite (1954),Drama
8464,Super Size Me (2004),Comedy|Documentary|Drama
8487,Please Don't Eat the Daisies (1960),Children|Comedy|Musical
8491,White Heat (1949),Crime|Drama|Film-Noir
8502,Show Boat (1951),Drama|Musical|Romance
8507,Freaks (1932),Crime|Drama|Horror
8521,Dr. Jekyll and Mr. Hyde (1931),Drama|Horror
8526,Around the World in 80 Days (2004),Adventure|Children|Comedy
8528,Dodgeball: A True Underdog Story (2004),Comedy
8529,"Terminal, The (2004)",Comedy|Drama|Romance
8533,"Notebook, The (2004)",Drama|Romance
8571,Bob & Carol & Ted & Alice (1969),Comedy|Drama
8577,Comandante (2003),Documentary
8581,Pirates of Silicon Valley (1999),Documentary|Drama
8596,Revenge of the Pink Panther (1978),Comedy|Crime
8607,Tokyo Godfathers (2003),Adventure|Animation|Drama
8614,Overboard (1987),Comedy|Romance
8617,Butterfield 8 (1960),Drama
8622,Fahrenheit 9/11 (2004),Documentary
8623,Roxanne (1987),Comedy|Romance
8636,Spider-Man 2 (2004),Action|Adventure|Sci-Fi|IMAX
8638,Before Sunset (2004),Drama|Romance
8640,King Arthur (2004),Action|Adventure|Drama|War
8641,Anchorman: The Legend of Ron Burgundy (2004),Comedy
8643,"Cinderella Story, A (2004)",Comedy|Romance
8644,"I, Robot (2004)",Action|Adventure|Sci-Fi|Thriller
8665,"Bourne Supremacy, The (2004)",Action|Crime|Thriller
8666,Catwoman (2004),Action|Crime|Fantasy
8695,"Bachelor and the Bobby-Soxer, The (1947)",Comedy
8714,Night and Day (1946),Drama|Musical
8724,"Leopard, The (Gattopardo, Il) (1963)",Drama|War
8730,To End All Wars (2001),Action|Drama|War
8771,Sherlock Holmes: Terror by Night (1946),Crime|Mystery|Thriller
8773,Sherlock Holmes and the Secret Weapon (1942),Crime|Mystery|Thriller
8774,Sherlock Holmes: The Woman in Green (1945),Mystery
8778,Sherlock Holmes: Dressed to Kill (1946),Crime|Mystery
8781,"Manchurian Candidate, The (2004)",Thriller
8783,"Village, The (2004)",Drama|Mystery|Thriller
8784,Garden State (2004),Comedy|Drama|Romance
8796,"Funny Thing Happened on the Way to the Forum, A (1966)",Comedy|Musical
8798,Collateral (2004),Action|Crime|Drama|Thriller
8800,Code 46 (2003),Romance|Sci-Fi
8807,Harold and Kumar Go to White Castle (2004),Adventure|Comedy
8808,"Princess Diaries 2: Royal Engagement, The (2004)",Comedy|Romance
8809,Danny Deckchair (2003),Comedy|Romance
8810,AVP: Alien vs. Predator (2004),Action|Horror|Sci-Fi|Thriller
8814,Without a Paddle (2004),Comedy
8827,"Bill Cosby, Himself (1983)",Comedy|Documentary
8831,Suspect Zero (2004),Crime|Thriller
8833,Vanity Fair (2004),Drama|Romance
8835,Paparazzi (2004),Drama|Thriller
8848,"Vitelloni, I (a.k.a. The Young and the Passionate) (1953)",Drama
8860,Cellular (2004),Action|Crime|Drama|Mystery|Thriller
8861,Resident Evil: Apocalypse (2004),Action|Horror|Sci-Fi|Thriller
8864,Mr. 3000 (2004),Comedy|Drama
8865,Sky Captain and the World of Tomorrow (2004),Action|Adventure|Sci-Fi
8866,Wimbledon (2004),Comedy|Romance
8869,First Daughter (2004),Comedy|Romance
8870,"Forgotten, The (2004)",Drama|Mystery|Sci-Fi|Thriller
8873,"Motorcycle Diaries, The (Diarios de motocicleta) (2004)",Adventure|Drama
8874,Shaun of the Dead (2004),Comedy|Horror
8879,Murder on the Orient Express (1974),Crime|Mystery|Thriller
8880,Mask (1985),Drama
8894,Orca: The Killer Whale (1977),Action|Drama|Horror|Thriller
8905,1492: Conquest of Paradise (1992),Adventure|Drama
8907,Shark Tale (2004),Animation|Children|Comedy
8910,I Heart Huckabees (2004),Comedy
8914,Primer (2004),Drama|Sci-Fi
8916,Shall We Dance? (2004),Comedy|Romance
8917,Team America: World Police (2004),Action|Adventure|Animation|Comedy
8918,Eulogy (2004),Comedy|Crime|Drama
8919,P.S. (2004),Comedy|Drama|Fantasy|Romance
8937,Friday Night Lights (2004),Action|Drama
8939,"Final Cut, The (2004)",Sci-Fi|Thriller
8947,"Grudge, The (2004)",Horror|Mystery|Thriller
8949,Sideways (2004),Comedy|Drama|Romance
8950,The Machinist (2004),Drama|Mystery|Thriller
8957,Saw (2004),Horror|Mystery|Thriller
8958,Ray (2004),Drama
8961,"Incredibles, The (2004)",Action|Adventure|Animation|Children|Comedy
8965,"Polar Express, The (2004)",Adventure|Animation|Children|Fantasy|IMAX
8969,Bridget Jones: The Edge of Reason (2004),Comedy|Drama|Romance
8970,Finding Neverland (2004),Drama
8972,National Treasure (2004),Action|Adventure|Drama|Mystery|Thriller
8973,Bad Education (La mala educación) (2004),Drama|Thriller
8977,Alexander (2004),Action|Adventure|Drama|War
8981,Closer (2004),Drama|Romance
8983,House of Flying Daggers (Shi mian mai fu) (2004),Action|Drama|Romance
8984,Ocean's Twelve (2004),Action|Comedy|Crime|Thriller
8985,Blade: Trinity (2004),Action|Fantasy|Horror|Thriller
9010,Love Me If You Dare (Jeux d'enfants) (2003),Drama|Romance
25750,Sherlock Jr. (1924),Comedy|Fantasy|Romance
25826,Libeled Lady (1936),Comedy|Romance
25833,Camille (1936),Drama|Romance
25834,Captains Courageous (1937),Adventure|Drama
25841,Stage Door (1937),Drama
25856,Wuthering Heights (1939),Drama|Romance
25886,Random Harvest (1942),Drama|Romance
26003,Night and Fog (Nuit et brouillard) (1955),Crime|Documentary|War
26038,Teacher's Pet (1958),Comedy|Romance
26131,"Battle of Algiers, The (La battaglia di Algeri) (1966)",Drama|War
26133,"Charlie Brown Christmas, A (1965)",Animation|Children|Comedy
26151,Au Hasard Balthazar (1966),Crime|Drama
26152,Batman (1966),Action|Adventure|Comedy
26171,Play Time (a.k.a. Playtime) (1967),Comedy
26183,Asterix and Cleopatra (Astérix et Cléopâtre) (1968),Action|Adventure|Animation|Children|Comedy
26198,"Yours, Mine and Ours (1968)",Children|Comedy
26242,Duel (1971),Action|Mystery|Thriller
26313,California Split (1974),Comedy|Drama
26322,Gone in 60 Seconds (1974),Action|Crime|Drama
26413,Snake in the Eagle's Shadow (Se ying diu sau) (1978),Action|Comedy
26429,Love at First Bite (1979),Comedy|Horror|Romance
26453,Smiley's People (1982),Drama|Mystery
26467,"Day After, The (1983)",Drama|Sci-Fi
26504,Cloak & Dagger (1984),Action|Adventure|Children|Crime|Mystery|Thriller
26528,Anne of Green Gables (1985),Children|Drama
26542,Ewoks: The Battle for Endor (1985),Adventure|Children|Fantasy|Sci-Fi
26614,"Bourne Identity, The (1988)",Action|Adventure|Drama|Mystery|Thriller
26662,Kiki's Delivery Service (Majo no takkyûbin) (1989),Adventure|Animation|Children|Drama|Fantasy
26680,Cry-Baby (1990),Comedy|Musical|Romance
26700,Nuns on the Run (1990),Comedy|Crime
26761,Prime Suspect 2 (1992),Crime|Drama|Mystery|Romance|Thriller
26765,City Hunter (Sing si lip yan) (1993),Action|Comedy|Romance
26776,Porco Rosso (Crimson Pig) (Kurenai no buta) (1992),Adventure|Animation|Comedy|Fantasy|Romance
26778,Ladybugs (1992),Comedy
26791,Shining Through (1992),Drama|Romance|Thriller|War
26810,Bad Boy Bubby (1993),Drama
26812,Barbarians at the Gate (1993),Drama
26838,"Snapper, The (1993)",Comedy|Drama
26854,"Darkman II: Return of Durant, The (1995)",Action|Crime|Horror
26861,Freaked (1993),Comedy|Sci-Fi
26865,Fist of Legend (Jing wu ying xiong) (1994),Action|Drama
26875,"Pure Formality, A (Pura formalità, Una) (1994)",Crime|Film-Noir|Mystery|Thriller
26903,Whisper of the Heart (Mimi wo sumaseba) (1995),Animation|Drama|Romance
27020,Gia (1998),Drama|Romance
27032,Who Am I? (Wo shi shei) (1998),Action|Adventure|Comedy|Sci-Fi|Thriller
27036,Merlin (1998),Action|Adventure|Drama|Fantasy|Romance
27124,Bleeder (1999),Drama|Thriller
27186,Kirikou and the Sorceress (Kirikou et la sorcière) (1998),Adventure|Animation|Children|Fantasy
27368,Asterix & Obelix: Mission Cleopatra (Astérix & Obélix: Mission Cléopâtre) (2002),Adventure|Comedy|Fantasy
27397,Joint Security Area (Gongdong gyeongbi guyeok JSA) (2000),Crime|Drama|Mystery|Thriller|War
27434,Darkness (2002),Horror|Mystery
27441,Blood: The Last Vampire (2000),Action|Animation|Horror
27450,Blueberry (2004),Adventure|Western
27473,American Psycho II: All American Girl (2002),Comedy|Crime|Horror|Mystery|Thriller
27478,Ali G Indahouse (2002),Comedy
27563,"Happiness of the Katakuris, The (Katakuri-ke no kôfuku) (2001)",Comedy|Horror|Musical
27604,Suicide Club (Jisatsu saakuru) (2001),Horror|Mystery|Thriller
27611,Battlestar Galactica (2003),Drama|Sci-Fi|War
27618,"Sound of Thunder, A (2005)",Action|Adventure|Drama|Sci-Fi|Thriller
27619,"Lion King 1½, The (2004)",Adventure|Animation|Children|Comedy
27627,Oasis (2002),Drama|Romance
27660,"Animatrix, The (2003)",Action|Animation|Drama|Sci-Fi
27683,Tremors 4: The Legend Begins (2004),Action|Comedy|Horror|Sci-Fi|Thriller|Western
27689,"Crimson Rivers 2: Angels of the Apocalypse (Rivières pourpres II - Les anges de l'apocalypse, Les) (2004)",Action|Crime|Thriller
27706,Lemony Snicket's A Series of Unfortunate Events (2004),Adventure|Children|Comedy|Fantasy
27708,Helen of Troy (2003),Action|Adventure|Drama|Romance
27721,"Very Long Engagement, A (Un long dimanche de fiançailles) (2004)",Drama|Mystery|Romance|War
27731,"Cat Returns, The (Neko no ongaeshi) (2002)",Adventure|Animation|Children|Fantasy
27741,"Twilight Samurai, The (Tasogare Seibei) (2002)",Drama|Romance
27768,Intimate Strangers (Confidences trop intimes) (2004),Drama
27769,Down to the Bone (2004),Drama
27773,Old Boy (2003),Mystery|Thriller
27788,"Jacket, The (2005)",Drama|Mystery|Sci-Fi|Thriller
27801,Ong-Bak: The Thai Warrior (Ong Bak) (2003),Action|Thriller
27808,Spanglish (2004),Comedy|Drama|Romance
27815,"Chorus, The (Choristes, Les) (2004)",Drama
27821,"Interpreter, The (2005)",Drama|Thriller
27822,Open Water (2003),Drama|Thriller
27831,Layer Cake (2004),Crime|Drama|Thriller
27834,"Return, The (Vozvrashcheniye) (2003)",Drama
27838,Mean Creek (2004),Drama|Thriller
27846,"Corporation, The (2003)",Documentary
27873,Metallica: Some Kind of Monster (2004),Documentary
27879,DiG! (2004),Documentary
27882,Riding Giants (2004),Documentary
27904,"Scanner Darkly, A (2006)",Animation|Drama|Mystery|Sci-Fi|Thriller
30707,Million Dollar Baby (2004),Drama
30745,Gozu (Gokudô kyôfu dai-gekijô: Gozu) (2003),Comedy|Crime|Drama|Horror|Mystery
30749,Hotel Rwanda (2004),Drama|War
30793,Charlie and the Chocolate Factory (2005),Adventure|Children|Comedy|Fantasy|IMAX
30810,"Life Aquatic with Steve Zissou, The (2004)",Adventure|Comedy|Fantasy
30812,"Aviator, The (2004)",Drama
30816,"Phantom of the Opera, The (2004)",Drama|Musical|Romance
30820,"Woodsman, The (2004)",Drama
30822,In Good Company (2004),Comedy|Drama
30825,Meet the Fockers (2004),Comedy
30846,"Assassination of Richard Nixon, The (2004)",Crime|Drama|Thriller
30848,"Love Song for Bobby Long, A (2004)",Drama
30883,Fat Albert (2004),Comedy|Fantasy
30894,White Noise (2005),Drama|Horror|Mystery|Sci-Fi|Thriller
30898,"Upside of Anger, The (2005)",Comedy|Drama|Romance
31049,Out Cold (1989),Comedy|Thriller
31101,Stander (2003),Action|Crime|Drama
31114,Imaginary Heroes (2004),Comedy|Drama
31221,Elektra (2005),Action|Adventure|Crime|Drama
31364,Memories of Murder (Salinui chueok) (2003),Crime|Drama|Mystery|Thriller
31410,"Downfall (Untergang, Der) (2004)",Drama|War
31424,Alone in the Dark (2005),Action|Horror|Sci-Fi|Thriller
31433,"Wedding Date, The (2005)",Comedy|Romance
31445,Employee of the Month (2004),Comedy|Drama
31610,Purple Butterfly (Zi hudie) (2003),Drama
31658,Howl's Moving Castle (Hauru no ugoku shiro) (2004),Adventure|Animation|Fantasy|Romance
31660,Steamboy (Suchîmubôi) (2004),Action|Animation|Drama|Sci-Fi
31685,Hitch (2005),Comedy|Romance
31692,Uncle Nino (2003),Comedy
31694,Bride & Prejudice (2004),Comedy|Musical|Romance
31696,Constantine (2005),Action|Fantasy|Horror|Thriller
31700,Because of Winn-Dixie (2005),Children|Comedy|Drama
31878,Kung Fu Hustle (Gong fu) (2004),Action|Comedy
32019,Be Cool (2005),Comedy|Crime|Musical
32029,Hostage (2005),Action|Crime|Drama|Thriller
32060,"Cat and the Canary, The (1927)",Horror|Mystery
32179,Elevator to the Gallows (a.k.a. Frantic) (Ascenseur pour l'échafaud) (1958),Crime|Drama|Thriller
32289,Ice Princess (2005),Children|Comedy|Drama
32291,Melinda and Melinda (2004),Comedy|Drama
32294,Milk and Honey (2003),Drama
32296,Miss Congeniality 2: Armed and Fabulous (2005),Adventure|Comedy|Crime
32298,Guess Who (2005),Comedy|Romance
32387,"Sword of Doom, The (Dai-bosatsu tôge) (1966)",Action|Drama
32460,Knockin' on Heaven's Door (1997),Action|Comedy|Crime|Drama
32511,"Touch of Zen, A (Xia nu) (1971)",Action|Adventure
32515,Walker (1987),Adventure|Drama|War|Western
32554,Memories (Memorîzu) (1995),Animation|Fantasy|Sci-Fi|Thriller
32587,Sin City (2005),Action|Crime|Film-Noir|Mystery|Thriller
32596,Sahara (2005),Action|Adventure|Comedy
32666,National Lampoon's Lady Killers (National Lampoon's Gold Diggers) (2003),Comedy
32892,Ivan's Childhood (a.k.a. My Name is Ivan) (Ivanovo detstvo) (1962),Drama|War
33004,"Hitchhiker's Guide to the Galaxy, The (2005)",Adventure|Comedy|Sci-Fi
33085,"Amityville Horror, The (2005)",Horror|Thriller
33158,xXx: State of the Union (2005),Action|Crime|Thriller
33162,Kingdom of Heaven (2005),Action|Drama|Romance|War
33164,House of Wax (2005),Horror|Thriller
33166,Crash (2004),Crime|Drama
33310,"Common Thread, A (a.k.a. Sequins) (Brodeuses) (2004)",Drama|Romance
33435,Los Angeles Plays Itself (2003),Documentary
33437,Unleashed (Danny the Dog) (2005),Action|Crime|Drama|Thriller
33493,Star Wars: Episode III - Revenge of the Sith (2005),Action|Adventure|Sci-Fi
33499,Monster-in-Law (2005),Comedy|Romance
33615,Madagascar (2005),Adventure|Animation|Children|Comedy
33646,"Longest Yard, The (2005)",Comedy|Drama
33660,Cinderella Man (2005),Drama|Romance
33672,Lords of Dogtown (2005),Action|Comedy|Drama
33679,Mr. & Mrs. Smith (2005),Action|Adventure|Comedy|Romance
33681,"Adventures of Sharkboy and Lavagirl 3-D, The (2005)",Action|Adventure|Children|Fantasy
33725,It's All Gone Pete Tong (2004),Comedy|Drama|Musical
33781,Quo Vadis (1951),Drama|Romance
33794,Batman Begins (2005),Action|Crime|IMAX
33815,"Perfect Man, The (2005)",Comedy|Drama|Romance
33834,Land of the Dead (2005),Action|Horror|Thriller
33836,Bewitched (2005),Comedy|Fantasy|Romance
33896,3 Extremes (Three... Extremes) (Saam gaang yi) (2004),Horror
34018,At the Circus (1939),Comedy|Musical
34048,War of the Worlds (2005),Action|Adventure|Sci-Fi|Thriller
34072,"March of the Penguins (Marche de l'empereur, La) (2005)",Documentary
34150,Fantastic Four (2005),Action|Adventure|Sci-Fi
34153,Murderball (2005),Documentary
34162,Wedding Crashers (2005),Comedy|Romance
34271,Hustle & Flow (2005),Crime|Drama
34319,"Island, The (2005)",Action|Sci-Fi|Thriller
34326,Last Days (2005),Drama
34332,Sky High (2005),Action|Adventure|Children|Comedy
34338,"Aristocrats, The (2005)",Comedy|Documentary
34405,Serenity (2005),Action|Adventure|Sci-Fi
34437,Broken Flowers (2005),Comedy|Drama
34520,"Dukes of Hazzard, The (2005)",Action|Adventure|Comedy
34532,"Skeleton Key, The (2005)",Drama|Horror|Mystery|Thriller
34534,Four Brothers (2005),Action|Crime|Drama
34540,Pretty Persuasion (2005),Comedy|Drama
34800,Private Resort (1985),Comedy
35347,Animal Farm (1954),Animation|Drama
35836,"40-Year-Old Virgin, The (2005)",Comedy|Romance
35957,Red Eye (2005),Horror|Thriller
36276,Hidden (a.k.a. Cache) (Caché) (2005),Drama|Mystery|Thriller
36289,Asterix & Obelix vs. Caesar (Astérix et Obélix contre César) (1999),Adventure|Children|Comedy|Fantasy
36363,Kin-Dza-Dza! (1986),Comedy|Drama|Sci-Fi
36401,"Brothers Grimm, The (2005)",Comedy|Fantasy|Horror|Thriller
36509,"Cave, The (2005)",Action|Adventure|Horror|Mystery|Sci-Fi|Thriller
36517,"Constant Gardener, The (2005)",Drama|Thriller
36519,Transporter 2 (2005),Action|Crime|Thriller
36525,Just Like Heaven (2005),Comedy|Fantasy|Romance
36529,Lord of War (2005),Action|Crime|Drama|Thriller|War
36535,Everything Is Illuminated (2005),Comedy|Drama
36708,Family Guy Presents Stewie Griffin: The Untold Story (2005),Adventure|Animation|Comedy
37240,Why We Fight (2005),Documentary
37380,Doom (2005),Action|Horror|Sci-Fi
37384,Waiting... (2005),Comedy
37386,Aeon Flux (2005),Action|Sci-Fi
37545,Woyzeck (1979),Drama
37727,Flightplan (2005),Action|Drama|Thriller
37729,Corpse Bride (2005),Animation|Comedy|Fantasy|Musical|Romance
37731,Green Street Hooligans (a.k.a. Hooligans) (2005),Crime|Drama
37733,"History of Violence, A (2005)",Action|Crime|Drama|Thriller
37736,Oliver Twist (2005),Drama
37741,Capote (2005),Crime|Drama
37857,MirrorMask (2005),Adventure|Children|Drama|Fantasy
38038,Wallace & Gromit in The Curse of the Were-Rabbit (2005),Adventure|Animation|Children|Comedy
38061,Kiss Kiss Bang Bang (2005),Comedy|Crime|Mystery|Thriller
38886,"Squid and the Whale, The (2005)",Comedy|Drama
39183,Brokeback Mountain (2005),Drama|Romance
39231,Elizabethtown (2005),Comedy|Drama|Romance
39292,"Good Night, and Good Luck. (2005)",Crime|Drama
39400,"Fog, The (2005)",Action|Horror|Mystery|Thriller
39414,Shopgirl (2005),Comedy|Drama|Romance
39427,Stay (2005),Thriller
39435,"Legend of Zorro, The (2005)",Action|Adventure|Drama|Western
39444,"Weather Man, The (2005)",Comedy|Drama
39869,Manderlay (2005),Drama
40278,Jarhead (2005),Action|Drama|War
40339,Chicken Little (2005),Action|Adventure|Animation|Children|Comedy|Sci-Fi
40491,"Match Factory Girl, The (Tulitikkutehtaan tyttö) (1990)",Comedy|Drama
40578,Sword of the Beast (Kedamono no ken) (1965),Action|Drama
40581,Just Friends (2005),Comedy|Romance
40583,Syriana (2005),Drama|Thriller
40629,Pride & Prejudice (2005),Drama|Romance
40723,Wolf Creek (2005),Crime|Horror|Thriller
40732,"Descent, The (2005)",Adventure|Drama|Horror|Thriller
40815,Harry Potter and the Goblet of Fire (2005),Adventure|Fantasy|Thriller|IMAX
40819,Walk the Line (2005),Drama|Musical|Romance
40955,Breakfast on Pluto (2005),Comedy|Drama
41285,Match Point (2005),Crime|Drama|Romance
41527,Paradise Now (2005),Crime|Drama|Thriller|War
41566,"Chronicles of Narnia: The Lion, the Witch and the Wardrobe, The (2005)",Adventure|Children|Fantasy
41569,King Kong (2005),Action|Adventure|Drama|Fantasy|Thriller
41571,Memoirs of a Geisha (2005),Drama|Romance
41573,"Family Stone, The (2005)",Comedy|Drama|Romance
41997,Munich (2005),Action|Crime|Drama|Thriller
42002,"Producers, The (2005)",Comedy|Musical
42004,Transamerica (2005),Adventure|Comedy|Drama
42007,Rumor Has It... (2005),Comedy|Drama|Romance
42013,"Ringer, The (2005)",Comedy
42015,Casanova (2005),Action|Adventure|Comedy|Drama|Romance
42723,Hostel (2005),Horror
42728,Tristan & Isolde (2006),Drama|Romance
42738,Underworld: Evolution (2006),Action|Fantasy|Horror
43396,"World's Fastest Indian, The (2005)",Drama
43460,Tristram Shandy: A Cock and Bull Story (2005),Comedy|Drama
43556,Annapolis (2006),Drama
43679,Final Destination 3 (2006),Horror|Mystery|Thriller
43869,Curious George (2006),Adventure|Animation|Children|Comedy
43871,Firewall (2006),Crime|Drama|Thriller
43904,When a Stranger Calls (2006),Horror|Thriller
43917,Eight Below (2006),Action|Adventure|Drama|Romance
43928,Ultraviolet (2006),Action|Fantasy|Sci-Fi|Thriller
43936,16 Blocks (2006),Crime|Thriller
44022,Ice Age 2: The Meltdown (2006),Adventure|Animation|Children|Comedy
44191,V for Vendetta (2006),Action|Sci-Fi|Thriller|IMAX
44195,Thank You for Smoking (2006),Comedy|Drama
44199,Inside Man (2006),Crime|Drama|Thriller
44204,Tsotsi (2005),Crime|Drama
44241,Leprechaun 3 (1995),Comedy|Fantasy|Horror
44555,"Lives of Others, The (Das leben der Anderen) (2006)",Drama|Romance|Thriller
44613,Take the Lead (2006),Drama
44665,Lucky Number Slevin (2006),Crime|Drama|Mystery
44694,Volver (2006),Comedy|Drama
44709,Akeelah and the Bee (2006),Drama
44761,Brick (2005),Crime|Drama|Film-Noir|Mystery
44788,This Film Is Not Yet Rated (2006),Documentary
44828,Slither (2006),Comedy|Horror|Sci-Fi
44840,"Benchwarmers, The (2006)",Comedy
44972,Scary Movie 4 (2006),Comedy|Horror
44974,Hard Candy (2005),Drama|Thriller
45062,"Sentinel, The (2006)",Crime|Drama|Thriller
45186,Mission: Impossible III (2006),Action|Adventure|Thriller
45208,RV (2006),Adventure|Children|Comedy
45210,United 93 (2006),Crime|Drama
45221,Stick It (2006),Comedy
45431,Over the Hedge (2006),Adventure|Animation|Children|Comedy
45440,Art School Confidential (2006),Comedy|Drama
45447,"Da Vinci Code, The (2006)",Drama|Mystery|Thriller
45499,X-Men: The Last Stand (2006),Action|Sci-Fi|Thriller
45503,Peaceful Warrior (2006),Drama
45517,Cars (2006),Animation|Children|Comedy
45635,"Notorious Bettie Page, The (2005)",Drama
45666,Nacho Libre (2006),Comedy
45668,"Lake House, The (2006)",Drama|Fantasy|Romance
45672,Click (2006),Adventure|Comedy|Drama|Fantasy|Romance
45720,"Devil Wears Prada, The (2006)",Comedy|Drama
45722,Pirates of the Caribbean: Dead Man's Chest (2006),Action|Adventure|Fantasy
45726,"You, Me and Dupree (2006)",Comedy
45730,Lady in the Water (2006),Drama|Fantasy|Mystery
45732,My Super Ex-Girlfriend (2006),Comedy|Fantasy|Romance
45880,Marie Antoinette (2006),Drama|Romance
45928,Who Killed the Electric Car? (2006),Documentary
45950,"Inconvenient Truth, An (2006)",Documentary
46322,Jet Li's Fearless (Huo Yuan Jia) (2006),Action|Drama
46335,"Fast and the Furious: Tokyo Drift, The (Fast and the Furious 3, The) (2006)",Action|Crime|Drama|Thriller
46530,Superman Returns (2006),Action|Adventure|Sci-Fi|IMAX
46578,Little Miss Sunshine (2006),Adventure|Comedy|Drama
46723,Babel (2006),Drama|Thriller
46865,Little Man (2006),Comedy
46965,Snakes on a Plane (2006),Action|Comedy|Horror|Thriller
46967,Scoop (2006),Comedy|Fantasy|Mystery
46970,Talladega Nights: The Ballad of Ricky Bobby (2006),Action|Comedy
46972,Night at the Museum (2006),Action|Comedy|Fantasy|IMAX
46976,Stranger than Fiction (2006),Comedy|Drama|Fantasy|Romance
47044,Miami Vice (2006),Action|Crime|Drama|Thriller
47099,"Pursuit of Happyness, The (2006)",Drama
47122,John Tucker Must Die (2006),Comedy|Romance
47124,"Ant Bully, The (2006)",Adventure|Animation|Children|Comedy|Fantasy|IMAX
47200,Crank (2006),Action|Thriller
47382,Step Up (2006),Drama|Romance
47404,Mind Game (2004),Adventure|Animation|Comedy|Fantasy|Romance|Sci-Fi
47518,Accepted (2006),Comedy
47538,Crime Busters (1977),Action|Adventure|Comedy|Crime
47566,Born to Kill (1947),Crime|Drama|Film-Noir
47610,"Illusionist, The (2006)",Drama|Fantasy|Mystery|Romance
47629,The Queen (2006),Drama
47721,"Red Balloon, The (Ballon rouge, Le) (1956)",Children|Fantasy
47725,Angel-A (2005),Comedy|Drama|Fantasy|Romance
47950,Hollywoodland (2006),Crime|Drama|Mystery|Thriller
47970,"Last Kiss, The (2006)",Comedy|Drama
47997,Idiocracy (2006),Adventure|Comedy|Sci-Fi|Thriller
48001,"Bow, The (Hwal) (2005)",Drama|Romance
48043,"Fountain, The (2006)",Drama|Fantasy|Romance
48082,"Science of Sleep, The (La science des rêves) (2006)",Comedy|Drama|Fantasy|Romance
48142,"Black Dahlia, The (2006)",Crime|Drama|Mystery|Thriller
48161,Gridiron Gang (2006),Drama
48214,Land of Plenty (Angst and Alienation in America) (2004),Drama
48304,Apocalypto (2006),Adventure|Drama|Thriller
48342,Conversations with Other Women (2005),Comedy|Drama|Romance
48385,Borat: Cultural Learnings of America for Make Benefit Glorious Nation of Kazakhstan (2006),Comedy
48394,"Pan's Labyrinth (Laberinto del fauno, El) (2006)",Drama|Fantasy|Thriller
48516,"Departed, The (2006)",Crime|Drama|Thriller
48518,"Texas Chainsaw Massacre: The Beginning, The (2006)",Horror|Thriller
48696,Little Children (2006),Drama|Romance
48738,"Last King of Scotland, The (2006)",Drama|Thriller
48744,Shortbus (2006),Comedy|Drama|Romance
48774,Children of Men (2006),Action|Adventure|Drama|Sci-Fi|Thriller
48780,"Prestige, The (2006)",Drama|Mystery|Sci-Fi|Thriller
48783,Flags of Our Fathers (2006),Drama|War
48877,Saw III (2006),Crime|Horror|Thriller
48982,Flushed Away (2006),Animation|Comedy
48997,Perfume: The Story of a Murderer (2006),Crime|Drama|Thriller
49272,Casino Royale (2006),Action|Adventure|Thriller
49274,Happy Feet (2006),Adventure|Animation|Children|Comedy|IMAX
49278,Déjà Vu (Deja Vu) (2006),Action|Sci-Fi|Thriller
49280,Bobby (2006),Drama
49286,"Holiday, The (2006)",Comedy|Romance
49347,Fast Food Nation (2006),Drama
49396,Tenacious D in The Pick of Destiny (2006),Adventure|Comedy|Musical
49530,Blood Diamond (2006),Action|Adventure|Crime|Drama|Thriller|War
49649,Eragon (2006),Action|Adventure|Fantasy
49651,Rocky Balboa (2006),Action|Drama
49793,We Are Marshall (2006),Drama
49822,"Good Shepherd, The (2006)",Drama|Thriller
49824,Dreamgirls (2006),Drama|Musical
49910,Freedom Writers (2007),Drama
49932,Inland Empire (2006),Drama|Mystery|Thriller
49957,"History Boys, The (2006)",Comedy|Drama
49961,Notes on a Scandal (2006),Drama
50068,Letters from Iwo Jima (2006),Drama|War
50158,Stomp the Yard (2007),Drama|Musical
50189,American Pie Presents The Naked Mile (American Pie 5: The Naked Mile) (2006),Comedy|Romance
50685,Waitress (2007),Comedy|Drama|Romance
50802,Because I Said So (2007),Comedy|Drama|Romance
50851,Cocaine Cowboys (2006),Documentary
50872,Ratatouille (2007),Animation|Children|Drama
51077,Ghost Rider (2007),Action|Fantasy|Thriller
51080,Breach (2007),Drama|Thriller
51084,Music and Lyrics (2007),Comedy|Romance
51086,"Number 23, The (2007)",Drama|Mystery|Thriller
51088,Reno 911!: Miami (2007),Comedy
51091,Black Snake Moan (2006),Drama
51255,Hot Fuzz (2007),Action|Comedy|Crime|Mystery
51412,Next (2007),Action|Sci-Fi|Thriller
51540,Zodiac (2007),Crime|Drama|Thriller
51545,Pusher III: I'm the Angel of Death (2005),Action|Comedy|Drama|Horror|Thriller
51575,Wild Hogs (2007),Adventure|Comedy
51662,300 (2007),Action|Fantasy|War|IMAX
51931,Reign Over Me (2007),Drama
51935,Shooter (2007),Action|Drama|Thriller
51939,TMNT (Teenage Mutant Ninja Turtles) (2007),Action|Adventure|Animation|Children|Comedy|Fantasy
52241,"Lookout, The (2007)",Crime|Drama|Thriller
52245,Blades of Glory (2007),Comedy|Romance
52281,Grindhouse (2007),Action|Crime|Horror|Sci-Fi|Thriller
52287,Meet the Robinsons (2007),Action|Adventure|Animation|Children|Comedy|Sci-Fi
52319,Inglorious Bastards (Quel maledetto treno blindato) (1978),Action|Adventure|Drama|War
52328,Sunshine (2007),Adventure|Drama|Sci-Fi|Thriller
52435,How the Grinch Stole Christmas! (1966),Animation|Comedy|Fantasy|Musical
52604,Fracture (2007),Crime|Drama|Mystery|Thriller
52722,Spider-Man 3 (2007),Action|Adventure|Sci-Fi|Thriller|IMAX
52730,It's a Very Merry Muppet Christmas Movie (2002),Children|Comedy
52867,"Ex, The (2007)",Comedy|Romance
52885,Paprika (Papurika) (2006),Animation|Mystery|Sci-Fi
52952,This Is England (2006),Drama
52973,Knocked Up (2007),Comedy|Drama|Romance
53000,28 Weeks Later (2007),Horror|Sci-Fi|Thriller
53022,Wheels on Meals (Kuai can che) (1984),Action|Comedy|Crime|Romance
53121,Shrek the Third (2007),Adventure|Animation|Children|Comedy|Fantasy
53123,Once (2006),Drama|Musical|Romance
53125,Pirates of the Caribbean: At World's End (2007),Action|Adventure|Comedy|Fantasy
53322,Ocean's Thirteen (2007),Crime|Thriller
53435,Hostel: Part II (2007),Crime|Horror|Thriller
53447,Paranoid Park (2007),Crime|Drama
53460,Surf's Up (2007),Animation|Children|Comedy
53464,Fantastic Four: Rise of the Silver Surfer (2007),Action|Adventure|Sci-Fi
53519,Death Proof (2007),Action|Adventure|Crime|Horror|Thriller
53550,Rescue Dawn (2006),Action|Adventure|Drama|War
53894,Sicko (2007),Documentary|Drama
53953,1408 (2007),Drama|Horror|Thriller
53972,Live Free or Die Hard (2007),Action|Adventure|Crime|Thriller
53974,License to Wed (2007),Comedy|Romance
53993,Evan Almighty (2007),Comedy|Fantasy
53996,Transformers (2007),Action|Sci-Fi|Thriller|IMAX
54001,Harry Potter and the Order of the Phoenix (2007),Adventure|Drama|Fantasy|IMAX
54004,I Now Pronounce You Chuck and Larry (2007),Comedy|Romance
54190,Across the Universe (2007),Drama|Fantasy|Musical|Romance
54256,Hot Rod (2007),Comedy
54259,Stardust (2007),Adventure|Comedy|Fantasy|Romance
54272,"Simpsons Movie, The (2007)",Animation|Comedy
54274,I Know Who Killed Me (2007),Crime|Drama|Thriller
54286,"Bourne Ultimatum, The (2007)",Action|Crime|Thriller
54372,Tell No One (Ne le dis à personne) (2006),Crime|Drama|Mystery|Thriller
54503,Superbad (2007),Comedy
54732,Balls of Fury (2007),Comedy
54745,Rocket Science (2007),Comedy|Drama
54995,Planet Terror (2007),Action|Horror|Sci-Fi
54997,3:10 to Yuma (2007),Action|Crime|Drama|Western
54999,Shoot 'Em Up (2007),Action|Comedy|Crime
55020,"Ten, The (2007)",Comedy
55052,Atonement (2007),Drama|Romance|War
55116,"Hunting Party, The (2007)",Action|Adventure|Comedy|Drama|Thriller
55118,Eastern Promises (2007),Crime|Drama|Thriller
55232,Resident Evil: Extinction (2007),Action|Horror|Sci-Fi|Thriller
55245,Good Luck Chuck (2007),Comedy|Romance
55247,Into the Wild (2007),Action|Adventure|Drama
55250,"Game Plan, The (2007)",Comedy
55253,"Lust, Caution (Se, jie) (2007)",Drama|Romance|Thriller|War
55261,"Heartbreak Kid, The (2007)",Comedy|Drama|Romance
55267,Dan in Real Life (2007),Comedy|Drama|Romance
55269,"Darjeeling Limited, The (2007)",Adventure|Comedy|Drama
55276,Michael Clayton (2007),Drama|Thriller
55280,Lars and the Real Girl (2007),Comedy|Drama
55282,30 Days of Night (2007),Horror|Thriller
55290,Gone Baby Gone (2007),Crime|Drama|Mystery
55442,Persepolis (2007),Animation|Drama
55553,Black Sheep (2006),Comedy|Horror
55555,"Edge of Heaven, The (Auf der anderen Seite) (2007)",Drama
55577,Saw IV (2007),Crime|Horror|Thriller
55721,Elite Squad (Tropa de Elite) (2007),Action|Crime|Drama|Thriller
55765,American Gangster (2007),Crime|Drama|Thriller
55814,"Diving Bell and the Butterfly, The (Scaphandre et le papillon, Le) (2007)",Drama
55820,No Country for Old Men (2007),Crime|Drama
55872,August Rush (2007),Drama|Musical
55995,Beowulf (2007),Action|Adventure|Animation|Fantasy|IMAX
56145,"Mist, The (2007)",Horror|Sci-Fi
56156,Hitman (2007),Action|Crime|Thriller
56171,"Golden Compass, The (2007)",Adventure|Children|Fantasy
56174,I Am Legend (2007),Action|Horror|Sci-Fi|Thriller|IMAX
56176,Alvin and the Chipmunks (2007),Children|Comedy
56251,Futurama: Bender's Big Score (2007),Animation|Comedy|Sci-Fi
56286,I'm Not There (2007),Drama
56339,"Orphanage, The (Orfanato, El) (2007)",Drama|Horror|Mystery|Thriller
56367,Juno (2007),Comedy|Drama|Romance
56587,"Bucket List, The (2007)",Comedy|Drama
56757,Sweeney Todd: The Demon Barber of Fleet Street (2007),Drama|Horror|Musical|Thriller
56775,National Treasure: Book of Secrets (2007),Action|Adventure
56782,There Will Be Blood (2007),Drama|Western
56788,Charlie Wilson's War (2007),Comedy|Drama|War
56801,AVPR: Aliens vs. Predator - Requiem (2007),Action|Horror|Sci-Fi
56805,Walk Hard: The Dewey Cox Story (2007),Comedy|Musical
56908,Dedication (2007),Comedy|Drama|Romance
56941,P.S. I Love You (2007),Comedy|Drama|Romance
56949,27 Dresses (2008),Comedy|Romance
57243,"Band's Visit, The (Bikur Ha-Tizmoret) (2007)",Comedy|Drama
57368,Cloverfield (2008),Action|Mystery|Sci-Fi|Thriller
57504,"Girl Who Leapt Through Time, The (Toki o kakeru shôjo) (2006)",Animation|Comedy|Drama|Romance|Sci-Fi
57528,Rambo (Rambo 4) (2008),Action|Drama|Thriller|War
57532,Meet the Spartans (2008),Comedy
57640,Hellboy II: The Golden Army (2008),Action|Adventure|Fantasy|Sci-Fi
57669,In Bruges (2008),Comedy|Crime|Drama|Thriller
58025,Jumper (2008),Action|Adventure|Drama|Sci-Fi|Thriller
58103,Vantage Point (2008),Action|Drama|Thriller
58154,"Other Boleyn Girl, The (2008)",Drama|Romance
58156,Semi-Pro (2008),Comedy
58162,Run Fatboy Run (2007),Comedy|Romance
58293,"10,000 BC (2008)",Adventure|Romance|Thriller
58303,"Counterfeiters, The (Die Fälscher) (2007)",Crime|Drama|War
58332,Diary of the Dead (2007),Horror|Sci-Fi
58347,Penelope (2006),Comedy|Fantasy|Romance
58559,"Dark Knight, The (2008)",Action|Crime|Drama|IMAX
58803,21 (2008),Crime|Drama|Romance|Thriller
58826,"Shepherd: Border Patrol, The (2008)",Action|Crime|Thriller
58879,Shine a Light (2008),Documentary|Musical|IMAX
58998,Forgetting Sarah Marshall (2008),Comedy|Romance
59014,Superhero Movie (2008),Action|Comedy|Sci-Fi
59018,"Visitor, The (2007)",Drama|Romance
59037,Speed Racer (2008),Action|Children|Sci-Fi|IMAX
59103,"Forbidden Kingdom, The (2008)",Action|Adventure|Comedy|Fantasy
59129,Outpost (2008),Action|Horror
59131,Are You Scared? (2006),Horror
59258,Baby Mama (2008),Comedy
59315,Iron Man (2008),Action|Adventure|Sci-Fi
59333,Made of Honor (2008),Comedy|Romance
59369,Taken (2008),Action|Crime|Drama|Thriller
59387,"Fall, The (2006)",Adventure|Drama|Fantasy
59421,What Happens in Vegas... (2008),Comedy|Romance
59501,"Chronicles of Narnia: Prince Caspian, The (2008)",Adventure|Children|Fantasy
59549,Shelter (2007),Drama|Romance
59604,"Girl Next Door, The (2007)",Crime|Drama|Horror|Thriller
59615,Indiana Jones and the Kingdom of the Crystal Skull (2008),Action|Adventure|Comedy|Sci-Fi
59725,Sex and the City (2008),Comedy|Romance
59784,Kung Fu Panda (2008),Action|Animation|Children|Comedy|IMAX
59900,You Don't Mess with the Zohan (2008),Comedy
60040,"Incredible Hulk, The (2008)",Action|Sci-Fi
60046,"Children of Huang Shi, The (2008)",Drama|War
60069,WALL·E (2008),Adventure|Animation|Children|Romance|Sci-Fi
60072,Wanted (2008),Action|Thriller
60074,Hancock (2008),Action|Adventure|Comedy|Crime|Fantasy
60126,Get Smart (2008),Action|Comedy
60128,Young People Fucking (a.k.a. YPF) (2007),Comedy
60161,Futurama: The Beast with a Billion Backs (2008),Action|Animation|Comedy|Romance|Sci-Fi
60289,Kit Kittredge: An American Girl (2008),Children|Comedy|Drama|Mystery
60514,Journey to the Center of the Earth (2008),Action|Adventure|Sci-Fi
60684,Watchmen (2009),Action|Drama|Mystery|Sci-Fi|Thriller|IMAX
60735,Shotgun Stories (2007),Drama|Thriller
60753,Felon (2008),Crime|Drama
60756,Step Brothers (2008),Comedy
60760,"X-Files: I Want to Believe, The (2008)",Drama|Mystery|Sci-Fi|Thriller
60766,Man on Wire (2008),Documentary
60803,"Little Drummer Boy, The (1968)",Animation|Children|Musical
60818,Hogfather (Terry Pratchett's Hogfather) (2006),Adventure|Fantasy|Thriller
60937,"Mummy: Tomb of the Dragon Emperor, The (2008)",Action|Adventure|Fantasy|Thriller
60950,Vicky Cristina Barcelona (2008),Comedy|Drama|Romance
60979,Batman: Gotham Knight (2008),Action|Animation|Crime
61011,"Walker, The (2007)",Drama|Mystery
61024,Pineapple Express (2008),Action|Comedy|Crime
61026,Red Cliff (Chi bi) (2008),Action|Adventure|Drama|War
61132,Tropic Thunder (2008),Action|Adventure|Comedy|War
61240,Let the Right One In (Låt den rätte komma in) (2008),Drama|Fantasy|Horror|Romance
61250,"House Bunny, The (2008)",Comedy
61323,Burn After Reading (2008),Comedy|Crime|Drama
61348,Disaster Movie (2008),Comedy
61350,Babylon A.D. (2008),Action|Adventure|Sci-Fi|Thriller
61697,Righteous Kill (2008),Crime|Mystery|Thriller
61705,Lakeview Terrace (2008),Drama|Thriller
62113,How to Lose Friends & Alienate People (2008),Comedy
62208,"Sound of the Mountain (Thunder of the Mountain, The) (Yama no oto) (1954)",Drama
62374,Body of Lies (2008),Action|Drama|Thriller
62434,Zack and Miri Make a Porno (2008),Comedy|Drama|Romance
62511,"Synecdoche, New York (2008)",Comedy|Drama
62644,"Wave, The (Welle, Die) (2008)",Drama
62849,RocknRolla (2008),Action|Crime
62956,Futurama: Bender's Game (2008),Action|Adventure|Animation|Comedy|Fantasy|Sci-Fi
62970,Tin Man (2007),Adventure|Fantasy|Sci-Fi
62999,Madagascar: Escape 2 Africa (2008),Action|Adventure|Animation|Children|Comedy|IMAX
63072,"Road, The (2009)",Adventure|Drama|Thriller
63082,Slumdog Millionaire (2008),Crime|Drama|Romance
63113,Quantum of Solace (2008),Action|Adventure|Thriller
63131,Role Models (2008),Comedy
63179,Tokyo! (2008),Drama
63239,Cinderella (1997),Children|Fantasy|Musical|Romance
63436,Saw V (2008),Crime|Horror|Thriller
63808,"Class, The (Entre les murs) (2008)",Drama
63859,Bolt (2008),Action|Adventure|Animation|Children|Comedy
63876,Milk (2008),Drama
63992,Twilight (2008),Drama|Fantasy|Romance|Thriller
64030,Transporter 3 (2008),Action|Adventure|Crime|Thriller
64034,"Boy in the Striped Pajamas, The (Boy in the Striped Pyjamas, The) (2008)",Drama|War
64249,Shrek the Halls (2007),Adventure|Animation|Comedy|Fantasy
64497,"Day the Earth Stood Still, The (2008)",Drama|Sci-Fi|Thriller|IMAX
64614,Gran Torino (2008),Crime|Drama
64620,Frost/Nixon (2008),Drama
64716,Seven Pounds (2008),Drama
64839,"Wrestler, The (2008)",Drama
64957,"Curious Case of Benjamin Button, The (2008)",Drama|Fantasy|Mystery|Romance
64969,Yes Man (2008),Comedy
64983,Valkyrie (2008),Drama|Thriller|War
64993,5 Centimeters per Second (Byôsoku 5 senchimêtoru) (2007),Animation|Drama|Romance
65088,Bedtime Stories (2008),Adventure|Children|Comedy
65130,Revolutionary Road (2008),Drama|Romance
65133,Blackadder Back & Forth (1999),Comedy
65135,Blackadder's Christmas Carol (1988),Comedy
65230,Marley & Me (2008),Comedy|Drama
65261,Ponyo (Gake no ue no Ponyo) (2008),Adventure|Animation|Children|Fantasy
65350,"General Died at Dawn, The (1936)",Adventure|Crime|Thriller
65514,Ip Man (2008),Action|Drama|War
65577,"Tale of Despereaux, The (2008)",Adventure|Animation|Children|Comedy|Fantasy
65585,Bride Wars (2009),Comedy|Romance
65642,"Timecrimes (Cronocrímenes, Los) (2007)",Sci-Fi|Thriller
65682,Underworld: Rise of the Lycans (2009),Action|Fantasy|Horror|Thriller
65802,Paul Blart: Mall Cop (2009),Action|Comedy|Crime
66097,Coraline (2009),Animation|Fantasy|Thriller
66171,Push (2009),Sci-Fi|Thriller
66198,"International, The (2009)",Drama|Thriller
66203,He's Just Not That Into You (2009),Comedy|Drama|Romance
66297,Futurama: Into the Wild Green Yonder (2009),Action|Animation|Comedy|Sci-Fi
66371,Departures (Okuribito) (2008),Drama
66785,"Good, the Bad, the Weird, The (Joheunnom nabbeunnom isanghannom) (2008)",Action|Adventure|Comedy|Western
66934,Dr. Horrible's Sing-Along Blog (2008),Comedy|Drama|Musical|Sci-Fi
67087,"I Love You, Man (2009)",Comedy
67197,Knowing (2009),Action|Drama|Mystery|Sci-Fi|Thriller
67255,"Girl with the Dragon Tattoo, The (Män som hatar kvinnor) (2009)",Crime|Drama|Mystery|Thriller
67295,Kung Fu Panda: Secrets of the Furious Five (2008),Action|Animation|Children|Comedy
67408,Monsters vs. Aliens (2009),Animation|Sci-Fi|IMAX
67534,Big Stan (2007),Comedy
67695,Observe and Report (2009),Action|Comedy
67734,Adventureland (2009),Comedy|Drama
67788,Confessions of a Shopaholic (2009),Comedy|Romance
67923,"Fast & Furious (Fast and the Furious 4, The) (2009)",Action|Crime|Drama|Thriller
67997,In the Loop (2009),Comedy
68073,Pirate Radio (2009),Comedy|Drama
68157,Inglourious Basterds (2009),Action|Drama|War
68194,"Damned United, The (2009)",Drama
68205,Crank: High Voltage (2009),Action|Comedy|Crime
68237,Moon (2009),Drama|Mystery|Sci-Fi|Thriller
68319,X-Men Origins: Wolverine (2009),Action|Sci-Fi|Thriller
68347,Sin Nombre (2009),Crime|Drama|Thriller
68358,Star Trek (2009),Action|Adventure|Sci-Fi|IMAX
68444,"Great Buck Howard, The (2008)",Comedy
68554,Angels & Demons (2009),Crime|Drama|Mystery|Thriller
68600,Balls Out: Gary the Tennis Coach (2009),Comedy
68659,Fanboys (2009),Adventure|Comedy|Drama
68791,Terminator Salvation (2009),Action|Adventure|Sci-Fi|Thriller
68793,Night at the Museum: Battle of the Smithsonian (2009),Action|Comedy|IMAX
68835,Were the World Mine (2008),Adventure|Fantasy|Musical|Romance
68848,"Brothers Bloom, The (2008)",Adventure|Comedy|Crime|Romance
68886,I Do: How to Get Married and Stay Single (Prête-moi ta main) (2006),Comedy|Romance
68952,Drag Me to Hell (2009),Comedy|Horror
68954,Up (2009),Adventure|Animation|Children|Drama
69069,Fired Up (2009),Comedy
69122,"Hangover, The (2009)",Comedy|Crime
69278,Land of the Lost (2009),Action|Adventure|Comedy|Sci-Fi
69406,"Proposal, The (2009)",Comedy|Romance
69481,"Hurt Locker, The (2008)",Action|Drama|Thriller|War
69516,"Limits of Control, The (2009)",Crime|Drama|Film-Noir
69526,Transformers: Revenge of the Fallen (2009),Action|Adventure|Sci-Fi|IMAX
69640,Public Enemies (2009),Crime|Drama|Thriller
69644,Ice Age: Dawn of the Dinosaurs (2009),Action|Adventure|Animation|Children|Comedy|Romance
69757,(500) Days of Summer (2009),Comedy|Drama|Romance
69784,Brüno (Bruno) (2009),Comedy
69844,Harry Potter and the Half-Blood Prince (2009),Adventure|Fantasy|Mystery|Romance|IMAX
69951,"Imaginarium of Doctor Parnassus, The (2009)",Drama|Fantasy
69953,9to5: Days in Porn (a.k.a. 9 to 5: Days in Porn) (2008),Documentary
70159,Orphan (2009),Drama|Horror|Mystery|Thriller
70183,"Ugly Truth, The (2009)",Comedy|Drama|Romance
70206,"Collector, The (2009)",Crime|Horror|Thriller
70208,"Perfect Getaway, A (2009)",Horror|Thriller
70286,District 9 (2009),Mystery|Sci-Fi|Thriller
70361,12 Rounds (2009),Action|Thriller
70492,Winds of the Wasteland (1936),Western
70641,Miss March (2009),Comedy
70703,Christopher Columbus: The Discovery (1992),Adventure
70946,Troll 2 (1990),Fantasy|Horror
70984,Taking Woodstock (2009),Comedy
71033,"Secret in Their Eyes, The (El secreto de sus ojos) (2009)",Crime|Drama|Mystery|Romance|Thriller
71057,9 (2009),Adventure|Animation|Sci-Fi
71106,Frequently Asked Questions About Time Travel (2009),Comedy|Sci-Fi
71131,"Most Hated Family in America, The (2007)",Documentary
71135,Pandorum (2009),Horror|Sci-Fi|Thriller
71248,Extract (2009),Comedy
71264,Cloudy with a Chance of Meatballs (2009),Animation|Children|Fantasy|IMAX
71282,"Food, Inc. (2008)",Documentary
71464,"Serious Man, A (2009)",Comedy|Drama
71468,Ink (2009),Action|Fantasy|Sci-Fi
71518,Whip It (2009),Comedy|Drama
71530,Surrogates (2009),Action|Sci-Fi|Thriller
71535,Zombieland (2009),Action|Comedy|Horror
71579,"Education, An (2009)",Drama|Romance
71745,Where the Wild Things Are (2009),Adventure|Children|Drama|Fantasy|IMAX
71838,Law Abiding Citizen (2009),Drama|Thriller
71899,Mary and Max (2009),Animation|Comedy|Drama
72011,Up in the Air (2009),Drama|Romance
72142,Love Exposure (Ai No Mukidashi) (2008),Action|Comedy|Drama|Romance
72167,"Boondock Saints II: All Saints Day, The (2009)",Action|Crime|Drama|Thriller
72171,Black Dynamite (2009),Action|Comedy
72226,Fantastic Mr. Fox (2009),Adventure|Animation|Children|Comedy|Crime
72294,"Christmas Carol, A (2009)",Animation|Children|Drama|Fantasy|IMAX
72378,2012 (2009),Action|Drama|Sci-Fi|Thriller
72395,Precious (2009),Drama
72405,Bad Lieutenant: Port of Call New Orleans (2009),Crime|Drama
72407,"Twilight Saga: New Moon, The (2009)",Drama|Fantasy|Horror|Romance|Thriller
72605,Brothers (2009),Drama|Thriller|War
72641,"Blind Side, The  (2009)",Drama
72733,Invictus (2009),Drama
72737,"Princess and the Frog, The (2009)",Animation|Children|Fantasy|Musical|Romance
72982,Alice (2009),Action|Adventure|Fantasy
72998,Avatar (2009),Action|Adventure|Sci-Fi|IMAX
73017,Sherlock Holmes (2009),Action|Crime|Mystery|Thriller
73023,Crazy Heart (2009),Drama|Romance
73211,Pontypool (2008),Horror|Thriller
73268,Daybreakers (2010),Action|Drama|Horror|Thriller
73290,Hachiko: A Dog's Story (a.k.a. Hachi: A Dog's Tale) (2009),Drama
73319,Leap Year (2010),Comedy|Romance
73321,"Book of Eli, The (2010)",Action|Adventure|Drama
73323,"Girl Who Kicked the Hornet's Nest, The (Luftslottet som sprängdes) (2009)",Action|Crime|Mystery
73344,"Prophet, A (Un Prophète) (2009)",Crime|Drama
73431,"Maiden Heist, The (2009)",Comedy|Crime
73515,Bart Got a Room (2008),Comedy|Romance
73681,"Concert, Le (2009)",Comedy|Drama
73858,"Dennis the Menace Christmas, A (2007)",Comedy
74154,When in Rome (2010),Comedy|Romance
74226,"Dream of Light (a.k.a. Quince Tree Sun, The) (Sol del membrillo, El) (1992)",Documentary|Drama
74282,Anne of Green Gables: The Sequel (a.k.a. Anne of Avonlea) (1987),Children|Drama|Romance
74324,Temple Grandin (2010),Drama
74450,Valentine's Day (2010),Comedy|Romance
74452,"Wolfman, The (2010)",Horror|Thriller
74458,Shutter Island (2010),Drama|Mystery|Thriller
74530,Percy Jackson & the Olympians: The Lightning Thief (2010),Adventure|Fantasy
74545,"Ghost Writer, The (2010)",Drama|Mystery|Thriller
74683,Mike Bassett: England Manager (2001),Comedy
74698,Tooth Fairy (2010),Comedy|Fantasy
74750,[REC]² (2009),Horror|Thriller
74789,Alice in Wonderland (2010),Adventure|Fantasy|IMAX
74795,Green Zone (2010),Action|Drama|Thriller|War
74868,Dorian Gray (2009),Drama|Horror|Sci-Fi
74916,Greenberg (2010),Comedy|Drama
74946,She's Out of My League (2010),Comedy
74948,Harry Brown (2009),Crime|Drama|Thriller
75805,"Bounty Hunter, The (2010)",Action|Comedy|Romance
75813,Leaves of Grass (2009),Comedy|Crime|Drama|Thriller
75985,Repo Men (2010),Action|Sci-Fi|Thriller
76054,Oceans (Océans) (2009),Documentary|Drama
76077,Hot Tub Time Machine (2010),Comedy|Sci-Fi
76091,Mother (Madeo) (2009),Crime|Drama|Mystery|Thriller
76093,How to Train Your Dragon (2010),Adventure|Animation|Children|Fantasy|IMAX
76143,"Bone Man, The (Der Knochenmann) (2009)",Crime|Thriller
76175,Clash of the Titans (2010),Action|Adventure|Drama|Fantasy
76251,Kick-Ass (2010),Action|Comedy
76293,Date Night (2010),Action|Comedy|Romance
76301,"Emperor's New Groove 2: Kronk's New Groove, The (2005)",Animation|Children|Comedy|Romance
76751,American Drug War: The Last White Hope (2007),Crime|Documentary
77233,"Union: The Business Behind Getting High, The (2007)",Comedy|Documentary
77364,"Losers, The (2010)",Action|Adventure|Drama|Mystery|Thriller
77414,"Last Song, The (2010)",Drama|Romance
77421,Cyrus (2010),Comedy|Drama|Romance
77455,Exit Through the Gift Shop (2010),Comedy|Documentary
77561,Iron Man 2 (2010),Action|Adventure|Sci-Fi|Thriller|IMAX
77800,Four Lions (2010),Comedy|Drama
77866,Robin Hood (2010),Action|Adventure|Drama|Romance|War
77893,Merantau (2009),Action|Drama
77931,Stingray Sam (2009),Comedy|Musical|Sci-Fi|Western
78034,Cemetery Junction (2010),Comedy|Drama|Romance
78088,Buried (2010),Mystery|Thriller
78105,Prince of Persia: The Sands of Time (2010),Action|Adventure|Fantasy|Romance|IMAX
78209,Get Him to the Greek (2010),Comedy
78264,"Back-up Plan, The (2010)",Comedy|Romance
78266,Splice (2009),Horror|Sci-Fi|Thriller
78316,Letters to Juliet (2010),Drama|Romance
78349,Exam (2009),Mystery|Thriller
78469,"A-Team, The (2010)",Action|Comedy|Thriller
78499,Toy Story 3 (2010),Adventure|Animation|Children|Comedy|Fantasy|IMAX
78574,Winter's Bone (2010),Drama|Thriller
78620,"Scalphunters, The (1968)",Comedy|Western
78637,Shrek Forever After (a.k.a. Shrek: The Final Chapter) (2010),Adventure|Animation|Children|Comedy|Fantasy|IMAX
78772,"Twilight Saga: Eclipse, The (2010)",Fantasy|Romance|Thriller|IMAX
78893,"Last Airbender, The (2010)",Action|Adventure|Fantasy
78959,Endgame (2009),Drama
79008,South Park: Imaginationland (2008),Animation|Comedy|Fantasy
79091,Despicable Me (2010),Animation|Children|Comedy|Crime
79132,Inception (2010),Action|Crime|Drama|Mystery|Sci-Fi|Thriller|IMAX
79134,Grown Ups (2010),Comedy
79139,"Sorcerer's Apprentice, The (2010)",Action|Adventure|Children|Comedy|Fantasy
79185,Knight and Day (2010),Action|Comedy|Romance
79224,"Karate Kid, The (2010)",Action|Children|Drama
79242,"Kids Are All Right, The (2010)",Comedy|Drama
79293,Salt (2010),Action|Thriller
79357,Mr. Nobody (2009),Drama|Fantasy|Romance|Sci-Fi
79428,Dinner for Schmucks (2010),Comedy
79553,Ip Man 2 (2010),Action
79592,"Other Guys, The (2010)",Action|Comedy
79695,"Expendables, The (2010)",Action|Adventure|Thriller
79702,Scott Pilgrim vs. the World (2010),Action|Comedy|Fantasy|Musical|Romance
79879,Piranha (Piranha 3D) (2010),Action|Horror|Thriller
79895,"Extraordinary Adventures of Adèle Blanc-Sec, The (2010)",Action|Adventure|Fantasy|Mystery
80124,Sisters (Syostry) (2001),Action|Crime|Drama
80126,"American, The (2010)",Drama|Thriller
80166,"Switch, The (2010)",Comedy|Romance
80219,Machete (2010),Action|Adventure|Comedy|Crime|Thriller
80241,Going the Distance (2010),Comedy|Romance
80463,"Social Network, The (2010)",Drama
80478,"Man Vanishes, A (Ningen Johatsu) (1967)",Documentary|Drama|Mystery
80489,"Town, The (2010)",Crime|Drama|Thriller
80549,Easy A (2010),Comedy|Romance
80551,Eat Pray Love (2010),Drama|Romance
80590,Wall Street: Money Never Sleeps (2010),Drama
80615,Legend of the Guardians: The Owls of Ga'Hoole (2010),Adventure|Animation|Fantasy|IMAX
80693,It's Kind of a Funny Story (2010),Comedy|Drama
80831,Let Me In (2010),Drama|Horror|Mystery
80846,Devil (2010),Horror|Mystery|Thriller
80860,Life as We Know It (2010),Comedy|Romance
80864,You Will Meet a Tall Dark Stranger (2010),Comedy|Romance
80906,Inside Job (2010),Documentary
80917,Monsters (2010),Drama|Sci-Fi
80969,Never Let Me Go (2010),Drama|Romance|Sci-Fi
81018,"Illusionist, The (L'illusionniste) (2010)",Animation
81156,Jackass 3D (2010),Action|Comedy|Documentary
81229,Red (2010),Action|Comedy
81257,In a Better World (Hævnen) (2010),Drama
81562,127 Hours (2010),Adventure|Drama|Thriller
81564,Megamind (2010),Action|Animation|Children|Comedy|Sci-Fi|IMAX
81591,Black Swan (2010),Drama|Thriller
81782,Unstoppable (2010),Action|Drama|Thriller
81786,Certified Copy (Copie conforme) (2010),Drama
81819,Biutiful (2010),Drama
81834,Harry Potter and the Deathly Hallows: Part 1 (2010),Action|Adventure|Fantasy|IMAX
81845,"King's Speech, The (2010)",Drama
81847,Tangled (2010),Animation|Children|Comedy|Fantasy|Musical|Romance|IMAX
81910,"Art of the Steal, The (2009)",Documentary
81932,"Fighter, The (2010)",Drama
82041,"Loved Ones, The (2009)",Horror
82088,Vincent Wants to Sea (Vincent will meer) (2010),Drama
82093,London Boulevard (2010),Crime|Romance
82167,Love and Other Drugs (2010),Comedy|Drama|Romance
82169,"Chronicles of Narnia: The Voyage of the Dawn Treader, The (2010)",Adventure|Children|Fantasy
82202,"Tourist, The (2010)",Drama|Thriller
82378,All Good Things (2010),Drama|Mystery|Thriller
82459,True Grit (2010),Western
82461,Tron: Legacy (2010),Action|Adventure|Sci-Fi|IMAX
82499,How Do You Know (2010),Comedy|Drama|Romance
82641,"One-Armed Swordsman, The (Dubei dao) (1967)",Action|Drama
82684,Trash Humpers (2009),Drama
82852,Little Fockers (2010),Comedy
82854,Gulliver's Travels (2010),Adventure|Comedy|Fantasy
83134,Tucker & Dale vs Evil (2010),Comedy|Horror
83349,"Green Hornet, The (2011)",Action|Comedy|Crime|Fantasy|Thriller|IMAX
83613,Cowboys & Aliens (2011),Action|Sci-Fi|Thriller|Western|IMAX
83803,Day & Night (2010),Animation|Children
84152,Limitless (2011),Sci-Fi|Thriller
84189,I Spit on Your Grave (2010),Crime|Horror|Thriller
84374,No Strings Attached (2011),Comedy|Romance
84392,"Lincoln Lawyer, The (2011)",Crime|Drama|Thriller
84512,Girls About Town (1931),Comedy
84716,Castaway on the Moon (Kimssi pyoryugi) (2009),Comedy|Drama|Romance
84772,Paul (2011),Adventure|Comedy|Sci-Fi
84944,Rango (2011),Action|Adventure|Animation|Children|Comedy|Western
85020,"Mechanic, The (2011)",Action|Drama|Thriller
85131,Battle: Los Angeles (2011),Action|Sci-Fi|War
85179,Summer Wars (Samâ wôzu) (2009),Adventure|Animation|Comedy|Sci-Fi
85342,Elite Squad: The Enemy Within (Tropa de Elite 2 - O Inimigo Agora É Outro) (2010),Action|Crime|Drama
85367,Just Go with It (2011),Comedy|Romance
85401,Super (2010),Action|Comedy|Drama
85412,"Troll Hunter, The (Trolljegeren) (2010)",Fantasy|Horror
85414,Source Code (2011),Action|Drama|Mystery|Sci-Fi|Thriller
85510,Sucker Punch (2011),Action|Fantasy|Thriller|IMAX
85736,BURN-E (2008),Adventure|Animation|Children|Sci-Fi
85881,Win Win (2011),Comedy|Drama
86000,Boy (2010),Comedy|Drama
86142,13 Assassins (Jûsan-nin no shikaku) (2010),Action
86190,Hanna (2011),Action|Adventure|Mystery|Thriller
86295,Scream 4 (2011),Comedy|Horror|Mystery|Thriller
86298,Rio (2011),Adventure|Animation|Children|Comedy
86332,Thor (2011),Action|Adventure|Drama|Fantasy|IMAX
86345,Louis C.K.: Hilarious (2010),Comedy
86377,Louis C.K.: Shameless (2007),Comedy
86504,Voices from the List (2004),Documentary
86548,Water for Elephants (2011),Drama|Romance
86644,"Fast Five (Fast and the Furious 5, The) (2011)",Action|Crime|Drama|Thriller|IMAX
86721,Idiots and Angels (2008),Animation|Drama|Fantasy
86833,Bridesmaids (2011),Comedy
86835,Priest (2011),Action|Horror|Sci-Fi|Thriller
86880,Pirates of the Caribbean: On Stranger Tides (2011),Action|Adventure|Fantasy|IMAX
86882,Midnight in Paris (2011),Comedy|Fantasy|Romance
86892,The Man from Nowhere (2010),Action|Crime|Thriller
86898,"Tree of Life, The (2011)",Drama
86911,"Hangover Part II, The (2011)",Comedy
87194,The Way (2010),Adventure|Comedy|Drama
87197,Let the Bullets Fly (2010),Action|Comedy
87222,Kung Fu Panda 2 (2011),Action|Adventure|Animation|Children|Comedy|IMAX
87232,X-Men: First Class (2011),Action|Adventure|Sci-Fi|Thriller|War
87304,Beginners (2010),Drama
87306,Super 8 (2011),Mystery|Sci-Fi|Thriller|IMAX
87430,Green Lantern (2011),Action|Adventure|Sci-Fi
87444,Elektra Luxx (2010),Comedy
87483,Mr. Popper's Penguins (2011),Comedy
87485,Bad Teacher (2011),Comedy
87522,Larry Crowne (2011),Comedy|Drama|Romance
87529,Your Highness (2011),Action|Adventure|Comedy|Fantasy
87869,Horrible Bosses (2011),Comedy|Crime
87960,Between the Folds (2008),Documentary
88125,Harry Potter and the Deathly Hallows: Part 2 (2011),Action|Adventure|Drama|Fantasy|Mystery|IMAX
88129,Drive (2011),Crime|Drama|Film-Noir|Thriller
88140,Captain America: The First Avenger (2011),Action|Adventure|Sci-Fi|Thriller|War
88163,"Crazy, Stupid, Love. (2011)",Comedy|Drama|Romance
88179,One Day (2011),Drama|Romance
88345,Mike's New Car (2002),Animation|Comedy
88405,Friends with Benefits (2011),Comedy|Romance
88699,Death Race 2 (2010),Action|Sci-Fi|Thriller
88744,Rise of the Planet of the Apes (2011),Action|Drama|Sci-Fi|Thriller
88810,"Help, The (2011)",Drama
88812,30 Minutes or Less (2011),Action|Comedy|Crime
89039,Another Earth (2011),Drama|Romance|Sci-Fi
89090,Bill Cunningham New York (2011),Documentary
89118,"Skin I Live In, The (La piel que habito) (2011)",Drama
89190,Conan the Barbarian (2011),Action|Adventure|Fantasy
89305,"Inbetweeners Movie, The (2011)",Adventure|Comedy
89470,Contagion (2011),Sci-Fi|Thriller|IMAX
89492,Moneyball (2011),Drama
89582,Cold Fish (Tsumetai nettaigyo) (2010),Drama|Thriller
89586,Phineas and Ferb the Movie: Across the 2nd Dimension (2011),Adventure|Animation|Children
89745,"Avengers, The (2012)",Action|Adventure|Sci-Fi|IMAX
89753,Tinker Tailor Soldier Spy (2011),Drama|Film-Noir|Thriller
89774,Warrior (2011),Drama
89804,"Ides of March, The (2011)",Drama
89864,50/50 (2011),Comedy|Drama
89904,The Artist (2011),Comedy|Drama|Romance
90245,Antonio Gaudí (1985),Documentary
90249,Real Steel (2011),Action|Drama|Sci-Fi|IMAX
90376,We Need to Talk About Kevin (2011),Drama|Thriller
90430,Carnage (2011),Comedy|Drama
90439,Margin Call (2011),Drama|Thriller
90522,Johnny English Reborn (2011),Adventure|Comedy|Thriller
90528,This Must Be the Place (2011),Crime|Drama|Thriller
90600,Headhunters (Hodejegerne) (2011),Action|Crime|Thriller
90603,Batman: Year One (2011),Action|Animation|Crime
90647,Puss in Boots (2011),Adventure|Animation|Comedy|Fantasy|IMAX
90717,Tower Heist (2011),Action|Comedy|Crime
90746,"Adventures of Tintin, The (2011)",Action|Animation|Mystery|IMAX
90866,Hugo (2011),Children|Drama|Mystery
91077,"Descendants, The (2011)",Comedy|Drama
91094,"Muppets, The (2011)",Children|Comedy|Musical
91126,War Horse (2011),Drama|War
91323,"Sitter, The (2011)",Comedy
91353,Asterix in America (a.k.a Asterix Conquers America) (Astérix et les Indiens) (1994),Adventure|Animation|Children|Comedy
91485,"Expendables 2, The (2012)",Action|Adventure
91488,"Snowman, The (1982)",Animation|Children|Musical
91500,The Hunger Games (2012),Action|Adventure|Drama|Sci-Fi|Thriller
91529,"Dark Knight Rises, The (2012)",Action|Adventure|Crime|IMAX
91535,"Bourne Legacy, The (2012)",Action|Adventure|Drama|Thriller|IMAX
91542,Sherlock Holmes: A Game of Shadows (2011),Action|Adventure|Comedy|Crime|Mystery|Thriller
91571,Coriolanus (2011),Drama|Thriller
91622,Young Adult (2011),Comedy|Drama
91630,Mission: Impossible - Ghost Protocol (2011),Action|Adventure|Thriller|IMAX
91658,"Girl with the Dragon Tattoo, The (2011)",Drama|Thriller
91660,"Darkest Hour, The (2011)",Action|Horror|Sci-Fi|Thriller
91690,Friends with Kids (2011),Comedy
91873,Joyful Noise (2012),Comedy|Musical
91974,Underworld: Awakening (2012),Action|Fantasy|Horror|IMAX
91978,Man on a Ledge (2012),Crime|Thriller
92048,"Whistleblower, The (2010)",Drama|Thriller
92259,Intouchables (2011),Comedy|Drama
92264,One for the Money (2012),Action|Comedy|Crime
92309,"Innkeepers, The (2011)",Horror|Thriller
92420,Chronicle (2012),Action|Sci-Fi|Thriller
92422,"Woman in Black, The (2012)",Drama|Horror|Thriller
92427,Woman in Love (Rubbeldiekatz) (2011),Comedy
92760,"Atomic Brain, The (1963)",Horror|Sci-Fi
93114,Ro.Go.Pa.G. (1963),Comedy|Drama
93270,Project X (2012),Comedy
93272,Dr. Seuss' The Lorax (2012),Animation|Fantasy|Musical|IMAX
93297,Act of Valor (2012),Action|Thriller|War
93326,This Means War (2012),Action|Comedy|Romance
93363,John Carter (2012),Action|Adventure|Sci-Fi|IMAX
93502,"Ledge, The (2011)",Drama|Thriller
93510,21 Jump Street (2012),Action|Comedy|Crime
93512,"Jeff, Who Lives at Home (2012)",Comedy|Drama
93766,Wrath of the Titans (2012),Action|Adventure|Fantasy|IMAX
93831,American Reunion (American Pie 4) (2012),Comedy
93838,The Raid: Redemption (2011),Action|Crime
93840,"Cabin in the Woods, The (2012)",Comedy|Horror|Sci-Fi|Thriller
93982,"Raven, The (2012)",Mystery|Thriller
94015,Mirror Mirror (2012),Adventure|Comedy|Fantasy
94018,Battleship (2012),Action|Sci-Fi|Thriller|IMAX
94405,Safe (2012),Action|Crime|Thriller
94478,Dark Shadows (2012),Comedy|Horror|IMAX
94503,"Decoy Bride, The (2011)",Comedy|Romance
94677,"Dictator, The (2012)",Comedy
94777,Men in Black III (M.III.B.) (M.I.B.³) (2012),Action|Comedy|Sci-Fi|IMAX
94864,Prometheus (2012),Action|Horror|Sci-Fi|IMAX
94959,Moonrise Kingdom (2012),Comedy|Drama|Romance
94985,Get the Gringo (2012),Action|Crime|Drama|Thriller
95088,Safety Not Guaranteed (2012),Comedy|Drama
95105,Madagascar 3: Europe's Most Wanted (2012),Adventure|Animation|Children|Comedy|IMAX
95145,Dragon Ball: The Curse Of The Blood Rubies (Doragon bôru: Shenron no densetsu) (1986),Action|Adventure|Animation|Children
95149,Superman/Batman: Public Enemies (2009),Action|Animation|Fantasy
95167,Brave (2012),Action|Adventure|Animation|Children
95193,Pocahontas II: Journey to a New World (1998) ,Adventure|Animation|Children
95207,Abraham Lincoln: Vampire Hunter (2012),Action|Fantasy|Horror|Thriller
95307,Rock of Ages (2012),Comedy|Drama|Musical|IMAX
95309,Seeking a Friend for the End of the World (2012),Comedy|Drama|Romance
95377,One Man Band (2005),Animation|Comedy|Musical
95441,Ted (2012),Comedy|Fantasy
95473,Dragon Ball Z: The Return of Cooler (Doragon bôru Z 6: Gekitotsu! Hyakuoku pawâ no senshi) (1992),Action|Adventure|Animation
95475,Dragon Ball Z: Cooler's Revenge (Doragon bôru Z 5: Tobikkiri no saikyô tai saikyô) (1991),Action|Adventure|Animation
95510,"Amazing Spider-Man, The (2012)",Action|Adventure|Sci-Fi|IMAX
95654,Geri's Game (1997),Animation|Children
95720,"Watch, The (2012)",Comedy|Sci-Fi
95873,Ruby Sparks (2012),Comedy|Fantasy|Romance
95875,Total Recall (2012),Action|Sci-Fi|Thriller
96020,Sidewalls (Medianeras) (2011),Drama
96079,Skyfall (2012),Action|Adventure|Thriller|IMAX
96121,Hope Springs (2012),Comedy|Drama
96150,"Queen of Versailles, The (2012)",Documentary
96430,"Odd Life of Timothy Green, The (2012)",Comedy|Drama|Fantasy
96432,Lawless (2012),Crime|Drama
96488,Searching for Sugar Man (2012),Documentary
96520,Prime Suspect: The Lost Child (1995),Drama|Mystery
96567,"Words, The (2012)",Drama|Romance
96588,Pitch Perfect (2012),Comedy|Musical
96606,Samsara (2011),Documentary
96610,Looper (2012),Action|Crime|Sci-Fi
96616,That's My Boy (2012),Comedy
96728,"Master, The (2012)",Drama
96737,Dredd (2012),Action|Sci-Fi
96821,"Perks of Being a Wallflower, The (2012)",Drama|Romance
96829,"Hunt, The (Jagten) (2012)",Drama
96861,Taken 2 (2012),Action|Crime|Drama|Thriller
96964,"Tall Man, The (2012)",Crime|Drama|Mystery
97024,Rust and Bone (De rouille et d'os) (2012),Drama|Romance
97225,Hotel Transylvania (2012),Animation|Children|Comedy
97304,Argo (2012),Drama|Thriller
97306,Seven Psychopaths (2012),Comedy|Crime
97752,Cloud Atlas (2012),Drama|Sci-Fi|IMAX
97785,Silent Hill: Revelation 3D (2012),Horror|Mystery|Thriller
97913,Wreck-It Ralph (2012),Animation|Comedy
97921,Silver Linings Playbook (2012),Comedy|Drama
97923,Flight (2012),Drama
97938,Life of Pi (2012),Adventure|Drama|IMAX
98154,Lincoln (2012),Drama|War
98203,"Twilight Saga: Breaking Dawn - Part 2, The (2012)",Adventure|Drama|Fantasy|Romance|IMAX
98239,Red Dawn (2012),Action|War
98243,Rise of the Guardians (2012),Adventure|Animation|Children|Fantasy|IMAX
98279,"Fantastic Fear of Everything, A (2012)",Comedy
98491,Paperman (2012),Animation|Comedy|Romance
98809,"Hobbit: An Unexpected Journey, The (2012)",Adventure|Fantasy|IMAX
98961,Zero Dark Thirty (2012),Action|Drama|Thriller
99007,Warm Bodies (2013),Comedy|Horror|Romance
99106,"Guilt Trip, The (2012)",Comedy
99112,Jack Reacher (2012),Action|Crime|Thriller
99114,Django Unchained (2012),Action|Drama|Western
99117,This Is 40 (2012),Drama
99122,I Bought a Vampire Motorcycle (1990),Comedy|Horror
99149,"Misérables, Les (2012)",Drama|Musical|Romance|IMAX
99437,John Dies at the End (2012),Comedy|Fantasy|Horror
99813,"Batman: The Dark Knight Returns, Part 2 (2013)",Action|Animation
99846,Everything or Nothing: The Untold Story of 007 (2012),Documentary
99853,Codependent Lesbian Space Alien Seeks Same (2011),Comedy|Romance|Sci-Fi
100106,"Pervert's Guide to Ideology, The (2012)",Documentary
100302,Upside Down (2012),Drama|Romance|Sci-Fi
100383,Side Effects (2013),Crime|Drama|Mystery|Thriller
100390,Identity Thief (2013),Comedy|Crime
100507,21 and Over (2013),Comedy
100553,Frozen Planet (2011),Documentary
100579,Universal Soldier: Day of Reckoning (2012),Action|Sci-Fi|Thriller
100611,Escape from Planet Earth (2013),Adventure|Animation|Comedy|Sci-Fi
100810,Dark Skies (2013),Horror|Sci-Fi|Thriller
101025,Jack the Giant Slayer (2013),Adventure|Fantasy|IMAX
101076,G.I. Joe: Retaliation (2013),Action|Adventure|Sci-Fi|Thriller|IMAX
101142,"Croods, The (2013)",Adventure|Animation|Comedy
101283,"Incredible Burt Wonderstone, The (2013)",Comedy
101362,Olympus Has Fallen (2013),Action|Thriller
101864,Oblivion (2013),Action|Adventure|Sci-Fi|IMAX
102033,Pain & Gain (2013),Action|Comedy|Crime
102066,Resolution (2012),Horror|Thriller
102123,This Is the End (2013),Action|Comedy
102125,Iron Man 3 (2013),Action|Sci-Fi|Thriller|IMAX
102407,"Great Gatsby, The (2013)",Drama
102445,Star Trek Into Darkness (2013),Action|Adventure|Sci-Fi|IMAX
102481,"Internship, The (2013)",Comedy
102590,Darkon (2006),Documentary|Fantasy
102686,"Hangover Part III, The (2013)",Comedy
102747,"Rink, The (1916)",Comedy
102903,Now You See Me (2013),Crime|Mystery|Thriller
103141,Monsters University (2013),Adventure|Animation|Comedy
103228,Pacific Rim (2013),Action|Adventure|Sci-Fi|IMAX
103235,"Best Offer, The (Migliore offerta, La) (2013)",Thriller
103249,World War Z (2013),Action|Drama|Horror|IMAX
103253,Elysium (2013),Action|Drama|Sci-Fi|IMAX
103335,Despicable Me 2 (2013),Animation|Children|Comedy|IMAX
103339,White House Down (2013),Action|Drama|Thriller|IMAX
103341,"World's End, The (2013)",Action|Comedy|Sci-Fi
103366,Redemption (Hummingbird) (2013),Action|Crime|Thriller
103372,"Heat, The (2013)",Action|Comedy|Crime
103384,"Lone Ranger, The (2013)",Action|Adventure|Western|IMAX
103502,"Knot, The (2012)",Comedy|Romance
103539,The Spectacular Now (2013),Comedy|Drama|Romance
103596,Sharknado (2013),Sci-Fi
103602,Craig Ferguson: I'm Here To Help (2013),Comedy|Documentary
103606,Stuck in Love (2012),Comedy|Drama|Romance
103624,Fruitvale Station (2013),Drama
103655,R.I.P.D. (2013),Action|Comedy|Fantasy
103688,"Conjuring, The (2013)",Horror|Thriller
103772,"Wolverine, The (2013)",Action|Adventure|Fantasy|Sci-Fi
103801,Drinking Buddies (2013),Comedy|Drama|Romance
103810,Red 2 (2013),Action|Comedy|Crime|Thriller
103819,Coffee Town (2013),Comedy
103980,Blue Jasmine (2013),Drama
104017,3 dev adam (Three Giant Men) (1973) ,Action|Adventure|Sci-Fi
104076,"Smurfs 2, The (2013)",Animation|Children|Comedy
104211,We're the Millers (2013),Comedy|Crime
104218,Grown Ups 2 (2013),Comedy
104241,Kick-Ass 2 (2013),Action|Comedy|Crime
104243,Riddick (2013),Action|Sci-Fi|Thriller|IMAX
104272,Blackfish (2013),Documentary
104283,"Wind Rises, The (Kaze tachinu) (2013)",Animation|Drama|Romance
104339,In a World... (2013),Comedy
104374,About Time (2013),Drama|Fantasy|Romance
104644,Maria Bamford: The Special Special Special! (2012),Comedy
104841,Gravity (2013),Action|Sci-Fi|IMAX
104879,Prisoners (2013),Drama|Mystery|Thriller
104913,Rush (2013),Action|Drama
104944,Short Term 12 (2013),Drama
105037,"To Do List, The (2013)",Comedy
105213,Don Jon (2013),Comedy|Drama|Romance
105355,Blue Is the Warmest Color (La vie d'Adèle) (2013),Drama|Romance
105504,Captain Phillips (2013),Adventure|Drama|Thriller|IMAX
105653,Escape Plan (2013),Action|Mystery|Thriller
105731,Carrie (2013),Drama|Horror
105844,12 Years a Slave (2013),Drama
105954,All Is Lost (2013),Action|Adventure|Drama
106002,Ender's Game (2013),Action|Adventure|Sci-Fi|IMAX
106072,Thor: The Dark World (2013),Action|Adventure|Fantasy|IMAX
106100,Dallas Buyers Club (2013),Drama
106438,Philomena (2013),Comedy|Drama
106487,The Hunger Games: Catching Fire (2013),Action|Adventure|Sci-Fi|IMAX
106489,"Hobbit: The Desolation of Smaug, The (2013)",Adventure|Fantasy|IMAX
106491,47 Ronin (2013),Action|Adventure|Fantasy
106594,Red Flag (2012),Comedy|Drama|Romance
106642,"Day of the Doctor, The (2013)",Adventure|Drama|Sci-Fi
106696,Frozen (2013),Adventure|Animation|Comedy|Fantasy|Musical|Romance
106782,"Wolf of Wall Street, The (2013)",Comedy|Crime|Drama
106839,Mandela: Long Walk to Freedom (2013),Drama
106873,Evangelion: 3.0 You Can (Not) Redo (2012),Action|Animation|Drama
106916,American Hustle (2013),Crime|Drama
106918,"Secret Life of Walter Mitty, The (2013)",Adventure|Comedy|Drama
106920,Her (2013),Drama|Romance|Sci-Fi
107141,Saving Mr. Banks (2013),Comedy|Drama
107348,Anchorman 2: The Legend Continues (2013),Comedy
107406,Snowpiercer (2013),Action|Drama|Sci-Fi
107630,High School (2010),Comedy
107702,Grudge Match (2013),Comedy
107780,Cats (1998),Musical
108190,Divergent (2014),Adventure|Romance|Sci-Fi|IMAX
108729,Enemy (2013),Mystery|Thriller
108795,Wonder Woman (2009),Action|Adventure|Animation|Fantasy
108928,"Monuments Men, The (2014)",Action|Drama|War
108932,The Lego Movie (2014),Action|Adventure|Animation|Children|Comedy|Fantasy
108945,RoboCop (2014),Action|Crime|Sci-Fi|IMAX
109042,Knights of Badassdom (2013),Adventure|Comedy|Fantasy
109187,"Zero Theorem, The (2013)",Drama|Fantasy|Sci-Fi
109372,About Last Night (2014),Comedy|Romance
109374,"Grand Budapest Hotel, The (2014)",Comedy|Drama
109483,That Awkward Moment (2014),Comedy|Romance
109487,Interstellar (2014),Sci-Fi|IMAX
109578,Non-Stop (2014),Action|Mystery|Thriller
109596,Wrinkles (Arrugas) (2011),Animation|Drama
109673,300: Rise of an Empire (2014),Action|Drama|War|IMAX
109846,Mr. Peabody & Sherman (2014),Adventure|Animation|Comedy
109864,Veronica Mars (2014),Comedy|Crime|Drama
109897,Son of God (2014),Drama
110102,Captain America: The Winter Soldier (2014),Action|Adventure|Sci-Fi|IMAX
110127,Noah (2014),Adventure|Drama|IMAX
110297,Muppets Most Wanted (2014),Adventure|Comedy|Crime
110330,Me and you (io e te) (2012),Drama
110501,The Raid 2: Berandal (2014),Action|Crime|Thriller
110553,The Amazing Spider-Man 2 (2014),Action|Sci-Fi|IMAX
110730,Transcendence (2014),Drama|Sci-Fi|IMAX
110746,Hatchet III (2013),Comedy|Horror
111113,Neighbors (2014),Comedy
111360,Lucy (2014),Action|Sci-Fi
111362,X-Men: Days of Future Past (2014),Action|Adventure|Sci-Fi
111364,Godzilla (2014),Action|Adventure|Sci-Fi|IMAX
111622,Begin Again (2013),Comedy|Romance
111659,Maleficent (2014),Action|Adventure|Children|IMAX
111743,A Million Ways to Die in the West (2014),Comedy|Western
111759,Edge of Tomorrow (2014),Action|Sci-Fi|IMAX
111781,Mission: Impossible - Rogue Nation (2015),Action|Adventure|Thriller
111921,The Fault in Our Stars (2014),Drama|Romance
112138,22 Jump Street (2014),Action|Comedy|Crime
112171,"Equalizer, The (2014)",Action|Crime|Thriller
112175,How to Train Your Dragon 2 (2014),Action|Adventure|Animation
112183,Birdman: Or (The Unexpected Virtue of Ignorance) (2014),Comedy|Drama
112290,Boyhood (2014),Drama
112316,Jersey Boys (2014),Drama|Musical
112334,"Internet's Own Boy: The Story of Aaron Swartz, The (2014)",Documentary
112370,Transformers: Age of Extinction (2014),Action|Adventure|Sci-Fi
112454,Honey (Miele) (2013),Drama
112497,Tammy (2014),Comedy
112512,Colourful (Karafuru) (2010),Animation|Drama|Fantasy|Mystery
112515,"Babadook, The (2014)",Drama|Horror|Thriller
112552,Whiplash (2014),Drama
112556,Gone Girl (2014),Drama|Thriller
112788,Sex Tape (2014),Comedy
112852,Guardians of the Galaxy (2014),Action|Adventure|Sci-Fi
113186,Felony (2013),Thriller
113313,"Den, The (2013)",Horror|Thriller
113394,"Pretty One, The (2013)",Comedy|Drama
113453,Let's Be Cops (2014),Comedy|Crime
113532,"Inbetweeners 2, The (2014)",Comedy
113573,Sin City: A Dame to Kill For (2014),Action|Crime|Thriller
113705,"Two Days, One Night (Deux jours, une nuit) (2014)",Drama
114060,The Drop (2014),Crime|Drama|Thriller
114074,The Skeleton Twins (2014),Drama
114180,"Maze Runner, The (2014)",Action|Mystery|Sci-Fi
114184,Camp X-Ray (2014),Drama
114601,This Is Where I Leave You (2014),Comedy|Drama
114662,American Sniper (2014),Action|War
114707,Horns (2014),Horror|Mystery
114795,Dracula Untold (2014),Action|Drama|Fantasy
114818,Stretch (2014),Action|Comedy|Crime
114847,Autómata (Automata) (2014),Sci-Fi|Thriller
114935,Predestination (2014),Action|Mystery|Sci-Fi|Thriller
115149,John Wick (2014),Action|Thriller
115569,Nightcrawler (2014),Crime|Drama|Thriller
115617,Big Hero 6 (2014),Action|Animation|Comedy
115680,Time Lapse (2014),Crime|Drama|Sci-Fi|Thriller
115713,Ex Machina (2015),Drama|Sci-Fi|Thriller
116797,The Imitation Game (2014),Drama|Thriller|War
116799,Inherent Vice (2014),Comedy|Crime|Drama|Mystery|Romance
116823,The Hunger Games: Mockingjay - Part 1 (2014),Adventure|Sci-Fi|Thriller
116897,Wild Tales (2014),Comedy|Drama|Thriller
117107,Miss Meadows (2014),Drama
117176,The Theory of Everything (2014),Drama|Romance
117192,Doctor Who: The Time of the Doctor (2013),Adventure|Drama
117368,The Madagascar Penguins in a Christmas Caper (2005),Animation|Comedy
117466,In the Heart of the Sea (2015),Action|Adventure|Drama
117529,Jurassic World (2015),Action|Adventure|Drama|Sci-Fi|Thriller
117533,Citizenfour (2014),Documentary
117895,Maze Runner: Scorch Trials (2015),Action|Thriller
118326,By the Gun (2014),Crime|Drama|Thriller
118696,The Hobbit: The Battle of the Five Armies (2014),Adventure|Fantasy
118700,Selma (2014),Drama
118900,Wild (2014),Drama
118924,Top Five (2014),Comedy
118985,Big Eyes (2014),Drama
118997,Into the Woods (2014),Children|Comedy|Fantasy|Musical
119141,The Interview (2014),Action|Comedy
119145,Kingsman: The Secret Service (2015),Action|Adventure|Comedy|Crime
119167,Paradox (2010),Sci-Fi|Thriller
120138,PK (2014),Comedy|Drama|Fantasy|Mystery|Romance
120466,Chappie (2015),Action|Thriller
120478,The Salt of the Earth (2014),Documentary
120799,Terminator Genisys (2015),Action|Adventure|Sci-Fi|Thriller
120827,The Hound of the Baskervilles (1988),Crime|Drama|Horror|Mystery
121129,The Hungover Games (2014),Comedy
121231,It Follows (2014),Horror
121781,Stuart Little 3: Call of the Wild (2005),Animation|Children|Comedy|Fantasy
122882,Mad Max: Fury Road (2015),Action|Adventure|Sci-Fi|Thriller
122886,Star Wars: Episode VII - The Force Awakens (2015),Action|Adventure|Fantasy|Sci-Fi|IMAX
122890,Warcraft (2016),Action|Adventure|Fantasy
122892,Avengers: Age of Ultron (2015),Action|Adventure|Sci-Fi
122898,Justice League (2017),Action|Adventure|Sci-Fi
122900,Ant-Man (2015),Action|Adventure|Sci-Fi
122902,Fantastic Four (2015),Action|Adventure|Fantasy|Sci-Fi
122904,Deadpool (2016),Action|Adventure|Comedy|Sci-Fi
122906,Black Panther (2017),Action|Adventure|Sci-Fi
122916,Thor: Ragnarok (2017),Action|Adventure|Sci-Fi
122918,Guardians of the Galaxy 2 (2017),Action|Adventure|Sci-Fi
122920,Captain America: Civil War (2016),Action|Sci-Fi|Thriller
122922,Doctor Strange (2016),Action|Adventure|Sci-Fi
122926,Untitled Spider-Man Reboot (2017),Action|Adventure|Fantasy
122932,Elsa & Fred (2014),Children|Comedy|Romance
123310,Tornado! (1996),Action
123553,In the Name of the King III (2014),Action|Adventure|Drama|Fantasy
124859,The Gambler (2014),Crime|Drama|Thriller
125916,Fifty Shades of Grey (2015),Drama|Romance
126142,The Cave of the Golden Rose (1991),Adventure|Children|Fantasy
126420,American Heist (2015),Action
127098,Louis C.K.: Live at The Comedy Store (2015),Comedy
127108,Brooklyn (2015),Drama|Romance
127114,The End of the Tour (2015),Drama
127116,Experimenter (2015),Drama
127180,"Story of Film: An Odyssey, The (2011)",Documentary
127198,Dope (2015),Comedy|Drama
128197,Hard Promises (1991),Comedy|Romance
128360,The Hateful Eight (2015),Western
128695,The Dark Valley (2014),Western
128852,Chris Rock: Bigger & Blacker (1999),Comedy
128900,The Natural Love (1996),Documentary
129354,Focus (2015),Comedy|Crime|Drama|Romance
129657,Tracers (2015),Action
129937,Run All Night (2015),Action|Crime|Drama|Thriller
130073,Cinderella (2015),Children|Drama|Fantasy|Romance
130482,Too Late for Tears (1949),Crime|Drama|Film-Noir|Mystery|Thriller
130490,Insurgent (2015),Action|Sci-Fi|Thriller
130520,Home (2015),Adventure|Animation|Children|Comedy|Fantasy|Sci-Fi
130970,George Carlin: Life Is Worth Losing (2005),Comedy
131013,Get Hard (2015),Comedy|Crime
131104,The Brain (1969),Comedy|Crime
131439,Kill Me Three Times (2014),Thriller
131826,Iliza Shlesinger: Freezing Hot (2015),Comedy
132084,Let It Be Me (1995),(no genres listed)
132335,Breathe (2014),Drama
132422,Da Sweet Blood of Jesus (2014),Comedy|Romance|Thriller
132796,San Andreas (2015),Action|Drama|Thriller
133377,Infini (2015),Horror|Sci-Fi|Thriller
133419,Pitch Perfect 2 (2015),Comedy
133712,Office Romance (1977),Comedy|Romance
133771,The Lobster (2015),Comedy|Romance|Sci-Fi
133802,Slow West (2015),Action|Thriller|Western
134021,5 to 7 (2014),Comedy|Drama|Romance
134130,The Martian (2015),Adventure|Drama|Sci-Fi
134170,Kung Fury (2015),Action|Comedy|Fantasy|Sci-Fi
134252,That Munchhausen (1979),Comedy|Drama|Fantasy
134326,The Taming of the Scoundrel (1980),Comedy
134368,Spy (2015),Action|Comedy|Crime
134393,Trainwreck (2015),Comedy|Romance
134849,Duck Amuck (1953),Animation|Children|Comedy
134853,Inside Out (2015),Adventure|Animation|Children|Comedy|Drama|Fantasy
134859,The Wolfpack (2015),Documentary
134861,Trevor Noah: African American (2013),(no genres listed)
134881,Love & Mercy (2014),Drama
135133,The Hunger Games: Mockingjay - Part 2 (2015),Adventure|Sci-Fi
135137,Pixels (2015),Action|Comedy|Sci-Fi
135143,Fantastic Beasts and Where to Find Them (2016),Fantasy
135436,The Secret Life of Pets (2016),Animation|Comedy
135536,Suicide Squad (2016),Action|Crime|Sci-Fi
135569,Star Trek Beyond (2016),Action|Adventure|Sci-Fi
135861,Ted 2 (2015),Comedy
135885,Absolutely Anything (2015),Comedy|Sci-Fi
135887,Minions (2015),Adventure|Animation|Children|Comedy
136016,The Good Dinosaur (2015),Adventure|Animation|Children|Comedy|Fantasy
136018,Black Mass (2015),Crime|Drama
136297,Mortal Kombat: The Journey Begins (1995),Action|Animation
136305,Sharknado 3: Oh Hell No! (2015),Horror|Sci-Fi
136353,Scooby-Doo! and the Loch Ness Monster (2004),Animation|Children|Comedy
136447,George Carlin: You Are All Diseased (1999),Comedy
136503,Tom and Jerry: Shiver Me Whiskers (2006),Animation|Children|Comedy
136564,Macbeth (2015),Drama
136598,Vacation (2015),Adventure|Comedy
136864,Batman v Superman: Dawn of Justice (2016),Action|Adventure|Fantasy|Sci-Fi
137337,Amy (2015),Documentary
138036,The Man from U.N.C.L.E. (2015),Action|Adventure|Comedy
138186,Sorrow (2015),Crime|Drama|Horror
138210,13 Hours (2016),Drama
138702,Feast (2014),Animation|Children|Comedy|Drama|Romance
138798,Joe Dirt 2: Beautiful Loser (2015),Comedy
139130,Afro Samurai (2007),Action|Adventure|Animation|Drama|Fantasy
139385,The Revenant (2015),Adventure|Drama
139642,Southpaw (2015),Action|Drama
139644,Sicario (2015),Crime|Drama|Mystery
139717,10 Cent Pistol (2015),Crime|Thriller
140110,The Intern (2015),Comedy
140133,Hollywood Chainsaw Hookers (1988),Comedy|Horror
140247,The Gift (2015),Drama|Horror
140481,"Family Guy Presents: Something, Something, Something, Dark Side (2009)",Animation|Comedy|Sci-Fi
140541,The Electric Hotel (1908),Animation|Comedy|Sci-Fi
140561,Jeff Ross Roasts Criminals: Live at Brazos County Jail (2015),Comedy|Documentary
140627,Battle For Sevastopol (2015),Drama|Romance|War
140715,Straight Outta Compton (2015),Drama
140725,Cop Car (2015),Crime|Thriller
140928,Joy (2015),Comedy|Drama
141131,Guardians (2016),(no genres listed)
141400,Invincible Shaolin (1978),Action
141688,Legend (2015),Crime|Thriller
141810,Autumn Marathon (1979),Comedy|Drama
141844,12 Chairs (1971),Adventure|Comedy
142448,Everest (2015),Adventure|Drama|Thriller
142456,The Brand New Testament (2015),(no genres listed)
142488,Spotlight (2015),Thriller
142507,Pawn Sacrifice (2015),Drama
142536,Burnt (2015),Drama
142961,Life Eternal (2015),Comedy|Crime|Thriller
143245,The Little Prince (2015),Animation|Fantasy
143255,Narcopolis (2014),Mystery|Sci-Fi|Thriller
143257,Ashby (2015),Comedy|Drama
143355,Wonder Woman (2017),Action|Adventure|Fantasy
143365,The Circle (2016),Drama|Sci-Fi|Thriller
143458,The Great Hypnotist (2014),Drama|Mystery|Thriller
143859,"Hail, Caesar! (2016)",Comedy
143969,Er ist wieder da (2015),Comedy
144734,Freaks of Nature (2015),Comedy|Horror|Sci-Fi
145839,Concussion (2015),Drama
145951,Bloodsport: The Dark Kumite (1999),Action|Thriller
146210,Blue Mountain State: The Rise of Thadland (2015),Comedy
146656,Creed (2015),Drama
146662,Dragons: Gift of the Night Fury (2011),Adventure|Animation|Comedy
147196,The Girls (1961),Comedy|Romance
147300,Adventures Of Sherlock Holmes And Dr. Watson: The Twentieth Century Approaches (1986),Crime|Mystery
147372,Doctor Who: Last Christmas (2014),Adventure|Drama|Fantasy|Sci-Fi
147374,"Doctor Who: The Doctor, the Widow and the Wardrobe (2011)",Adventure|Drama
147380,Doctor Who: The Next Doctor (2008),Adventure|Children|Drama|Sci-Fi
147384,Doctor Who: The Runaway Bride (2007),Sci-Fi
147410,A Perfect Day (2015),Comedy|Drama
147936,The Lord's Lantern in Budapest (1999),Comedy|Drama
148166,Hitchcock/Truffaut (2015),Documentary
148424,Chi-Raq (2015),Comedy|Drama
148626,"Big Short, The (2015)",Drama
148652,The Ridiculous 6 (2015),Comedy|Western
148888,Zoolander 2 (2016),Comedy
149011,He Never Died (2015),Comedy|Drama|Horror
149352,Daddy's Home (2015),Comedy
149354,Sisters (2015),Children|Comedy
149508,Spellbound (2011),Comedy|Romance
149566,Unicorn City (2012),Comedy|Romance
149902,Garm Wars: The Last Druid (2014),Action|Sci-Fi|Thriller
150548,Sherlock: The Abominable Bride (2016),Action|Crime|Drama|Mystery|Thriller
150596,Doctor Who: The Husbands of River Song (2015),Comedy|Drama|Sci-Fi
151455,Eddie the Eagle (2016),Comedy
151777,The Finest Hours (2016),Drama|Thriller
152077,10 Cloverfield Lane (2016),Thriller
152081,Zootopia (2016),Action|Adventure|Animation|Children|Comedy
152091,The Brothers Grimsby (2016),Comedy
152105,Dad's Army (1971),Comedy
152658,Santa's Little Helper (2015),Children
152711,Who Killed Chea Vichea? (2010),Documentary
152970,Hunt for the Wilderpeople (2016),Adventure|Comedy
153236,Genius Party (2007),Animation
155288,Eye in the Sky (2016),Drama|Thriller|War
155509,Mr. Right (2016),Action|Comedy|Romance
156371,Everybody Wants Some (2016),Comedy
156387,Sing Street (2016),Drama
156553,Zoom (2015),Animation|Comedy|Drama
156605,Paterson,(no genres listed)
156607,The Huntsman Winter's War (2016),Action|Adventure|Drama|Fantasy
156609,Neighbors 2: Sorority Rising (2016),Comedy
156726,Hush (2016),Thriller
157270,Barbershop: The Next Cut (2016),Comedy
157296,Finding Dory (2016),Adventure|Animation|Comedy
157312,The Boss (2016),Comedy
158022,Kicking Off (2016),Comedy
158238,The Nice Guys (2016),Crime|Mystery|Thriller
158528,The Shallows (2016),Drama|Thriller
158721,Gen-X Cops (1999),Action|Comedy|Thriller
158783,The Handmaiden (2016),Drama|Romance|Thriller
158872,Sausage Party (2016),Animation|Comedy
158874,Karate Bullfighter (1975),Action|Drama
158956,Kill Command (2016),Action|Horror|Sci-Fi
158966,Captain Fantastic (2016),Drama
159093,Now You See Me 2 (2016),Action|Comedy|Thriller
159717,The Fundamentals of Caring (2016),Drama
159817,Planet Earth (2006),Documentary
160080,Ghostbusters (2016),Action|Comedy|Horror|Sci-Fi
160271,Central Intelligence (2016),Action|Comedy
160438,Jason Bourne (2016),Action
160563,The Legend of Tarzan (2016),Action|Adventure
160567,Mike & Dave Need Wedding Dates (2016),Comedy
160644,Indignation (2016),Drama
160848,The Red Turtle (2016),Animation
160980,Sully (2016),Drama
161024,Jim Jefferies: Freedumb (2016),Comedy
161044,Webmaster (1998),Sci-Fi
161131,War Dogs (2016),Comedy
161582,Hell or High Water (2016),Crime|Drama
161634,Don't Breathe (2016),Thriller
162478,Masterminds (2016),Action|Comedy|Crime
162606,The Accountant (2016),Crime|Drama|Thriller
162982,Steins;Gate the Movie: The Burden of Déjà vu (2013),Animation|Drama|Sci-Fi
163386,Winnie the Pooh and the Day of Concern (1972),Animation
163925,"Wings, Legs and Tails (1986)",Animation|Comedy
164179,Arrival (2016),Sci-Fi
164200,Storks (2016),Animation|Children|Comedy
164909,La La Land (2016),Comedy|Drama|Romance
165075,London Town (2016),Drama
165483,Joe Rogan: Triggered (2016),Comedy
165529,Flowers for Algernon (2000),Drama
165549,Manchester by the Sea (2016),Drama
166024,Whiplash (2013),(no genres listed)
166492,Office Christmas Party (2016),Comedy
166635,Passengers (2016),Adventure|Drama|Romance|Sci-Fi
167018,Why Him? (2016),Comedy
167036,Sing (2016),Animation|Children|Comedy
167064,I Am Not Your Negro (2017),Documentary
167538,Microwave Massacre (1983),Horror
167570,The OA,(no genres listed)
167634,Fist Fight (2017),Comedy
167706,Shakespeare Behind Bars (2005),Documentary
167746,The Lego Batman Movie (2017),Action|Animation|Comedy
168026,Marvel One-Shot: Agent Carter (2013),Action|Adventure|Fantasy|Sci-Fi
168252,Logan (2017),Action|Sci-Fi
168326,The Big Sick (2017),Comedy|Romance
168418,The Boss Baby (2017),Animation|Children|Comedy
169912,Denis Leary: No Cure for Cancer (1993),Comedy
169984,Alien: Covenant (2017),Action|Horror|Sci-Fi|Thriller
169992,Free Fire (2017),Action|Crime|Drama
170401,Table 19 (2017),Comedy|Drama
170777,There Once Was a Dog (1982),Animation|Children|Comedy
170827,The Mummy (2017),Action|Adventure|Fantasy|Horror|Thriller
170875,The Fate of the Furious (2017),Action|Crime|Drama|Thriller
170945,It Comes at Night (2017),Horror|Mystery|Thriller
171011,Planet Earth II (2016),Documentary
171631,Maria Bamford: Old Baby,(no genres listed)
171763,Baby Driver (2017),Action|Crime|Thriller
171765,Okja (2017),Action|Adventure|Drama|Sci-Fi
172229,Plain Clothes (1988),Comedy|Mystery|Romance|Thriller
172461,Get Me Roger Stone (2017),Documentary
172587,Vacations in Prostokvashino (1980),Animation
172793,Vovka in the Kingdom of Far Far Away (1965),Adventure|Animation|Children|Fantasy
172875,A Detective Story (2003),Animation|Sci-Fi
172887,Kid's Story (2003),Animation|Sci-Fi
173355,Travels of an Ant (1983),Animation
174045,Goon: Last of the Enforcers (2017),Comedy
175303,It (2017),Horror
175475,The Emoji Movie (2017),Animation|Children|Comedy
175485,Death Note (2017),Horror|Thriller
175569,Wind River (2017),Action|Crime|Mystery|Thriller
176101,Kingsman: The Golden Circle (2017),Action|Adventure|Comedy
176371,Blade Runner 2049 (2017),Sci-Fi
176389,The Nut Job 2: Nutty by Nature (2017),Adventure|Animation|Children|Comedy
177185,Maz Jobrani: Immigrant (2017),Comedy
177593,"Three Billboards Outside Ebbing, Missouri (2017)",Crime|Drama
177615,Lady Bird (2017),Comedy
177763,Murder on the Orient Express (2017),Crime|Drama|Mystery
177765,Coco (2017),Adventure|Animation|Children
179211,Christina P: Mother Inferior (2017),Comedy
179401,Jumanji: Welcome to the Jungle (2017),Action|Adventure|Children
179819,Star Wars: The Last Jedi (2017),Action|Adventure|Fantasy|Sci-Fi
180031,The Shape of Water (2017),Adventure|Drama|Fantasy
180497,The Post (2017),Drama|Thriller
180985,The Greatest Showman (2017),Drama
180987,Ferdinand (2017),Animation|Children|Comedy
182299,Porky's Hare Hunt (1938),Animation|Children|Comedy
182715,Annihilation (2018),Adventure|Mystery|Sci-Fi|Thriller
183611,Game Night (2018),Action|Comedy|Crime|Horror
183897,Isle of Dogs (2018),Animation|Comedy
183959,Tom Segura: Disgraceful (2018),Comedy
184053,Battle Planet (2008),Action|Sci-Fi
184471,Tomb Raider (2018),Action|Adventure|Fantasy
185031,Alpha (2018),Adventure|Thriller
187541,Incredibles 2 (2018),Action|Adventure|Animation|Children
187593,Deadpool 2 (2018),Action|Comedy|Sci-Fi
187595,Solo: A Star Wars Story (2018),Action|Adventure|Children|Sci-Fi
189111,Spiral (2018),Documentary
189333,Mission: Impossible - Fallout (2018),Action|Adventure|Thriller
189381,SuperFly (2018),Action|Crime|Thriller
193609,Andrew Dice Clay: Dice Rules (1991),Comedy
