userId,movieId,rating
239,48394,0.5
517,2683,0.5
307,4749,0.5
298,68073,0.5
50,175485,0.5
20,5504,0.5
83,6874,0.5
310,6548,0.5
22,5015,0.5
22,51540,0.5
249,59014,0.5
477,542,0.5
474,2796,0.5
298,8907,0.5
111,1407,0.5
328,3793,0.5
230,1883,0.5
298,68793,0.5
153,122892,0.5
78,27904,0.5
608,4679,0.5
177,2389,0.5
413,4816,0.5
506,45447,0.5
21,3000,0.5
187,2701,0.5
608,2081,0.5
414,8666,0.5
418,2054,0.5
480,5055,0.5
298,70641,0.5
307,6250,0.5
21,52730,0.5
330,435,0.5
438,43928,0.5
22,53519,0.5
111,104644,0.5
594,8521,0.5
406,2100,0.5
307,3273,0.5
594,4517,0.5
298,87485,0.5
543,59900,0.5
111,6957,0.5
182,4735,0.5
184,175475,0.5
298,85367,0.5
10,97024,0.5
393,76251,0.5
600,8644,0.5
580,1250,0.5
382,70946,0.5
41,3916,0.5
393,91658,0.5
127,68954,0.5
517,88744,0.5
182,2722,0.5
600,8665,0.5
308,1203,0.5
329,1732,0.5
567,6157,0.5
177,5048,0.5
153,153,0.5
418,648,0.5
153,86880,0.5
298,6535,0.5
219,546,0.5
387,432,0.5
477,6482,0.5
322,2997,0.5
153,72378,0.5
298,653,0.5
307,1431,0.5
567,82684,0.5
517,59725,0.5
580,1260,0.5
358,65350,0.5
329,4262,0.5
307,5943,0.5
610,145951,0.5
153,175303,0.5
428,4643,0.5
477,4270,0.5
182,1584,0.5
416,4886,0.5
153,106916,0.5
594,799,0.5
489,172,0.5
182,5313,0.5
298,80166,0.5
393,59369,0.5
298,7257,0.5
517,7669,0.5
567,79091,0.5
517,6550,0.5
139,106782,0.5
328,899,0.5
608,546,0.5
608,6827,0.5
298,68554,0.5
438,4248,0.5
382,5501,0.5
22,3949,0.5
539,31878,0.5
111,158872,0.5
477,4128,0.5
21,138186,0.5
249,57532,0.5
7,6534,0.5
41,122904,0.5
580,6643,0.5
517,3996,0.5
567,32892,0.5
239,61350,0.5
448,125916,0.5
517,45720,0.5
298,45732,0.5
298,2672,0.5
365,5679,0.5
599,104017,0.5
22,59315,0.5
578,79879,0.5
599,88,0.5
567,26171,0.5
489,8373,0.5
599,54274,0.5
567,60514,0.5
390,1091,0.5
287,1972,0.5
594,6639,0.5
442,3107,0.5
448,8137,0.5
600,5945,0.5
298,886,0.5
462,2571,0.5
594,7883,0.5
89,946,0.5
461,480,0.5
448,4051,0.5
543,35836,0.5
567,109897,0.5
599,136297,0.5
301,2617,0.5
418,1552,0.5
365,93270,0.5
573,2720,0.5
259,786,0.5
21,119141,0.5
307,27434,0.5
495,3157,0.5
298,79553,0.5
594,7564,0.5
298,138798,0.5
298,74452,0.5
22,69122,0.5
51,2683,0.5
599,43928,0.5
462,500,0.5
175,39427,0.5
167,784,0.5
608,3176,0.5
159,3949,0.5
477,1556,0.5
600,39444,1.0
462,2369,1.0
575,2566,1.0
414,4985,1.0
259,368,1.0
572,2013,1.0
567,72998,1.0
288,3623,1.0
153,64034,1.0
68,2011,1.0
4,2763,1.0
274,6763,1.0
567,101025,1.0
479,4676,1.0
391,2628,1.0
608,2798,1.0
502,8529,1.0
605,35347,1.0
571,1998,1.0
21,108932,1.0
480,3826,1.0
313,76,1.0
313,2080,1.0
274,39400,1.0
484,1333,1.0
160,1976,1.0
20,4734,1.0
414,2605,1.0
394,208,1.0
10,106782,1.0
528,88125,1.0
448,96861,1.0
68,1320,1.0
368,2456,1.0
297,1488,1.0
414,3393,1.0
294,3564,1.0
382,32296,1.0
517,4148,1.0
474,2450,1.0
294,671,1.0
428,1831,1.0
373,21,1.0
555,1336,1.0
230,4034,1.0
563,2384,1.0
448,6534,1.0
536,431,1.0
21,114818,1.0
294,445,1.0
311,3977,1.0
567,135137,1.0
590,3979,1.0
448,4477,1.0
308,508,1.0
559,374,1.0
19,48,1.0
427,4876,1.0
19,2513,1.0
567,162606,1.0
391,5254,1.0
91,2302,1.0
480,2710,1.0
200,59615,1.0
567,132335,1.0
453,1676,1.0
140,5291,1.0
567,34150,1.0
500,101,1.0
219,4247,1.0
73,69278,1.0
274,4248,1.0
267,2890,1.0
434,788,1.0
266,1614,1.0
297,1556,1.0
514,1381,1.0
382,46865,1.0
503,1342,1.0
500,11,1.0
489,6155,1.0
284,168,1.0
177,3087,1.0
177,1923,1.0
434,5378,1.0
282,923,1.0
448,4254,1.0
555,173,1.0
307,377,1.0
555,1518,1.0
91,374,1.0
367,3286,1.0
313,3440,1.0
298,71248,1.0
199,1055,1.0
448,92264,1.0
34,4874,1.0
33,805,1.0
22,55290,1.0
160,786,1.0
600,1064,1.0
603,3431,1.0
287,5378,1.0
500,231,1.0
298,3955,1.0
603,485,1.0
527,4289,1.0
294,1021,1.0
199,85,1.0
413,2858,1.0
307,1330,1.0
75,2628,1.0
489,2389,1.0
268,1370,1.0
577,2657,1.0
19,2701,1.0
600,662,1.0
19,3101,1.0
501,661,1.0
602,586,1.0
599,473,1.0
308,2324,1.0
603,52,1.0
224,1285,1.0
68,6888,1.0
220,7164,1.0
587,3450,1.0
181,357,1.0
603,2598,1.0
19,3146,1.0
308,589,1.0
160,648,1.0
195,4723,1.0
597,173,1.0
536,292,1.0
603,2469,1.0
255,1304,1.0
509,45672,1.0
265,2657,1.0
297,836,1.0
309,1645,1.0
358,2338,1.0
603,3635,1.0
490,60128,1.0
313,3996,1.0
517,67295,1.0
603,2813,1.0
160,1586,1.0
428,2671,1.0
307,1995,1.0
437,153,1.0
177,1206,1.0
68,30812,1.0
446,153,1.0
338,187541,1.0
149,1544,1.0
217,737,1.0
15,44,1.0
191,427,1.0
59,2987,1.0
294,2381,1.0
386,288,1.0
462,1784,1.0
266,476,1.0
294,719,1.0
479,5378,1.0
198,4823,1.0
428,1097,1.0
294,3031,1.0
22,46976,1.0
140,26865,1.0
28,56145,1.0
576,1188,1.0
274,5556,1.0
483,1409,1.0
608,3868,1.0
288,4987,1.0
370,1732,1.0
198,2338,1.0
510,16,1.0
414,742,1.0
368,2735,1.0
365,3996,1.0
517,82459,1.0
448,114180,1.0
22,55765,1.0
38,193,1.0
294,3667,1.0
75,6870,1.0
298,140110,1.0
294,3268,1.0
219,3510,1.0
4,1211,1.0
160,2533,1.0
517,30825,1.0
308,339,1.0
136,181,1.0
489,1680,1.0
160,1676,1.0
567,118997,1.0
528,55290,1.0
331,6157,1.0
160,2789,1.0
518,31,1.0
448,136305,1.0
608,829,1.0
156,1614,1.0
140,2775,1.0
298,71518,1.0
294,3313,1.0
298,4974,1.0
448,1389,1.0
448,3596,1.0
50,156607,1.0
600,4748,1.0
428,2011,1.0
19,839,1.0
541,586,1.0
31,1405,1.0
160,374,1.0
156,3223,1.0
453,3908,1.0
57,158,1.0
307,8835,1.0
448,117895,1.0
564,1682,1.0
68,48385,1.0
294,2408,1.0
358,2226,1.0
160,3440,1.0
4,296,1.0
599,274,1.0
4,4641,1.0
40,273,1.0
68,74154,1.0
288,3930,1.0
514,167538,1.0
600,4814,1.0
57,3774,1.0
554,2995,1.0
294,663,1.0
380,46335,1.0
217,393,1.0
275,924,1.0
217,2410,1.0
603,4589,1.0
160,2364,1.0
297,786,1.0
414,1831,1.0
20,3535,1.0
307,1037,1.0
160,1962,1.0
292,79242,1.0
542,8528,1.0
483,2053,1.0
226,32666,1.0
223,344,1.0
560,82202,1.0
442,1231,1.0
480,5401,1.0
42,1094,1.0
47,88405,1.0
482,3130,1.0
288,2378,1.0
41,91529,1.0
279,5378,1.0
597,780,1.0
68,72167,1.0
474,2657,1.0
333,3797,1.0
448,3005,1.0
307,33681,1.0
307,3564,1.0
210,123553,1.0
510,7,1.0
380,152,1.0
38,208,1.0
266,919,1.0
448,129657,1.0
115,1241,1.0
599,43904,1.0
44,12,1.0
82,1748,1.0
380,8666,1.0
294,372,1.0
199,1441,1.0
599,4502,1.0
571,3660,1.0
603,2003,1.0
489,5872,1.0
266,3142,1.0
448,1591,1.0
520,19,1.0
7,4643,1.0
563,98203,1.0
195,1218,1.0
217,1201,1.0
270,135,1.0
536,357,1.0
294,810,1.0
480,37380,1.0
599,355,1.0
91,4774,1.0
438,31433,1.0
600,193,1.0
575,2548,1.0
587,1747,1.0
199,2003,1.0
217,1285,1.0
153,858,1.0
217,65,1.0
517,164909,1.0
409,2694,1.0
434,3863,1.0
57,673,1.0
489,1346,1.0
571,2163,1.0
160,2531,1.0
160,733,1.0
381,6659,1.0
135,1917,1.0
603,4030,1.0
217,1806,1.0
116,1059,1.0
19,640,1.0
600,2628,1.0
140,8199,1.0
19,1544,1.0
85,1358,1.0
298,76175,1.0
368,1996,1.0
600,161,1.0
68,2012,1.0
19,2338,1.0
50,117529,1.5
50,91094,1.5
132,3785,1.5
600,2428,1.5
323,110730,1.5
365,96737,1.5
274,43679,1.5
322,858,1.5
307,4771,1.5
448,91873,1.5
298,80463,1.5
599,2133,1.5
489,95,1.5
599,4619,1.5
599,366,1.5
307,5573,1.5
448,143255,1.5
428,1552,1.5
292,129937,1.5
590,1707,1.5
599,3798,1.5
298,4270,1.5
514,8894,1.5
28,6281,1.5
517,933,1.5
112,95,1.5
182,3896,1.5
307,2500,1.5
600,1551,1.5
387,6811,1.5
182,4728,1.5
599,2372,1.5
287,832,1.5
51,54286,1.5
448,107702,1.5
561,4246,1.5
502,953,1.5
307,5945,1.5
36,3270,1.5
307,4862,1.5
182,849,1.5
398,58293,1.5
220,1049,1.5
517,1597,1.5
132,4027,1.5
578,7046,1.5
599,4686,1.5
184,180987,1.5
483,2167,1.5
522,2141,1.5
219,1485,1.5
599,1646,1.5
503,93831,1.5
561,204,1.5
365,96821,1.5
428,3827,1.5
307,367,1.5
307,4748,1.5
21,73858,1.5
233,78105,1.5
182,3703,1.5
599,59129,1.5
517,4039,1.5
89,3752,1.5
610,2332,1.5
160,5459,1.5
474,26791,1.5
464,379,1.5
599,842,1.5
257,2599,1.5
480,6006,1.5
377,3841,1.5
517,4646,1.5
608,2338,1.5
89,4979,1.5
534,95441,1.5
608,3688,1.5
489,186,1.5
116,1299,1.5
344,4848,1.5
111,143859,1.5
428,3882,1.5
21,109864,1.5
599,3243,1.5
474,3525,1.5
573,69526,1.5
561,6156,1.5
219,6157,1.5
182,3527,1.5
448,79428,1.5
462,91542,1.5
489,6373,1.5
21,40629,1.5
480,1347,1.5
219,6383,1.5
448,152658,1.5
567,86882,1.5
20,4848,1.5
139,5957,1.5
599,5481,1.5
567,145839,1.5
534,78893,1.5
51,1011,1.5
599,4291,1.5
599,1459,1.5
448,43871,1.5
298,62113,1.5
599,6731,1.5
387,1088,1.5
599,33836,1.5
89,86833,1.5
599,5843,1.5
509,63992,1.5
50,94864,1.5
307,2154,1.5
219,1005,1.5
448,126420,1.5
298,3511,1.5
292,19,1.5
448,158022,1.5
226,5501,1.5
387,44974,1.5
167,185,1.5
50,90522,1.5
599,3825,1.5
448,103596,1.5
311,1407,1.5
21,103819,1.5
307,5361,1.5
15,2085,1.5
599,4483,1.5
219,7319,1.5
600,4718,1.5
488,168,1.5
264,1023,1.5
599,4587,1.5
490,231,1.5
599,34800,1.5
177,4679,1.5
308,44555,1.5
448,82093,1.5
167,35836,1.5
28,2060,1.5
232,30883,1.5
480,42013,1.5
139,74789,1.5
307,2496,1.5
215,1091,1.5
365,96964,1.5
323,273,1.5
599,7254,1.5
567,91126,1.5
560,102903,1.5
68,3471,1.5
139,7367,1.5
138,2582,1.5
287,370,1.5
561,6934,1.5
567,90647,1.5
599,1992,1.5
448,91323,1.5
474,5694,1.5
509,40339,1.5
599,2170,1.5
462,1270,1.5
600,2806,1.5
590,4247,1.5
414,7390,1.5
448,104076,1.5
508,1175,1.5
599,92309,1.5
75,2640,1.5
387,743,1.5
292,2122,1.5
138,1411,1.5
21,143245,1.5
111,78772,1.5
298,55995,1.5
83,58303,1.5
474,3394,1.5
287,5816,1.5
489,367,1.5
111,81847,1.5
542,1997,1.5
608,174,1.5
608,3388,1.5
448,5248,1.5
432,344,1.5
599,5136,1.5
448,112370,1.5
153,63082,1.5
316,48,1.5
448,96616,1.5
610,5275,1.5
298,1625,1.5
599,2794,1.5
222,762,1.5
98,82461,1.5
600,2799,1.5
438,33004,1.5
139,4148,1.5
599,4992,1.5
489,3253,1.5
50,122904,1.5
489,4816,1.5
599,544,1.5
298,4340,1.5
375,2628,1.5
608,2141,1.5
365,155288,1.5
448,122890,1.5
599,2841,1.5
534,108945,1.5
42,414,2.0
483,1721,2.0
599,2404,2.0
27,158,2.0
599,5442,2.0
58,276,2.0
225,1982,2.0
219,185,2.0
391,2094,2.0
608,3869,2.0
575,2572,2.0
274,818,2.0
217,3431,2.0
157,2720,2.0
480,6873,2.0
599,6093,2.0
448,2014,2.0
317,97304,2.0
555,1985,2.0
160,2470,2.0
514,2786,2.0
288,2052,2.0
268,2182,2.0
68,40278,2.0
555,2256,2.0
287,16,2.0
139,81564,2.0
217,3461,2.0
602,553,2.0
580,49651,2.0
141,3988,2.0
182,5502,2.0
68,6218,2.0
368,540,2.0
414,2676,2.0
220,316,2.0
448,2412,2.0
217,1429,2.0
160,593,2.0
314,380,2.0
368,2662,2.0
42,3882,2.0
82,4255,2.0
489,468,2.0
288,4148,2.0
448,118326,2.0
603,778,2.0
500,3253,2.0
9,1037,2.0
165,5530,2.0
590,216,2.0
599,784,2.0
265,1302,2.0
232,6057,2.0
244,736,2.0
182,5650,2.0
599,7117,2.0
360,1639,2.0
139,7163,2.0
244,2243,2.0
590,1562,2.0
561,45431,2.0
113,2671,2.0
599,487,2.0
597,2402,2.0
288,1388,2.0
457,3826,2.0
525,783,2.0
414,3614,2.0
307,7444,2.0
89,4928,2.0
42,379,2.0
156,68,2.0
479,351,2.0
367,4031,2.0
184,87483,2.0
279,103341,2.0
19,719,2.0
100,2513,2.0
607,3785,2.0
474,5303,2.0
448,2616,2.0
352,3744,2.0
474,6313,2.0
438,41569,2.0
234,3877,2.0
382,743,2.0
307,48142,2.0
42,2369,2.0
387,33164,2.0
81,380,2.0
140,4027,2.0
495,3977,2.0
283,1148,2.0
608,4447,2.0
274,63436,2.0
365,89804,2.0
597,1687,2.0
198,5459,2.0
68,48043,2.0
525,6157,2.0
217,2404,2.0
597,1581,2.0
232,40339,2.0
240,296,2.0
298,36535,2.0
590,7161,2.0
153,616,2.0
422,762,2.0
414,4063,2.0
274,3355,2.0
365,108190,2.0
414,1390,2.0
21,50189,2.0
19,627,2.0
590,3968,2.0
474,586,2.0
365,81229,2.0
414,990,2.0
307,2121,2.0
68,1339,2.0
298,94677,2.0
317,1961,2.0
104,2153,2.0
91,158,2.0
462,8798,2.0
226,255,2.0
73,63992,2.0
588,592,2.0
292,111360,2.0
561,110553,2.0
89,1394,2.0
382,26765,2.0
368,1969,2.0
274,33158,2.0
19,2840,2.0
19,965,2.0
368,353,2.0
28,5956,2.0
387,45499,2.0
177,2053,2.0
428,380,2.0
294,2060,2.0
462,33794,2.0
414,3770,2.0
199,587,2.0
41,93840,2.0
603,29,2.0
608,2060,2.0
33,11,2.0
19,984,2.0
331,4638,2.0
571,3708,2.0
290,2549,2.0
368,132,2.0
422,3798,2.0
479,1371,2.0
187,5349,2.0
414,6628,2.0
235,10,2.0
386,480,2.0
197,858,2.0
19,915,2.0
312,2393,2.0
599,106873,2.0
198,1639,2.0
509,8808,2.0
464,62956,2.0
524,23,2.0
288,3957,2.0
89,94677,2.0
380,3889,2.0
414,58156,2.0
42,1976,2.0
28,46578,2.0
610,56156,2.0
603,1805,2.0
298,3821,2.0
380,55282,2.0
342,2723,2.0
557,2628,2.0
27,5060,2.0
361,1210,2.0
414,6213,2.0
298,95441,2.0
307,5128,2.0
4,47,2.0
561,6378,2.0
474,1091,2.0
68,56941,2.0
217,1136,2.0
221,5248,2.0
117,555,2.0
422,4133,2.0
307,8362,2.0
234,2253,2.0
19,490,2.0
552,3113,2.0
231,527,2.0
517,2100,2.0
600,2794,2.0
350,17,2.0
136,44,2.0
424,89118,2.0
168,1376,2.0
474,2379,2.0
126,300,2.0
474,4127,2.0
222,193,2.0
603,532,2.0
414,4636,2.0
33,1614,2.0
2,114060,2.0
50,596,2.0
91,2522,2.0
395,527,2.0
294,2916,2.0
380,6338,2.0
28,61024,2.0
288,5679,2.0
599,1752,2.0
91,4979,2.0
549,260,2.0
448,109187,2.0
448,85367,2.0
474,2112,2.0
33,1805,2.0
414,2822,2.0
480,6979,2.0
448,3555,2.0
414,6039,2.0
600,2416,2.0
387,1035,2.0
156,1665,2.0
603,2706,2.0
185,34,2.0
42,165,2.0
19,2733,2.0
474,5548,2.0
599,6267,2.0
600,225,2.0
298,8961,2.0
230,150,2.0
105,3593,2.0
82,2355,2.0
599,6992,2.0
386,173,2.0
19,2011,2.0
217,2950,2.0
265,2392,2.0
414,4388,2.0
563,58347,2.0
597,434,2.0
555,1986,2.0
442,3752,2.0
608,1702,2.0
448,87483,2.0
541,444,2.0
140,1653,2.0
10,60950,2.0
448,60074,2.0
144,589,2.0
448,4066,2.0
140,4975,2.0
561,54997,2.0
599,51080,2.0
89,177765,2.0
217,47,2.0
600,5283,2.0
599,2162,2.0
361,2529,2.0
381,53464,2.0
274,8947,2.0
19,3535,2.0
313,377,2.0
244,479,2.0
6,88,2.0
599,34332,2.0
298,4388,2.0
19,3497,2.0
474,1030,2.0
209,71535,2.0
66,181,2.0
414,8907,2.0
64,4734,2.0
603,1682,2.0
232,5504,2.0
599,6213,2.0
68,587,2.0
353,355,2.0
474,2352,2.0
328,2987,2.0
599,27124,2.0
414,5471,2.0
19,3361,2.0
480,6548,2.0
307,32019,2.0
414,5107,2.0
610,3564,2.0
571,366,2.0
199,1388,2.0
226,4676,2.0
18,784,2.0
267,2861,2.0
279,2797,2.0
474,520,2.0
606,6934,2.0
590,7570,2.0
599,1479,2.0
428,3555,2.0
63,1580,2.0
428,2539,2.0
448,74916,2.0
368,1385,2.0
368,2126,2.0
608,3751,2.0
599,453,2.0
332,1676,2.0
160,368,2.0
328,58559,2.0
182,4310,2.0
398,1909,2.0
68,4128,2.0
42,3869,2.0
274,6383,2.0
599,4200,2.0
19,1645,2.0
274,5784,2.0
438,7315,2.0
68,8879,2.0
479,5303,2.0
307,24,2.0
559,255,2.0
19,3258,2.0
217,2396,2.0
479,2793,2.0
210,184053,2.0
479,2011,2.0
307,37384,2.0
409,2724,2.0
387,7991,2.0
380,4890,2.0
524,762,2.0
288,3107,2.0
294,2477,2.0
57,761,2.0
372,924,2.0
603,1748,2.0
307,1973,2.0
341,480,2.0
580,919,2.0
121,432,2.0
448,5459,2.0
600,953,2.0
125,2657,2.0
160,2977,2.0
121,19,2.0
113,1043,2.0
428,150,2.0
288,1347,2.0
368,185,2.0
288,27618,2.0
135,2193,2.0
428,3977,2.0
590,34150,2.0
199,1047,2.0
483,4638,2.0
376,19,2.0
19,104,2.0
306,105731,2.0
474,5755,2.0
587,830,2.0
325,3809,2.0
101,2723,2.0
414,6012,2.0
361,70,2.0
294,2111,2.0
599,420,2.0
448,19,2.0
307,586,2.0
386,196,2.0
217,1676,2.0
561,8529,2.0
298,1466,2.0
606,2410,2.0
414,2430,2.0
607,3175,2.0
255,4018,2.0
41,1222,2.0
288,2902,2.0
6,719,2.0
428,4025,2.0
208,2699,2.0
410,4019,2.0
549,1210,2.0
390,5989,2.0
414,4519,2.0
82,34,2.0
294,1064,2.0
140,3317,2.0
139,8371,2.0
181,519,2.0
474,2095,2.0
7,587,2.0
414,420,2.0
104,2551,2.0
379,21,2.0
317,80219,2.0
195,800,2.0
520,327,2.0
599,3016,2.0
140,338,2.0
135,1876,2.0
599,885,2.0
427,2355,2.0
104,5796,2.0
149,924,2.0
514,169984,2.0
594,6148,2.0
468,160,2.0
599,2375,2.0
414,30894,2.0
561,8371,2.0
217,1256,2.0
372,1080,2.0
217,2860,2.0
599,6320,2.0
294,2013,2.0
414,7445,2.0
232,47200,2.0
45,1863,2.0
265,2455,2.0
599,8045,2.0
525,96150,2.0
149,2011,2.0
448,93982,2.0
279,106489,2.0
462,3572,2.0
331,3623,2.0
474,852,2.0
135,1370,2.0
50,136018,2.0
294,3877,2.0
275,2359,2.0
57,442,2.0
19,2502,2.0
233,2296,2.0
19,2463,2.0
414,8810,2.0
39,1527,2.0
430,2100,2.0
57,3208,2.0
274,6014,2.0
520,1079,2.0
599,7125,2.0
317,81932,2.0
448,6218,2.0
597,471,2.0
354,3623,2.0
19,2001,2.0
292,3386,2.0
28,52241,2.0
387,7951,2.0
149,519,2.0
380,53121,2.0
382,56176,2.0
593,339,2.0
368,2808,2.0
182,6373,2.0
292,2712,2.0
368,849,2.0
385,1385,2.0
28,57368,2.0
19,351,2.0
304,1391,2.0
599,165529,2.0
288,1129,2.0
561,93326,2.0
298,3300,2.0
561,68791,2.0
524,50,2.0
480,1729,2.0
160,442,2.0
414,429,2.0
603,1914,2.0
487,5299,2.0
68,3160,2.0
198,2986,2.0
288,4343,2.0
567,103772,2.0
79,2427,2.0
599,1006,2.0
201,1562,2.0
571,2982,2.0
63,53000,2.0
462,1961,2.0
590,585,2.0
590,2724,2.0
572,2987,2.0
136,231,2.0
155,1968,2.0
132,5171,2.0
567,160980,2.0
567,118700,2.0
610,100810,2.0
448,59900,2.0
474,2262,2.0
414,829,2.0
599,481,2.0
247,5349,2.0
414,6560,2.0
298,5459,2.0
317,70286,2.0
414,432,2.0
19,2450,2.0
217,296,2.0
599,6308,2.0
564,53996,2.0
599,3250,2.0
19,798,2.0
474,516,2.0
428,1909,2.0
290,3444,2.0
274,2548,2.0
156,2947,2.0
448,3785,2.0
422,3986,2.0
448,3705,2.0
298,5218,2.0
111,2005,2.0
464,2683,2.0
380,67255,2.0
599,1762,2.0
274,5621,2.0
222,79695,2.0
50,97225,2.0
135,1918,2.0
555,1965,2.0
555,748,2.0
157,2724,2.0
448,3591,2.0
361,260,2.0
133,288,2.0
274,4890,2.0
275,1923,2.0
217,2306,2.0
386,485,2.0
414,1271,2.0
185,361,2.0
160,2367,2.0
288,3833,2.0
42,1644,2.0
274,2770,2.0
68,2716,2.0
368,3431,2.0
19,196,2.0
113,1589,2.0
288,2535,2.0
101,358,2.0
437,640,2.0
599,1382,2.0
42,153,2.0
599,70703,2.0
448,3248,2.0
414,6280,2.0
19,2354,2.0
298,68600,2.0
535,2445,2.0
47,104841,2.0
331,4018,2.0
599,3827,2.0
373,168,2.0
160,242,2.0
198,2391,2.0
314,208,2.0
217,110,2.0
44,736,2.0
590,193,2.0
19,3591,2.0
534,58559,2.0
245,2064,2.0
274,3826,2.0
363,176389,2.0
391,1805,2.0
525,67734,2.0
19,485,2.0
368,2616,2.0
160,1591,2.0
181,338,2.0
368,3740,2.0
307,1020,2.0
480,4756,2.0
474,2463,2.0
19,2478,2.0
198,1591,2.0
82,1645,2.0
91,1380,2.0
19,3489,2.0
380,6593,2.0
365,8464,2.0
307,409,2.0
484,88129,2.0
7,4223,2.0
177,5501,2.0
266,551,2.0
552,4701,2.0
57,1544,2.0
132,2953,2.0
58,44,2.0
125,149902,2.0
414,6549,2.0
490,53125,2.0
274,2054,2.0
55,2005,2.0
368,2122,2.0
600,172,2.0
28,1625,2.0
313,1270,2.0
217,2605,2.0
298,56801,2.0
483,153,2.0
380,27683,2.0
597,2794,2.0
332,93766,2.0
462,3521,2.0
453,3717,2.0
365,103810,2.0
232,51088,2.0
226,783,2.0
414,4610,2.0
597,1479,2.0
381,1208,2.0
352,112138,2.0
590,19,2.0
50,117176,2.0
368,1587,2.0
474,4723,2.0
315,2951,2.0
19,842,2.0
403,2724,2.0
325,1608,2.0
294,1179,2.0
571,2120,2.0
217,2567,2.0
281,362,2.0
555,435,2.0
288,3489,2.0
599,2422,2.0
139,8861,2.0
448,32,2.0
6,218,2.0
525,66203,2.0
28,2502,2.0
590,6157,2.0
7,2324,2.0
42,880,2.0
474,2787,2.0
590,2411,2.0
483,1562,2.0
368,2881,2.0
28,61011,2.0
599,4063,2.0
217,122,2.0
313,2097,2.0
554,2857,2.0
297,1004,2.0
599,44241,2.0
45,1377,2.0
600,3247,2.0
603,4757,2.0
599,5171,2.0
480,8957,2.0
422,3826,2.0
610,51077,2.0
380,96079,2.0
182,3981,2.0
448,80590,2.0
567,673,2.0
307,4915,2.0
288,3753,2.0
411,348,2.0
328,46578,2.0
68,4085,2.0
20,4449,2.0
19,709,2.0
474,1735,2.0
489,1042,2.0
479,2110,2.0
448,37727,2.0
156,62,2.0
68,1124,2.0
534,94018,2.0
571,3021,2.0
38,252,2.0
216,4007,2.0
517,96520,2.0
307,429,2.0
57,762,2.0
160,991,2.0
387,2402,2.0
26,434,2.0
414,2793,2.0
489,2706,2.0
456,79,2.0
381,3988,2.0
159,106782,2.0
217,3406,2.0
474,2115,2.0
484,5135,2.0
68,737,2.0
255,4467,2.0
307,2369,2.0
409,2805,2.0
324,432,2.0
217,2003,2.0
160,1973,2.0
563,59258,2.0
89,4973,2.0
32,849,2.0
423,1080,2.0
469,1590,2.0
414,2803,2.0
608,2916,2.0
448,32019,2.0
185,2799,2.0
307,6619,2.0
19,480,2.0
117,231,2.0
428,4228,2.0
524,338,2.0
265,2641,2.0
596,2643,2.0
577,1391,2.0
514,3738,2.0
307,1358,2.0
116,2985,2.0
19,1355,2.0
448,5420,2.0
555,2410,2.0
414,3258,2.0
50,72998,2.0
244,1573,2.0
448,76077,2.0
217,2245,2.0
351,4718,2.0
180,785,2.0
561,79592,2.0
216,1966,2.0
567,65261,2.0
600,3863,2.0
599,7701,2.0
19,2134,2.0
307,1405,2.0
274,6794,2.0
111,109483,2.0
57,2990,2.0
274,3623,2.0
608,5785,2.0
15,596,2.0
159,5377,2.0
368,436,2.0
433,99114,2.0
448,1408,2.0
479,3082,2.0
224,505,2.0
512,509,2.0
68,4084,2.0
599,65,2.0
414,158,2.0
231,92259,2.0
57,1370,2.0
42,4477,2.0
428,2808,2.0
411,661,2.0
394,590,2.0
121,435,2.0
524,76,2.0
292,5989,2.0
414,4343,2.0
217,2110,2.0
599,128197,2.0
226,4025,2.0
608,1282,2.0
599,7193,2.0
610,3553,2.0
368,3438,2.0
133,590,2.0
18,31685,2.0
230,788,2.0
298,5941,2.0
314,1371,2.0
571,152,2.0
575,2587,2.0
509,36529,2.0
353,330,2.0
517,33615,2.0
42,1042,2.0
247,72998,2.0
474,1083,2.0
199,1676,2.0
328,81847,2.0
367,4628,2.0
392,2628,2.0
414,3438,2.0
546,3958,2.0
307,2120,2.0
448,158956,2.0
368,2531,2.0
28,3755,2.0
387,63,2.0
368,316,2.0
411,4,2.0
199,1101,2.0
19,7,2.0
217,2161,2.0
232,31221,2.0
414,273,2.0
365,508,2.0
288,3770,2.0
474,2059,2.0
610,3977,2.0
588,204,2.0
42,780,2.0
559,667,2.0
610,98239,2.0
428,4638,2.0
490,5313,2.0
414,4030,2.0
140,3861,2.0
414,3826,2.0
260,1206,2.0
382,122902,2.0
33,2108,2.0
76,73017,2.0
19,1330,2.0
561,94864,2.0
211,82461,2.0
132,2797,2.0
599,637,2.0
47,2959,2.0
370,608,2.0
414,2792,2.0
4,1060,2.0
381,2300,2.0
602,193,2.0
313,1356,2.0
19,92,2.0
430,1373,2.0
414,5321,2.0
202,674,2.0
373,208,2.0
208,10,2.0
414,7315,2.0
57,1620,2.0
599,438,2.0
91,2002,2.0
307,44828,2.0
412,1,2.0
599,123310,2.0
132,1244,2.0
608,3593,2.0
298,3285,2.0
217,1479,2.0
414,2421,2.0
517,7151,2.0
474,4085,2.0
274,86332,2.0
219,1762,2.0
524,20,2.0
522,8784,2.0
199,307,2.0
368,548,2.0
387,7650,2.0
590,2642,2.0
517,54286,2.0
288,1380,2.0
414,6547,2.0
474,6944,2.0
479,5471,2.0
474,4489,2.0
130,349,2.0
217,1320,2.0
64,370,2.0
19,1342,2.0
57,1379,2.0
489,4085,2.0
448,139717,2.0
478,1917,2.0
583,99117,2.0
325,2628,2.0
599,27478,2.0
590,1359,2.0
33,322,2.0
298,6059,2.0
270,788,2.0
428,1779,2.0
334,3006,2.0
610,96861,2.0
222,3409,2.5
62,8371,2.5
274,60979,2.5
232,3745,2.5
51,3624,2.5
226,2253,2.5
610,78469,2.5
438,5400,2.5
261,4085,2.5
599,38886,2.5
580,8970,2.5
91,2463,2.5
390,39183,2.5
504,5992,2.5
233,72998,2.5
104,743,2.5
182,3869,2.5
298,5481,2.5
599,8380,2.5
599,55282,2.5
21,88405,2.5
219,172,2.5
414,60072,2.5
311,5944,2.5
219,3617,2.5
318,78105,2.5
249,91690,2.5
28,8977,2.5
232,33672,2.5
599,26542,2.5
50,2420,2.5
140,49910,2.5
370,1136,2.5
365,50872,2.5
212,103372,2.5
89,4890,2.5
599,782,2.5
600,26133,2.5
280,2683,2.5
307,6702,2.5
599,27441,2.5
271,43936,2.5
316,661,2.5
599,53322,2.5
68,786,2.5
387,952,2.5
47,3255,2.5
287,1206,2.5
274,6754,2.5
509,1713,2.5
182,4865,2.5
593,1073,2.5
10,41285,2.5
483,2985,2.5
599,106072,2.5
599,1840,2.5
41,4979,2.5
232,45208,2.5
509,8361,2.5
600,2318,2.5
477,435,2.5
606,1,2.5
132,5464,2.5
605,27706,2.5
68,4223,2.5
448,80241,2.5
480,33646,2.5
596,2642,2.5
599,89904,2.5
182,5312,2.5
182,529,2.5
599,132084,2.5
369,1101,2.5
570,1391,2.5
307,589,2.5
232,4232,2.5
68,5103,2.5
221,1101,2.5
28,1042,2.5
509,44972,2.5
68,253,2.5
131,110,2.5
182,3863,2.5
514,6299,2.5
68,7154,2.5
599,34150,2.5
483,52973,2.5
50,49272,2.5
600,4734,2.5
599,3521,2.5
608,4623,2.5
139,59784,2.5
307,7346,2.5
253,916,2.5
599,8981,2.5
50,6239,2.5
352,122904,2.5
606,47538,2.5
599,1347,2.5
448,82499,2.5
249,143365,2.5
480,45726,2.5
307,708,2.5
307,1476,2.5
200,6541,2.5
474,2088,2.5
125,4864,2.5
298,3301,2.5
219,5872,2.5
599,5617,2.5
462,3426,2.5
50,128695,2.5
352,102123,2.5
480,33679,2.5
480,33437,2.5
483,3409,2.5
503,7361,2.5
489,58162,2.5
590,4823,2.5
495,1499,2.5
131,2028,2.5
298,89492,2.5
298,8636,2.5
318,189381,2.5
534,46530,2.5
605,60937,2.5
18,3994,2.5
606,44613,2.5
599,3271,2.5
68,1029,2.5
89,1269,2.5
567,308,2.5
20,3615,2.5
599,3764,2.5
288,6959,2.5
590,1485,2.5
425,741,2.5
514,7477,2.5
140,6709,2.5
139,89745,2.5
249,73431,2.5
424,4247,2.5
249,8947,2.5
490,6373,2.5
606,1483,2.5
489,736,2.5
599,7840,2.5
514,26198,2.5
182,1210,2.5
610,4388,2.5
599,440,2.5
177,2054,2.5
307,203,2.5
219,6287,2.5
111,44840,2.5
599,4175,2.5
274,68319,2.5
387,2134,2.5
274,34048,2.5
525,4018,2.5
480,34437,2.5
600,3259,2.5
68,432,2.5
580,3809,2.5
425,434,2.5
489,1047,2.5
104,4941,2.5
517,53125,2.5
21,3578,2.5
599,2322,2.5
599,87232,2.5
76,4878,2.5
600,2279,2.5
274,1975,2.5
222,1997,2.5
50,140928,2.5
15,120466,2.5
434,2699,2.5
298,72405,2.5
68,2140,2.5
514,4396,2.5
599,6593,2.5
599,4720,2.5
274,1377,2.5
68,45726,2.5
305,74868,2.5
474,3270,2.5
111,111659,2.5
497,6539,2.5
590,4701,2.5
509,64969,2.5
307,3916,2.5
274,61705,2.5
590,53953,2.5
480,3988,2.5
434,3753,2.5
608,1015,2.5
474,8695,2.5
599,45221,2.5
414,56587,2.5
318,5882,2.5
147,2395,2.5
474,5316,2.5
608,3471,2.5
51,5254,2.5
600,1,2.5
448,82378,2.5
427,6238,2.5
606,7255,2.5
599,6059,2.5
414,8870,2.5
480,4340,2.5
328,4016,2.5
232,5171,2.5
63,77561,2.5
232,4446,2.5
599,8809,2.5
606,1994,2.5
599,11,2.5
600,631,2.5
599,1792,2.5
323,1198,2.5
199,1513,2.5
489,2124,2.5
599,4898,2.5
66,6022,2.5
525,558,2.5
285,1285,2.5
474,1256,2.5
68,466,2.5
89,4388,2.5
414,5941,2.5
365,88163,2.5
50,104913,2.5
599,104,2.5
111,4069,2.5
111,34520,2.5
610,103596,2.5
274,362,2.5
111,169912,2.5
232,27904,2.5
495,102123,2.5
212,103384,2.5
448,113453,2.5
82,1377,2.5
599,5026,2.5
606,5666,2.5
307,65,2.5
219,6863,2.5
599,33437,2.5
483,112316,2.5
330,3698,2.5
177,2706,2.5
509,2193,2.5
274,8949,2.5
610,4025,2.5
590,6957,2.5
474,3844,2.5
28,3256,2.5
68,173,2.5
177,78637,2.5
608,6857,2.5
520,2701,2.5
599,3255,2.5
264,1997,2.5
139,5464,2.5
414,2320,2.5
381,19,2.5
298,1439,2.5
560,8533,2.5
563,47518,2.5
480,1485,2.5
599,8905,2.5
50,55247,2.5
590,45447,2.5
434,8360,2.5
590,419,2.5
28,27450,2.5
21,74789,2.5
351,4069,2.5
365,91529,2.5
356,37729,2.5
480,2539,2.5
425,2081,2.5
219,4369,2.5
89,88812,2.5
141,785,2.5
599,52973,2.5
89,67087,2.5
580,2194,2.5
318,1610,2.5
199,69122,2.5
298,3751,2.5
177,30793,2.5
219,595,2.5
307,2325,2.5
489,2355,2.5
210,2105,2.5
414,3270,2.5
414,44022,2.5
590,3070,2.5
305,31685,2.5
567,95105,2.5
298,5608,2.5
599,1268,2.5
28,3683,2.5
111,37729,2.5
232,5572,2.5
63,7438,2.5
448,134021,2.5
610,4308,2.5
387,4850,2.5
91,251,2.5
517,344,2.5
343,5219,2.5
599,5630,2.5
307,30793,2.5
525,111659,2.5
381,1240,2.5
480,4727,2.5
474,2443,2.5
489,34162,2.5
608,788,2.5
480,5810,2.5
599,31114,2.5
608,4642,2.5
590,2717,2.5
380,5134,2.5
599,6932,2.5
599,32291,2.5
316,3882,2.5
580,7579,2.5
567,1197,2.5
68,27473,2.5
365,5816,2.5
62,3977,2.5
280,5025,2.5
91,3481,2.5
301,377,2.5
414,6810,2.5
200,7163,2.5
307,2321,2.5
599,1081,2.5
599,3863,2.5
480,38886,2.5
306,158528,2.5
125,76293,2.5
288,53125,2.5
448,5957,2.5
490,6365,2.5
182,1396,2.5
361,5989,2.5
600,1246,2.5
599,2796,2.5
599,344,2.5
307,49396,2.5
561,2373,2.5
50,1580,2.5
560,45950,2.5
307,529,2.5
298,4963,2.5
232,4368,2.5
219,43936,2.5
570,1573,2.5
219,153,2.5
534,46578,2.5
390,2858,2.5
510,303,2.5
274,7449,2.5
222,2,2.5
116,1393,2.5
73,4306,2.5
489,8969,2.5
288,42015,2.5
298,231,2.5
488,552,2.5
230,2987,2.5
177,45732,2.5
226,6287,2.5
68,31049,2.5
131,1196,2.5
534,91500,2.5
599,8042,2.5
182,3861,2.5
21,106920,2.5
599,6185,2.5
50,837,2.5
599,93502,2.5
608,377,2.5
448,1101,2.5
599,6305,2.5
599,1339,2.5
298,74458,2.5
610,3717,2.5
222,784,2.5
288,60760,2.5
414,50158,2.5
280,585,2.5
298,353,2.5
599,1396,2.5
599,76093,2.5
580,532,2.5
608,429,2.5
599,353,2.5
328,3034,2.5
599,91571,2.5
599,2822,2.5
182,2006,2.5
480,6365,2.5
365,87869,2.5
606,7,2.5
462,3448,2.5
567,64993,2.5
605,6541,2.5
89,37384,2.5
219,4344,2.5
298,36525,2.5
438,1732,2.5
301,2011,2.5
590,3639,2.5
610,1658,2.5
434,6934,2.5
50,62644,2.5
448,97225,2.5
323,266,2.5
606,1586,2.5
230,1968,2.5
599,3617,2.5
387,125,2.5
50,33781,2.5
599,8961,2.5
599,4974,2.5
562,590,2.5
509,69757,2.5
139,48304,2.5
608,1023,2.5
483,2986,2.5
510,2762,2.5
177,1367,2.5
382,8643,2.5
448,165075,2.5
432,7438,2.5
131,2273,2.5
509,94478,2.5
141,1270,2.5
292,164909,2.5
359,1240,2.5
608,2011,2.5
599,86332,2.5
599,60803,2.5
561,2422,2.5
448,105213,2.5
387,327,2.5
448,80126,2.5
166,2710,2.5
68,3247,2.5
182,1665,2.5
298,4558,2.5
274,5127,2.5
599,5568,2.5
68,180,2.5
369,1225,2.5
599,51545,2.5
599,1726,2.5
542,3717,2.5
286,4069,2.5
124,1644,2.5
480,4867,2.5
177,6287,2.5
432,48516,2.5
414,5951,2.5
477,1474,2.5
606,56174,2.5
111,134861,2.5
232,5573,2.5
47,49824,2.5
387,231,2.5
599,3556,2.5
226,59615,2.5
599,31658,2.5
462,471,2.5
305,117895,2.5
585,7254,2.5
489,53993,2.5
68,2567,2.5
580,2532,2.5
599,59369,2.5
517,38038,2.5
599,79895,2.5
91,3147,2.5
156,1882,2.5
50,142961,2.5
491,104,2.5
305,1645,2.5
599,3269,2.5
599,216,2.5
608,4015,2.5
606,2470,2.5
599,2334,2.5
606,640,2.5
111,3785,2.5
427,5308,2.5
600,339,2.5
448,26700,2.5
448,157270,2.5
68,2,2.5
599,83803,2.5
177,72998,2.5
561,44199,2.5
369,1089,2.5
328,60756,2.5
438,3969,2.5
608,4725,2.5
356,8636,2.5
599,3173,2.5
346,1625,2.5
274,7451,2.5
448,156553,2.5
599,2541,2.5
104,85401,2.5
599,209,2.5
334,74458,2.5
89,55269,2.5
298,39444,2.5
599,4980,2.5
495,5400,2.5
509,74530,2.5
438,7004,2.5
381,7163,2.5
525,673,2.5
596,5459,2.5
387,1552,2.5
307,785,2.5
323,3257,2.5
274,6615,2.5
298,6378,2.5
68,31878,2.5
474,62,2.5
305,71530,2.5
562,33836,2.5
428,3000,2.5
599,2779,2.5
274,5449,2.5
233,6863,2.5
428,1587,2.5
599,3950,2.5
381,2717,2.5
563,50802,2.5
222,36517,2.5
111,42007,2.5
503,7743,2.5
213,393,2.5
593,2355,2.5
298,5900,2.5
177,1188,2.5
599,81,2.5
177,28,2.5
28,48516,2.5
369,839,2.5
474,7078,2.5
610,58826,2.5
474,3104,2.5
464,58025,2.5
480,552,2.5
600,3466,2.5
34,1682,2.5
28,3147,2.5
561,485,2.5
307,4361,2.5
599,728,2.5
219,1073,2.5
608,5025,2.5
599,8983,2.5
307,5524,2.5
28,3174,2.5
442,4361,2.5
20,2770,2.5
111,480,2.5
414,45221,2.5
514,2787,2.5
89,7209,2.5
91,1297,2.5
210,56174,2.5
332,37386,2.5
418,30793,2.5
307,7347,2.5
599,3831,2.5
232,6383,2.5
464,231,2.5
427,5009,2.5
596,3785,2.5
219,1213,2.5
7,8972,2.5
182,4159,2.5
18,95441,2.5
36,5093,2.5
480,832,2.5
478,2987,2.5
232,7169,2.5
596,141131,2.5
346,32587,2.5
600,2369,2.5
419,5956,2.5
474,7414,2.5
78,3826,2.5
352,56171,2.5
125,4246,2.5
449,2302,2.5
316,158,2.5
599,6754,2.5
249,82854,2.5
274,4368,2.5
111,32298,2.5
28,1994,2.5
382,2498,2.5
182,2140,2.5
298,45722,2.5
63,50872,2.5
599,6341,2.5
483,442,2.5
28,60735,2.5
599,86644,2.5
237,2628,2.5
580,5522,2.5
380,1760,2.5
590,3248,2.5
298,87869,2.5
28,1884,2.5
599,788,2.5
232,43556,2.5
91,1762,2.5
590,46965,2.5
438,1895,2.5
570,208,2.5
68,60756,2.5
387,6620,2.5
111,152081,2.5
561,52973,2.5
428,593,2.5
177,3477,2.5
28,2012,2.5
28,46723,2.5
489,5541,2.5
141,852,2.5
28,1645,2.5
414,8985,2.5
599,3785,2.5
610,7369,2.5
249,6338,2.5
89,2791,2.5
561,4369,2.5
600,6584,2.5
605,53125,2.5
590,42002,2.5
287,5540,2.5
599,5219,2.5
387,5103,2.5
305,96610,2.5
483,435,2.5
89,92259,2.5
182,3717,2.5
395,256,3.0
603,3918,3.0
150,95,3.0
269,81,3.0
68,2411,3.0
63,4246,3.0
43,380,3.0
414,27822,3.0
534,122882,3.0
298,96737,3.0
85,1584,3.0
301,8636,3.0
559,39,3.0
19,2100,3.0
111,45672,3.0
599,153236,3.0
477,2302,3.0
600,5528,3.0
448,587,3.0
380,175485,3.0
177,246,3.0
136,327,3.0
11,368,3.0
605,1608,3.0
68,3510,3.0
470,608,3.0
91,2289,3.0
20,4643,3.0
288,8984,3.0
288,2921,3.0
307,2542,3.0
455,252,3.0
469,2989,3.0
195,4020,3.0
232,45726,3.0
292,4025,3.0
469,3635,3.0
84,818,3.0
580,2986,3.0
104,4676,3.0
590,1288,3.0
414,2097,3.0
590,3703,3.0
116,2797,3.0
610,3452,3.0
480,5218,3.0
382,3564,3.0
469,1466,3.0
68,2501,3.0
50,37545,3.0
217,2109,3.0
315,914,3.0
303,1517,3.0
387,3263,3.0
555,2262,3.0
19,3081,3.0
292,1307,3.0
45,1265,3.0
24,1297,3.0
599,78959,3.0
580,6461,3.0
170,181,3.0
425,8640,3.0
590,4571,3.0
288,2116,3.0
341,104218,3.0
50,5004,3.0
246,2692,3.0
414,4018,3.0
249,101076,3.0
232,59501,3.0
391,3033,3.0
19,3825,3.0
94,231,3.0
318,3717,3.0
605,46530,3.0
482,8965,3.0
330,1263,3.0
274,6264,3.0
18,164179,3.0
312,3698,3.0
342,3004,3.0
331,6754,3.0
27,455,3.0
274,76293,3.0
89,112138,3.0
84,1213,3.0
509,45720,3.0
599,6534,3.0
414,3638,3.0
414,2035,3.0
356,168,3.0
534,788,3.0
381,595,3.0
28,68237,3.0
525,157296,3.0
385,62,3.0
368,1994,3.0
102,315,3.0
91,2797,3.0
266,2353,3.0
108,2947,3.0
132,27731,3.0
83,1348,3.0
140,185,3.0
247,1207,3.0
524,204,3.0
298,92420,3.0
368,1272,3.0
501,17,3.0
414,4141,3.0
383,2541,3.0
6,532,3.0
448,2642,3.0
386,786,3.0
381,185,3.0
599,26467,3.0
232,65088,3.0
95,1513,3.0
19,1089,3.0
412,2243,3.0
167,2420,3.0
474,6777,3.0
404,339,3.0
369,743,3.0
597,2012,3.0
411,261,3.0
219,933,3.0
298,6709,3.0
217,748,3.0
427,435,3.0
474,371,3.0
42,785,3.0
223,296,3.0
531,919,3.0
156,1281,3.0
182,3916,3.0
387,3082,3.0
514,1983,3.0
305,6711,3.0
501,662,3.0
82,2004,3.0
274,3254,3.0
414,3754,3.0
325,5650,3.0
357,107,3.0
104,592,3.0
290,2384,3.0
448,135536,3.0
141,2002,3.0
135,2407,3.0
455,555,3.0
288,4467,3.0
64,2539,3.0
160,3263,3.0
437,86,3.0
91,4571,3.0
21,2724,3.0
349,230,3.0
84,1097,3.0
19,2428,3.0
275,4628,3.0
212,72998,3.0
190,6333,3.0
156,2247,3.0
226,829,3.0
297,832,3.0
448,4718,3.0
71,1544,3.0
130,185,3.0
349,586,3.0
156,2750,3.0
226,1639,3.0
159,2671,3.0
448,1302,3.0
357,2628,3.0
414,5247,3.0
394,150,3.0
111,50872,3.0
414,8983,3.0
368,111,3.0
19,2203,3.0
230,47,3.0
141,69757,3.0
213,4558,3.0
182,2359,3.0
567,1704,3.0
446,539,3.0
313,1219,3.0
232,63436,3.0
369,5047,3.0
433,110,3.0
604,5,3.0
217,170,3.0
610,2328,3.0
153,143969,3.0
268,2000,3.0
438,6709,3.0
402,667,3.0
438,4866,3.0
117,293,3.0
560,7147,3.0
232,6014,3.0
36,548,3.0
414,3079,3.0
221,4321,3.0
446,349,3.0
318,67197,3.0
217,1214,3.0
50,112183,3.0
226,2059,3.0
608,3552,3.0
510,372,3.0
374,590,3.0
177,8507,3.0
273,552,3.0
274,904,3.0
447,532,3.0
217,1937,3.0
117,986,3.0
597,1597,3.0
414,4602,3.0
391,3176,3.0
217,1020,3.0
599,80219,3.0
469,2870,3.0
356,1584,3.0
316,4641,3.0
368,2672,3.0
477,45730,3.0
68,53953,3.0
559,253,3.0
249,8861,3.0
50,8157,3.0
288,1011,3.0
282,2791,3.0
105,100302,3.0
173,153,3.0
597,2303,3.0
232,4247,3.0
54,592,3.0
294,2054,3.0
352,60074,3.0
15,293,3.0
39,2018,3.0
232,8939,3.0
599,3365,3.0
414,2795,3.0
346,1251,3.0
585,4262,3.0
313,3114,3.0
603,4529,3.0
381,78266,3.0
233,2858,3.0
344,4022,3.0
57,497,3.0
600,6659,3.0
340,208,3.0
218,5349,3.0
122,106002,3.0
420,41569,3.0
412,915,3.0
541,589,3.0
68,3949,3.0
368,2476,3.0
298,3210,3.0
389,762,3.0
19,2572,3.0
18,160438,3.0
305,8371,3.0
28,1617,3.0
5,265,3.0
103,65577,3.0
230,2115,3.0
377,344,3.0
484,2010,3.0
45,1883,3.0
368,904,3.0
603,2000,3.0
160,3301,3.0
5,39,3.0
116,1225,3.0
372,556,3.0
414,1488,3.0
174,50,3.0
470,41,3.0
28,43928,3.0
8,539,3.0
380,6889,3.0
240,355,3.0
64,4975,3.0
134,344,3.0
118,2329,3.0
555,2002,3.0
528,99813,3.0
414,6517,3.0
66,2628,3.0
430,356,3.0
437,592,3.0
570,39,3.0
20,1722,3.0
317,1732,3.0
91,5438,3.0
474,7900,3.0
45,586,3.0
234,1688,3.0
274,69526,3.0
525,3988,3.0
43,288,3.0
278,1347,3.0
610,59103,3.0
217,2413,3.0
226,3489,3.0
307,2421,3.0
564,57669,3.0
555,3354,3.0
603,2877,3.0
63,2997,3.0
45,1615,3.0
232,3751,3.0
227,185,3.0
312,3033,3.0
34,780,3.0
304,1882,3.0
474,43460,3.0
202,2147,3.0
45,2082,3.0
448,68659,3.0
6,704,3.0
380,6936,3.0
332,46322,3.0
334,55820,3.0
84,1013,3.0
414,1909,3.0
307,4995,3.0
169,4369,3.0
148,5952,3.0
279,112138,3.0
603,574,3.0
566,592,3.0
474,2205,3.0
6,382,3.0
51,912,3.0
84,691,3.0
534,135885,3.0
125,1873,3.0
436,435,3.0
524,1246,3.0
483,231,3.0
4,4020,3.0
603,523,3.0
394,380,3.0
288,3204,3.0
134,273,3.0
52,57528,3.0
292,3615,3.0
367,3743,3.0
190,8784,3.0
436,419,3.0
517,54001,3.0
599,6662,3.0
216,3814,3.0
125,88140,3.0
555,1449,3.0
379,153,3.0
217,3296,3.0
7,27741,3.0
57,272,3.0
590,4344,3.0
555,1439,3.0
608,589,3.0
414,3615,3.0
57,1059,3.0
274,3243,3.0
288,3481,3.0
524,454,3.0
411,265,3.0
290,1967,3.0
605,587,3.0
24,1653,3.0
474,8462,3.0
381,1917,3.0
288,7324,3.0
288,4121,3.0
448,2139,3.0
226,5445,3.0
198,480,3.0
351,74545,3.0
597,2567,3.0
198,4161,3.0
45,3269,3.0
140,7158,3.0
599,4508,3.0
249,4643,3.0
214,83,3.0
294,2302,3.0
199,229,3.0
603,2524,3.0
174,595,3.0
414,4265,3.0
217,3529,3.0
438,3981,3.0
92,2114,3.0
135,3698,3.0
187,1884,3.0
275,905,3.0
62,6333,3.0
599,1730,3.0
470,282,3.0
229,344,3.0
232,8918,3.0
401,167036,3.0
187,40732,3.0
226,6298,3.0
226,277,3.0
460,3615,3.0
57,1320,3.0
448,4602,3.0
288,3244,3.0
111,112497,3.0
560,2701,3.0
117,656,3.0
561,91500,3.0
298,54745,3.0
262,132,3.0
42,3146,3.0
357,2657,3.0
474,5464,3.0
307,531,3.0
474,5707,3.0
40,146,3.0
280,7255,3.0
414,2117,3.0
68,6537,3.0
436,542,3.0
444,586,3.0
267,1302,3.0
414,5508,3.0
230,6863,3.0
555,969,3.0
346,1120,3.0
596,3578,3.0
9,2023,3.0
436,376,3.0
489,3081,3.0
514,46970,3.0
479,186,3.0
353,353,3.0
177,33499,3.0
365,103249,3.0
177,109374,3.0
19,1371,3.0
580,2009,3.0
109,490,3.0
19,432,3.0
555,2642,3.0
284,21,3.0
104,2502,3.0
309,1263,3.0
414,41573,3.0
212,176101,3.0
509,68554,3.0
610,332,3.0
561,64614,3.0
318,8368,3.0
18,36519,3.0
109,361,3.0
610,6250,3.0
217,2334,3.0
564,109372,3.0
232,2791,3.0
185,5377,3.0
93,2720,3.0
448,8596,3.0
68,4366,3.0
109,588,3.0
57,3259,3.0
507,593,3.0
480,40732,3.0
202,2022,3.0
84,1179,3.0
385,593,3.0
117,1036,3.0
603,2312,3.0
448,99846,3.0
555,19,3.0
219,1544,3.0
592,329,3.0
177,8965,3.0
68,86190,3.0
571,1196,3.0
24,8784,3.0
260,8949,3.0
592,435,3.0
79,3702,3.0
18,2953,3.0
411,253,3.0
596,34150,3.0
109,348,3.0
368,999,3.0
420,2722,3.0
602,347,3.0
331,63113,3.0
249,7439,3.0
577,2415,3.0
21,80463,3.0
477,4557,3.0
561,2407,3.0
404,165,3.0
476,597,3.0
156,708,3.0
66,1616,3.0
456,3,3.0
288,1610,3.0
606,1339,3.0
63,1073,3.0
298,4896,3.0
455,315,3.0
555,3695,3.0
580,1,3.0
140,4369,3.0
593,3793,3.0
233,69122,3.0
609,613,3.0
8,282,3.0
380,34532,3.0
8,587,3.0
414,3461,3.0
608,141,3.0
216,3160,3.0
411,585,3.0
456,1073,3.0
274,40815,3.0
448,1374,3.0
590,733,3.0
140,2561,3.0
222,2706,3.0
232,44022,3.0
380,3534,3.0
564,84374,3.0
517,26761,3.0
474,7143,3.0
599,51255,3.0
249,93766,3.0
509,13,3.0
451,762,3.0
36,2794,3.0
352,1717,3.0
240,252,3.0
249,90717,3.0
155,671,3.0
367,3039,3.0
274,42723,3.0
169,6874,3.0
575,2436,3.0
448,2890,3.0
448,96588,3.0
453,736,3.0
216,1,3.0
113,224,3.0
212,59369,3.0
298,65261,3.0
195,2840,3.0
132,4896,3.0
305,4700,3.0
493,2916,3.0
603,3626,3.0
216,4023,3.0
414,1792,3.0
509,60760,3.0
212,8361,3.0
57,2941,3.0
454,26131,3.0
76,111,3.0
132,5816,3.0
333,3618,3.0
140,5400,3.0
474,4128,3.0
104,10,3.0
274,2294,3.0
380,1517,3.0
477,316,3.0
288,2004,3.0
314,21,3.0
610,71057,3.0
111,148652,3.0
436,367,3.0
288,3998,3.0
318,6197,3.0
109,347,3.0
68,46972,3.0
182,2012,3.0
477,31660,3.0
469,3269,3.0
353,315,3.0
590,4447,3.0
448,3701,3.0
448,122882,3.0
438,2987,3.0
590,673,3.0
274,5956,3.0
340,454,3.0
28,3033,3.0
590,47,3.0
159,186,3.0
249,2724,3.0
219,46322,3.0
305,45447,3.0
323,327,3.0
27,3519,3.0
414,2570,3.0
380,6793,3.0
282,4018,3.0
125,175303,3.0
541,540,3.0
307,2712,3.0
448,2539,3.0
290,431,3.0
368,2613,3.0
269,737,3.0
414,78,3.0
462,122926,3.0
47,31685,3.0
432,3156,3.0
414,1016,3.0
217,2527,3.0
100,4571,3.0
314,107,3.0
246,6541,3.0
480,3702,3.0
19,2167,3.0
111,2694,3.0
590,1367,3.0
82,832,3.0
599,73,3.0
599,1189,3.0
387,1342,3.0
288,3174,3.0
305,1591,3.0
265,3528,3.0
314,1367,3.0
217,435,3.0
135,1375,3.0
41,59725,3.0
317,68358,3.0
433,79132,3.0
480,2167,3.0
474,8487,3.0
156,1948,3.0
28,50068,3.0
391,1376,3.0
122,1562,3.0
555,2513,3.0
19,543,3.0
217,3543,3.0
156,4349,3.0
602,171,3.0
1,1377,3.0
608,4090,3.0
489,4025,3.0
603,4223,3.0
474,8450,3.0
509,106918,3.0
607,34,3.0
590,163,3.0
395,421,3.0
288,2137,3.0
42,4132,3.0
91,1909,3.0
280,2706,3.0
135,2412,3.0
596,1377,3.0
480,6156,3.0
332,5010,3.0
279,82459,3.0
474,5375,3.0
339,58559,3.0
117,508,3.0
438,3617,3.0
307,7153,3.0
313,2641,3.0
414,196,3.0
603,2987,3.0
380,8947,3.0
577,1356,3.0
610,1858,3.0
480,4149,3.0
263,2080,3.0
448,84152,3.0
19,370,3.0
221,2110,3.0
11,1370,3.0
603,319,3.0
610,114707,3.0
184,162982,3.0
288,1246,3.0
462,26838,3.0
305,175303,3.0
526,2028,3.0
512,380,3.0
514,6780,3.0
610,91660,3.0
368,3635,3.0
555,1459,3.0
136,551,3.0
448,2413,3.0
57,783,3.0
599,6333,3.0
307,3252,3.0
160,1610,3.0
275,3253,3.0
132,45720,3.0
125,5816,3.0
412,2762,3.0
331,54259,3.0
590,69122,3.0
292,4899,3.0
387,33834,3.0
163,1614,3.0
555,2391,3.0
476,380,3.0
438,44,3.0
489,520,3.0
136,300,3.0
181,45,3.0
212,778,3.0
345,1019,3.0
288,3260,3.0
266,1500,3.0
555,3174,3.0
501,36,3.0
480,4246,3.0
64,1042,3.0
462,8464,3.0
274,923,3.0
57,52,3.0
294,2268,3.0
367,1582,3.0
202,1586,3.0
522,2628,3.0
387,27831,3.0
474,638,3.0
603,537,3.0
447,345,3.0
536,416,3.0
199,1466,3.0
387,6461,3.0
610,55282,3.0
136,234,3.0
555,2915,3.0
68,8622,3.0
140,1246,3.0
414,442,3.0
368,1374,3.0
560,45447,3.0
312,866,3.0
486,231,3.0
323,367,3.0
599,7669,3.0
603,2991,3.0
610,102903,3.0
68,5329,3.0
177,2355,3.0
414,5635,3.0
480,31696,3.0
268,1580,3.0
597,17,3.0
288,2352,3.0
136,292,3.0
599,116799,3.0
480,36708,3.0
603,550,3.0
596,6539,3.0
68,76751,3.0
99,248,3.0
305,60072,3.0
590,5572,3.0
219,6365,3.0
448,2803,3.0
46,282,3.0
311,6561,3.0
357,5266,3.0
89,47518,3.0
290,2352,3.0
298,115569,3.0
524,19,3.0
68,1221,3.0
307,2997,3.0
217,589,3.0
591,3176,3.0
11,208,3.0
6,344,3.0
256,6537,3.0
140,6764,3.0
6,359,3.0
342,1799,3.0
590,1552,3.0
610,3745,3.0
278,4321,3.0
387,7205,3.0
474,2384,3.0
198,1711,3.0
202,2248,3.0
604,39,3.0
607,1094,3.0
599,6051,3.0
298,103341,3.0
448,49530,3.0
202,3591,3.0
411,50,3.0
380,5816,3.0
141,6365,3.0
602,281,3.0
217,1917,3.0
288,3524,3.0
414,6059,3.0
372,1095,3.0
587,3406,3.0
414,34540,3.0
64,2916,3.0
288,2922,3.0
596,2294,3.0
270,786,3.0
262,233,3.0
492,858,3.0
497,4973,3.0
199,1230,3.0
391,5454,3.0
19,1057,3.0
199,1719,3.0
303,2797,3.0
350,799,3.0
78,836,3.0
45,1240,3.0
226,7009,3.0
233,3285,3.0
437,1393,3.0
596,4370,3.0
318,77561,3.0
222,50,3.0
474,2144,3.0
517,2671,3.0
174,160,3.0
136,277,3.0
448,134368,3.0
140,1005,3.0
448,34018,3.0
438,135,3.0
480,4873,3.0
182,1219,3.0
282,45720,3.0
448,597,3.0
380,2412,3.0
387,367,3.0
133,588,3.0
307,230,3.0
414,4228,3.0
76,750,3.0
15,1347,3.0
414,4527,3.0
448,592,3.0
94,21,3.0
610,44555,3.0
169,631,3.0
414,1094,3.0
436,592,3.0
387,4902,3.0
603,431,3.0
387,1036,3.0
182,5809,3.0
365,67923,3.0
325,2572,3.0
220,4219,3.0
599,373,3.0
6,239,3.0
318,3262,3.0
51,1090,3.0
596,135536,3.0
245,912,3.0
288,3253,3.0
226,4161,3.0
16,296,3.0
483,88140,3.0
262,141,3.0
234,2568,3.0
436,471,3.0
414,1216,3.0
323,342,3.0
606,5710,3.0
217,694,3.0
81,165,3.0
368,733,3.0
369,6296,3.0
385,1307,3.0
382,100507,3.0
591,3623,3.0
84,380,3.0
182,45,3.0
448,113186,3.0
19,258,3.0
555,185,3.0
134,434,3.0
234,1101,3.0
386,586,3.0
542,5266,3.0
369,1371,3.0
448,6798,3.0
346,3186,3.0
104,2396,3.0
414,2012,3.0
249,4069,3.0
480,2948,3.0
54,1,3.0
606,1320,3.0
313,2761,3.0
288,4329,3.0
603,1457,3.0
603,3183,3.0
314,618,3.0
19,13,3.0
109,589,3.0
263,539,3.0
28,353,3.0
599,2580,3.0
331,3752,3.0
292,31221,3.0
156,2352,3.0
438,8916,3.0
394,480,3.0
141,54503,3.0
448,97938,3.0
312,3827,3.0
84,909,3.0
474,3034,3.0
91,223,3.0
369,2916,3.0
610,74795,3.0
91,1876,3.0
560,39183,3.0
429,316,3.0
380,204,3.0
269,786,3.0
172,1953,3.0
448,151777,3.0
226,3100,3.0
368,866,3.0
474,8773,3.0
438,5064,3.0
497,50,3.0
602,16,3.0
186,3740,3.0
414,5093,3.0
448,98279,3.0
265,1620,3.0
217,2763,3.0
294,2073,3.0
484,46970,3.0
1,423,3.0
448,5293,3.0
455,500,3.0
509,30894,3.0
249,64497,3.0
597,2171,3.0
14,377,3.0
313,2916,3.0
425,1682,3.0
91,5988,3.0
448,1968,3.0
202,3445,3.0
140,31700,3.0
161,2424,3.0
139,5013,3.0
89,32596,3.0
245,3257,3.0
140,2269,3.0
600,45186,3.0
352,4018,3.0
19,2746,3.0
479,4523,3.0
570,1358,3.0
177,66297,3.0
606,5929,3.0
522,6187,3.0
246,1387,3.0
219,3481,3.0
232,57243,3.0
186,3755,3.0
47,5014,3.0
195,4027,3.0
414,2581,3.0
590,7324,3.0
555,2942,3.0
434,1407,3.0
179,19,3.0
380,185,3.0
350,832,3.0
564,55245,3.0
232,4025,3.0
603,3787,3.0
45,2012,3.0
605,5481,3.0
203,3101,3.0
8,236,3.0
438,37733,3.0
274,8814,3.0
66,6238,3.0
387,2517,3.0
226,3751,3.0
28,44191,3.0
599,145,3.0
480,3617,3.0
590,6357,3.0
84,551,3.0
156,2926,3.0
233,96020,3.0
181,186,3.0
380,6287,3.0
466,58559,3.0
33,249,3.0
51,6786,3.0
414,34162,3.0
68,762,3.0
321,588,3.0
306,111743,3.0
599,75813,3.0
307,597,3.0
45,441,3.0
41,3081,3.0
274,2901,3.0
444,208,3.0
305,6664,3.0
474,7822,3.0
474,4587,3.0
409,2013,3.0
369,3809,3.0
541,153,3.0
292,2080,3.0
199,2329,3.0
610,849,3.0
197,1729,3.0
136,315,3.0
305,63859,3.0
353,145,3.0
298,3253,3.0
474,3249,3.0
141,8784,3.0
455,454,3.0
28,1120,3.0
306,63859,3.0
391,1285,3.0
599,3317,3.0
191,282,3.0
414,5541,3.0
365,6333,3.0
570,1219,3.0
217,1703,3.0
602,380,3.0
232,588,3.0
385,349,3.0
414,2622,3.0
212,50872,3.0
599,66785,3.0
577,2076,3.0
599,102590,3.0
288,2716,3.0
21,1148,3.0
583,104,3.0
609,828,3.0
146,51662,3.0
44,6,3.0
28,60753,3.0
414,6811,3.0
307,2694,3.0
182,3269,3.0
317,89864,3.0
307,2036,3.0
102,480,3.0
380,49649,3.0
570,1101,3.0
28,8636,3.0
559,196,3.0
347,153,3.0
482,1584,3.0
32,799,3.0
199,1261,3.0
318,5378,3.0
32,784,3.0
254,1805,3.0
33,1183,3.0
288,4966,3.0
262,708,3.0
256,68791,3.0
474,1172,3.0
610,69516,3.0
279,356,3.0
368,2202,3.0
608,802,3.0
50,6807,3.0
265,266,3.0
352,64969,3.0
232,56949,3.0
294,1091,3.0
318,1196,3.0
608,2315,3.0
404,224,3.0
58,48,3.0
455,329,3.0
232,4447,3.0
274,292,3.0
68,724,3.0
217,2406,3.0
187,2959,3.0
448,6807,3.0
174,165,3.0
387,1231,3.0
448,2796,3.0
564,356,3.0
610,3421,3.0
342,3617,3.0
307,3948,3.0
294,3247,3.0
574,296,3.0
41,48780,3.0
202,373,3.0
411,434,3.0
560,6863,3.0
603,1246,3.0
409,1093,3.0
365,3948,3.0
524,913,3.0
425,7458,3.0
256,4388,3.0
58,736,3.0
111,6539,3.0
305,118696,3.0
438,5665,3.0
292,87222,3.0
274,4545,3.0
217,892,3.0
563,59333,3.0
590,277,3.0
132,5349,3.0
288,2846,3.0
322,2,3.0
285,3262,3.0
605,900,3.0
307,1222,3.0
564,67087,3.0
414,2106,3.0
448,2598,3.0
68,3755,3.0
28,56587,3.0
500,838,3.0
387,1232,3.0
448,140725,3.0
437,1488,3.0
288,3974,3.0
150,79,3.0
470,5,3.0
414,107,3.0
249,170875,3.0
140,246,3.0
312,1573,3.0
599,2083,3.0
226,532,3.0
91,1073,3.0
125,89190,3.0
352,61323,3.0
477,648,3.0
599,4299,3.0
288,1994,3.0
167,2174,3.0
462,8848,3.0
588,25,3.0
387,4896,3.0
265,516,3.0
600,8360,3.0
469,2815,3.0
141,106696,3.0
54,480,3.0
260,3911,3.0
132,2729,3.0
132,8368,3.0
555,2735,3.0
481,1676,3.0
567,6291,3.0
117,420,3.0
42,95,3.0
288,2347,3.0
177,2805,3.0
270,140,3.0
489,5313,3.0
448,4212,3.0
600,2302,3.0
387,1226,3.0
232,4039,3.0
28,67534,3.0
220,66934,3.0
26,153,3.0
373,292,3.0
24,63113,3.0
202,3342,3.0
18,97938,3.0
109,122,3.0
269,784,3.0
286,368,3.0
325,1031,3.0
234,4239,3.0
600,367,3.0
288,3397,3.0
474,4464,3.0
219,786,3.0
561,104879,3.0
68,8947,3.0
201,2249,3.0
313,4874,3.0
386,293,3.0
509,3034,3.0
570,1193,3.0
563,129354,3.0
555,3684,3.0
414,2735,3.0
51,2802,3.0
59,1428,3.0
355,480,3.0
380,4438,3.0
608,8376,3.0
577,2058,3.0
286,2712,3.0
603,1721,3.0
381,2987,3.0
559,349,3.0
462,3983,3.0
93,1015,3.0
506,55052,3.0
63,231,3.0
602,11,3.0
357,592,3.0
605,27036,3.0
177,345,3.0
546,3566,3.0
571,2193,3.0
387,39414,3.0
117,524,3.0
230,1073,3.0
474,47970,3.0
18,7293,3.0
599,27032,3.0
232,648,3.0
594,1208,3.0
474,5625,3.0
246,37729,3.0
380,1848,3.0
19,368,3.0
604,300,3.0
599,3697,3.0
326,47610,3.0
364,783,3.0
552,25,3.0
39,1073,3.0
57,780,3.0
217,3363,3.0
41,1097,3.0
476,239,3.0
480,648,3.0
6,163,3.0
496,84374,3.0
380,106487,3.0
561,77561,3.0
414,3863,3.0
367,3948,3.0
140,47044,3.0
483,4025,3.0
474,1926,3.0
602,280,3.0
325,4085,3.0
469,3210,3.0
414,2411,3.0
361,150,3.0
381,8641,3.0
604,420,3.0
288,1660,3.0
298,64839,3.0
599,45950,3.0
26,349,3.0
217,551,3.0
51,1777,3.0
57,1129,3.0
394,34,3.0
599,27397,3.0
608,3396,3.0
230,1321,3.0
135,2470,3.0
288,3676,3.0
167,2797,3.0
541,281,3.0
140,2819,3.0
234,34,3.0
308,39,3.0
140,5446,3.0
6,279,3.0
66,2805,3.0
202,474,3.0
8,252,3.0
599,6188,3.0
509,53121,3.0
9,5378,3.0
380,187593,3.0
573,1917,3.0
414,5046,3.0
474,5384,3.0
561,33166,3.0
222,3301,3.0
288,2948,3.0
294,107,3.0
567,138036,3.0
223,736,3.0
288,1019,3.0
414,6215,3.0
232,50068,3.0
177,4155,3.0
41,6539,3.0
352,32587,3.0
4,4144,3.0
429,343,3.0
414,3251,3.0
349,353,3.0
266,1356,3.0
607,4054,3.0
368,3354,3.0
539,1297,3.0
546,3868,3.0
268,2130,3.0
524,520,3.0
19,440,3.0
563,2354,3.0
51,2150,3.0
395,590,3.0
275,4066,3.0
230,592,3.0
608,4873,3.0
8,592,3.0
114,593,3.0
599,2530,3.0
487,2571,3.0
365,5952,3.0
555,2016,3.0
51,4876,3.0
66,7325,3.0
132,7034,3.0
600,527,3.0
448,2050,3.0
318,33615,3.0
414,8,3.0
608,2124,3.0
482,1230,3.0
45,3247,3.0
593,1711,3.0
28,599,3.0
226,4874,3.0
10,33679,3.0
414,276,3.0
83,480,3.0
474,3448,3.0
328,150,3.0
380,8526,3.0
89,32060,3.0
474,3066,3.0
73,48385,3.0
414,1441,3.0
307,53974,3.0
477,5072,3.0
78,1359,3.0
580,2529,3.0
155,2948,3.0
610,79592,3.0
234,1370,3.0
68,4823,3.0
1,2093,3.0
387,5294,3.0
448,118924,3.0
599,102125,3.0
326,109487,3.0
314,640,3.0
606,8623,3.0
349,434,3.0
307,1991,3.0
602,555,3.0
143,6539,3.0
288,3034,3.0
244,1994,3.0
474,3868,3.0
520,45666,3.0
313,780,3.0
312,1375,3.0
426,2375,3.0
28,290,3.0
170,315,3.0
307,5955,3.0
111,1088,3.0
474,2539,3.0
560,4015,3.0
474,6581,3.0
459,8636,3.0
32,252,3.0
380,410,3.0
480,1747,3.0
478,1101,3.0
274,1599,3.0
380,74868,3.0
140,5316,3.0
608,3968,3.0
288,2990,3.0
414,5083,3.0
198,1391,3.0
438,6196,3.0
307,4403,3.0
603,5060,3.0
64,48,3.0
599,1171,3.0
284,351,3.0
438,6156,3.0
28,1089,3.0
610,4270,3.0
307,1092,3.0
414,3105,3.0
402,640,3.0
109,1021,3.0
414,4219,3.0
609,185,3.0
109,353,3.0
325,1947,3.0
573,4367,3.0
42,420,3.0
368,908,3.0
165,5577,3.0
307,2502,3.0
57,671,3.0
579,1544,3.0
233,55872,3.0
18,442,3.0
121,292,3.0
483,35836,3.0
352,44972,3.0
448,5027,3.0
525,27706,3.0
274,2907,3.0
356,34437,3.0
457,1356,3.0
91,2081,3.0
232,66198,3.0
68,2794,3.0
230,8961,3.0
307,1257,3.0
91,4661,3.0
57,234,3.0
215,2028,3.0
18,6378,3.0
182,610,3.0
605,52435,3.0
320,3703,3.0
603,1321,3.0
96,2000,3.0
414,2770,3.0
575,2560,3.0
288,36401,3.0
156,3100,3.0
593,1923,3.0
610,105504,3.0
365,8368,3.0
414,7324,3.0
177,90647,3.0
500,1265,3.0
599,6890,3.0
58,223,3.0
492,1367,3.0
63,1387,3.0
596,95510,3.0
317,1262,3.0
481,986,3.0
487,318,3.0
380,94405,3.0
438,4366,3.0
140,3185,3.0
422,903,3.0
387,319,3.0
330,466,3.0
288,3784,3.0
380,5872,3.0
51,2490,3.0
307,457,3.0
328,3751,3.0
234,1356,3.0
599,1094,3.0
103,59784,3.0
599,3683,3.0
57,2193,3.0
427,5506,3.0
479,4488,3.0
332,3247,3.0
47,79242,3.0
198,1258,3.0
156,2294,3.0
140,1221,3.0
217,2195,3.0
57,3704,3.0
393,4720,3.0
590,71464,3.0
525,45517,3.0
325,1527,3.0
521,95,3.0
524,1370,3.0
221,480,3.0
480,6857,3.0
387,471,3.0
202,2146,3.0
470,62,3.0
555,2011,3.0
68,1017,3.0
558,5388,3.0
372,1257,3.0
120,32,3.0
406,2137,3.0
298,110,3.0
199,7323,3.0
522,5816,3.0
596,2918,3.0
474,8771,3.0
32,1,3.0
410,3108,3.0
603,785,3.0
91,1393,3.0
352,2490,3.0
234,3799,3.0
609,1059,3.0
500,364,3.0
599,86898,3.0
599,2606,3.0
82,170,3.0
603,1210,3.0
603,4787,3.0
58,224,3.0
599,175569,3.0
26,185,3.0
470,161,3.0
316,1073,3.0
166,1721,3.0
551,135143,3.0
249,1608,3.0
42,368,3.0
255,3396,3.0
599,138702,3.0
469,3608,3.0
104,919,3.0
318,8644,3.0
383,1234,3.0
474,5993,3.0
489,35836,3.0
32,1183,3.0
19,2581,3.0
380,147380,3.0
447,339,3.0
177,60950,3.0
283,1120,3.0
23,1952,3.0
1,500,3.0
428,2137,3.0
156,2863,3.0
369,2857,3.0
380,172887,3.0
103,784,3.0
50,3868,3.0
368,426,3.0
604,224,3.0
38,203,3.0
19,1909,3.0
12,277,3.0
561,2375,3.0
68,355,3.0
391,1057,3.0
135,3489,3.0
84,585,3.0
540,2598,3.0
217,2808,3.0
600,2953,3.0
560,109487,3.0
240,329,3.0
249,7454,3.0
132,7320,3.0
606,32291,3.0
590,48780,3.0
599,5541,3.0
140,277,3.0
541,203,3.0
599,161044,3.0
474,3035,3.0
599,128360,3.0
232,3827,3.0
42,485,3.0
603,3395,3.0
232,3354,3.0
1,2414,3.0
596,5254,3.0
457,1676,3.0
599,44974,3.0
28,608,3.0
368,1769,3.0
255,1907,3.0
266,2812,3.0
448,1372,3.0
275,910,3.0
298,122920,3.0
288,1393,3.0
561,733,3.0
608,480,3.0
139,5816,3.0
447,420,3.0
403,61697,3.0
21,2402,3.0
371,2140,3.0
555,1135,3.0
202,2916,3.0
514,7153,3.0
117,608,3.0
140,257,3.0
273,472,3.0
474,8502,3.0
595,1711,3.0
176,485,3.0
610,1721,3.0
596,3977,3.0
34,5146,3.0
448,103819,3.0
19,1688,3.0
571,1987,3.0
47,171011,3.0
357,141,3.0
448,6281,3.0
91,594,3.0
560,42738,3.0
434,68358,3.0
57,1274,3.0
474,4144,3.0
380,4386,3.0
414,1127,3.0
453,3510,3.0
404,105,3.0
132,539,3.0
506,27,3.0
294,1049,3.0
414,2802,3.0
451,780,3.0
284,255,3.0
68,8533,3.0
140,5995,3.0
274,886,3.0
570,53125,3.0
136,420,3.0
350,663,3.0
284,47,3.0
170,594,3.0
469,910,3.0
91,1968,3.0
29,3591,3.0
66,4040,3.0
298,81932,3.0
605,51662,3.0
274,4367,3.0
44,1,3.0
476,289,3.0
599,1405,3.0
610,6754,3.0
113,46,3.0
596,72998,3.0
307,1552,3.0
294,2134,3.0
599,33493,3.0
600,380,3.0
104,938,3.0
134,227,3.0
469,435,3.0
489,46970,3.0
414,2172,3.0
608,3267,3.0
380,6242,3.0
434,2710,3.0
534,110553,3.0
173,589,3.0
499,1924,3.0
217,165,3.0
427,1584,3.0
368,3,3.0
369,4262,3.0
512,442,3.0
222,32,3.0
559,15,3.0
606,1188,3.0
266,2000,3.0
606,3545,3.0
380,32029,3.0
427,5463,3.0
109,380,3.0
498,208,3.0
474,3791,3.0
5,300,3.0
372,36,3.0
599,899,3.0
294,1285,3.0
385,1019,3.0
19,3608,3.0
603,1220,3.0
68,3717,3.0
304,1007,3.0
503,93297,3.0
38,440,3.0
563,8643,3.0
68,6753,3.0
489,3556,3.0
277,737,3.0
414,4161,3.0
199,57669,3.0
387,3101,3.0
294,2010,3.0
509,39435,3.0
20,2,3.0
424,2296,3.0
238,593,3.0
552,3798,3.0
566,708,3.0
21,5349,3.0
368,2391,3.0
608,3253,3.0
490,8368,3.0
580,3147,3.0
380,46965,3.0
448,1573,3.0
599,87960,3.0
389,112,3.0
4,4027,3.0
603,2692,3.0
438,4887,3.0
186,1097,3.0
321,648,3.0
599,2194,3.0
212,150548,3.0
66,586,3.0
135,3102,3.0
608,1393,3.0
545,58293,3.0
226,1021,3.0
368,3127,3.0
410,3987,3.0
328,1259,3.0
113,1077,3.0
292,101362,3.0
156,1517,3.0
19,1485,3.0
135,1717,3.0
137,33493,3.0
368,1939,3.0
380,2023,3.0
599,8033,3.0
234,2376,3.0
202,2527,3.0
314,780,3.0
174,435,3.0
380,3917,3.0
222,8961,3.0
104,1580,3.0
207,100,3.0
560,73681,3.0
288,1214,3.0
226,6523,3.0
288,1253,3.0
473,2297,3.0
35,237,3.0
563,33815,3.0
261,2002,3.0
27,2530,3.0
599,1261,3.0
489,249,3.0
241,109374,3.0
140,5506,3.0
182,6385,3.0
313,260,3.0
563,78264,3.0
372,1171,3.0
577,1968,3.0
7,7155,3.0
153,2324,3.0
385,1387,3.0
28,55116,3.0
233,122904,3.0
52,34437,3.0
438,30898,3.0
222,1225,3.0
380,1583,3.0
121,377,3.0
140,2640,3.0
156,1513,3.0
606,2797,3.0
32,661,3.0
555,2551,3.0
566,292,3.0
379,434,3.0
509,87529,3.0
561,32587,3.0
380,32019,3.0
428,5380,3.0
152,92259,3.0
240,374,3.0
606,454,3.0
288,2420,3.0
424,858,3.0
608,2278,3.0
19,47,3.0
368,2819,3.0
514,184471,3.0
437,348,3.0
271,5810,3.0
307,710,3.0
479,3873,3.0
5,608,3.0
90,743,3.0
222,8363,3.0
524,786,3.0
474,7102,3.0
608,2115,3.0
212,116797,3.0
140,2344,3.0
414,4102,3.0
368,1250,3.0
517,952,3.0
599,53022,3.0
367,3253,3.0
217,433,3.0
111,84772,3.0
599,170,3.0
387,2699,3.0
288,2662,3.0
599,55820,3.0
141,5218,3.0
476,616,3.0
217,1754,3.0
317,5388,3.0
280,8228,3.0
234,1408,3.0
448,5055,3.0
240,10,3.0
215,4623,3.0
559,367,3.0
555,1665,3.0
294,592,3.0
602,428,3.0
84,1018,3.0
600,2907,3.0
432,1097,3.0
577,2013,3.0
84,100,3.0
317,5064,3.0
554,1208,3.0
307,4993,3.0
600,1292,3.0
552,780,3.0
292,2096,3.0
579,2028,3.0
428,5219,3.0
240,454,3.0
599,46530,3.0
140,5256,3.0
288,1135,3.0
342,2987,3.0
21,94503,3.0
274,2338,3.0
425,150,3.0
274,575,3.0
590,1020,3.0
199,380,3.0
477,2081,3.0
306,75805,3.0
140,1344,3.0
608,4638,3.0
200,3555,3.0
603,2177,3.0
425,10,3.0
177,4018,3.0
603,2245,3.0
288,592,3.0
57,2709,3.0
602,253,3.0
448,62956,3.0
474,1936,3.0
527,2367,3.0
368,1573,3.0
469,2406,3.0
5,589,3.0
28,3950,3.0
274,3327,3.0
19,3809,3.0
318,4310,3.0
314,1356,3.0
286,1912,3.0
288,2745,3.0
98,858,3.0
577,1960,3.0
541,259,3.0
318,5816,3.0
487,50872,3.0
482,1556,3.0
303,168,3.0
219,180,3.0
306,69644,3.0
358,3882,3.0
474,5670,3.0
455,595,3.0
313,4085,3.0
292,2683,3.0
414,832,3.0
462,7044,3.0
603,2572,3.0
249,95207,3.0
558,296,3.0
275,5147,3.0
489,5970,3.0
380,8783,3.0
217,2752,3.0
222,106916,3.0
249,68205,3.0
555,2088,3.0
298,4247,3.0
352,91535,3.0
381,45499,3.0
469,1518,3.0
181,218,3.0
607,1196,3.0
448,139642,3.0
555,4000,3.0
288,2065,3.0
422,4939,3.0
564,49286,3.0
381,1947,3.0
288,3087,3.0
156,3130,3.0
94,153,3.0
560,3481,3.0
599,5049,3.0
483,101283,3.0
107,344,3.0
559,227,3.0
265,3269,3.0
603,3514,3.0
140,3257,3.0
11,1385,3.0
536,315,3.0
217,1085,3.0
425,3114,3.0
479,45,3.0
249,88699,3.0
313,2006,3.0
170,376,3.0
68,122922,3.0
509,93510,3.0
237,6539,3.0
318,114847,3.0
141,7143,3.0
474,2455,3.0
307,5502,3.0
596,4995,3.0
347,110,3.0
275,5505,3.0
425,2858,3.0
40,44,3.0
391,1734,3.0
509,82088,3.0
117,225,3.0
28,4370,3.0
1,780,3.0
395,168,3.0
44,648,3.0
186,2105,3.0
93,1894,3.0
288,3247,3.0
520,256,3.0
236,2718,3.0
68,2321,3.0
86,480,3.0
570,2640,3.0
566,597,3.0
599,4029,3.0
13,1619,3.0
577,2527,3.0
504,5945,3.0
489,54259,3.0
606,3707,3.0
328,105844,3.0
599,26504,3.0
50,1391,3.0
425,1907,3.0
448,77561,3.0
424,2288,3.0
32,236,3.0
305,88140,3.0
233,6365,3.0
217,2108,3.0
292,70361,3.0
188,2858,3.0
516,4291,3.0
375,500,3.0
232,32596,3.0
50,106782,3.0
104,74789,3.0
249,87430,3.0
249,156609,3.0
23,1960,3.0
608,2541,3.0
599,5792,3.0
387,51939,3.0
411,105,3.0
47,539,3.0
114,81834,3.0
453,4160,3.0
52,33646,3.0
68,2746,3.0
387,4005,3.0
563,56949,3.0
239,2701,3.0
363,1961,3.0
314,350,3.0
31,1393,3.0
560,93510,3.0
132,2470,3.0
318,3307,3.0
38,410,3.0
249,146210,3.0
153,4979,3.0
288,2124,3.0
140,1094,3.0
525,34,3.0
68,1688,3.0
226,1032,3.0
425,2683,3.0
318,102407,3.0
387,41566,3.0
606,4392,3.0
580,5816,3.0
314,39,3.0
249,78469,3.0
68,3861,3.0
603,1589,3.0
102,253,3.0
274,77561,3.0
19,661,3.0
239,1573,3.0
514,2297,3.0
298,127098,3.0
305,6870,3.0
195,4306,3.0
527,2054,3.0
561,8623,3.0
414,2529,3.0
599,2160,3.0
28,898,3.0
153,81591,3.0
516,4361,3.0
233,54286,3.0
596,6534,3.0
160,2194,3.0
234,2162,3.0
68,2067,3.0
82,6503,3.0
428,5349,3.0
455,316,3.0
381,256,3.0
298,1916,3.0
571,2367,3.0
64,4308,3.0
422,3943,3.0
249,7323,3.0
492,12,3.0
281,3861,3.0
414,3256,3.0
589,193,3.0
391,34,3.0
318,4825,3.0
117,762,3.0
603,1081,3.0
349,595,3.0
113,587,3.0
606,5694,3.0
68,41573,3.0
249,7173,3.0
414,1611,3.0
521,762,3.0
438,423,3.0
254,780,3.0
561,7007,3.0
414,4035,3.0
453,3481,3.0
335,2302,3.0
385,534,3.0
313,318,3.0
414,60074,3.0
263,2539,3.0
298,95088,3.0
404,434,3.0
312,1544,3.0
414,49957,3.0
599,4641,3.0
127,903,3.0
517,4246,3.0
232,39292,3.0
383,2445,3.0
610,113573,3.0
437,780,3.0
509,5446,3.0
159,480,3.0
489,2000,3.0
182,4161,3.0
365,146656,3.0
140,22,3.0
140,43917,3.0
183,3726,3.0
599,85414,3.0
182,6003,3.0
463,1092,3.0
534,62434,3.0
414,481,3.0
428,1641,3.0
387,1092,3.0
367,3745,3.0
317,2692,3.0
599,2471,3.0
382,160080,3.0
380,2656,3.0
599,26242,3.0
380,1020,3.0
448,5418,3.0
430,4054,3.0
140,5620,3.0
369,500,3.0
274,56805,3.0
50,93114,3.0
477,5265,3.0
387,2716,3.0
21,59369,3.0
140,1127,3.0
555,1527,3.0
414,48161,3.0
600,151,3.0
599,120827,3.0
1,1676,3.0
232,6564,3.0
137,1373,3.0
414,450,3.0
501,709,3.0
298,333,3.0
217,1876,3.0
232,4069,3.0
596,2890,3.0
414,999,3.0
486,405,3.0
104,1391,3.0
590,46530,3.0
356,158,3.0
226,8614,3.0
305,49347,3.0
427,5299,3.0
387,5113,3.0
249,148888,3.0
6,348,3.0
454,27604,3.0
298,2060,3.0
68,3988,3.0
151,12,3.0
373,434,3.0
173,595,3.0
140,3117,3.0
328,8528,3.0
45,3255,3.0
332,2291,3.0
603,612,3.0
448,20,3.0
64,2085,3.0
107,153,3.0
313,1466,3.0
198,3263,3.0
270,5,3.0
559,112,3.0
380,47124,3.0
591,3174,3.0
32,628,3.0
438,1047,3.0
474,49957,3.0
34,2762,3.0
514,180985,3.0
219,1921,3.0
200,59725,3.0
28,2686,3.0
19,2144,3.0
414,1093,3.0
274,4247,3.0
428,8861,3.0
160,1029,3.0
298,122882,3.0
603,2114,3.0
322,597,3.0
318,56757,3.0
116,1954,3.0
600,1517,3.0
57,1277,3.0
526,60950,3.0
599,27769,3.0
7,4874,3.0
307,595,3.0
590,7143,3.0
212,8665,3.0
34,3489,3.0
380,338,3.0
298,60756,3.0
474,7340,3.0
111,80166,3.0
190,4734,3.0
249,103655,3.0
307,3253,3.0
577,1958,3.0
414,2001,3.0
174,780,3.0
380,184471,3.0
483,3785,3.0
599,1254,3.0
483,74868,3.0
474,4499,3.0
469,3698,3.0
446,587,3.0
68,1912,3.0
217,558,3.0
414,4720,3.0
605,55872,3.0
602,6,3.0
533,2455,3.0
599,1676,3.0
202,2991,3.0
117,852,3.0
590,2699,3.0
414,3946,3.0
555,186,3.0
153,4896,3.0
414,41285,3.0
230,2916,3.0
480,42738,3.0
597,615,3.0
161,1019,3.0
274,4148,3.0
608,6979,3.0
419,4226,3.0
288,1919,3.0
84,236,3.0
181,500,3.0
28,1209,3.0
98,63859,3.0
218,2502,3.0
610,55553,3.0
567,60069,3.0
19,733,3.0
19,1259,3.0
337,358,3.0
31,1246,3.0
568,765,3.0
235,474,3.0
600,2409,3.0
356,4641,3.0
420,54286,3.0
330,1917,3.0
555,1603,3.0
368,81,3.0
234,2409,3.0
183,2872,3.0
480,46530,3.0
274,2136,3.0
140,1213,3.0
599,63808,3.0
435,1676,3.0
312,4874,3.0
274,52328,3.0
597,2523,3.0
110,3268,3.0
305,3566,3.0
325,2915,3.0
68,135,3.0
153,296,3.0
603,590,3.0
510,1304,3.0
325,2124,3.0
212,8807,3.0
608,724,3.0
480,8464,3.0
68,1635,3.0
19,1461,3.0
599,1794,3.0
483,95875,3.0
141,54001,3.0
359,1416,3.0
19,3505,3.0
414,5984,3.0
176,520,3.0
135,520,3.0
28,5267,3.0
347,208,3.0
330,509,3.0
132,56367,3.0
606,6148,3.0
599,6659,3.0
280,2396,3.0
146,7444,3.0
283,586,3.0
58,22,3.0
57,3527,3.0
610,3552,3.0
597,1392,3.0
73,33836,3.0
457,2605,3.0
414,4203,3.0
380,7438,3.0
597,2433,3.0
592,377,3.0
89,58998,3.0
414,1601,3.0
15,2762,3.0
555,4007,3.0
73,8533,3.0
414,4041,3.0
414,3708,3.0
380,6502,3.0
492,784,3.0
288,2312,3.0
414,95441,3.0
555,2012,3.0
339,72733,3.0
220,64839,3.0
474,628,3.0
298,6620,3.0
132,1917,3.0
298,6365,3.0
335,466,3.0
606,5477,3.0
198,2791,3.0
373,22,3.0
559,76,3.0
476,317,3.0
42,3534,3.0
600,6003,3.0
6,606,3.0
182,4815,3.0
217,2470,3.0
608,3527,3.0
200,2599,3.0
301,1381,3.0
229,590,3.0
474,8617,3.0
68,4734,3.0
593,1449,3.0
217,1556,3.0
240,533,3.0
21,7373,3.0
167,594,3.0
447,590,3.0
75,44199,3.0
365,2716,3.0
392,2770,3.0
603,1197,3.0
608,3186,3.0
412,47,3.0
149,1584,3.0
104,53125,3.0
334,5378,3.0
297,481,3.0
448,480,3.0
477,107,3.0
321,19,3.0
361,377,3.0
27,3157,3.0
380,653,3.0
448,39444,3.0
173,587,3.0
230,3793,3.0
308,95377,3.0
274,2657,3.5
146,5810,3.5
64,5218,3.5
489,4963,3.5
178,1680,3.5
62,170827,3.5
274,73268,3.5
414,7176,3.5
606,7327,3.5
567,104944,3.5
448,73323,3.5
63,1393,3.5
578,5092,3.5
424,1784,3.5
233,73017,3.5
232,1907,3.5
274,805,3.5
480,4370,3.5
305,34048,3.5
448,95510,3.5
91,2115,3.5
76,52281,3.5
387,344,3.5
91,2140,3.5
260,4235,3.5
64,7318,3.5
387,8641,3.5
222,102686,3.5
449,3176,3.5
600,1274,3.5
606,627,3.5
222,431,3.5
610,81845,3.5
205,54001,3.5
580,1208,3.5
221,3702,3.5
249,85414,3.5
509,1704,3.5
596,60684,3.5
89,69122,3.5
606,5372,3.5
232,1136,3.5
480,3555,3.5
610,5903,3.5
393,3996,3.5
365,7346,3.5
328,111781,3.5
153,87194,3.5
474,8833,3.5
599,95145,3.5
509,5066,3.5
21,6503,3.5
169,3882,3.5
74,55814,3.5
187,253,3.5
124,2712,3.5
137,480,3.5
606,26152,3.5
474,25826,3.5
608,6188,3.5
561,2372,3.5
414,7104,3.5
274,3471,3.5
287,1411,3.5
141,104,3.5
51,317,3.5
361,2694,3.5
590,2058,3.5
177,79185,3.5
606,8973,3.5
414,7163,3.5
274,1270,3.5
462,1963,3.5
64,5991,3.5
259,3793,3.5
606,897,3.5
23,1218,3.5
249,4489,3.5
474,36276,3.5
489,4014,3.5
100,923,3.5
599,1950,3.5
606,45732,3.5
335,1673,3.5
365,45672,3.5
474,29,3.5
305,56174,3.5
590,1127,3.5
483,90866,3.5
318,68444,3.5
382,2881,3.5
359,224,3.5
552,3104,3.5
474,1099,3.5
560,122890,3.5
580,4310,3.5
125,68358,3.5
387,32,3.5
425,2291,3.5
448,139385,3.5
356,5418,3.5
249,5507,3.5
606,48214,3.5
483,5464,3.5
68,1201,3.5
414,30820,3.5
318,51412,3.5
610,149011,3.5
334,64957,3.5
606,1959,3.5
560,96610,3.5
66,1027,3.5
354,1608,3.5
462,1238,3.5
318,59315,3.5
68,2950,3.5
28,3555,3.5
274,4974,3.5
288,56339,3.5
222,106487,3.5
274,1282,3.5
352,56775,3.5
525,60069,3.5
580,4995,3.5
68,70492,3.5
10,63113,3.5
274,174,3.5
274,60074,3.5
352,1527,3.5
570,2628,3.5
50,318,3.5
193,318,3.5
274,63072,3.5
477,1721,3.5
307,4011,3.5
28,1245,3.5
328,134130,3.5
91,3031,3.5
153,96821,3.5
220,64983,3.5
288,661,3.5
318,1206,3.5
64,45,3.5
169,6005,3.5
583,1732,3.5
606,508,3.5
227,81845,3.5
474,7054,3.5
534,79224,3.5
129,1968,3.5
332,6333,3.5
274,1920,3.5
144,648,3.5
184,122892,3.5
474,2390,3.5
64,2054,3.5
274,6213,3.5
563,106100,3.5
334,8949,3.5
288,2144,3.5
318,2692,3.5
596,4308,3.5
387,1271,3.5
318,105213,3.5
608,2841,3.5
509,68954,3.5
490,5952,3.5
381,316,3.5
91,8016,3.5
462,8622,3.5
474,5902,3.5
73,131013,3.5
249,84374,3.5
599,5054,3.5
425,1517,3.5
83,5903,3.5
89,99122,3.5
443,593,3.5
68,41997,3.5
63,61323,3.5
140,524,3.5
414,56788,3.5
232,8937,3.5
509,7164,3.5
129,253,3.5
590,3071,3.5
606,1380,3.5
68,1120,3.5
182,2174,3.5
68,1127,3.5
382,110127,3.5
111,61250,3.5
20,4090,3.5
427,5349,3.5
227,17,3.5
438,8864,3.5
91,590,3.5
509,116823,3.5
474,1304,3.5
610,4958,3.5
477,34048,3.5
200,3825,3.5
274,1848,3.5
182,2146,3.5
28,337,3.5
23,1050,3.5
200,3623,3.5
68,593,3.5
480,1259,3.5
509,4963,3.5
514,1641,3.5
64,1968,3.5
274,922,3.5
483,1907,3.5
68,1513,3.5
140,1307,3.5
610,73268,3.5
322,1682,3.5
525,142488,3.5
495,5254,3.5
105,3301,3.5
551,7293,3.5
318,48997,3.5
200,8910,3.5
286,1088,3.5
381,34072,3.5
425,1580,3.5
141,71535,3.5
274,327,3.5
605,588,3.5
156,1270,3.5
596,122898,3.5
298,106916,3.5
608,4992,3.5
274,4084,3.5
610,6934,3.5
48,780,3.5
132,7147,3.5
274,78574,3.5
66,6188,3.5
322,586,3.5
580,1590,3.5
232,58803,3.5
20,3189,3.5
488,8949,3.5
381,3623,3.5
556,69844,3.5
606,318,3.5
562,36529,3.5
21,79592,3.5
341,356,3.5
91,924,3.5
63,2028,3.5
249,96861,3.5
89,7297,3.5
182,6062,3.5
110,2028,3.5
474,3468,3.5
346,1704,3.5
298,1968,3.5
18,60040,3.5
563,65585,3.5
18,118900,3.5
62,81564,3.5
361,6539,3.5
203,2001,3.5
91,3360,3.5
111,3535,3.5
387,38038,3.5
332,1380,3.5
292,30793,3.5
359,2470,3.5
111,83349,3.5
606,4506,3.5
305,119141,3.5
477,919,3.5
480,4641,3.5
239,3452,3.5
21,87232,3.5
480,27721,3.5
223,1961,3.5
213,2409,3.5
80,8914,3.5
561,3039,3.5
274,62511,3.5
177,1307,3.5
417,97938,3.5
376,165,3.5
16,912,3.5
387,2918,3.5
387,1077,3.5
562,4018,3.5
129,2139,3.5
419,2986,3.5
199,6807,3.5
326,70159,3.5
78,5400,3.5
610,46530,3.5
425,4720,3.5
282,103335,3.5
21,34048,3.5
64,6870,3.5
477,1639,3.5
600,4232,3.5
570,2890,3.5
261,1431,3.5
357,6323,3.5
24,4973,3.5
608,4270,3.5
104,5218,3.5
474,648,3.5
357,337,3.5
221,1374,3.5
414,6503,3.5
509,4016,3.5
570,1214,3.5
21,166492,3.5
474,2997,3.5
105,1235,3.5
300,99114,3.5
563,2918,3.5
370,5989,3.5
215,7361,3.5
249,3114,3.5
600,3949,3.5
580,2105,3.5
178,377,3.5
477,60760,3.5
233,4027,3.5
182,333,3.5
357,587,3.5
434,1270,3.5
370,1721,3.5
474,5826,3.5
287,1682,3.5
425,377,3.5
74,37741,3.5
610,113313,3.5
249,109673,3.5
292,165,3.5
425,6942,3.5
600,1088,3.5
489,3255,3.5
590,40583,3.5
556,41566,3.5
560,91353,3.5
397,8042,3.5
600,2145,3.5
513,7153,3.5
95,480,3.5
83,923,3.5
586,72737,3.5
564,107348,3.5
68,2124,3.5
474,44761,3.5
596,858,3.5
511,53953,3.5
248,135133,3.5
111,33679,3.5
21,32296,3.5
256,130520,3.5
448,103235,3.5
307,8910,3.5
610,94777,3.5
68,122918,3.5
274,2159,3.5
323,151,3.5
596,2723,3.5
563,135887,3.5
274,2542,3.5
83,595,3.5
307,4040,3.5
274,2617,3.5
68,6754,3.5
474,1300,3.5
359,2942,3.5
249,49822,3.5
318,65642,3.5
274,48774,3.5
298,104283,3.5
62,56775,3.5
370,8464,3.5
82,2028,3.5
112,551,3.5
249,5989,3.5
405,714,3.5
387,8266,3.5
61,2174,3.5
489,2081,3.5
41,86882,3.5
590,1953,3.5
303,5349,3.5
434,431,3.5
488,1198,3.5
610,158721,3.5
274,8983,3.5
104,3675,3.5
610,5956,3.5
525,106696,3.5
370,36529,3.5
249,8360,3.5
606,8916,3.5
528,44191,3.5
354,3489,3.5
322,34405,3.5
610,6708,3.5
103,837,3.5
475,95510,3.5
50,2947,3.5
610,44195,3.5
474,6879,3.5
608,1544,3.5
425,785,3.5
274,8961,3.5
129,653,3.5
438,5989,3.5
18,1580,3.5
599,892,3.5
330,4262,3.5
199,5902,3.5
288,47950,3.5
332,1645,3.5
381,455,3.5
483,81,3.5
274,2863,3.5
105,45720,3.5
560,5502,3.5
200,3911,3.5
20,4720,3.5
64,6944,3.5
68,4344,3.5
387,1307,3.5
480,1409,3.5
610,87222,3.5
68,2087,3.5
369,2706,3.5
137,928,3.5
68,1276,3.5
596,68835,3.5
489,5308,3.5
477,4370,3.5
274,8910,3.5
438,4446,3.5
232,5010,3.5
177,1288,3.5
387,2746,3.5
477,6541,3.5
522,68358,3.5
334,4993,3.5
608,3032,3.5
20,1919,3.5
210,119167,3.5
563,77414,3.5
590,6,3.5
448,70984,3.5
610,36401,3.5
560,4270,3.5
305,131013,3.5
204,54272,3.5
567,6669,3.5
474,3599,3.5
610,8983,3.5
166,34150,3.5
483,5541,3.5
182,5959,3.5
381,1722,3.5
474,339,3.5
156,3911,3.5
596,85414,3.5
414,3788,3.5
414,5680,3.5
434,1208,3.5
172,1215,3.5
274,47099,3.5
525,2916,3.5
610,148166,3.5
74,273,3.5
509,4447,3.5
318,5669,3.5
610,104243,3.5
239,1101,3.5
381,36401,3.5
91,10,3.5
280,6155,3.5
567,8636,3.5
599,2001,3.5
282,4034,3.5
590,3966,3.5
365,2918,3.5
564,6863,3.5
449,2692,3.5
68,2485,3.5
64,4223,3.5
448,6936,3.5
474,224,3.5
552,2005,3.5
474,7297,3.5
68,2019,3.5
16,2571,3.5
534,31,3.5
610,6095,3.5
232,6333,3.5
482,1246,3.5
387,2789,3.5
387,2948,3.5
233,183897,3.5
232,4718,3.5
438,6188,3.5
274,842,3.5
610,70206,3.5
256,118696,3.5
74,55253,3.5
489,80551,3.5
606,4828,3.5
580,45720,3.5
274,2871,3.5
249,5254,3.5
600,59131,3.5
219,21,3.5
454,79008,3.5
232,31114,3.5
377,6836,3.5
334,51935,3.5
561,2410,3.5
64,30707,3.5
525,108932,3.5
580,53000,3.5
351,6942,3.5
514,187593,3.5
370,39,3.5
249,162606,3.5
264,1917,3.5
263,8622,3.5
112,778,3.5
474,6870,3.5
232,6936,3.5
600,48082,3.5
182,923,3.5
542,186,3.5
405,1252,3.5
336,1267,3.5
380,6281,3.5
318,100106,3.5
323,29,3.5
573,185,3.5
316,1748,3.5
68,2840,3.5
83,69844,3.5
462,50068,3.5
517,509,3.5
307,40815,3.5
288,4008,3.5
68,3671,3.5
309,48780,3.5
305,3198,3.5
323,2268,3.5
330,589,3.5
534,86332,3.5
104,6535,3.5
226,648,3.5
369,1136,3.5
596,3147,3.5
64,2541,3.5
438,3896,3.5
365,6539,3.5
91,364,3.5
480,364,3.5
68,647,3.5
526,96079,3.5
177,98961,3.5
562,1387,3.5
306,168418,3.5
249,7004,3.5
415,5266,3.5
274,4951,3.5
466,6378,3.5
111,48,3.5
298,1079,3.5
344,316,3.5
144,592,3.5
45,1270,3.5
28,6947,3.5
222,58156,3.5
116,1569,3.5
573,30749,3.5
227,74458,3.5
21,81229,3.5
18,46578,3.5
61,2710,3.5
474,943,3.5
232,79224,3.5
434,2791,3.5
483,1377,3.5
484,3798,3.5
68,4975,3.5
562,82167,3.5
288,2054,3.5
606,37731,3.5
438,2706,3.5
103,35836,3.5
463,6377,3.5
222,3039,3.5
100,2706,3.5
45,5218,3.5
103,5952,3.5
570,2,3.5
248,116823,3.5
414,27821,3.5
382,3826,3.5
132,357,3.5
274,3316,3.5
318,2761,3.5
68,838,3.5
140,41571,3.5
247,54286,3.5
419,2694,3.5
490,91077,3.5
280,80463,3.5
239,104,3.5
18,1208,3.5
249,1199,3.5
318,72378,3.5
357,3916,3.5
509,3000,3.5
408,316,3.5
232,45186,3.5
15,166635,3.5
64,1061,3.5
288,53519,3.5
91,7650,3.5
581,7147,3.5
590,6565,3.5
351,91974,3.5
190,4447,3.5
354,597,3.5
111,179211,3.5
274,1608,3.5
438,1912,3.5
466,112556,3.5
424,318,3.5
370,2716,3.5
474,7085,3.5
448,134859,3.5
156,851,3.5
305,104913,3.5
474,7092,3.5
220,63113,3.5
274,61026,3.5
307,2060,3.5
401,2291,3.5
462,4546,3.5
414,27873,3.5
274,3265,3.5
307,26680,3.5
21,122892,3.5
480,32294,3.5
282,597,3.5
382,90647,3.5
414,5363,3.5
600,8507,3.5
111,86911,3.5
563,58154,3.5
249,4270,3.5
249,5378,3.5
68,1466,3.5
509,4299,3.5
47,4776,3.5
414,6296,3.5
474,3102,3.5
330,3408,3.5
334,5902,3.5
182,3598,3.5
119,8464,3.5
305,72294,3.5
247,99114,3.5
260,2174,3.5
233,81845,3.5
292,78893,3.5
462,593,3.5
18,457,3.5
354,2455,3.5
305,608,3.5
561,122900,3.5
586,2640,3.5
274,1015,3.5
66,6025,3.5
219,6957,3.5
282,3717,3.5
345,344,3.5
414,79091,3.5
387,1200,3.5
563,55250,3.5
89,6586,3.5
567,112852,3.5
83,364,3.5
474,7716,3.5
318,182715,3.5
590,5299,3.5
599,5308,3.5
105,3977,3.5
274,5528,3.5
606,4690,3.5
129,3623,3.5
110,232,3.5
417,78349,3.5
403,3361,3.5
219,903,3.5
219,1219,3.5
477,2114,3.5
28,3702,3.5
50,5932,3.5
274,71282,3.5
562,3275,3.5
137,1267,3.5
137,4546,3.5
292,94777,3.5
318,52973,3.5
76,6874,3.5
66,4616,3.5
606,2115,3.5
274,3972,3.5
585,441,3.5
221,3253,3.5
357,69757,3.5
610,55261,3.5
376,1200,3.5
222,82459,3.5
522,5010,3.5
480,40819,3.5
64,2174,3.5
474,5630,3.5
606,3578,3.5
274,33672,3.5
563,1907,3.5
365,79139,3.5
600,2405,3.5
610,41569,3.5
249,1544,3.5
318,8914,3.5
274,480,3.5
20,6358,3.5
64,350,3.5
381,1015,3.5
560,163,3.5
172,1580,3.5
51,3614,3.5
237,5679,3.5
100,4623,3.5
474,2097,3.5
466,5218,3.5
279,2329,3.5
249,117895,3.5
239,52973,3.5
305,293,3.5
534,90522,3.5
432,59784,3.5
98,71264,3.5
153,142488,3.5
249,115617,3.5
608,7377,3.5
489,88125,3.5
539,3745,3.5
318,1380,3.5
474,6898,3.5
199,589,3.5
339,90647,3.5
330,2699,3.5
610,27706,3.5
83,7254,3.5
434,6863,3.5
292,60074,3.5
16,1186,3.5
68,628,3.5
596,2791,3.5
306,5218,3.5
528,1961,3.5
365,106782,3.5
68,55765,3.5
522,954,3.5
100,1784,3.5
64,3418,3.5
292,8644,3.5
474,41285,3.5
560,105954,3.5
111,6874,3.5
606,3325,3.5
132,551,3.5
599,1653,3.5
599,86142,3.5
182,480,3.5
68,41571,3.5
62,4270,3.5
553,6870,3.5
560,90376,3.5
474,6863,3.5
232,72378,3.5
318,86548,3.5
305,158238,3.5
474,1301,3.5
533,46578,3.5
377,2793,3.5
580,1380,3.5
68,2405,3.5
305,90717,3.5
334,55267,3.5
18,3702,3.5
414,6552,3.5
525,750,3.5
68,1258,3.5
298,4878,3.5
381,6934,3.5
552,2359,3.5
560,120478,3.5
573,3897,3.5
474,4720,3.5
600,410,3.5
16,1617,3.5
123,7153,3.5
100,1213,3.5
305,1237,3.5
221,1307,3.5
288,1259,3.5
610,74750,3.5
428,6059,3.5
590,6333,3.5
132,7444,3.5
438,8866,3.5
328,1375,3.5
375,2687,3.5
322,4226,3.5
425,431,3.5
608,3686,3.5
475,87232,3.5
64,163,3.5
382,2496,3.5
420,57640,3.5
356,21,3.5
232,47610,3.5
66,1100,3.5
610,3699,3.5
292,4085,3.5
608,2291,3.5
334,4226,3.5
610,63113,3.5
599,27020,3.5
425,648,3.5
504,22,3.5
177,1084,3.5
239,4022,3.5
123,91500,3.5
359,780,3.5
21,70286,3.5
438,500,3.5
580,3893,3.5
239,5464,3.5
298,3033,3.5
534,6373,3.5
68,94959,3.5
610,78088,3.5
552,3255,3.5
288,6303,3.5
274,3617,3.5
474,2770,3.5
356,1968,3.5
21,105954,3.5
21,719,3.5
249,485,3.5
274,52435,3.5
510,527,3.5
553,608,3.5
351,8970,3.5
610,26413,3.5
122,134368,3.5
152,79132,3.5
274,4720,3.5
105,7318,3.5
177,59315,3.5
438,4310,3.5
474,27873,3.5
480,3723,3.5
387,7091,3.5
18,2706,3.5
307,3793,3.5
432,64983,3.5
610,57528,3.5
438,1722,3.5
318,1907,3.5
232,73515,3.5
567,7301,3.5
62,166635,3.5
570,33794,3.5
425,589,3.5
177,30816,3.5
606,4252,3.5
274,7362,3.5
477,2407,3.5
414,58998,3.5
480,3949,3.5
600,1393,3.5
219,1246,3.5
525,5159,3.5
274,8464,3.5
274,3616,3.5
288,3448,3.5
599,592,3.5
466,5989,3.5
64,5417,3.5
232,44199,3.5
371,2641,3.5
414,77364,3.5
462,926,3.5
561,4509,3.5
52,65514,3.5
542,4446,3.5
567,2731,3.5
596,179819,3.5
606,1333,3.5
303,2662,3.5
438,3861,3.5
474,6440,3.5
489,3949,3.5
131,2329,3.5
125,156387,3.5
274,173,3.5
378,7143,3.5
560,5785,3.5
307,1061,3.5
462,3462,3.5
89,102747,3.5
86,419,3.5
387,37729,3.5
274,858,3.5
103,30793,3.5
564,4246,3.5
525,41566,3.5
7,32587,3.5
414,56782,3.5
92,2664,3.5
89,3599,3.5
432,2858,3.5
466,45499,3.5
387,951,3.5
482,1037,3.5
332,85510,3.5
98,8529,3.5
600,46967,3.5
483,4023,3.5
62,94864,3.5
50,1230,3.5
307,52287,3.5
474,2393,3.5
298,94864,3.5
226,212,3.5
356,48082,3.5
288,2640,3.5
483,8636,3.5
66,1918,3.5
249,2541,3.5
177,7064,3.5
596,1527,3.5
477,2616,3.5
148,115617,3.5
489,42004,3.5
387,1483,3.5
158,1345,3.5
125,4022,3.5
305,139644,3.5
567,4878,3.5
610,3916,3.5
551,4701,3.5
274,3210,3.5
182,1546,3.5
357,60766,3.5
140,8798,3.5
68,71579,3.5
438,4052,3.5
387,8270,3.5
182,1833,3.5
448,113532,3.5
64,3793,3.5
610,5989,3.5
358,7254,3.5
141,2000,3.5
599,1198,3.5
111,53125,3.5
318,82461,3.5
474,7116,3.5
414,44204,3.5
561,139385,3.5
525,1282,3.5
560,37729,3.5
282,2916,3.5
137,968,3.5
434,68954,3.5
233,91529,3.5
230,5952,3.5
182,1747,3.5
454,6629,3.5
249,70183,3.5
132,50872,3.5
382,454,3.5
326,81257,3.5
103,6377,3.5
111,5,3.5
448,3267,3.5
339,2973,3.5
73,93272,3.5
610,136864,3.5
279,1247,3.5
332,27801,3.5
600,419,3.5
318,133771,3.5
432,84392,3.5
64,1889,3.5
414,53519,3.5
288,923,3.5
462,63876,3.5
274,1298,3.5
608,3274,3.5
596,1610,3.5
140,4688,3.5
122,77866,3.5
169,5108,3.5
16,4878,3.5
288,5881,3.5
111,5564,3.5
474,1928,3.5
274,1753,3.5
274,3698,3.5
63,5952,3.5
212,122886,3.5
103,41566,3.5
232,62511,3.5
318,8361,3.5
82,5507,3.5
596,89745,3.5
489,150,3.5
332,1625,3.5
21,4886,3.5
22,4979,3.5
420,1208,3.5
232,7346,3.5
95,1291,3.5
257,2406,3.5
381,2100,3.5
249,66171,3.5
111,3175,3.5
232,2797,3.5
182,2447,3.5
590,1124,3.5
292,130490,3.5
490,46578,3.5
477,5481,3.5
298,3535,3.5
599,2000,3.5
274,2946,3.5
474,6268,3.5
553,555,3.5
306,97225,3.5
405,345,3.5
387,33896,3.5
484,7293,3.5
17,44,3.5
525,586,3.5
144,2728,3.5
274,3726,3.5
540,37733,3.5
474,6245,3.5
420,1270,3.5
316,7438,3.5
288,37736,3.5
608,809,3.5
249,86835,3.5
464,1779,3.5
414,508,3.5
561,2455,3.5
68,3994,3.5
318,4643,3.5
369,4034,3.5
562,66203,3.5
534,5459,3.5
599,4487,3.5
534,6383,3.5
420,3545,3.5
292,85131,3.5
381,44022,3.5
177,55052,3.5
610,5444,3.5
249,40815,3.5
590,1012,3.5
525,102407,3.5
365,99106,3.5
448,112290,3.5
10,2671,3.5
68,2167,3.5
509,53123,3.5
357,4040,3.5
387,35836,3.5
462,2926,3.5
103,2059,3.5
111,54732,3.5
119,114184,3.5
261,2060,3.5
610,53435,3.5
305,33493,3.5
483,41566,3.5
114,79702,3.5
381,46530,3.5
570,52328,3.5
514,2396,3.5
110,46578,3.5
18,628,3.5
288,6305,3.5
356,2115,3.5
68,2808,3.5
249,2231,3.5
248,189333,3.5
23,7924,3.5
177,2617,3.5
509,6662,3.5
10,54286,3.5
73,2706,3.5
474,4798,3.5
610,40723,3.5
320,1013,3.5
414,169992,3.5
182,6932,3.5
562,2605,3.5
474,4308,3.5
396,1777,3.5
182,5316,3.5
51,4215,3.5
103,1296,3.5
414,39444,3.5
253,3536,3.5
219,5989,3.5
474,4672,3.5
257,2791,3.5
47,2908,3.5
166,2918,3.5
232,52604,3.5
534,5378,3.5
178,837,3.5
319,122886,3.5
552,508,3.5
387,4552,3.5
288,5418,3.5
309,908,3.5
610,2022,3.5
428,1120,3.5
318,69953,3.5
562,6731,3.5
221,1584,3.5
599,6791,3.5
28,3429,3.5
68,5308,3.5
182,173,3.5
211,1223,3.5
274,5569,3.5
301,8949,3.5
473,5785,3.5
599,1228,3.5
332,4022,3.5
62,71535,3.5
141,55820,3.5
220,231,3.5
387,5959,3.5
247,1210,3.5
509,104374,3.5
608,2505,3.5
200,58803,3.5
177,56757,3.5
318,90528,3.5
62,106072,3.5
403,3210,3.5
599,47721,3.5
95,6367,3.5
140,37727,3.5
64,27801,3.5
474,1209,3.5
561,4223,3.5
68,5955,3.5
239,7254,3.5
82,6377,3.5
477,1020,3.5
132,916,3.5
177,68157,3.5
274,5585,3.5
280,67788,3.5
474,8730,3.5
221,994,3.5
474,6003,3.5
393,4148,3.5
274,22,3.5
307,5989,3.5
309,1269,3.5
68,6708,3.5
378,2959,3.5
599,898,3.5
226,5139,3.5
438,4975,3.5
21,6365,3.5
517,3448,3.5
139,96079,3.5
434,1466,3.5
387,1753,3.5
357,1027,3.5
509,5810,3.5
21,1240,3.5
454,1972,3.5
610,3033,3.5
438,6934,3.5
211,44665,3.5
249,110297,3.5
153,4995,3.5
475,168252,3.5
17,6870,3.5
307,1193,3.5
471,8961,3.5
159,96821,3.5
66,780,3.5
357,6870,3.5
204,58332,3.5
306,157312,3.5
357,1252,3.5
610,99437,3.5
125,97913,3.5
563,78316,3.5
462,32,3.5
116,2080,3.5
141,54286,3.5
212,3949,3.5
600,2506,3.5
228,1801,3.5
41,54286,3.5
51,57532,3.5
381,6539,3.5
509,588,3.5
419,6287,3.5
219,1270,3.5
477,2010,3.5
414,8533,3.5
219,1722,3.5
580,1965,3.5
212,146656,3.5
480,2706,3.5
41,8641,3.5
105,88129,3.5
87,1345,3.5
249,105037,3.5
274,1367,3.5
545,1367,3.5
425,858,3.5
377,92760,3.5
354,4027,3.5
274,55247,3.5
156,1968,3.5
387,37736,3.5
91,1644,3.5
474,4914,3.5
599,1022,3.5
62,135133,3.5
438,45431,3.5
17,899,3.5
169,39,3.5
332,81782,3.5
526,308,3.5
483,1240,3.5
215,223,3.5
509,50802,3.5
103,88810,3.5
20,4446,3.5
424,1407,3.5
279,50,3.5
75,592,3.5
432,1610,3.5
50,2712,3.5
221,27815,3.5
89,3549,3.5
474,6770,3.5
590,2421,3.5
510,2819,3.5
105,6888,3.5
480,6281,3.5
599,1252,3.5
424,1252,3.5
105,3751,3.5
307,3005,3.5
152,48516,3.5
381,7004,3.5
307,3,3.5
445,60069,3.5
47,53894,3.5
132,68157,3.5
249,47200,3.5
274,3510,3.5
274,54004,3.5
606,97225,3.5
274,8831,3.5
91,555,3.5
288,370,3.5
249,45499,3.5
474,4103,3.5
332,5445,3.5
274,68952,3.5
474,2671,3.5
405,193,3.5
64,7445,3.5
563,114601,3.5
303,480,3.5
16,47,3.5
474,959,3.5
274,2174,3.5
448,85881,3.5
381,33493,3.5
63,4886,3.5
511,5349,3.5
286,1961,3.5
599,32387,3.5
474,1090,3.5
474,949,3.5
68,2694,3.5
599,223,3.5
298,8376,3.5
68,56174,3.5
466,87232,3.5
232,6595,3.5
89,2355,3.5
219,59615,3.5
288,7158,3.5
489,1967,3.5
509,94503,3.5
430,6377,3.5
610,1429,3.5
212,122882,3.5
182,1197,3.5
182,5812,3.5
590,3507,3.5
287,3398,3.5
387,6016,3.5
369,7132,3.5
562,73211,3.5
274,5418,3.5
387,47610,3.5
272,6365,3.5
232,69526,3.5
249,69278,3.5
177,64957,3.5
510,32587,3.5
517,356,3.5
287,5876,3.5
480,4011,3.5
82,1372,3.5
561,8784,3.5
357,5620,3.5
89,102686,3.5
600,5669,3.5
89,169912,3.5
187,5971,3.5
318,6774,3.5
414,5134,3.5
610,68954,3.5
17,910,3.5
74,8341,3.5
104,5957,3.5
510,231,3.5
7,2717,3.5
398,3911,3.5
318,4021,3.5
563,80551,3.5
132,2581,3.5
223,8368,3.5
18,586,3.5
140,6765,3.5
606,2716,3.5
182,6870,3.5
483,708,3.5
182,4959,3.5
606,1365,3.5
66,2355,3.5
51,522,3.5
606,1653,3.5
182,4816,3.5
332,5026,3.5
21,115149,3.5
226,1580,3.5
177,780,3.5
483,74789,3.5
274,3354,3.5
296,171765,3.5
182,1653,3.5
199,778,3.5
21,79132,3.5
357,5502,3.5
67,589,3.5
480,1517,3.5
177,55290,3.5
239,1252,3.5
534,79428,3.5
318,160563,3.5
307,1291,3.5
152,1198,3.5
594,1974,3.5
387,1923,3.5
310,2355,3.5
241,48780,3.5
606,5512,3.5
345,1127,3.5
427,5064,3.5
98,5299,3.5
509,7099,3.5
434,2231,3.5
552,4896,3.5
387,53322,3.5
596,177763,3.5
606,2424,3.5
91,2683,3.5
140,2889,3.5
432,2396,3.5
381,317,3.5
105,4896,3.5
213,55232,3.5
414,90603,3.5
610,3617,3.5
474,2553,3.5
474,2594,3.5
103,2529,3.5
339,103253,3.5
582,4993,3.5
474,44694,3.5
318,77233,3.5
356,4370,3.5
552,1259,3.5
307,7147,3.5
599,595,3.5
381,1259,3.5
474,8459,3.5
474,6368,3.5
474,8781,3.5
464,1777,3.5
249,4446,3.5
596,42004,3.5
156,2115,3.5
382,58025,3.5
199,6218,3.5
610,158872,3.5
599,1573,3.5
425,1729,3.5
103,344,3.5
474,1200,3.5
387,52722,3.5
182,5011,3.5
387,6663,3.5
221,898,3.5
68,68791,3.5
599,2912,3.5
334,1250,3.5
65,46976,3.5
599,165549,3.5
303,32,3.5
64,344,3.5
414,7318,3.5
376,2571,3.5
387,6537,3.5
477,52722,3.5
296,180031,3.5
596,5952,3.5
509,1148,3.5
140,4326,3.5
153,112454,3.5
434,1393,3.5
560,51662,3.5
220,3994,3.5
222,2403,3.5
226,337,3.5
274,81834,3.5
200,4270,3.5
600,2746,3.5
495,551,3.5
414,99112,3.5
274,1500,3.5
540,6365,3.5
606,30848,3.5
318,3703,3.5
20,5630,3.5
28,1276,3.5
139,49272,3.5
288,1909,3.5
274,79293,3.5
106,112852,3.5
552,2541,3.5
560,6952,3.5
438,8665,3.5
448,7895,3.5
111,81591,3.5
369,3863,3.5
177,161,3.5
156,8571,3.5
610,61026,3.5
141,1197,3.5
62,31658,3.5
334,539,3.5
82,4369,3.5
318,64716,3.5
534,89305,3.5
610,112171,3.5
414,58879,3.5
288,2300,3.5
567,113705,3.5
73,1884,3.5
382,4719,3.5
382,4447,3.5
382,112171,3.5
239,2353,3.5
425,196,3.5
599,33435,3.5
610,63179,3.5
103,68954,3.5
125,161131,3.5
306,164200,3.5
414,45062,3.5
570,1199,3.5
387,1172,3.5
466,6874,3.5
448,4678,3.5
387,3812,3.5
590,1303,3.5
428,2890,3.5
105,5782,3.5
249,6537,3.5
200,8360,3.5
82,442,3.5
517,81845,3.5
381,27706,3.5
362,3006,3.5
484,1407,3.5
334,293,3.5
474,7832,3.5
520,2134,3.5
361,34162,3.5
357,4091,3.5
282,10,3.5
610,140247,3.5
596,3994,3.5
605,2870,3.5
381,33794,3.5
387,3350,3.5
132,3897,3.5
298,2115,3.5
339,55247,3.5
474,6400,3.5
28,6,3.5
382,4310,3.5
339,56587,3.5
72,344,3.5
414,58103,3.5
3,1275,3.5
599,1278,3.5
28,54503,3.5
274,60069,3.5
534,54272,3.5
525,2048,3.5
182,10,3.5
272,89745,4.0
89,26429,4.0
489,86000,4.0
57,1527,4.0
450,3949,4.0
226,6936,4.0
18,119145,4.0
325,5646,4.0
608,1214,4.0
160,718,4.0
131,4226,4.0
603,2575,4.0
62,68848,4.0
525,4878,4.0
391,2396,4.0
93,2321,4.0
594,1707,4.0
462,3200,4.0
5,21,4.0
328,4896,4.0
93,60,4.0
414,551,4.0
219,3911,4.0
5,232,4.0
414,7151,4.0
409,223,4.0
590,1,4.0
202,1909,4.0
376,3527,4.0
265,1676,4.0
109,346,4.0
469,451,4.0
140,800,4.0
387,2232,4.0
509,8961,4.0
606,1093,4.0
18,2000,4.0
414,34153,4.0
509,5618,4.0
414,49793,4.0
198,1277,4.0
182,2443,4.0
318,115569,4.0
372,1307,4.0
45,552,4.0
482,653,4.0
68,80549,4.0
514,2174,4.0
307,67408,4.0
380,172,4.0
226,3438,4.0
603,1997,4.0
186,196,4.0
282,2470,4.0
572,2476,4.0
51,2978,4.0
23,1089,4.0
362,3578,4.0
182,3272,4.0
265,541,4.0
133,457,4.0
192,315,4.0
294,2458,4.0
211,68358,4.0
127,2763,4.0
217,1586,4.0
603,6,4.0
414,6947,4.0
414,380,4.0
474,51540,4.0
474,2863,4.0
590,2640,4.0
573,63131,4.0
477,48394,4.0
64,7160,4.0
606,5965,4.0
136,267,4.0
556,72998,4.0
465,1210,4.0
577,2020,4.0
448,3397,4.0
42,3481,4.0
480,541,4.0
432,6016,4.0
170,266,4.0
587,2731,4.0
610,79702,4.0
385,32,4.0
232,3897,4.0
212,115617,4.0
42,4027,4.0
387,965,4.0
484,84374,4.0
200,1580,4.0
460,1704,4.0
596,4366,4.0
42,4621,4.0
153,3186,4.0
521,733,4.0
474,8191,4.0
253,2064,4.0
355,1580,4.0
232,2501,4.0
48,5882,4.0
318,54272,4.0
380,187595,4.0
603,4437,4.0
477,7051,4.0
202,1304,4.0
414,2572,4.0
202,2716,4.0
6,141,4.0
426,5989,4.0
436,356,4.0
17,82459,4.0
334,37729,4.0
226,4975,4.0
195,1120,4.0
212,44191,4.0
135,2324,4.0
263,282,4.0
600,52435,4.0
596,122918,4.0
460,4703,4.0
305,111622,4.0
232,78469,4.0
438,1429,4.0
82,1573,4.0
140,4018,4.0
171,869,4.0
533,79132,4.0
274,7439,4.0
201,2054,4.0
95,4878,4.0
555,788,4.0
491,4025,4.0
111,95720,4.0
126,356,4.0
414,1307,4.0
57,1210,4.0
594,8778,4.0
563,4447,4.0
263,7147,4.0
610,6947,4.0
307,5500,4.0
440,60069,4.0
574,380,4.0
504,4027,4.0
41,8981,4.0
177,7078,4.0
135,2706,4.0
156,1292,4.0
352,2762,4.0
290,1266,4.0
354,1721,4.0
447,370,4.0
183,474,4.0
599,1246,4.0
122,8644,4.0
94,480,4.0
33,1777,4.0
483,3052,4.0
430,2321,4.0
608,6936,4.0
343,2598,4.0
520,7153,4.0
42,1485,4.0
64,2770,4.0
263,8370,4.0
330,2797,4.0
474,249,4.0
414,4446,4.0
63,67997,4.0
256,33679,4.0
42,104,4.0
525,8784,4.0
572,1293,4.0
509,130073,4.0
480,3943,4.0
422,1265,4.0
438,1022,4.0
234,1573,4.0
414,80126,4.0
57,1784,4.0
450,3481,4.0
438,62,4.0
124,1961,4.0
477,47,4.0
17,1291,4.0
18,1961,4.0
551,45499,4.0
111,113453,4.0
509,78105,4.0
503,1997,4.0
18,166635,4.0
104,780,4.0
465,3682,4.0
480,34271,4.0
177,1089,4.0
176,368,4.0
140,4310,4.0
480,8970,4.0
18,6333,4.0
74,51540,4.0
590,780,4.0
58,371,4.0
190,4848,4.0
414,4334,4.0
199,4034,4.0
274,3476,4.0
191,16,4.0
318,84716,4.0
342,2881,4.0
182,1695,4.0
469,1129,4.0
380,8371,4.0
474,3310,4.0
63,88140,4.0
92,54190,4.0
18,260,4.0
41,111921,4.0
79,1240,4.0
200,8665,4.0
610,34437,4.0
9,5893,4.0
345,6787,4.0
210,3147,4.0
112,288,4.0
474,4347,4.0
465,2916,4.0
341,135887,4.0
308,4886,4.0
469,3469,4.0
469,2028,4.0
380,1219,4.0
18,2420,4.0
490,296,4.0
453,2006,4.0
309,911,4.0
24,5673,4.0
52,79091,4.0
599,2019,4.0
318,362,4.0
477,3254,4.0
585,904,4.0
484,70183,4.0
60,6016,4.0
503,3114,4.0
217,2302,4.0
35,342,4.0
438,5574,4.0
382,5378,4.0
59,105,4.0
294,2431,4.0
265,1203,4.0
434,2916,4.0
159,597,4.0
402,112,4.0
140,1961,4.0
389,653,4.0
73,52245,4.0
555,1198,4.0
5,457,4.0
448,80463,4.0
184,105653,4.0
202,2,4.0
354,1923,4.0
1,3639,4.0
444,367,4.0
526,1225,4.0
569,10,4.0
453,552,4.0
564,500,4.0
509,7669,4.0
301,597,4.0
414,31101,4.0
135,589,4.0
453,1580,4.0
45,2096,4.0
111,165483,4.0
565,509,4.0
563,4025,4.0
380,837,4.0
318,89753,4.0
105,74789,4.0
587,2738,4.0
202,3251,4.0
599,2186,4.0
414,150,4.0
347,648,4.0
603,70,4.0
227,80906,4.0
380,68194,4.0
529,95,4.0
483,66934,4.0
356,2005,4.0
448,47,4.0
239,8984,4.0
294,2352,4.0
187,968,4.0
72,356,4.0
339,356,4.0
298,67087,4.0
382,33660,4.0
320,71535,4.0
18,5464,4.0
513,32,4.0
117,596,4.0
115,3264,4.0
27,3350,4.0
408,71106,4.0
140,49272,4.0
144,8368,4.0
418,593,4.0
226,59784,4.0
282,1953,4.0
187,37240,4.0
412,2398,4.0
594,2059,4.0
140,1704,4.0
391,1246,4.0
602,151,4.0
45,3033,4.0
91,6333,4.0
586,122904,4.0
602,150,4.0
226,35836,4.0
172,593,4.0
84,11,4.0
522,69122,4.0
254,3362,4.0
66,3105,4.0
84,260,4.0
434,41997,4.0
477,3608,4.0
4,4273,4.0
51,505,4.0
354,1333,4.0
448,2987,4.0
187,745,4.0
387,3947,4.0
217,1968,4.0
603,1475,4.0
553,2502,4.0
318,2291,4.0
318,7238,4.0
44,494,4.0
555,1663,4.0
477,3793,4.0
75,1266,4.0
202,1221,4.0
514,3253,4.0
107,349,4.0
452,2628,4.0
243,410,4.0
64,509,4.0
228,858,4.0
57,224,4.0
560,5418,4.0
254,2396,4.0
391,1201,4.0
91,3298,4.0
480,6867,4.0
525,106642,4.0
425,70,4.0
21,47566,4.0
42,381,4.0
186,3479,4.0
70,5995,4.0
202,3668,4.0
155,260,4.0
64,5266,4.0
21,40815,4.0
388,1703,4.0
474,3475,4.0
64,3481,4.0
182,3812,4.0
105,45499,4.0
84,1269,4.0
229,21,4.0
286,8961,4.0
149,1527,4.0
504,5989,4.0
380,648,4.0
387,1245,4.0
51,3,4.0
466,6934,4.0
163,1704,4.0
438,597,4.0
414,2278,4.0
387,1240,4.0
237,2571,4.0
610,81562,4.0
517,318,4.0
148,4896,4.0
330,26528,4.0
113,597,4.0
282,69122,4.0
100,357,4.0
19,1278,4.0
195,4387,4.0
79,1580,4.0
305,92420,4.0
382,5816,4.0
438,1393,4.0
520,5349,4.0
64,32,4.0
86,1196,4.0
22,2160,4.0
469,1375,4.0
453,3968,4.0
414,69122,4.0
489,2571,4.0
525,45880,4.0
590,2081,4.0
387,6350,4.0
380,3483,4.0
326,64620,4.0
74,58103,4.0
448,145,4.0
369,3174,4.0
488,2359,4.0
559,237,4.0
453,3790,4.0
140,44709,4.0
604,23,4.0
517,1,4.0
80,78349,4.0
414,159717,4.0
27,1201,4.0
39,1127,4.0
292,102125,4.0
184,122906,4.0
140,4903,4.0
603,1875,4.0
602,648,4.0
534,36289,4.0
372,1041,4.0
284,413,4.0
318,72011,4.0
135,2683,4.0
301,141,4.0
466,4993,4.0
318,43869,4.0
80,48516,4.0
130,296,4.0
240,135,4.0
514,1617,4.0
39,1394,4.0
588,16,4.0
211,49530,4.0
477,51086,4.0
479,4700,4.0
292,5445,4.0
199,2890,4.0
318,59387,4.0
410,912,4.0
318,2324,4.0
318,97304,4.0
18,2291,4.0
23,1274,4.0
117,480,4.0
447,457,4.0
414,5669,4.0
339,6377,4.0
466,6539,4.0
307,1645,4.0
610,91077,4.0
84,237,4.0
1,2174,4.0
250,8880,4.0
247,1291,4.0
408,106489,4.0
171,802,4.0
68,7458,4.0
177,72733,4.0
603,2435,4.0
122,58559,4.0
69,4848,4.0
292,4830,4.0
553,3052,4.0
381,2174,4.0
480,41569,4.0
551,122918,4.0
202,3194,4.0
356,1466,4.0
606,7115,4.0
42,2352,4.0
99,122,4.0
318,90245,4.0
414,3060,4.0
180,1136,4.0
328,88125,4.0
334,2997,4.0
200,1271,4.0
414,2985,4.0
603,1173,4.0
160,1175,4.0
292,3623,4.0
12,2694,4.0
153,109374,4.0
156,1094,4.0
599,1221,4.0
31,339,4.0
477,1219,4.0
466,5459,4.0
585,88,4.0
88,74795,4.0
538,1907,4.0
256,8360,4.0
414,4144,4.0
21,96079,4.0
275,2731,4.0
18,91529,4.0
564,8807,4.0
239,2167,4.0
482,8984,4.0
351,5989,4.0
391,154,4.0
477,2115,4.0
111,122882,4.0
550,60069,4.0
103,590,4.0
465,1518,4.0
131,6016,4.0
230,4022,4.0
59,5060,4.0
608,1089,4.0
204,2313,4.0
288,6297,4.0
318,71899,4.0
239,316,4.0
91,1079,4.0
165,5377,4.0
438,1784,4.0
177,47518,4.0
526,81845,4.0
474,3114,4.0
387,2161,4.0
538,7386,4.0
314,50,4.0
313,353,4.0
89,47725,4.0
352,112552,4.0
312,1584,4.0
220,2640,4.0
580,37733,4.0
380,60818,4.0
62,318,4.0
249,3753,4.0
480,51662,4.0
11,474,4.0
221,2336,4.0
117,589,4.0
453,3798,4.0
40,121,4.0
274,5785,4.0
100,3717,4.0
381,597,4.0
555,1036,4.0
448,2857,4.0
610,1997,4.0
309,953,4.0
118,1104,4.0
427,2076,4.0
51,7,4.0
603,235,4.0
68,3448,4.0
105,7587,4.0
597,541,4.0
103,150,4.0
265,780,4.0
219,1240,4.0
55,1293,4.0
586,1356,4.0
528,1213,4.0
204,5995,4.0
387,2599,4.0
470,34,4.0
18,1196,4.0
380,4498,4.0
606,4912,4.0
312,2976,4.0
169,4728,4.0
211,73017,4.0
525,58559,4.0
462,908,4.0
452,4963,4.0
95,1584,4.0
57,3628,4.0
387,1103,4.0
219,150,4.0
104,5500,4.0
82,7149,4.0
125,76093,4.0
514,74458,4.0
356,208,4.0
534,253,4.0
561,3317,4.0
520,10,4.0
177,4366,4.0
33,2080,4.0
372,161,4.0
414,337,4.0
351,91658,4.0
45,1676,4.0
265,2628,4.0
185,2565,4.0
200,1610,4.0
370,589,4.0
186,1371,4.0
307,1441,4.0
601,95167,4.0
100,441,4.0
177,72641,4.0
160,2325,4.0
200,356,4.0
305,34162,4.0
484,1968,4.0
556,118997,4.0
474,41997,4.0
527,4299,4.0
580,2826,4.0
275,4529,4.0
373,235,4.0
474,8607,4.0
480,7265,4.0
263,2501,4.0
219,45186,4.0
177,58803,4.0
469,1274,4.0
152,908,4.0
239,8798,4.0
45,594,4.0
564,3617,4.0
71,837,4.0
432,35836,4.0
489,5377,4.0
495,127198,4.0
318,76251,4.0
42,276,4.0
474,1921,4.0
603,1844,4.0
355,3269,4.0
290,3728,4.0
443,6016,4.0
73,61024,4.0
186,2186,4.0
425,4027,4.0
307,908,4.0
487,5952,4.0
380,102445,4.0
414,8961,4.0
464,6934,4.0
32,26,4.0
558,4886,4.0
479,4410,4.0
555,2967,4.0
380,46322,4.0
11,318,4.0
606,4615,4.0
414,6953,4.0
62,176371,4.0
610,71745,4.0
177,1283,4.0
607,1307,4.0
448,485,4.0
279,480,4.0
405,370,4.0
596,59549,4.0
119,4643,4.0
221,951,4.0
583,76093,4.0
387,2208,4.0
307,2174,4.0
424,293,4.0
132,8973,4.0
597,2746,4.0
447,593,4.0
64,608,4.0
597,1938,4.0
200,344,4.0
216,3362,4.0
480,2908,4.0
604,316,4.0
586,587,4.0
401,81847,4.0
380,3994,4.0
66,2020,4.0
274,7646,4.0
610,70208,4.0
608,383,4.0
156,3556,4.0
52,60684,4.0
135,110,4.0
599,1265,4.0
483,1059,4.0
346,5995,4.0
391,417,4.0
47,1961,4.0
516,457,4.0
495,2706,4.0
380,3363,4.0
95,5464,4.0
448,2973,4.0
66,7373,4.0
177,60074,4.0
66,282,4.0
429,60,4.0
527,1259,4.0
462,5952,4.0
21,8972,4.0
222,104913,4.0
570,6323,4.0
235,296,4.0
365,8874,4.0
555,2085,4.0
606,1190,4.0
350,32,4.0
282,40819,4.0
608,5171,4.0
414,2769,4.0
448,7757,4.0
599,745,4.0
282,111,4.0
224,593,4.0
380,77561,4.0
317,81591,4.0
312,2288,4.0
608,1769,4.0
282,2987,4.0
414,61132,4.0
89,898,4.0
288,48304,4.0
182,5014,4.0
104,8533,4.0
527,3044,4.0
307,52867,4.0
381,1097,4.0
211,1801,4.0
337,32,4.0
590,1950,4.0
266,2580,4.0
527,3396,4.0
86,2762,4.0
484,33794,4.0
484,3809,4.0
83,3967,4.0
414,3527,4.0
534,2329,4.0
472,2431,4.0
387,3168,4.0
135,2115,4.0
62,69122,4.0
409,1219,4.0
414,3489,4.0
8,11,4.0
477,2571,4.0
211,71535,4.0
603,4855,4.0
195,1732,4.0
177,30749,4.0
459,4022,4.0
74,6711,4.0
282,25,4.0
586,94985,4.0
32,361,4.0
324,858,4.0
352,152077,4.0
520,4306,4.0
143,59421,4.0
380,2000,4.0
483,96588,4.0
306,87869,4.0
29,3681,4.0
342,1270,4.0
288,1017,4.0
288,1299,4.0
480,3996,4.0
603,952,4.0
559,364,4.0
583,1907,4.0
414,41566,4.0
33,448,4.0
45,2797,4.0
567,3994,4.0
474,111,4.0
332,3471,4.0
309,3435,4.0
57,3441,4.0
484,7173,4.0
249,93512,4.0
414,2143,4.0
381,48385,4.0
210,589,4.0
534,1097,4.0
405,68237,4.0
249,4011,4.0
82,7153,4.0
410,1084,4.0
448,2694,4.0
18,161582,4.0
169,5502,4.0
387,8228,4.0
254,6539,4.0
419,72378,4.0
274,2587,4.0
577,3109,4.0
125,138036,4.0
156,969,4.0
352,33493,4.0
200,5872,4.0
314,314,4.0
414,72605,4.0
202,858,4.0
555,296,4.0
610,77931,4.0
177,1892,4.0
597,39,4.0
352,260,4.0
603,1150,4.0
279,1732,4.0
606,7008,4.0
325,4500,4.0
448,1020,4.0
527,2918,4.0
603,2973,4.0
610,161634,4.0
28,4878,4.0
64,4571,4.0
140,6787,4.0
309,2764,4.0
232,6537,4.0
68,64839,4.0
408,93363,4.0
287,337,4.0
29,111759,4.0
129,8665,4.0
101,3298,4.0
474,1545,4.0
452,4814,4.0
369,1196,4.0
560,54503,4.0
438,32596,4.0
305,85342,4.0
410,4333,4.0
4,2874,4.0
387,44761,4.0
274,1198,4.0
41,6016,4.0
191,281,4.0
480,39231,4.0
387,7700,4.0
199,2908,4.0
91,2871,4.0
66,2401,4.0
23,334,4.0
132,910,4.0
514,102903,4.0
528,106782,4.0
334,7361,4.0
18,8665,4.0
140,2682,4.0
409,3244,4.0
66,5574,4.0
222,5956,4.0
360,1488,4.0
177,3535,4.0
318,76054,4.0
474,3182,4.0
383,1299,4.0
610,141400,4.0
448,1022,4.0
261,2028,4.0
148,44191,4.0
592,296,4.0
249,69844,4.0
387,5121,4.0
414,3117,4.0
213,3409,4.0
389,25,4.0
553,49530,4.0
474,39292,4.0
416,247,4.0
474,6874,4.0
573,3617,4.0
23,2579,4.0
177,42002,4.0
113,2749,4.0
84,1230,4.0
450,648,4.0
304,349,4.0
259,7149,4.0
183,3755,4.0
366,6874,4.0
93,1562,4.0
414,168252,4.0
181,339,4.0
587,838,4.0
483,59784,4.0
105,51540,4.0
354,8464,4.0
275,1968,4.0
437,1093,4.0
525,69844,4.0
603,3408,4.0
226,2144,4.0
326,6953,4.0
202,2890,4.0
325,3176,4.0
560,68886,4.0
182,348,4.0
75,3034,4.0
603,3260,4.0
606,82,4.0
254,27846,4.0
249,60684,4.0
191,314,4.0
199,1276,4.0
142,380,4.0
480,34048,4.0
606,2583,4.0
263,4308,4.0
477,3105,4.0
204,6807,4.0
182,3476,4.0
226,733,4.0
546,1970,4.0
469,45,4.0
18,45722,4.0
89,74683,4.0
182,1952,4.0
220,5378,4.0
603,4427,4.0
234,485,4.0
177,2090,4.0
610,5630,4.0
590,3360,4.0
356,4979,4.0
288,30822,4.0
290,3671,4.0
320,4387,4.0
352,116823,4.0
555,1033,4.0
379,349,4.0
182,908,4.0
294,2423,4.0
211,55765,4.0
69,4643,4.0
376,1580,4.0
125,158783,4.0
275,3578,4.0
481,1629,4.0
132,261,4.0
222,3948,4.0
152,44555,4.0
247,260,4.0
424,8783,4.0
276,736,4.0
447,434,4.0
387,56367,4.0
331,193609,4.0
503,1221,4.0
84,62,4.0
448,5382,4.0
41,34162,4.0
48,1527,4.0
93,2021,4.0
284,248,4.0
115,919,4.0
339,1291,4.0
438,7153,4.0
370,4306,4.0
447,519,4.0
483,33794,4.0
166,1089,4.0
249,80463,4.0
606,32,4.0
339,68358,4.0
304,2396,4.0
292,805,4.0
249,6373,4.0
437,194,4.0
224,377,4.0
235,508,4.0
551,45186,4.0
460,7147,4.0
64,3556,4.0
483,2700,4.0
352,104211,4.0
307,52435,4.0
248,122918,4.0
187,1148,4.0
445,4995,4.0
462,1259,4.0
509,126142,4.0
485,10,4.0
140,3256,4.0
318,51255,4.0
105,45517,4.0
212,6373,4.0
265,3260,4.0
66,2795,4.0
305,54286,4.0
198,4963,4.0
42,1729,4.0
66,592,4.0
376,1610,4.0
45,2841,4.0
307,4448,4.0
292,86332,4.0
125,27788,4.0
99,22,4.0
483,4018,4.0
380,122882,4.0
154,114662,4.0
232,5267,4.0
249,1917,4.0
525,2291,4.0
123,104879,4.0
156,3467,4.0
292,78499,4.0
314,1265,4.0
414,4583,4.0
103,2124,4.0
62,96610,4.0
589,342,4.0
381,45950,4.0
357,3147,4.0
580,2117,4.0
395,172,4.0
395,519,4.0
141,588,4.0
596,115617,4.0
522,6378,4.0
274,3081,4.0
432,6934,4.0
469,2143,4.0
277,736,4.0
599,2161,4.0
39,610,4.0
247,134853,4.0
42,590,4.0
469,89,4.0
213,1198,4.0
305,110501,4.0
370,2329,4.0
254,49530,4.0
600,1333,4.0
231,260,4.0
186,3638,4.0
177,79091,4.0
339,127108,4.0
73,45221,4.0
135,1230,4.0
141,2355,4.0
268,1077,4.0
119,84392,4.0
231,1198,4.0
244,3703,4.0
139,98809,4.0
603,4720,4.0
64,6975,4.0
105,134849,4.0
234,3175,4.0
330,858,4.0
313,1339,4.0
385,1258,4.0
186,2311,4.0
404,590,4.0
603,1690,4.0
234,42,4.0
140,4776,4.0
165,5444,4.0
221,4262,4.0
391,3260,4.0
43,95,4.0
176,434,4.0
411,500,4.0
82,3753,4.0
450,1073,4.0
182,3175,4.0
18,7361,4.0
419,6365,4.0
530,150,4.0
380,49396,4.0
42,1036,4.0
537,318,4.0
22,1223,4.0
608,4890,4.0
586,34332,4.0
336,3114,4.0
74,3246,4.0
599,1408,4.0
412,593,4.0
600,2926,4.0
59,589,4.0
186,2021,4.0
57,745,4.0
453,788,4.0
213,53972,4.0
453,163,4.0
471,2959,4.0
292,3256,4.0
603,1230,4.0
534,52973,4.0
563,47382,4.0
80,84189,4.0
560,69481,4.0
385,94,4.0
376,1249,4.0
156,2349,4.0
109,14,4.0
80,5103,4.0
243,145,4.0
113,2108,4.0
33,1537,4.0
290,2268,4.0
607,1213,4.0
476,531,4.0
391,4995,4.0
601,112852,4.0
312,3342,4.0
216,3072,4.0
414,8958,4.0
18,103772,4.0
462,88744,4.0
511,55814,4.0
489,2594,4.0
13,3897,4.0
32,1061,4.0
105,1199,4.0
477,1968,4.0
74,6301,4.0
123,87232,4.0
353,595,4.0
597,2872,4.0
225,1270,4.0
580,1394,4.0
522,4027,4.0
125,2918,4.0
414,47970,4.0
105,96610,4.0
415,1021,4.0
83,4993,4.0
42,3173,4.0
111,99114,4.0
387,3681,4.0
57,1580,4.0
555,1094,4.0
182,2496,4.0
525,1220,4.0
474,1293,4.0
234,2000,4.0
135,2841,4.0
610,2517,4.0
606,5669,4.0
354,5903,4.0
462,6935,4.0
59,3479,4.0
249,84392,4.0
448,4002,4.0
414,86882,4.0
267,3113,4.0
91,1298,4.0
577,1220,4.0
414,5460,4.0
68,2791,4.0
45,3617,4.0
307,61132,4.0
156,1237,4.0
304,208,4.0
198,4235,4.0
552,1220,4.0
414,3623,4.0
195,3203,4.0
66,5349,4.0
177,6887,4.0
82,4310,4.0
330,592,4.0
177,66097,4.0
246,80615,4.0
18,5608,4.0
373,32,4.0
573,3948,4.0
558,1259,4.0
81,316,4.0
496,4993,4.0
470,590,4.0
465,2987,4.0
226,45447,4.0
103,105844,4.0
484,2706,4.0
313,1603,4.0
366,6539,4.0
177,47629,4.0
182,3409,4.0
580,1196,4.0
474,1148,4.0
91,4448,4.0
366,110,4.0
571,1339,4.0
368,1259,4.0
414,167570,4.0
560,67997,4.0
239,480,4.0
64,7147,4.0
608,2580,4.0
606,1844,4.0
601,63082,4.0
414,2353,4.0
82,2571,4.0
163,1588,4.0
342,3863,4.0
103,5388,4.0
368,1127,4.0
448,3327,4.0
410,1859,4.0
16,1230,4.0
219,27831,4.0
482,4367,4.0
151,813,4.0
424,1805,4.0
606,40955,4.0
586,339,4.0
6,250,4.0
82,5900,4.0
603,322,4.0
477,2694,4.0
432,4865,4.0
370,4878,4.0
474,50685,4.0
275,1211,4.0
177,7380,4.0
514,2791,4.0
597,2749,4.0
16,1247,4.0
590,2949,4.0
474,2145,4.0
68,4239,4.0
477,4489,4.0
479,1921,4.0
140,5267,4.0
119,68157,4.0
414,1542,4.0
45,368,4.0
420,2186,4.0
414,80969,4.0
322,10,4.0
600,1345,4.0
290,3608,4.0
474,8958,4.0
414,157,4.0
422,858,4.0
534,87222,4.0
580,6583,4.0
68,8873,4.0
91,2076,4.0
592,590,4.0
560,5991,4.0
89,99853,4.0
28,64716,4.0
345,412,4.0
210,58559,4.0
105,4734,4.0
586,6365,4.0
95,2268,4.0
600,4246,4.0
249,3578,4.0
44,18,4.0
183,1304,4.0
496,99149,4.0
17,1967,4.0
599,1682,4.0
249,103539,4.0
424,1193,4.0
361,32019,4.0
124,1,4.0
105,8368,4.0
318,127114,4.0
387,223,4.0
450,3952,4.0
195,70,4.0
66,4611,4.0
601,912,4.0
312,5902,4.0
453,3208,4.0
193,7153,4.0
387,593,4.0
6,597,4.0
91,3550,4.0
105,141810,4.0
169,5415,4.0
160,76,4.0
263,262,4.0
360,1721,4.0
318,88125,4.0
520,2011,4.0
474,7649,4.0
249,2987,4.0
169,3791,4.0
330,778,4.0
414,3504,4.0
448,7143,4.0
195,3005,4.0
453,1641,4.0
414,116797,4.0
290,2935,4.0
63,5445,4.0
239,733,4.0
217,1242,4.0
414,5553,4.0
21,78499,4.0
450,1466,4.0
128,1196,4.0
517,55052,4.0
222,1198,4.0
244,380,4.0
247,48394,4.0
381,3793,4.0
217,2194,4.0
586,97225,4.0
42,1610,4.0
26,593,4.0
474,6104,4.0
602,733,4.0
19,1219,4.0
514,79132,4.0
220,2985,4.0
414,1378,4.0
362,110,4.0
514,4995,4.0
198,1213,4.0
46,153,4.0
425,6323,4.0
474,3546,4.0
586,5944,4.0
221,3498,4.0
195,1958,4.0
480,991,4.0
209,68954,4.0
484,69122,4.0
487,7361,4.0
16,3000,4.0
606,48997,4.0
332,31878,4.0
483,653,4.0
313,4210,4.0
347,34,4.0
156,3072,4.0
170,208,4.0
83,5010,4.0
590,5218,4.0
610,102066,4.0
292,653,4.0
298,2916,4.0
119,129354,4.0
392,3298,4.0
182,4054,4.0
340,344,4.0
230,597,4.0
199,2973,4.0
135,912,4.0
80,49530,4.0
385,1408,4.0
606,25833,4.0
495,81562,4.0
62,111759,4.0
93,2302,4.0
110,3629,4.0
520,1625,4.0
224,2396,4.0
492,1393,4.0
420,356,4.0
263,8366,4.0
380,40278,4.0
93,2359,4.0
458,597,4.0
414,64839,4.0
474,1292,4.0
414,1689,4.0
79,1200,4.0
510,2935,4.0
288,56145,4.0
294,2502,4.0
350,1393,4.0
21,33615,4.0
140,2947,4.0
459,5816,4.0
161,52287,4.0
444,431,4.0
344,2028,4.0
82,5449,4.0
474,1217,4.0
474,25750,4.0
202,1220,4.0
429,225,4.0
62,56174,4.0
475,111759,4.0
576,1321,4.0
253,3328,4.0
594,2717,4.0
212,8376,4.0
305,54999,4.0
64,8622,4.0
182,3969,4.0
484,82852,4.0
600,2329,4.0
24,64957,4.0
9,5445,4.0
414,55118,4.0
45,1198,4.0
590,60069,4.0
181,588,4.0
91,2692,4.0
232,6297,4.0
121,141,4.0
483,3033,4.0
414,3686,4.0
475,6564,4.0
606,1958,4.0
202,2641,4.0
525,2100,4.0
480,1103,4.0
122,77561,4.0
63,111759,4.0
432,7458,4.0
555,2527,4.0
462,6775,4.0
606,3246,4.0
606,2245,4.0
357,3095,4.0
222,3868,4.0
19,293,4.0
64,364,4.0
607,381,4.0
469,1303,4.0
414,72998,4.0
368,110,4.0
173,17,4.0
521,58,4.0
479,1485,4.0
290,2682,4.0
201,2694,4.0
370,2115,4.0
380,56775,4.0
420,5669,4.0
273,500,4.0
313,1350,4.0
125,106920,4.0
564,7317,4.0
252,122886,4.0
225,1285,4.0
89,182299,4.0
610,59315,4.0
18,99813,4.0
462,4697,4.0
504,1682,4.0
169,4823,4.0
432,3793,4.0
279,168252,4.0
298,924,4.0
285,5995,4.0
219,4901,4.0
201,788,4.0
146,3499,4.0
428,180,4.0
91,2710,4.0
249,33493,4.0
242,161,4.0
111,4900,4.0
555,3072,4.0
23,7099,4.0
447,597,4.0
562,7160,4.0
105,88345,4.0
477,4214,4.0
100,648,4.0
432,27708,4.0
606,26038,4.0
249,81834,4.0
469,2393,4.0
318,137337,4.0
129,4963,4.0
349,344,4.0
474,5633,4.0
47,81932,4.0
158,3301,4.0
368,1262,4.0
18,122918,4.0
474,41527,4.0
606,597,4.0
570,318,4.0
534,93510,4.0
45,1028,4.0
24,1784,4.0
597,2988,4.0
477,2054,4.0
590,2565,4.0
477,2455,4.0
495,46578,4.0
290,599,4.0
606,2311,4.0
84,369,4.0
312,2011,4.0
95,1659,4.0
103,337,4.0
167,8376,4.0
182,4032,4.0
525,27611,4.0
414,4034,4.0
307,36708,4.0
452,3791,4.0
524,6,4.0
212,79091,4.0
291,102125,4.0
307,53996,4.0
254,150,4.0
365,62434,4.0
105,1233,4.0
274,2115,4.0
484,6944,4.0
18,32,4.0
24,2424,4.0
249,95088,4.0
304,258,4.0
313,1377,4.0
561,7458,4.0
113,3498,4.0
42,1457,4.0
431,1234,4.0
152,904,4.0
27,1015,4.0
519,6378,4.0
226,7360,4.0
74,4211,4.0
603,1304,4.0
391,2248,4.0
275,2396,4.0
391,1947,4.0
200,588,4.0
313,2528,4.0
28,55118,4.0
43,318,4.0
307,2395,4.0
84,34,4.0
68,4014,4.0
530,592,4.0
453,3897,4.0
45,3177,4.0
249,122890,4.0
547,1131,4.0
474,7440,4.0
232,54503,4.0
210,7649,4.0
561,61024,4.0
226,586,4.0
169,918,4.0
239,4896,4.0
91,5418,4.0
212,2791,4.0
226,4993,4.0
600,2788,4.0
215,49272,4.0
387,1967,4.0
11,511,4.0
110,3949,4.0
325,4226,4.0
603,4713,4.0
362,31,4.0
526,60069,4.0
68,2006,4.0
555,2476,4.0
476,314,4.0
140,1912,4.0
414,141,4.0
89,140561,4.0
274,56174,4.0
606,1635,4.0
560,8873,4.0
294,431,4.0
580,1320,4.0
119,31410,4.0
177,2160,4.0
21,5816,4.0
414,3791,4.0
482,1968,4.0
357,1949,4.0
219,4649,4.0
367,1784,4.0
334,356,4.0
198,3894,4.0
425,1249,4.0
33,58,4.0
446,47,4.0
318,357,4.0
166,5464,4.0
534,5816,4.0
204,1206,4.0
561,4128,4.0
597,2081,4.0
610,42723,4.0
182,5646,4.0
380,95475,4.0
560,51255,4.0
610,100579,4.0
318,6711,4.0
18,74948,4.0
42,3186,4.0
381,253,4.0
249,5463,4.0
483,3510,4.0
580,4235,4.0
280,2005,4.0
143,1721,4.0
231,593,4.0
210,4993,4.0
177,344,4.0
182,866,4.0
375,344,4.0
292,76093,4.0
177,81932,4.0
125,166635,4.0
381,1197,4.0
469,944,4.0
202,2243,4.0
331,183897,4.0
287,5505,4.0
480,8366,4.0
465,3703,4.0
202,1394,4.0
282,3147,4.0
156,150,4.0
268,2344,4.0
610,85179,4.0
381,54286,4.0
452,2989,4.0
346,492,4.0
166,5989,4.0
357,2863,4.0
318,27186,4.0
489,60069,4.0
394,225,4.0
137,2028,4.0
28,43396,4.0
42,2796,4.0
357,5464,4.0
474,4077,4.0
456,628,4.0
434,750,4.0
111,131826,4.0
66,4499,4.0
15,64614,4.0
606,461,4.0
425,7438,4.0
574,329,4.0
105,215,4.0
18,2115,4.0
346,4404,4.0
277,880,4.0
437,25,4.0
62,87232,4.0
357,253,4.0
448,57669,4.0
84,1090,4.0
597,1201,4.0
57,3671,4.0
199,2599,4.0
414,8622,4.0
79,6,4.0
105,134170,4.0
520,7373,4.0
103,1028,4.0
274,6708,4.0
599,26453,4.0
534,99007,4.0
541,357,4.0
125,156371,4.0
304,1380,4.0
610,86833,4.0
261,1222,4.0
288,8376,4.0
18,96432,4.0
474,5682,4.0
432,1831,4.0
462,4175,4.0
28,1921,4.0
391,2731,4.0
226,2413,4.0
249,2706,4.0
587,2000,4.0
414,3552,4.0
479,858,4.0
384,1036,4.0
480,7438,4.0
41,68157,4.0
313,1653,4.0
414,5068,4.0
608,6537,4.0
561,3275,4.0
448,3254,4.0
240,3,4.0
368,6,4.0
474,3097,4.0
365,111113,4.0
122,152077,4.0
597,1099,4.0
594,2028,4.0
425,46723,4.0
583,4016,4.0
156,3873,4.0
290,1120,4.0
477,5971,4.0
202,1674,4.0
508,2012,4.0
243,153,4.0
414,3181,4.0
123,143458,4.0
351,1735,4.0
117,1035,4.0
474,222,4.0
7,750,4.0
330,7153,4.0
202,1959,4.0
329,1193,4.0
226,2915,4.0
590,480,4.0
471,4973,4.0
432,91630,4.0
105,912,4.0
240,480,4.0
1,543,4.0
115,1717,4.0
570,2841,4.0
288,45499,4.0
274,60161,4.0
590,608,4.0
483,4246,4.0
90,1356,4.0
451,95,4.0
465,457,4.0
448,2770,4.0
410,527,4.0
98,187541,4.0
248,59315,4.0
73,134853,4.0
166,8950,4.0
177,41285,4.0
249,380,4.0
15,109487,4.0
429,204,4.0
573,1377,4.0
294,368,4.0
424,593,4.0
479,2125,4.0
247,6016,4.0
603,3727,4.0
91,1213,4.0
35,300,4.0
225,1321,4.0
474,8366,4.0
235,32,4.0
381,1073,4.0
321,141,4.0
599,318,4.0
304,266,4.0
566,316,4.0
483,1278,4.0
202,1375,4.0
42,527,4.0
221,5008,4.0
148,68954,4.0
103,8807,4.0
448,1641,4.0
119,59369,4.0
376,3977,4.0
462,3793,4.0
153,36535,4.0
460,8970,4.0
603,2070,4.0
453,1810,4.0
129,4896,4.0
490,80463,4.0
410,357,4.0
202,1387,4.0
177,1252,4.0
414,968,4.0
534,2762,4.0
168,30749,4.0
420,1193,4.0
480,2542,4.0
298,65642,4.0
101,233,4.0
265,2985,4.0
84,534,4.0
414,2355,4.0
169,1288,4.0
56,318,4.0
327,1221,4.0
93,153,4.0
555,2463,4.0
10,113394,4.0
438,2355,4.0
596,3213,4.0
119,4344,4.0
438,6595,4.0
202,58,4.0
156,4973,4.0
288,44195,4.0
479,4246,4.0
91,2291,4.0
241,81786,4.0
244,1527,4.0
599,1244,4.0
263,3793,4.0
474,7714,4.0
265,2433,4.0
590,1278,4.0
103,1994,4.0
57,2951,4.0
140,4025,4.0
433,80463,4.0
412,300,4.0
284,357,4.0
477,2628,4.0
603,193,4.0
600,260,4.0
119,114795,4.0
234,3672,4.0
606,3186,4.0
305,5299,4.0
414,34326,4.0
153,88810,4.0
104,54001,4.0
432,68347,4.0
434,588,4.0
141,5445,4.0
217,494,4.0
139,260,4.0
606,8961,4.0
555,1092,4.0
354,509,4.0
474,1466,4.0
116,1721,4.0
318,48001,4.0
288,2496,4.0
559,327,4.0
580,4041,4.0
42,318,4.0
474,6422,4.0
606,6218,4.0
226,480,4.0
461,2762,4.0
199,1089,4.0
561,2413,4.0
279,122904,4.0
474,262,4.0
291,118696,4.0
105,106918,4.0
140,2716,4.0
117,47,4.0
609,356,4.0
610,34048,4.0
167,4016,4.0
436,586,4.0
280,64614,4.0
103,96079,4.0
249,377,4.0
603,3521,4.0
28,3578,4.0
535,2571,4.0
218,8636,4.0
477,1394,4.0
357,54997,4.0
256,8984,4.0
265,3701,4.0
456,648,4.0
247,78499,4.0
555,1541,4.0
22,4017,4.0
84,1186,4.0
187,27741,4.0
84,1393,4.0
490,3481,4.0
135,3812,4.0
448,4981,4.0
122,116799,4.0
351,92048,4.0
527,455,4.0
274,5047,4.0
352,103249,4.0
249,2502,4.0
597,1732,4.0
154,106002,4.0
482,1307,4.0
466,81845,4.0
268,1230,4.0
487,1197,4.0
317,90600,4.0
387,1256,4.0
195,16,4.0
492,79,4.0
201,16,4.0
385,1136,4.0
307,44191,4.0
357,898,4.0
104,2987,4.0
318,1203,4.0
80,103688,4.0
227,117533,4.0
605,1028,4.0
105,106782,4.0
596,39183,4.0
509,31658,4.0
522,6283,4.0
484,6870,4.0
142,337,4.0
104,914,4.0
491,104211,4.0
372,165,4.0
606,4205,4.0
105,5995,4.0
241,40819,4.0
221,1914,4.0
68,81910,4.0
573,6586,4.0
326,134130,4.0
453,2723,4.0
244,3755,4.0
352,87306,4.0
62,99149,4.0
262,230,4.0
520,4993,4.0
453,4161,4.0
274,2762,4.0
555,3984,4.0
330,5378,4.0
584,256,4.0
414,180497,4.0
288,1584,4.0
226,7325,4.0
227,102445,4.0
292,1036,4.0
481,1183,4.0
73,4886,4.0
18,96488,4.0
135,457,4.0
88,4226,4.0
185,1393,4.0
527,329,4.0
156,1289,4.0
186,5540,4.0
448,1010,4.0
305,2706,4.0
135,2387,4.0
489,2858,4.0
79,3984,4.0
298,60950,4.0
140,2278,4.0
506,53000,4.0
428,2959,4.0
372,892,4.0
77,6539,4.0
274,588,4.0
479,1198,4.0
604,62,4.0
470,318,4.0
199,48516,4.0
331,88125,4.0
483,1367,4.0
570,1079,4.0
480,30707,4.0
221,4681,4.0
606,33493,4.0
57,1193,4.0
103,1945,4.0
599,2726,4.0
606,8724,4.0
474,8874,4.0
7,648,4.0
80,4720,4.0
381,2273,4.0
312,2186,4.0
554,914,4.0
606,7934,4.0
353,454,4.0
594,1210,4.0
595,2353,4.0
186,2530,4.0
560,1196,4.0
318,92422,4.0
317,431,4.0
156,2300,4.0
202,1094,4.0
96,434,4.0
304,2431,4.0
500,1476,4.0
447,165,4.0
525,6711,4.0
570,736,4.0
411,551,4.0
318,53460,4.0
162,224,4.0
444,410,4.0
463,520,4.0
474,955,4.0
466,6373,4.0
489,2529,4.0
290,2937,4.0
29,165,4.0
318,3897,4.0
560,82459,4.0
306,106696,4.0
103,1012,4.0
187,27773,4.0
590,922,4.0
300,63082,4.0
414,2275,4.0
427,4995,4.0
525,356,4.0
509,98491,4.0
606,3831,4.0
122,63131,4.0
6,150,4.0
244,1215,4.0
584,227,4.0
336,2268,4.0
603,3551,4.0
182,919,4.0
103,5103,4.0
610,40732,4.0
195,1994,4.0
249,2167,4.0
91,4878,4.0
104,1641,4.0
213,1920,4.0
381,51084,4.0
169,5218,4.0
177,73023,4.0
45,3534,4.0
42,252,4.0
345,3489,4.0
216,1032,4.0
111,149354,4.0
325,230,4.0
177,2300,4.0
187,39427,4.0
288,45440,4.0
212,122922,4.0
477,7335,4.0
291,1,4.0
436,48,4.0
288,8880,4.0
334,364,4.0
414,5240,4.0
419,111,4.0
125,152091,4.0
101,2908,4.0
292,588,4.0
325,6,4.0
477,1921,4.0
592,533,4.0
477,2918,4.0
495,63992,4.0
444,6,4.0
606,60069,4.0
111,40819,4.0
414,3169,4.0
432,110,4.0
177,3755,4.0
597,1370,4.0
599,7028,4.0
246,95167,4.0
573,48304,4.0
593,6776,4.0
551,8368,4.0
474,260,4.0
603,1279,4.0
141,520,4.0
387,1148,4.0
4,2467,4.0
6,112,4.0
504,1,4.0
481,1608,4.0
64,589,4.0
474,6377,4.0
500,356,4.0
539,1801,4.0
332,4993,4.0
177,3844,4.0
448,2003,4.0
480,4733,4.0
140,261,4.0
420,5902,4.0
82,1527,4.0
307,588,4.0
42,2194,4.0
105,118985,4.0
474,3147,4.0
73,112138,4.0
64,293,4.0
249,80693,4.0
33,308,4.0
551,115149,4.0
168,805,4.0
92,69757,4.0
137,1242,4.0
41,778,4.0
249,1036,4.0
480,1240,4.0
440,671,4.0
540,45722,4.0
514,2571,4.0
325,1280,4.0
580,4262,4.0
555,1732,4.0
409,1394,4.0
119,10,4.0
42,2805,4.0
414,348,4.0
91,1036,4.0
414,5146,4.0
352,51662,4.0
603,1202,4.0
369,1372,4.0
575,2580,4.0
597,2313,4.0
480,16,4.0
292,589,4.0
113,3168,4.0
288,1084,4.0
604,315,4.0
560,5782,4.0
606,1268,4.0
590,7311,4.0
140,2019,4.0
52,150,4.0
380,6807,4.0
275,3261,4.0
380,52952,4.0
246,6773,4.0
291,106489,4.0
182,1391,4.0
140,3359,4.0
601,3000,4.0
351,6214,4.0
325,1517,4.0
292,46972,4.0
57,364,4.0
63,5989,4.0
168,3788,4.0
309,973,4.0
603,1611,4.0
393,77561,4.0
64,5445,4.0
339,5952,4.0
177,2096,4.0
480,6863,4.0
510,33794,4.0
606,6684,4.0
263,3967,4.0
249,27801,4.0
352,329,4.0
182,4280,4.0
177,95510,4.0
240,413,4.0
474,5266,4.0
232,4874,4.0
362,4306,4.0
202,508,4.0
597,1089,4.0
450,3915,4.0
186,1921,4.0
600,2017,4.0
249,114074,4.0
111,168326,4.0
249,102125,4.0
57,3811,4.0
608,3477,4.0
590,1955,4.0
177,4963,4.0
605,533,4.0
150,36,4.0
570,1198,4.0
610,97938,4.0
369,1682,4.0
604,442,4.0
57,903,4.0
68,48696,4.0
405,5810,4.0
227,104913,4.0
307,54503,4.0
477,37857,4.0
129,3996,4.0
450,3568,4.0
84,381,4.0
105,81845,4.0
202,150,4.0
387,56782,4.0
91,1210,4.0
274,3114,4.0
68,48,4.0
362,2194,4.0
353,11,4.0
6,415,4.0
387,543,4.0
345,56949,4.0
527,1356,4.0
62,7458,4.0
372,1203,4.0
455,377,4.0
104,5618,4.0
156,2712,4.0
103,80463,4.0
33,2539,4.0
68,54286,4.0
450,2291,4.0
514,1954,4.0
325,5075,4.0
474,1285,4.0
171,1304,4.0
82,6887,4.0
462,6966,4.0
61,7438,4.0
474,5294,4.0
541,11,4.0
562,455,4.0
318,127180,4.0
527,364,4.0
305,3751,4.0
7,7153,4.0
367,915,4.0
18,68319,4.0
597,69,4.0
171,919,4.0
141,4963,4.0
68,2115,4.0
263,440,4.0
393,60684,4.0
481,1465,4.0
527,4801,4.0
249,750,4.0
610,80489,4.0
483,104241,4.0
474,2940,4.0
101,3175,4.0
123,97923,4.0
560,89804,4.0
403,1089,4.0
610,55280,4.0
603,2779,4.0
448,1356,4.0
45,2791,4.0
606,39869,4.0
64,4979,4.0
387,1299,4.0
16,319,4.0
204,54372,4.0
182,6571,4.0
4,1025,4.0
140,4844,4.0
66,4581,4.0
307,61024,4.0
216,2857,4.0
232,5418,4.0
368,1089,4.0
318,2018,4.0
288,3095,4.0
86,1265,4.0
318,4848,4.0
598,63082,4.0
414,1370,4.0
313,1060,4.0
105,94677,4.0
91,5479,4.0
21,69844,4.0
202,2064,4.0
122,7022,4.0
561,1968,4.0
371,4247,4.0
279,648,4.0
290,1358,4.0
137,260,4.0
606,1884,4.0
318,4349,4.0
282,1784,4.0
511,119145,4.0
75,1036,4.0
40,588,4.0
324,3943,4.0
434,6711,4.0
465,2427,4.0
322,46723,4.0
249,60069,4.0
371,81834,4.0
560,380,4.0
332,608,4.0
155,3578,4.0
135,671,4.0
341,7293,4.0
534,2054,4.0
341,117529,4.0
182,6067,4.0
263,736,4.0
325,1270,4.0
346,923,4.0
597,2387,4.0
200,2006,4.0
486,292,4.0
479,2021,4.0
597,610,4.0
20,837,4.0
249,31685,4.0
177,70183,4.0
469,3832,4.0
177,2858,4.0
534,93363,4.0
221,318,4.0
140,2858,4.0
520,2716,4.0
64,2078,4.0
232,33162,4.0
453,5349,4.0
135,2997,4.0
432,48394,4.0
536,368,4.0
313,4226,4.0
339,1230,4.0
362,8961,4.0
294,2736,4.0
275,1297,4.0
221,2176,4.0
525,1288,4.0
66,2194,4.0
548,4899,4.0
361,52973,4.0
33,866,4.0
559,2,4.0
606,2396,4.0
392,2291,4.0
514,2455,4.0
610,4886,4.0
232,1097,4.0
525,48774,4.0
429,151,4.0
166,31696,4.0
349,357,4.0
29,56174,4.0
391,1968,4.0
607,1394,4.0
387,7123,4.0
428,8810,4.0
409,3504,4.0
34,4246,4.0
414,45210,4.0
27,3654,4.0
474,6228,4.0
447,356,4.0
447,442,4.0
414,5400,4.0
566,367,4.0
226,3948,4.0
414,2076,4.0
474,1089,4.0
522,1580,4.0
274,7222,4.0
509,1136,4.0
414,7323,4.0
603,1343,4.0
534,130520,4.0
160,1446,4.0
474,1278,4.0
314,524,4.0
199,3117,4.0
484,2718,4.0
45,765,4.0
269,780,4.0
97,3257,4.0
230,5502,4.0
570,2762,4.0
143,103335,4.0
140,2085,4.0
457,2706,4.0
462,5986,4.0
391,233,4.0
111,1702,4.0
27,902,4.0
380,90746,4.0
473,27904,4.0
384,3219,4.0
201,1517,4.0
204,68954,4.0
20,4990,4.0
472,5952,4.0
91,1845,4.0
464,48516,4.0
432,5989,4.0
318,55721,4.0
476,252,4.0
608,5388,4.0
474,45880,4.0
43,350,4.0
318,39292,4.0
527,2135,4.0
487,61240,4.0
68,106487,4.0
448,58803,4.0
510,1208,4.0
477,2716,4.0
489,51662,4.0
252,168418,4.0
480,2003,4.0
5,1,4.0
280,575,4.0
522,77561,4.0
608,7324,4.0
18,1260,4.0
177,5971,4.0
380,95510,4.0
601,78499,4.0
385,471,4.0
606,7010,4.0
229,593,4.0
254,45928,4.0
376,587,4.0
105,3980,4.0
298,5952,4.0
135,3175,4.0
608,2431,4.0
256,5444,4.0
414,52604,4.0
19,1240,4.0
93,1552,4.0
200,53125,4.0
408,114795,4.0
88,785,4.0
221,7698,4.0
596,115149,4.0
105,56757,4.0
265,1356,4.0
57,2599,4.0
151,1047,4.0
305,58803,4.0
256,5445,4.0
224,858,4.0
357,1259,4.0
249,59784,4.0
226,8641,4.0
447,480,4.0
1,1793,4.0
155,333,4.0
275,3267,4.0
552,2968,4.0
500,104,4.0
608,2542,4.0
370,4011,4.0
82,4153,4.0
264,527,4.0
474,745,4.0
4,800,4.0
91,2700,4.0
381,46976,4.0
380,223,4.0
382,910,4.0
6,700,4.0
432,7153,4.0
453,3536,4.0
414,1945,4.0
525,81834,4.0
453,377,4.0
368,161,4.0
125,1580,4.0
438,47044,4.0
356,56788,4.0
105,5120,4.0
6,1064,4.0
387,2712,4.0
448,4128,4.0
274,40723,4.0
504,1288,4.0
68,119145,4.0
292,2993,4.0
453,5816,4.0
247,3578,4.0
414,1267,4.0
525,916,4.0
474,1104,4.0
200,6754,4.0
232,67734,4.0
448,51540,4.0
279,589,4.0
274,3676,4.0
68,44199,4.0
125,47997,4.0
330,1673,4.0
16,1207,4.0
507,480,4.0
292,2268,4.0
265,1177,4.0
608,33725,4.0
153,105844,4.0
217,905,4.0
534,63082,4.0
525,293,4.0
316,2858,4.0
91,8581,4.0
377,7304,4.0
95,1214,4.0
200,2011,4.0
265,534,4.0
294,1198,4.0
582,1196,4.0
232,4963,4.0
18,1240,4.0
129,239,4.0
563,72641,4.0
603,4428,4.0
80,53972,4.0
276,231,4.0
240,161,4.0
132,3481,4.0
274,51091,4.0
74,6244,4.0
256,6947,4.0
332,3703,4.0
84,902,4.0
473,48082,4.0
610,110746,4.0
438,2278,4.0
160,3868,4.0
68,79702,4.0
292,3113,4.0
219,8228,4.0
560,5878,4.0
590,4321,4.0
365,89864,4.0
263,2599,4.0
197,318,4.0
477,1291,4.0
352,135143,4.0
290,3260,4.0
534,47,4.0
334,7293,4.0
198,4226,4.0
514,1994,4.0
226,6942,4.0
62,115680,4.0
202,1957,4.0
82,3703,4.0
183,3654,4.0
414,267,4.0
414,47,4.0
414,188,4.0
123,318,4.0
526,1202,4.0
587,1292,4.0
414,3967,4.0
387,6874,4.0
305,223,4.0
600,593,4.0
590,72733,4.0
414,1050,4.0
260,2599,4.0
525,527,4.0
438,36519,4.0
209,92259,4.0
93,836,4.0
387,3334,4.0
462,2351,4.0
339,109374,4.0
580,4306,4.0
474,1124,4.0
273,111,4.0
105,26662,4.0
372,1589,4.0
278,3148,4.0
158,6502,4.0
587,252,4.0
469,2204,4.0
63,1968,4.0
113,1721,4.0
555,1591,4.0
62,38061,4.0
292,2628,4.0
246,85414,4.0
217,3107,4.0
216,2243,4.0
62,68157,4.0
490,6016,4.0
186,380,4.0
385,1240,4.0
520,33004,4.0
187,5146,4.0
414,4168,4.0
380,4728,4.0
314,536,4.0
391,4978,4.0
453,3146,4.0
606,6671,4.0
321,150,4.0
414,91658,4.0
597,1395,4.0
263,3155,4.0
302,21,4.0
252,164909,4.0
57,1641,4.0
290,3246,4.0
305,89745,4.0
483,380,4.0
28,60069,4.0
596,168026,4.0
368,1625,4.0
606,32587,4.0
524,1,4.0
139,1198,4.0
380,8957,4.0
414,45720,4.0
610,4973,4.0
294,1215,4.0
290,1187,4.0
387,6530,4.0
57,3396,4.0
341,5816,4.0
610,5064,4.0
368,1221,4.0
249,58998,4.0
572,356,4.0
527,2057,4.0
432,3707,4.0
266,2288,4.0
232,7254,4.0
254,3996,4.0
111,5816,4.0
605,8368,4.0
362,79132,4.0
318,80478,4.0
579,2096,4.0
610,3481,4.0
362,6,4.0
85,1596,4.0
609,318,4.0
204,858,4.0
585,58559,4.0
414,1639,4.0
606,3791,4.0
570,1625,4.0
42,2968,4.0
28,26614,4.0
601,49272,4.0
219,6378,4.0
140,7027,4.0
313,1717,4.0
274,2890,4.0
483,1566,4.0
594,1429,4.0
110,541,4.0
212,5690,4.0
522,3578,4.0
312,1090,4.0
542,8529,4.0
260,3481,4.0
458,350,4.0
51,7147,4.0
414,56367,4.0
380,44665,4.0
290,968,4.0
305,49651,4.0
458,2,4.0
603,1923,4.0
217,1608,4.0
181,350,4.0
184,109578,4.0
404,527,4.0
541,132,4.0
608,3745,4.0
1,2366,4.0
608,2153,4.0
389,95,4.0
125,44195,4.0
274,1274,4.0
509,48394,4.0
62,136864,4.0
202,529,4.0
263,4992,4.0
418,156387,4.0
608,8784,4.0
79,1215,4.0
607,1544,4.0
174,590,4.0
239,1610,4.0
492,736,4.0
603,3090,4.0
234,1359,4.0
433,593,4.0
182,1136,4.0
165,592,4.0
280,4039,4.0
392,1193,4.0
225,2000,4.0
610,77893,4.0
33,151,4.0
294,1356,4.0
429,421,4.0
482,30825,4.0
105,67255,4.0
247,106782,4.0
534,94015,4.0
330,64614,4.0
112,1270,4.0
201,1573,4.0
322,6874,4.0
292,135133,4.0
135,2076,4.0
607,448,4.0
387,3134,4.0
213,3285,4.0
104,5380,4.0
141,3175,4.0
200,34162,4.0
200,61323,4.0
331,5502,4.0
212,60069,4.0
6,32,4.0
453,3174,4.0
178,8874,4.0
408,2416,4.0
290,1079,4.0
606,3920,4.0
410,3161,4.0
131,608,4.0
230,4370,4.0
216,3300,4.0
357,1060,4.0
352,71530,4.0
362,6377,4.0
554,1081,4.0
246,2959,4.0
202,1299,4.0
597,292,4.0
177,6429,4.0
187,48394,4.0
484,5942,4.0
448,112138,4.0
395,368,4.0
474,8360,4.0
495,89745,4.0
464,5995,4.0
606,282,4.0
301,349,4.0
321,256,4.0
42,1923,4.0
580,1357,4.0
233,3147,4.0
318,60756,4.0
509,80549,4.0
330,2791,4.0
331,293,4.0
82,1036,4.0
63,592,4.0
387,55276,4.0
469,1278,4.0
608,6287,4.0
414,373,4.0
387,6659,4.0
165,5445,4.0
372,141,4.0
171,500,4.0
43,344,4.0
232,46578,4.0
64,8798,4.0
142,36,4.0
606,2671,4.0
381,4027,4.0
482,2124,4.0
339,91978,4.0
523,27731,4.0
28,8132,4.0
165,4085,4.0
509,93840,4.0
6,146,4.0
603,2160,4.0
98,53993,4.0
125,114935,4.0
318,71838,4.0
580,2594,4.0
541,22,4.0
526,109374,4.0
566,236,4.0
201,32,4.0
4,1225,4.0
177,112556,4.0
606,7143,4.0
563,916,4.0
66,7027,4.0
182,5464,4.0
514,2114,4.0
448,778,4.0
62,102123,4.0
310,733,4.0
119,35836,4.0
182,2976,4.0
4,1883,4.0
559,95,4.0
353,590,4.0
67,152081,4.0
448,3274,4.0
312,2746,4.0
586,5445,4.0
414,1027,4.0
603,2369,4.0
414,3424,4.0
235,235,4.0
294,1374,4.0
603,3363,4.0
96,1625,4.0
474,4963,4.0
452,2858,4.0
219,480,4.0
222,44191,4.0
79,457,4.0
603,3819,4.0
307,65088,4.0
131,1089,4.0
198,1274,4.0
64,1343,4.0
317,90439,4.0
246,616,4.0
105,36363,4.0
103,410,4.0
18,2409,4.0
261,3897,4.0
105,8958,4.0
608,6294,4.0
156,26313,4.0
570,1196,4.0
608,7153,4.0
68,40629,4.0
18,40819,4.0
234,4351,4.0
125,79592,4.0
561,3210,4.0
66,5023,4.0
585,1732,4.0
282,1921,4.0
473,4975,4.0
462,103624,4.0
33,715,4.0
305,76093,4.0
282,30749,4.0
187,4785,4.0
324,3915,4.0
380,5989,4.0
542,1282,4.0
590,69481,4.0
64,1348,4.0
68,3552,4.0
356,2572,4.0
212,1220,4.0
480,1256,4.0
372,11,4.0
136,170,4.0
41,595,4.0
304,1370,4.0
325,3742,4.0
301,6539,4.0
525,2406,4.0
438,5952,4.0
465,474,4.0
260,1274,4.0
28,1196,4.0
566,2,4.0
540,2772,4.0
339,86882,4.0
75,34405,4.0
108,5218,4.0
274,81932,4.0
354,2763,4.0
401,50872,4.0
567,1260,4.0
140,4677,4.0
405,37731,4.0
68,1784,4.0
249,68237,4.0
555,3392,4.0
243,36,4.0
226,2174,4.0
182,3450,4.0
603,2283,4.0
84,342,4.0
18,4383,4.0
232,79293,4.0
460,40815,4.0
563,95307,4.0
425,1645,4.0
474,1953,4.0
606,4529,4.0
103,2078,4.0
432,7158,4.0
474,8167,4.0
202,1240,4.0
282,49822,4.0
474,7566,4.0
331,54286,4.0
273,783,4.0
10,6942,4.0
387,592,4.0
298,223,4.0
500,588,4.0
217,2174,4.0
177,2746,4.0
232,858,4.0
525,79132,4.0
606,5733,4.0
135,3793,4.0
414,5013,4.0
291,59315,4.0
606,2340,4.0
560,1653,4.0
509,99114,4.0
414,2889,4.0
420,8577,4.0
318,93510,4.0
610,6978,4.0
22,3911,4.0
465,2527,4.0
66,3911,4.0
387,175,4.0
608,7360,4.0
462,1090,4.0
446,480,4.0
140,2542,4.0
403,3386,4.0
249,2716,4.0
140,5479,4.0
383,2977,4.0
566,442,4.0
412,2918,4.0
562,2942,4.0
172,1347,4.0
232,5379,4.0
287,4848,4.0
537,98961,4.0
565,380,4.0
220,4022,4.0
514,68358,4.0
89,6156,4.0
488,457,4.0
474,48780,4.0
370,6539,4.0
558,4062,4.0
547,1189,4.0
607,2889,4.0
111,410,4.0
376,1291,4.0
608,30822,4.0
137,924,4.0
389,104,4.0
520,1301,4.0
305,3671,4.0
62,88140,4.0
40,235,4.0
415,3507,4.0
42,3256,4.0
354,53519,4.0
380,26776,4.0
58,356,4.0
380,31696,4.0
195,4448,4.0
105,8197,4.0
265,3471,4.0
202,3372,4.0
337,280,4.0
594,6577,4.0
24,1197,4.0
427,4993,4.0
91,2122,4.0
241,6214,4.0
332,1213,4.0
275,5952,4.0
232,8636,4.0
156,6297,4.0
436,150,4.0
318,5903,4.0
430,1210,4.0
414,1994,4.0
414,8798,4.0
420,44191,4.0
318,1210,4.0
57,1036,4.0
109,778,4.0
414,2085,4.0
381,40815,4.0
346,32179,4.0
127,36517,4.0
45,1641,4.0
469,2243,4.0
288,8528,4.0
195,3174,4.0
142,344,4.0
91,1089,4.0
318,5110,4.0
318,85736,4.0
387,1344,4.0
318,97938,4.0
340,253,4.0
249,60074,4.0
275,1221,4.0
573,2640,4.0
132,3996,4.0
422,3365,4.0
283,1210,4.0
73,47122,4.0
470,410,4.0
330,3578,4.0
252,107141,4.0
140,4337,4.0
306,134853,4.0
18,141688,4.0
325,2321,4.0
242,434,4.0
91,1994,4.0
220,57368,4.0
480,36535,4.0
332,527,4.0
414,4017,4.0
525,104272,4.0
591,3409,4.0
156,1961,4.0
469,3384,4.0
318,5956,4.0
288,1278,4.0
186,1947,4.0
283,104,4.0
64,40819,4.0
219,53519,4.0
339,52319,4.0
24,58998,4.0
351,1073,4.0
606,2194,4.0
552,1222,4.0
414,1907,4.0
39,858,4.0
489,1249,4.0
230,8636,4.0
489,4356,4.0
169,5943,4.0
503,48394,4.0
318,2997,4.0
512,160,4.0
89,140541,4.0
113,3551,4.0
563,45720,4.0
177,107141,4.0
301,5989,4.0
492,494,4.0
111,174045,4.0
166,593,4.0
365,112138,4.0
603,3160,4.0
517,91488,4.0
380,2161,4.0
391,4361,4.0
86,4993,4.0
216,1394,4.0
555,1542,4.0
103,122882,4.0
160,1391,4.0
408,85412,4.0
208,2581,4.0
414,2313,4.0
370,7361,4.0
103,81156,4.0
62,101864,4.0
596,179401,4.0
328,596,4.0
232,5502,4.0
32,339,4.0
474,1721,4.0
477,1665,4.0
304,168,4.0
380,4367,4.0
448,2355,4.0
16,1089,4.0
254,40819,4.0
525,97921,4.0
52,69481,4.0
570,1527,4.0
291,106072,4.0
241,99114,4.0
474,32,4.0
325,3175,4.0
468,110,4.0
304,338,4.0
249,91622,4.0
534,208,4.0
346,903,4.0
52,52281,4.0
246,30793,4.0
554,1951,4.0
19,2359,4.0
469,2346,4.0
388,6377,4.0
587,1259,4.0
325,1875,4.0
453,1784,4.0
596,1036,4.0
434,50872,4.0
152,64620,4.0
603,471,4.0
484,262,4.0
307,55267,4.0
204,59604,4.0
486,44,4.0
34,318,4.0
89,81229,4.0
198,1676,4.0
480,337,4.0
290,1050,4.0
606,5503,4.0
587,2006,4.0
411,316,4.0
246,757,4.0
381,4299,4.0
594,2,4.0
123,593,4.0
597,3060,4.0
477,2987,4.0
414,2137,4.0
414,1748,4.0
301,1307,4.0
368,2571,4.0
577,1396,4.0
380,65133,4.0
599,6283,4.0
387,1884,4.0
483,1625,4.0
380,5478,4.0
1,943,4.0
260,1301,4.0
420,1721,4.0
387,2921,4.0
304,1028,4.0
130,165,4.0
28,3100,4.0
187,27904,4.0
474,965,4.0
480,3812,4.0
597,2273,4.0
249,62374,4.0
368,3066,4.0
315,599,4.0
197,1968,4.0
63,5464,4.0
331,3751,4.0
249,2692,4.0
405,1295,4.0
489,4235,4.0
610,3865,4.0
105,2076,4.0
105,5679,4.0
520,4995,4.0
107,111,4.0
290,1674,4.0
600,2282,4.0
275,708,4.0
391,368,4.0
232,7347,4.0
477,8961,4.0
249,3409,4.0
273,337,4.0
317,63082,4.0
414,1235,4.0
16,4973,4.0
474,7064,4.0
577,593,4.0
91,3114,4.0
159,89774,4.0
318,73323,4.0
580,508,4.0
274,68358,4.0
18,106839,4.0
204,55820,4.0
182,4160,4.0
85,1693,4.0
455,272,4.0
75,5008,4.0
597,2583,4.0
603,945,4.0
546,1972,4.0
64,3210,4.0
396,1148,4.0
68,63082,4.5
83,541,4.5
68,457,4.5
17,6016,4.5
488,7147,4.5
66,3108,4.5
357,1958,4.5
100,539,4.5
362,1252,4.5
580,1682,4.5
362,2571,4.5
405,750,4.5
318,26003,4.5
585,1089,4.5
483,1200,4.5
67,4886,4.5
29,1945,4.5
351,356,4.5
210,147384,4.5
226,33794,4.5
209,81562,4.5
111,102123,4.5
239,8529,4.5
288,1,4.5
62,54997,4.5
581,79132,4.5
381,56757,4.5
517,899,4.5
22,3996,4.5
330,562,4.5
387,1249,4.5
418,7254,4.5
474,5379,4.5
477,5673,4.5
370,2762,4.5
376,1584,4.5
327,1213,4.5
249,106487,4.5
567,134170,4.5
230,34048,4.5
525,8874,4.5
74,55247,4.5
401,56757,4.5
282,4306,4.5
525,46578,4.5
495,115149,4.5
517,2384,4.5
221,8228,4.5
573,2706,4.5
280,91077,4.5
405,1222,4.5
89,164200,4.5
282,4886,4.5
166,2324,4.5
220,3996,4.5
424,8641,4.5
210,111362,4.5
64,7139,4.5
581,4993,4.5
227,59315,4.5
209,64614,4.5
414,1836,4.5
100,605,4.5
425,3275,4.5
357,56367,4.5
111,155509,4.5
80,7445,4.5
403,1213,4.5
182,1216,4.5
80,5989,4.5
166,1704,4.5
474,5995,4.5
301,30707,4.5
305,904,4.5
489,2572,4.5
122,101142,4.5
480,293,4.5
580,45722,4.5
156,4378,4.5
68,112852,4.5
210,106642,4.5
495,2762,4.5
21,2989,4.5
305,4270,4.5
474,1394,4.5
475,122886,4.5
377,1172,4.5
7,7143,4.5
580,51412,4.5
398,7099,4.5
274,54995,4.5
89,78620,4.5
64,3996,4.5
594,8132,4.5
432,5630,4.5
182,1784,4.5
408,520,4.5
10,7169,4.5
378,527,4.5
561,6539,4.5
88,4963,4.5
599,7748,4.5
239,110,4.5
466,7254,4.5
282,150,4.5
125,1732,4.5
187,27879,4.5
418,104374,4.5
177,97938,4.5
28,1610,4.5
573,53000,4.5
292,6297,4.5
552,6377,4.5
103,140715,4.5
608,1645,4.5
610,6863,4.5
369,4226,4.5
67,4011,4.5
362,1945,4.5
66,1186,4.5
318,177593,4.5
249,111,4.5
427,5952,4.5
161,5643,4.5
365,318,4.5
594,3948,4.5
495,50872,4.5
211,2542,4.5
318,714,4.5
586,95510,4.5
448,152105,4.5
318,1584,4.5
289,16,4.5
310,6410,4.5
425,3578,4.5
70,1259,4.5
226,1527,4.5
182,3275,4.5
608,2761,4.5
534,5882,4.5
419,71282,4.5
280,8341,4.5
125,7361,4.5
105,51662,4.5
65,1682,4.5
483,3076,4.5
339,56174,4.5
594,1088,4.5
474,6269,4.5
594,7320,4.5
606,497,4.5
594,2432,4.5
561,2420,4.5
246,91542,4.5
221,215,4.5
182,1263,4.5
534,66097,4.5
357,1269,4.5
387,1219,4.5
125,110330,4.5
218,1252,4.5
215,3052,4.5
534,1036,4.5
62,5378,4.5
307,553,4.5
80,2571,4.5
318,85414,4.5
64,5291,4.5
357,48780,4.5
594,4200,4.5
570,1584,4.5
318,83803,4.5
15,48304,4.5
606,1269,4.5
182,7371,4.5
112,79132,4.5
339,44555,4.5
63,1210,4.5
582,122886,4.5
438,4623,4.5
525,2502,4.5
66,8360,4.5
474,25886,4.5
141,5618,4.5
122,1676,4.5
432,587,4.5
62,1682,4.5
528,91529,4.5
594,39,4.5
318,148424,4.5
110,1281,4.5
222,1270,4.5
226,3809,4.5
477,1953,4.5
387,3535,4.5
483,1234,4.5
66,1639,4.5
354,7147,4.5
318,27904,4.5
318,2495,4.5
112,68157,4.5
540,8874,4.5
480,49280,4.5
387,3030,4.5
124,1210,4.5
72,1198,4.5
326,5577,4.5
418,3147,4.5
594,2986,4.5
339,1233,4.5
503,175,4.5
310,3330,4.5
125,1120,4.5
61,3949,4.5
460,2571,4.5
474,3793,4.5
187,1222,4.5
483,1270,4.5
405,2571,4.5
362,6874,4.5
560,1676,4.5
483,103235,4.5
610,5010,4.5
522,1645,4.5
62,96079,4.5
356,5225,4.5
542,45517,4.5
441,122886,4.5
489,1271,4.5
610,156726,4.5
480,260,4.5
20,2761,4.5
454,6874,4.5
295,6874,4.5
415,86345,4.5
264,1356,4.5
105,593,4.5
282,4873,4.5
199,5292,4.5
331,8784,4.5
219,7090,4.5
318,32511,4.5
307,101,4.5
177,72737,4.5
75,1234,4.5
67,318,4.5
21,8984,4.5
167,8961,4.5
160,4735,4.5
449,2502,4.5
263,6711,4.5
382,91542,4.5
488,595,4.5
256,135887,4.5
528,105504,4.5
62,91658,4.5
608,5378,4.5
318,133802,4.5
525,119145,4.5
510,35836,4.5
226,2161,4.5
371,26662,4.5
359,6377,4.5
370,4993,4.5
483,81834,4.5
111,162478,4.5
52,5669,4.5
381,2125,4.5
282,44555,4.5
382,37741,4.5
539,4886,4.5
215,2005,4.5
220,7153,4.5
424,3261,4.5
381,2161,4.5
483,27904,4.5
249,104374,4.5
488,3751,4.5
87,671,4.5
489,342,4.5
10,31685,4.5
441,1089,4.5
610,1732,4.5
249,96728,4.5
448,51255,4.5
105,111,4.5
61,1201,4.5
68,84772,4.5
100,261,4.5
89,131104,4.5
387,2731,4.5
318,7459,4.5
581,356,4.5
357,2700,4.5
28,293,4.5
122,5673,4.5
434,4873,4.5
89,132422,4.5
561,47,4.5
474,3451,4.5
212,112552,4.5
288,8949,4.5
608,8132,4.5
220,3753,4.5
352,114180,4.5
480,8783,4.5
28,44195,4.5
483,102125,4.5
172,1125,4.5
292,112852,4.5
18,48516,4.5
475,56174,4.5
318,37741,4.5
435,1193,4.5
405,7013,4.5
180,2959,4.5
169,3911,4.5
249,2078,4.5
495,1682,4.5
330,253,4.5
387,47,4.5
152,72226,4.5
562,2231,4.5
166,293,4.5
34,6387,4.5
105,4262,4.5
525,5991,4.5
596,5444,4.5
292,1291,4.5
221,25841,4.5
169,6155,4.5
344,7099,4.5
573,733,4.5
287,5618,4.5
221,27768,4.5
534,51255,4.5
420,48394,4.5
551,293,4.5
352,541,4.5
168,1225,4.5
256,71535,4.5
428,296,4.5
454,1219,4.5
70,72011,4.5
66,6377,4.5
246,70286,4.5
430,6365,4.5
210,117192,4.5
132,2657,4.5
105,3462,4.5
88,4878,4.5
573,4720,4.5
221,1219,4.5
288,594,4.5
153,158966,4.5
305,87869,4.5
227,56782,4.5
463,110,4.5
332,3996,4.5
382,2028,4.5
600,247,4.5
322,2858,4.5
326,44555,4.5
23,3265,4.5
263,8014,4.5
387,260,4.5
580,4027,4.5
249,103335,4.5
152,7156,4.5
172,2762,4.5
119,115149,4.5
381,1777,4.5
523,95167,4.5
517,914,4.5
377,1200,4.5
375,1610,4.5
28,1266,4.5
398,1198,4.5
230,6934,4.5
248,102903,4.5
420,2571,4.5
606,904,4.5
10,4306,4.5
432,3578,4.5
200,1704,4.5
357,2005,4.5
182,6645,4.5
100,2125,4.5
239,48516,4.5
330,1266,4.5
168,85881,4.5
401,81564,4.5
80,96079,4.5
100,368,4.5
596,138036,4.5
91,2019,4.5
424,175,4.5
80,8957,4.5
564,119141,4.5
387,1251,4.5
390,6016,4.5
522,102445,4.5
210,89745,4.5
548,6874,4.5
144,48,4.5
593,2336,4.5
122,59387,4.5
51,2615,4.5
573,58998,4.5
7,48783,4.5
434,1732,4.5
249,106642,4.5
307,1247,4.5
510,1997,4.5
122,69784,4.5
403,2427,4.5
421,1287,4.5
474,1254,4.5
239,1625,4.5
564,6188,4.5
539,8961,4.5
89,177185,4.5
475,111362,4.5
103,3034,4.5
610,6296,4.5
573,2953,4.5
562,7079,4.5
534,85179,4.5
305,590,4.5
593,50,4.5
423,457,4.5
210,111759,4.5
590,2947,4.5
125,107630,4.5
166,1249,4.5
396,903,4.5
523,82169,4.5
610,72998,4.5
168,1148,4.5
356,3088,4.5
182,7265,4.5
448,3253,4.5
105,5014,4.5
462,1189,4.5
424,48516,4.5
125,5617,4.5
125,858,4.5
475,6934,4.5
28,858,4.5
405,541,4.5
166,4011,4.5
420,4308,4.5
226,441,4.5
220,1527,4.5
352,101864,4.5
280,6377,4.5
221,1944,4.5
445,27773,4.5
246,95105,4.5
356,3210,4.5
474,150,4.5
64,1994,4.5
18,71899,4.5
414,91529,4.5
309,2324,4.5
122,112515,4.5
550,115713,4.5
100,5989,4.5
560,4027,4.5
29,750,4.5
169,8783,4.5
474,5812,4.5
15,1653,4.5
64,2502,4.5
354,318,4.5
464,597,4.5
606,915,4.5
15,112556,4.5
484,4239,4.5
167,8874,4.5
177,112175,4.5
249,88744,4.5
280,88810,4.5
169,1380,4.5
428,4878,4.5
590,1204,4.5
221,31658,4.5
110,2788,4.5
64,3499,4.5
371,4226,4.5
475,6365,4.5
397,1104,4.5
581,4306,4.5
585,1476,4.5
51,3186,4.5
580,4973,4.5
326,7361,4.5
182,1464,4.5
382,118696,4.5
610,35836,4.5
282,1201,4.5
76,296,4.5
462,89090,4.5
420,7153,4.5
339,69481,4.5
288,3897,4.5
105,141844,4.5
68,34405,4.5
18,589,4.5
405,79132,4.5
125,1034,4.5
18,112334,4.5
159,6377,4.5
318,77455,4.5
336,3147,4.5
590,296,4.5
354,4239,4.5
66,903,4.5
103,1729,4.5
51,2871,4.5
608,6373,4.5
204,76251,4.5
357,1265,4.5
200,45720,4.5
221,1090,4.5
182,903,4.5
387,3788,4.5
91,4850,4.5
539,3740,4.5
166,1197,4.5
247,2762,4.5
522,63113,4.5
249,1265,4.5
249,64614,4.5
361,6188,4.5
260,3556,4.5
204,80463,4.5
414,143355,4.5
573,1573,4.5
330,2788,4.5
169,3408,4.5
484,216,4.5
169,2012,4.5
132,364,4.5
390,1784,4.5
610,53022,4.5
600,1126,4.5
282,2918,4.5
593,4993,4.5
305,56156,4.5
52,2959,4.5
178,2959,4.5
419,2706,4.5
606,27627,4.5
246,94015,4.5
415,3468,4.5
332,7925,4.5
21,78637,4.5
168,7333,4.5
249,8874,4.5
227,48774,4.5
223,58559,4.5
590,1200,4.5
140,1101,4.5
560,1732,4.5
219,34338,4.5
356,48744,4.5
105,109374,4.5
17,3949,4.5
462,146656,4.5
156,6299,4.5
122,1275,4.5
68,163,4.5
600,1288,4.5
274,2329,4.5
68,6188,4.5
18,1227,4.5
339,75985,4.5
210,122900,4.5
563,2059,4.5
82,589,4.5
156,1222,4.5
301,47,4.5
583,239,4.5
448,7706,4.5
249,527,4.5
47,84152,4.5
41,1225,4.5
590,2078,4.5
606,33310,4.5
483,4308,4.5
480,1957,4.5
64,8873,4.5
122,53519,4.5
599,80463,4.5
381,36517,4.5
581,4022,4.5
125,142456,4.5
221,5954,4.5
332,750,4.5
307,2133,4.5
182,858,4.5
307,58559,4.5
610,112515,4.5
124,3328,4.5
301,1784,4.5
606,1732,4.5
438,7482,4.5
80,91500,4.5
89,27619,4.5
64,3386,4.5
477,61132,4.5
125,4979,4.5
122,7451,4.5
182,2541,4.5
239,8644,4.5
503,1036,4.5
80,4995,4.5
586,1265,4.5
608,1921,4.5
365,156609,4.5
599,720,4.5
474,1777,4.5
137,8228,4.5
187,2700,4.5
448,912,4.5
318,120478,4.5
89,147936,4.5
499,1201,4.5
382,1210,4.5
256,115713,4.5
525,159817,4.5
567,2138,4.5
318,62208,4.5
522,1265,4.5
448,91077,4.5
462,1213,4.5
580,2542,4.5
448,2989,4.5
449,2329,4.5
282,46976,4.5
484,49530,4.5
610,8665,4.5
24,5064,4.5
480,6807,4.5
159,140110,4.5
95,2640,4.5
125,1261,4.5
387,2290,4.5
610,5225,4.5
563,134393,4.5
249,110102,4.5
209,2959,4.5
343,50,4.5
328,2398,4.5
156,4979,4.5
480,2028,4.5
182,2194,4.5
21,5445,4.5
346,3075,4.5
249,90430,4.5
438,31685,4.5
318,128900,4.5
221,5060,4.5
477,4993,4.5
483,61132,4.5
600,2011,4.5
70,7361,4.5
137,4427,4.5
210,122906,4.5
378,109487,4.5
523,26903,4.5
405,4848,4.5
132,6942,4.5
477,2502,4.5
582,40815,4.5
365,102686,4.5
352,51540,4.5
141,4011,4.5
210,147372,4.5
138,616,4.5
29,99114,4.5
377,849,4.5
182,5690,4.5
111,167634,4.5
254,30707,4.5
580,4993,4.5
608,5294,4.5
222,3578,4.5
66,1224,4.5
213,89582,4.5
167,5952,4.5
249,356,4.5
103,3535,4.5
354,45720,4.5
288,7361,4.5
318,116897,4.5
116,161,4.5
156,5013,4.5
219,54503,4.5
144,588,4.5
483,61323,4.5
606,26810,4.5
221,1222,4.5
525,318,4.5
156,5788,4.5
608,2474,4.5
483,69757,4.5
573,86332,4.5
20,5989,4.5
557,4306,4.5
462,1292,4.5
582,91529,4.5
51,1391,4.5
34,7451,4.5
246,49932,4.5
466,59784,4.5
328,1213,4.5
525,1527,4.5
517,2398,4.5
249,103980,4.5
137,5952,4.5
573,1089,4.5
144,364,4.5
357,5991,4.5
51,2455,4.5
432,381,4.5
88,16,4.5
111,16,4.5
421,1207,4.5
264,329,4.5
534,1196,4.5
227,134130,4.5
562,2396,4.5
553,3481,4.5
221,2702,4.5
89,34332,4.5
318,5971,4.5
89,106594,4.5
606,6954,4.5
460,66934,4.5
580,56174,4.5
606,1611,4.5
253,29,4.5
594,457,4.5
289,4322,4.5
100,16,4.5
249,1617,4.5
608,3298,4.5
608,4995,4.5
357,1247,4.5
296,5618,4.5
91,235,4.5
474,5685,4.5
332,1204,4.5
110,910,4.5
166,51080,4.5
260,6874,4.5
221,2997,4.5
161,899,4.5
105,32587,4.5
280,4963,4.5
586,65682,4.5
438,40583,4.5
260,7564,4.5
122,2355,4.5
226,3897,4.5
187,235,4.5
64,1345,4.5
249,107406,4.5
534,57504,4.5
562,527,4.5
62,79357,4.5
525,608,4.5
432,1892,4.5
326,116797,4.5
525,1968,4.5
586,457,4.5
62,89864,4.5
91,5693,4.5
62,185031,4.5
52,134368,4.5
169,4054,4.5
445,112552,4.5
480,4022,4.5
211,79702,4.5
62,1196,4.5
212,104879,4.5
432,8919,4.5
600,6350,4.5
68,47970,4.5
241,8973,4.5
18,84392,4.5
125,6874,4.5
105,5152,4.5
254,7361,4.5
514,1610,4.5
474,1354,4.5
475,4232,4.5
474,41566,4.5
491,367,4.5
594,1188,4.5
387,1274,4.5
219,33794,4.5
590,1387,4.5
210,135143,4.5
573,1370,4.5
219,8874,4.5
381,44191,4.5
356,337,4.5
74,1635,4.5
371,48,4.5
122,4873,4.5
504,7149,4.5
182,4407,4.5
489,51255,4.5
475,112852,4.5
66,7046,4.5
307,48516,4.5
562,82041,4.5
600,29,4.5
123,96829,4.5
564,46970,4.5
123,260,4.5
182,6,4.5
594,3616,4.5
249,88163,4.5
438,33794,4.5
495,2273,4.5
610,1291,4.5
182,4878,4.5
64,3253,4.5
326,8958,4.5
464,16,4.5
477,32,4.5
390,2312,4.5
534,1387,4.5
125,105213,4.5
212,171763,4.5
600,27563,4.5
520,1682,4.5
210,4995,4.5
460,6385,4.5
301,50,4.5
305,5956,4.5
100,1246,4.5
601,89745,4.5
282,1080,4.5
432,69122,4.5
178,1265,4.5
477,2019,4.5
88,4995,4.5
553,428,4.5
573,2985,4.5
140,34534,4.5
354,4973,4.5
483,97921,4.5
514,2268,4.5
246,6350,4.5
495,1259,4.5
561,1073,4.5
83,4226,4.5
219,2028,4.5
7,6863,4.5
380,81229,4.5
488,914,4.5
221,1247,4.5
489,5971,4.5
480,1028,4.5
62,81834,4.5
64,6659,4.5
68,30825,4.5
103,1247,4.5
573,68358,4.5
382,72737,4.5
249,103228,4.5
62,2762,4.5
475,122882,4.5
103,920,4.5
137,6993,4.5
241,104841,4.5
573,8957,4.5
608,5293,4.5
68,59315,4.5
111,100390,4.5
344,2701,4.5
596,1688,4.5
280,7669,4.5
362,1266,4.5
594,1721,4.5
7,780,4.5
105,133712,4.5
280,2432,4.5
204,27368,4.5
177,953,4.5
586,111781,4.5
477,44191,4.5
301,527,4.5
7,8207,4.5
600,914,4.5
562,6377,4.5
221,7216,4.5
522,329,4.5
318,5618,4.5
474,539,4.5
296,160848,4.5
608,4963,4.5
73,51255,4.5
448,106438,4.5
387,6666,4.5
525,3911,4.5
125,52973,4.5
21,68954,4.5
562,74324,4.5
187,27660,4.5
249,4954,4.5
125,94677,4.5
122,52319,4.5
288,8636,4.5
28,59018,4.5
534,1721,4.5
377,1251,4.5
514,1307,4.5
354,1093,4.5
187,7153,4.5
594,1676,4.5
522,1704,4.5
526,51255,4.5
343,318,4.5
89,140481,4.5
144,593,4.5
86,260,4.5
474,2937,4.5
475,8360,4.5
64,4226,4.5
187,4720,4.5
18,6807,4.5
253,6773,4.5
601,177765,4.5
52,112175,4.5
105,83803,4.5
590,3451,4.5
86,71264,4.5
124,4226,4.5
477,260,4.5
341,380,4.5
103,2501,4.5
156,1035,4.5
166,5618,4.5
414,122926,4.5
111,161024,4.5
351,80463,4.5
477,48043,4.5
489,105,4.5
594,8268,4.5
282,106782,4.5
381,1704,4.5
567,156605,4.5
89,128852,4.5
48,1690,4.5
440,1748,4.5
483,2394,4.5
330,2858,4.5
210,100611,4.5
182,6217,4.5
80,6934,4.5
434,1193,4.5
111,100507,4.5
475,48394,4.5
330,1288,4.5
357,1084,4.5
339,148626,4.5
219,55020,4.5
167,5650,4.5
489,910,4.5
477,68358,4.5
534,2004,4.5
483,165,4.5
514,3363,4.5
594,3004,4.5
129,2571,4.5
326,81562,4.5
483,72011,4.5
525,2657,4.5
177,98154,4.5
61,50,4.5
184,122922,4.5
390,7669,4.5
474,3566,4.5
573,66097,4.5
122,30810,4.5
330,2997,4.5
525,68237,4.5
95,5952,4.5
95,6873,4.5
420,527,4.5
330,318,4.5
534,3114,4.5
80,100383,4.5
357,1307,4.5
86,6377,4.5
103,81819,4.5
432,8360,4.5
477,6283,4.5
182,3003,4.5
298,296,4.5
274,4878,4.5
434,4979,4.5
489,17,4.5
381,333,4.5
182,1921,4.5
534,97225,4.5
7,1,4.5
239,3408,4.5
474,27838,4.5
477,70286,4.5
581,4226,4.5
213,86142,4.5
339,1198,5.0
453,5218,5.0
543,2421,5.0
156,945,5.0
491,54001,5.0
208,2028,5.0
239,2542,5.0
503,1259,5.0
328,1080,5.0
462,858,5.0
279,4027,5.0
558,5065,5.0
35,150,5.0
73,1732,5.0
77,2571,5.0
392,1198,5.0
182,18,5.0
590,1207,5.0
45,5528,5.0
439,7153,5.0
134,595,5.0
73,115617,5.0
294,1204,5.0
393,68237,5.0
398,4973,5.0
542,2700,5.0
51,2321,5.0
523,58559,5.0
74,41997,5.0
480,348,5.0
380,111362,5.0
198,47,5.0
182,4349,5.0
119,106920,5.0
587,587,5.0
577,912,5.0
4,908,5.0
69,3175,5.0
435,858,5.0
372,47,5.0
373,594,5.0
240,95,5.0
448,2968,5.0
414,3897,5.0
31,1036,5.0
380,1036,5.0
555,4002,5.0
607,1240,5.0
444,97,5.0
564,94677,5.0
103,134881,5.0
122,86377,5.0
544,736,5.0
66,8874,5.0
523,5952,5.0
555,2683,5.0
160,1199,5.0
573,86377,5.0
93,34,5.0
586,59315,5.0
337,27,5.0
553,44199,5.0
601,4226,5.0
99,292,5.0
445,116897,5.0
47,51931,5.0
176,318,5.0
455,318,5.0
464,2762,5.0
43,79,5.0
197,2628,5.0
380,4366,5.0
362,1206,5.0
122,2455,5.0
98,55267,5.0
91,541,5.0
70,3361,5.0
312,3742,5.0
154,4896,5.0
178,2028,5.0
391,2696,5.0
606,1089,5.0
265,2571,5.0
589,376,5.0
74,2300,5.0
415,2959,5.0
603,2925,5.0
555,2144,5.0
522,2858,5.0
3,5919,5.0
62,48780,5.0
333,3567,5.0
378,48780,5.0
165,5952,5.0
220,1200,5.0
171,1104,5.0
286,110,5.0
45,1258,5.0
191,175,5.0
533,61240,5.0
414,78499,5.0
39,593,5.0
543,4886,5.0
52,54995,5.0
59,3462,5.0
30,109487,5.0
337,737,5.0
177,2085,5.0
20,4039,5.0
607,1259,5.0
1,2018,5.0
484,1032,5.0
317,4262,5.0
246,541,5.0
489,6874,5.0
400,318,5.0
586,62999,5.0
479,3244,5.0
206,58,5.0
152,2959,5.0
325,235,5.0
336,318,5.0
63,1270,5.0
6,783,5.0
362,2288,5.0
459,5618,5.0
385,150,5.0
533,54995,5.0
103,4027,5.0
164,780,5.0
339,527,5.0
597,1079,5.0
380,8636,5.0
156,1217,5.0
297,319,5.0
191,296,5.0
610,72142,5.0
98,122916,5.0
385,417,5.0
445,109374,5.0
469,1227,5.0
140,150,5.0
79,1191,5.0
594,6754,5.0
576,1479,5.0
328,1136,5.0
232,3147,5.0
201,1,5.0
233,177593,5.0
290,1228,5.0
479,5404,5.0
451,805,5.0
275,2110,5.0
185,1658,5.0
96,3060,5.0
588,318,5.0
95,1274,5.0
80,91658,5.0
73,4878,5.0
408,122900,5.0
380,7981,5.0
520,1270,5.0
15,260,5.0
295,555,5.0
156,2692,5.0
156,1206,5.0
385,1288,5.0
111,93510,5.0
171,661,5.0
192,10,5.0
373,265,5.0
51,2580,5.0
603,4426,5.0
443,116823,5.0
12,8533,5.0
1,2529,5.0
276,466,5.0
312,3471,5.0
480,1266,5.0
160,1997,5.0
376,1223,5.0
499,4128,5.0
344,380,5.0
115,3508,5.0
58,300,5.0
586,3793,5.0
435,58559,5.0
319,2687,5.0
305,54272,5.0
46,1,5.0
119,148626,5.0
426,500,5.0
42,16,5.0
603,99,5.0
358,42728,5.0
85,1633,5.0
475,69844,5.0
441,3253,5.0
597,1304,5.0
267,1270,5.0
356,7122,5.0
43,165,5.0
11,457,5.0
330,4226,5.0
572,924,5.0
474,6201,5.0
456,1,5.0
115,1222,5.0
280,8969,5.0
135,1883,5.0
275,5339,5.0
610,541,5.0
303,2571,5.0
202,2959,5.0
105,120138,5.0
610,5772,5.0
111,356,5.0
135,1240,5.0
410,2176,5.0
169,4936,5.0
135,318,5.0
38,223,5.0
136,10,5.0
88,1193,5.0
483,2997,5.0
182,1206,5.0
87,5618,5.0
536,45,5.0
527,5250,5.0
177,1197,5.0
372,1183,5.0
290,1304,5.0
356,62434,5.0
201,25,5.0
111,160271,5.0
328,6807,5.0
260,1089,5.0
236,1214,5.0
313,866,5.0
555,419,5.0
296,31364,5.0
73,99114,5.0
360,1620,5.0
113,902,5.0
380,86880,5.0
275,5013,5.0
39,3000,5.0
74,1263,5.0
325,541,5.0
275,5637,5.0
125,1625,5.0
594,160,5.0
380,1196,5.0
381,46578,5.0
39,1387,5.0
313,3697,5.0
122,122886,5.0
380,588,5.0
413,3916,5.0
409,1228,5.0
304,296,5.0
5,527,5.0
4,2390,5.0
411,590,5.0
586,45431,5.0
4,914,5.0
408,47610,5.0
105,96606,5.0
68,2502,5.0
246,6934,5.0
43,364,5.0
14,110,5.0
143,5066,5.0
243,466,5.0
160,541,5.0
253,1225,5.0
345,1203,5.0
464,72998,5.0
313,2571,5.0
527,2161,5.0
130,225,5.0
300,2324,5.0
95,1089,5.0
586,86298,5.0
225,231,5.0
105,147300,5.0
115,3578,5.0
1,608,5.0
42,648,5.0
380,1270,5.0
586,134853,5.0
527,733,5.0
523,5618,5.0
356,3949,5.0
160,858,5.0
45,1097,5.0
262,515,5.0
441,8917,5.0
561,318,5.0
413,296,5.0
43,500,5.0
414,745,5.0
331,50,5.0
452,1206,5.0
414,866,5.0
74,1193,5.0
305,93840,5.0
46,110,5.0
4,2926,5.0
523,8861,5.0
599,1208,5.0
391,1131,5.0
391,1148,5.0
380,555,5.0
273,345,5.0
582,2571,5.0
544,1356,5.0
220,2700,5.0
312,3703,5.0
407,59315,5.0
52,57669,5.0
199,750,5.0
68,1198,5.0
438,380,5.0
610,5954,5.0
45,3972,5.0
169,588,5.0
45,1517,5.0
573,60684,5.0
523,168252,5.0
381,4878,5.0
453,3178,5.0
330,8874,5.0
610,6711,5.0
355,933,5.0
92,2572,5.0
102,47,5.0
507,377,5.0
514,3471,5.0
448,1201,5.0
586,4886,5.0
202,1218,5.0
337,95,5.0
606,2571,5.0
390,6377,5.0
543,3301,5.0
91,2288,5.0
610,2916,5.0
266,353,5.0
135,3253,5.0
160,3751,5.0
276,344,5.0
268,2571,5.0
160,551,5.0
601,166024,5.0
367,356,5.0
555,3361,5.0
59,2076,5.0
64,1221,5.0
469,1394,5.0
215,2686,5.0
199,4406,5.0
232,2329,5.0
200,33679,5.0
63,8874,5.0
305,2985,5.0
21,47997,5.0
599,3949,5.0
319,364,5.0
597,2000,5.0
331,61323,5.0
328,3499,5.0
27,34,5.0
553,778,5.0
313,2167,5.0
520,34405,5.0
586,45499,5.0
486,356,5.0
489,48394,5.0
51,3421,5.0
221,1617,5.0
250,1246,5.0
391,318,5.0
95,1198,5.0
80,44665,5.0
345,2359,5.0
99,150,5.0
211,89745,5.0
288,593,5.0
415,1221,5.0
603,1344,5.0
606,7099,5.0
5,475,5.0
63,2858,5.0
69,4880,5.0
453,1573,5.0
495,2959,5.0
305,7482,5.0
339,5989,5.0
414,4308,5.0
116,1101,5.0
555,260,5.0
105,5690,5.0
532,4210,5.0
183,1387,5.0
239,4011,5.0
577,1231,5.0
105,172587,5.0
235,595,5.0
610,3671,5.0
33,613,5.0
441,2683,5.0
380,107,5.0
17,1206,5.0
437,175,5.0
475,31658,5.0
414,1214,5.0
610,1,5.0
33,39,5.0
275,2918,5.0
307,3897,5.0
603,2677,5.0
312,903,5.0
199,1517,5.0
197,541,5.0
220,4306,5.0
469,1079,5.0
211,60684,5.0
424,50,5.0
491,1485,5.0
103,1084,5.0
305,2329,5.0
502,2300,5.0
99,168,5.0
45,110,5.0
96,3175,5.0
393,1610,5.0
4,4239,5.0
304,589,5.0
483,296,5.0
113,509,5.0
407,2571,5.0
414,2457,5.0
527,3698,5.0
161,4980,5.0
380,7802,5.0
275,2959,5.0
275,1288,5.0
470,292,5.0
220,589,5.0
415,858,5.0
329,1237,5.0
514,1270,5.0
224,39,5.0
68,4306,5.0
391,750,5.0
380,745,5.0
305,3275,5.0
356,543,5.0
555,3673,5.0
122,1213,5.0
601,7153,5.0
418,2959,5.0
587,2436,5.0
268,2351,5.0
1,3441,5.0
376,5445,5.0
572,2352,5.0
10,140110,5.0
118,858,5.0
339,56782,5.0
90,85,5.0
74,46578,5.0
376,2011,5.0
452,3101,5.0
331,6016,5.0
39,2997,5.0
137,912,5.0
522,27611,5.0
182,1243,5.0
475,40815,5.0
462,73344,5.0
268,2858,5.0
169,6944,5.0
51,3108,5.0
579,1680,5.0
552,5747,5.0
79,1218,5.0
46,266,5.0
275,1225,5.0
3,7991,5.0
93,1265,5.0
380,119145,5.0
52,112852,5.0
70,1246,5.0
177,106696,5.0
307,2329,5.0
561,4878,5.0
499,1202,5.0
105,6016,5.0
313,750,5.0
288,924,5.0
305,1196,5.0
142,296,5.0
484,54503,5.0
512,110,5.0
391,2078,5.0
452,47,5.0
503,147,5.0
494,2028,5.0
571,3072,5.0
260,2908,5.0
367,3916,5.0
447,266,5.0
275,2020,5.0
45,4308,5.0
187,31410,5.0
414,1282,5.0
462,1247,5.0
8,527,5.0
414,1276,5.0
572,2336,5.0
63,344,5.0
219,63082,5.0
339,1617,5.0
484,4975,5.0
469,2502,5.0
113,1357,5.0
108,3795,5.0
434,1090,5.0
546,2858,5.0
2,122882,5.0
414,5292,5.0
105,147196,5.0
73,3793,5.0
594,839,5.0
610,30745,5.0
226,5110,5.0
517,586,5.0
58,457,5.0
64,27773,5.0
431,555,5.0
105,163925,5.0
607,110,5.0
305,2858,5.0
391,1220,5.0
59,1222,5.0
610,480,5.0
601,1203,5.0
57,1234,5.0
97,858,5.0
43,60,5.0
586,2353,5.0
462,160644,5.0
608,5903,5.0
437,246,5.0
8,253,5.0
606,527,5.0
393,7153,5.0
2,89774,5.0
468,39,5.0
51,8533,5.0
482,1527,5.0
244,3214,5.0
597,1225,5.0
236,3052,5.0
603,3435,5.0
45,5283,5.0
239,2502,5.0
602,373,5.0
607,377,5.0
143,7444,5.0
298,2959,5.0
456,780,5.0
156,1265,5.0
42,2571,5.0
138,1019,5.0
266,296,5.0
305,968,5.0
217,1580,5.0
357,1394,5.0
304,527,5.0
603,4432,5.0
51,1298,5.0
495,98961,5.0
236,1278,5.0
246,589,5.0
603,3637,5.0
600,31658,5.0
254,2571,5.0
380,1240,5.0
410,2150,5.0
119,4995,5.0
603,1676,5.0
63,1223,5.0
417,115713,5.0
606,63082,5.0
1,1226,5.0
43,484,5.0
276,648,5.0
51,593,5.0
69,593,5.0
51,965,5.0
532,858,5.0
51,247,5.0
256,92259,5.0
380,4306,5.0
380,6350,5.0
266,1663,5.0
331,122882,5.0
263,2355,5.0
597,1171,5.0
573,34162,5.0
313,5010,5.0
6,480,5.0
606,3000,5.0
156,3503,5.0
336,589,5.0
561,1197,5.0
465,1218,5.0
225,2327,5.0
275,3039,5.0
117,593,5.0
168,4406,5.0
57,908,5.0
125,7008,5.0
59,3230,5.0
236,2683,5.0
5,290,5.0
203,5418,5.0
561,1196,5.0
41,6874,5.0
539,6377,5.0
198,2324,5.0
52,364,5.0
313,2140,5.0
367,3484,5.0
96,2858,5.0
469,1228,5.0
187,1261,5.0
308,106642,5.0
412,2770,5.0
29,1250,5.0
162,36,5.0
91,2761,5.0
4,1449,5.0
407,5952,5.0
542,4226,5.0
477,1078,5.0
380,167746,5.0
210,2571,5.0
37,296,5.0
562,1704,5.0
543,165,5.0
422,1387,5.0
57,3022,5.0
443,96430,5.0
476,588,5.0
268,1964,5.0
380,6947,5.0
266,1298,5.0
586,60069,5.0
1,1073,5.0
68,69069,5.0
7,2529,5.0
171,318,5.0
383,3006,5.0
20,2657,5.0
217,1396,5.0
408,2791,5.0
348,2325,5.0
375,1411,5.0
380,2094,5.0
288,1079,5.0
414,79702,5.0
58,497,5.0
481,1721,5.0
84,608,5.0
393,6333,5.0
290,1263,5.0
288,1291,5.0
60,527,5.0
263,318,5.0
438,1287,5.0
603,3473,5.0
339,4022,5.0
42,296,5.0
30,68358,5.0
305,48385,5.0
275,3468,5.0
73,86332,5.0
357,74282,5.0
282,5989,5.0
380,2948,5.0
469,2872,5.0
445,778,5.0
98,60126,5.0
305,33794,5.0
429,252,5.0
555,333,5.0
284,500,5.0
105,172793,5.0
488,1197,5.0
244,1197,5.0
90,82,5.0
410,4321,5.0
448,1209,5.0
19,1291,5.0
11,529,5.0
80,318,5.0
568,1103,5.0
220,1265,5.0
98,1036,5.0
105,96829,5.0
198,3436,5.0
20,5991,5.0
118,1961,5.0
305,6874,5.0
37,593,5.0
260,608,5.0
335,318,5.0
469,1719,5.0
448,3671,5.0
410,3948,5.0
577,1262,5.0
217,260,5.0
610,4437,5.0
254,2028,5.0
182,4017,5.0
412,908,5.0
453,368,5.0
43,595,5.0
119,72998,5.0
477,54503,5.0
304,1686,5.0
382,55247,5.0
39,1968,5.0
168,1950,5.0
69,1193,5.0
268,1196,5.0
156,154,5.0
380,5464,5.0
1,1206,5.0
584,440,5.0
22,541,5.0
359,1246,5.0
325,3088,5.0
80,3535,5.0
74,5995,5.0
533,2571,5.0
84,1131,5.0
391,348,5.0
305,1232,5.0
285,111,5.0
93,1923,5.0
391,2987,5.0
128,912,5.0
122,2502,5.0
162,318,5.0
105,1213,5.0
105,293,5.0
597,3068,5.0
600,1230,5.0
488,1207,5.0
42,3448,5.0
144,2329,5.0
471,2324,5.0
554,2542,5.0
505,593,5.0
357,553,5.0
96,272,5.0
19,551,5.0
39,1921,5.0
57,2324,5.0
352,109487,5.0
452,1917,5.0
61,318,5.0
597,1997,5.0
160,260,5.0
199,2289,5.0
216,3504,5.0
169,6565,5.0
340,110,5.0
66,110,5.0
452,592,5.0
221,3362,5.0
220,1721,5.0
594,4155,5.0
260,4641,5.0
73,52722,5.0
103,18,5.0
447,552,5.0
589,318,5.0
452,5292,5.0
517,616,5.0
318,3819,5.0
10,71579,5.0
1,2993,5.0
42,288,5.0
59,527,5.0
45,4016,5.0
186,3175,5.0
202,3098,5.0
330,58,5.0
58,529,5.0
579,3176,5.0
239,6365,5.0
429,261,5.0
325,1217,5.0
58,527,5.0
434,1196,5.0
610,2571,5.0
303,1196,5.0
19,2959,5.0
610,1210,5.0
391,2318,5.0
62,150548,5.0
244,1288,5.0
393,48394,5.0
339,3741,5.0
373,596,5.0
202,356,5.0
122,3949,5.0
391,1249,5.0
275,2064,5.0
469,1214,5.0
305,431,5.0
453,589,5.0
516,4429,5.0
318,74226,5.0
380,2916,5.0
310,2944,5.0
527,4571,5.0
390,308,5.0
610,38061,5.0
356,1223,5.0
387,750,5.0
166,33166,5.0
64,593,5.0
105,173355,5.0
177,1219,5.0
105,2843,5.0
344,2858,5.0
380,93838,5.0
84,150,5.0
572,1233,5.0
606,2324,5.0
362,56782,5.0
469,1201,5.0
273,235,5.0
201,1196,5.0
522,57504,5.0
414,2005,5.0
95,924,5.0
52,54286,5.0
523,5989,5.0
200,51255,5.0
309,1172,5.0
1,3702,5.0
20,2005,5.0
524,1242,5.0
122,56782,5.0
285,441,5.0
585,74458,5.0
562,63082,5.0
381,66097,5.0
105,136447,5.0
192,150,5.0
606,2959,5.0
221,1104,5.0
601,50872,5.0
39,2858,5.0
573,377,5.0
414,1299,5.0
168,8228,5.0
112,1196,5.0
313,4180,5.0
58,508,5.0
553,6016,5.0
137,1272,5.0
122,48516,5.0
414,1225,5.0
502,1250,5.0
601,5952,5.0
426,72641,5.0
106,5952,5.0
33,994,5.0
221,1299,5.0
469,1199,5.0
547,1394,5.0
543,377,5.0
104,7034,5.0
337,786,5.0
176,10,5.0
305,68954,5.0
452,110,5.0
572,1267,5.0
166,49272,5.0
169,2028,5.0
240,39,5.0
317,2858,5.0
360,1616,5.0
477,48516,5.0
380,26662,5.0
317,50,5.0
606,7579,5.0
455,593,5.0
489,4246,5.0
520,59315,5.0
136,337,5.0
593,260,5.0
368,1200,5.0
380,95149,5.0
171,596,5.0
106,47099,5.0
380,45186,5.0
588,778,5.0
393,73017,5.0
108,4995,5.0
177,1270,5.0
119,170,5.0
475,70286,5.0
391,527,5.0
599,1200,5.0
540,44191,5.0
175,32289,5.0
254,2858,5.0
523,47610,5.0
381,5995,5.0
448,2716,5.0
210,146662,5.0
356,48774,5.0
305,6818,5.0
169,2706,5.0
434,260,5.0
111,46970,5.0
73,110102,5.0
555,3672,5.0
485,161,5.0
59,1183,5.0
140,1584,5.0
357,858,5.0
527,588,5.0
274,3535,5.0
413,6378,5.0
80,593,5.0
4,1086,5.0
301,55820,5.0
25,91529,5.0
480,1136,5.0
564,1307,5.0
352,60069,5.0
527,1196,5.0
554,527,5.0
2,106782,5.0
597,2804,5.0
592,457,5.0
68,377,5.0
356,3809,5.0
191,162,5.0
409,3760,5.0
584,1,5.0
597,2858,5.0
20,1907,5.0
429,270,5.0
382,1265,5.0
571,1407,5.0
105,73017,5.0
203,7153,5.0
603,1041,5.0
199,1267,5.0
607,3421,5.0
218,750,5.0
135,3996,5.0
498,454,5.0
198,356,5.0
429,317,5.0
393,4226,5.0
603,1845,5.0
232,51662,5.0
266,2890,5.0
610,858,5.0
492,762,5.0
469,1258,5.0
186,919,5.0
597,2427,5.0
389,805,5.0
380,2394,5.0
35,50,5.0
336,2858,5.0
184,164179,5.0
4,1077,5.0
1,333,5.0
125,9010,5.0
399,2571,5.0
87,5971,5.0
603,3168,5.0
249,2959,5.0
497,109487,5.0
357,3114,5.0
89,84512,5.0
45,4901,5.0
346,1219,5.0
610,121231,5.0
25,68157,5.0
19,1197,5.0
266,1196,5.0
62,68954,5.0
362,111,5.0
73,6874,5.0
44,1476,5.0
495,96610,5.0
355,2916,5.0
164,1036,5.0
305,357,5.0
156,947,5.0
96,367,5.0
173,357,5.0
462,167064,5.0
562,4135,5.0
42,2278,5.0
191,229,5.0
70,63082,5.0
479,3070,5.0
567,6818,5.0
567,71899,5.0
182,412,5.0
448,1028,5.0
407,7153,5.0
515,260,5.0
64,1193,5.0
103,1245,5.0
107,318,5.0
399,3578,5.0
382,2571,5.0
62,128360,5.0
592,356,5.0
554,538,5.0
469,1230,5.0
113,3296,5.0
371,1748,5.0
469,908,5.0
368,1090,5.0
577,480,5.0
182,1227,5.0
4,2583,5.0
475,2716,5.0
414,176371,5.0
249,61024,5.0
305,260,5.0
477,27611,5.0
501,736,5.0
84,926,5.0
413,2329,5.0
536,349,5.0
552,7153,5.0
453,224,5.0
57,1250,5.0
495,98154,5.0
585,1228,5.0
428,1639,5.0
555,1240,5.0
240,542,5.0
204,1653,5.0
140,1035,5.0
1,661,5.0
610,164179,5.0
74,5890,5.0
200,4878,5.0
51,1373,5.0
377,6303,5.0
290,608,5.0
520,2571,5.0
465,1214,5.0
600,27731,5.0
412,1278,5.0
368,2028,5.0
69,318,5.0
372,1210,5.0
446,508,5.0
341,1,5.0
275,541,5.0
317,356,5.0
177,3969,5.0
177,916,5.0
452,1608,5.0
43,5,5.0
462,152711,5.0
414,1213,5.0
156,913,5.0
173,171,5.0
220,150,5.0
190,7361,5.0
91,858,5.0
434,2762,5.0
290,1252,5.0
474,906,5.0
120,608,5.0
171,176,5.0
89,140133,5.0
75,4993,5.0
186,589,5.0
391,293,5.0
305,83134,5.0
599,6874,5.0
51,6873,5.0
274,51255,5.0
464,5952,5.0
380,2949,5.0
460,47610,5.0
453,4014,5.0
33,2943,5.0
580,33794,5.0
29,3578,5.0
331,3911,5.0
589,36,5.0
327,6888,5.0
105,1244,5.0
290,1254,5.0
138,222,5.0
266,1222,5.0
380,3175,5.0
45,4963,5.0
200,38061,5.0
220,5218,5.0
524,349,5.0
63,1288,5.0
111,72167,5.0
483,48780,5.0
498,110,5.0
380,88744,5.0
103,4873,5.0
109,36,5.0
414,134130,5.0
185,3949,5.0
571,1350,5.0
177,96588,5.0
520,4973,5.0
51,924,5.0
93,1784,5.0
356,1148,5.0
105,47,5.0
171,1051,5.0
603,21,5.0
187,31364,5.0
201,2011,5.0
458,225,5.0
171,1198,5.0
302,17,5.0
495,27773,5.0
46,588,5.0
469,858,5.0
527,1997,5.0
280,94959,5.0
234,2161,5.0
57,1243,5.0
191,148,5.0
108,1959,5.0
10,8869,5.0
572,1077,5.0
430,2076,5.0
377,1214,5.0
380,49651,5.0
375,32,5.0
414,471,5.0
252,78499,5.0
485,349,5.0
286,3147,5.0
587,1,5.0
458,364,5.0
470,356,5.0
610,6,5.0
600,5060,5.0
45,3552,5.0
603,296,5.0
553,2231,5.0
313,2138,5.0
57,915,5.0
600,1244,5.0
503,8042,5.0
343,527,5.0
41,296,5.0
352,5995,5.0
479,3111,5.0
610,70946,5.0
12,3668,5.0
305,47997,5.0
356,44195,5.0
477,3347,5.0
135,4634,5.0
437,1225,5.0
58,595,5.0
543,2379,5.0
9,5481,5.0
597,110,5.0
381,56367,5.0
414,431,5.0
407,2959,5.0
187,1921,5.0
182,2843,5.0
235,377,5.0
266,2702,5.0
410,1292,5.0
74,1230,5.0
136,195,5.0
453,4226,5.0
368,1252,5.0
580,32587,5.0
561,1387,5.0
562,5294,5.0
380,172875,5.0
275,1267,5.0
45,1196,5.0
4,232,5.0
304,1610,5.0
58,474,5.0
156,1683,5.0
42,1378,5.0
453,1682,5.0
53,249,5.0
197,1755,5.0
225,1974,5.0
221,27846,5.0
33,337,5.0
597,1307,5.0
45,1035,5.0
458,480,5.0
305,5952,5.0
204,4878,5.0
305,99114,5.0
160,364,5.0
33,1653,5.0
1,3578,5.0
447,296,5.0
244,10,5.0
610,2924,5.0
505,1241,5.0
383,2762,5.0
520,73017,5.0
414,1198,5.0
274,6874,5.0
288,356,5.0
530,356,5.0
304,3175,5.0
192,349,5.0
527,1968,5.0
590,2398,5.0
290,951,5.0
524,1197,5.0
475,5378,5.0
511,318,5.0
25,7153,5.0
197,293,5.0
97,1210,5.0
119,109846,5.0
39,2599,5.0
45,543,5.0
527,2657,5.0
74,608,5.0
33,1446,5.0
422,1213,5.0
46,454,5.0
59,1233,5.0
52,7153,5.0
392,2683,5.0
362,593,5.0
409,1213,5.0
469,3507,5.0
486,293,5.0
91,4306,5.0
541,457,5.0
382,61132,5.0
105,4878,5.0
119,103335,5.0
174,282,5.0
349,34,5.0
275,1266,5.0
452,2023,5.0
97,4963,5.0
105,306,5.0
414,139385,5.0
512,165,5.0
105,80124,5.0
62,4262,5.0
275,1392,5.0
385,728,5.0
179,780,5.0
103,68157,5.0
572,2819,5.0
190,4973,5.0
587,32,5.0
305,1979,5.0
474,595,5.0
317,7156,5.0
140,6947,5.0
564,88405,5.0
32,1391,5.0
542,8874,5.0
352,134130,5.0
541,508,5.0
452,1222,5.0
275,1406,5.0
456,260,5.0
573,2791,5.0
45,4011,5.0
140,2028,5.0
34,27801,5.0
607,3499,5.0
280,7451,5.0
483,7361,5.0
18,1201,5.0
93,316,5.0
387,1208,5.0
409,1234,5.0
480,5956,5.0
84,1295,5.0
161,2135,5.0
372,527,5.0
603,4789,5.0
374,110,5.0
103,8376,5.0
515,48780,5.0
328,1220,5.0
125,356,5.0
453,3578,5.0
601,858,5.0
198,260,5.0
389,1,5.0
543,70286,5.0
4,3851,5.0
603,608,5.0
453,3114,5.0
216,3435,5.0
447,318,5.0
200,51662,5.0
246,6942,5.0
156,2019,5.0
554,306,5.0
286,6377,5.0
42,260,5.0
391,1748,5.0
610,76091,5.0
255,1663,5.0
380,8644,5.0
610,47404,5.0
515,2028,5.0
97,4161,5.0
200,2396,5.0
528,58559,5.0
202,3508,5.0
426,1197,5.0
380,2987,5.0
365,5989,5.0
124,2858,5.0
572,1610,5.0
52,46976,5.0
182,3160,5.0
532,1233,5.0
268,2349,5.0
327,953,5.0
410,3928,5.0
423,150,5.0
503,296,5.0
380,68237,5.0
259,3910,5.0
473,3897,5.0
288,1097,5.0
597,2194,5.0
141,3552,5.0
221,1394,5.0
480,1704,5.0
348,2858,5.0
600,1199,5.0
280,48516,5.0
226,55820,5.0
495,148626,5.0
495,97921,5.0
340,457,5.0
325,1248,5.0
84,356,5.0
554,1196,5.0
95,5902,5.0
380,90603,5.0
373,111,5.0
234,48,5.0
35,339,5.0
229,34,5.0
567,40491,5.0
4,1967,5.0
608,8810,5.0
246,72737,5.0
286,2329,5.0
608,7439,5.0
517,1282,5.0
527,1387,5.0
226,671,5.0
113,1193,5.0
1,1278,5.0
20,1025,5.0
532,1580,5.0
195,1266,5.0
80,58559,5.0
543,4388,5.0
452,1265,5.0
554,1947,5.0
286,1061,5.0
43,107,5.0
390,1217,5.0
380,6,5.0
603,1747,5.0
246,85736,5.0
339,6947,5.0
59,648,5.0
291,8368,5.0
168,858,5.0
56,356,5.0
246,61026,5.0
122,32,5.0
290,1213,5.0
317,5630,5.0
465,750,5.0
382,527,5.0
4,457,5.0
105,3687,5.0
555,318,5.0
380,6664,5.0
177,593,5.0
130,292,5.0
584,587,5.0
493,876,5.0
553,50851,5.0
472,1221,5.0
476,589,5.0
563,1035,5.0
1,2048,5.0
135,919,5.0
275,866,5.0
6,277,5.0
77,1198,5.0
1,919,5.0
480,6993,5.0
414,1207,5.0
469,1267,5.0
202,246,5.0
89,103602,5.0
56,231,5.0
399,1210,5.0
597,2991,5.0
80,80831,5.0
306,45668,5.0
448,671,5.0
577,1287,5.0
393,66934,5.0
59,1299,5.0
45,53322,5.0
12,2717,5.0
279,115713,5.0
610,122920,5.0
122,48774,5.0
529,32,5.0
376,745,5.0
276,1270,5.0
495,1172,5.0
542,2959,5.0
30,96821,5.0
597,933,5.0
438,1617,5.0
380,40732,5.0
244,1225,5.0
579,17,5.0
380,316,5.0
294,3040,5.0
352,50,5.0
105,95654,5.0
486,266,5.0
339,1258,5.0
249,1201,5.0
119,4993,5.0
39,3328,5.0
27,1198,5.0
557,648,5.0
607,3363,5.0
111,60756,5.0
367,2248,5.0
217,3114,5.0
572,21,5.0
66,1261,5.0
177,3022,5.0
482,1036,5.0
99,153,5.0
452,3441,5.0
353,112,5.0
51,3107,5.0
63,3949,5.0
391,1196,5.0
186,4969,5.0
1,1197,5.0
391,306,5.0
432,45503,5.0
391,1228,5.0
198,357,5.0
275,3260,5.0
234,588,5.0
166,3000,5.0
380,108795,5.0
188,2359,5.0
275,1265,5.0
111,85367,5.0
479,4886,5.0
164,1240,5.0
437,223,5.0
553,4011,5.0
43,57,5.0
356,4226,5.0
357,1104,5.0
239,47,5.0
280,3916,5.0
89,136503,5.0
474,3160,5.0
326,86504,5.0
20,2081,5.0
290,1939,5.0
31,784,5.0
1,2427,5.0
305,122904,5.0
448,7247,5.0
564,1265,5.0
14,509,5.0
275,1625,5.0
268,2511,5.0
414,32,5.0
413,2502,5.0
255,2716,5.0
418,1276,5.0
274,7361,5.0
43,356,5.0
154,89745,5.0
91,3703,5.0
360,1687,5.0
603,2997,5.0
555,1196,5.0
117,110,5.0
105,171011,5.0
584,380,5.0
33,50,5.0
584,350,5.0
119,138210,5.0
23,7587,5.0
66,4993,5.0
448,1275,5.0
412,2858,5.0
423,318,5.0
274,2959,5.0
562,2858,5.0
143,6619,5.0
4,3365,5.0
241,8638,5.0
45,5418,5.0
57,912,5.0
101,2318,5.0
154,110102,5.0
317,16,5.0
290,1945,5.0
339,51540,5.0
227,70286,5.0
468,590,5.0
40,223,5.0
477,31658,5.0
380,96737,5.0
610,76093,5.0
63,1,5.0
414,3836,5.0
