RespondentID,What_would_you_call_the_part_of_the_country_you_live_in_now,How_much_do_you_personally_identify_as_a_Midwesterner,Do_you_consider_Illinois_state_as_part_of_the_Midwest,Do_you_consider_Indiana_state_as_part_of_the_Midwest,Do_you_consider_Iowa_state_as_part_of_the_Midwest,Do_you_consider_Kansas_state_as_part_of_the_Midwest,Do_you_consider_Michigan_state_as_part_of_the_Midwest,Do_you_consider_Minnesota_state_as_part_of_the_Midwest,Do_you_consider_Missouri_state_as_part_of_the_Midwest,Do_you_consider_Nebraska_state_as_part_of_the_Midwest,Do_you_consider_North_Dakota_state_as_part_of_the_Midwest,Do_you_consider_Ohio_state_as_part_of_the_Midwest,Do_you_consider_South_Dakota_state_as_part_of_the_Midwest,Do_you_consider_Wisconsin_state_as_part_of_the_Midwest,Do_you_consider_Arkansas_state_as_part_of_the_Midwest,Do_you_consider_Colorado_state_as_part_of_the_Midwest,Do_you_consider_Kentucky_state_as_part_of_the_Midwest,Do_you_consider_Oklahoma_state_as_part_of_the_Midwest,Do_you_consider_Pennsylvania_state_as_part_of_the_Midwest,Do_you_consider_West_Virginia_state_as_part_of_the_Midwest,Do_you_consider_Montana_state_as_part_of_the_Midwest,Do_you_consider_Wyoming_state_as_part_of_the_Midwest,Gender,Age,Household_Income,Education,In_what_ZIP_code_is_your_home_located,census_region
3121642789.0,Midwest,A lot,Yes,Yes,Yes,No,Yes,No,Yes,No,No,Yes,No,Yes,No,No,No,No,No,No,No,No,Male,> 60,"$150,000+",Associate or bachelor degree,46037,East North Central
3121882816.0,The South,A lot,Yes,Yes,Yes,Yes,Yes,Yes,Yes,Yes,Yes,Yes,Yes,No,No,No,No,Yes,Yes,No,Yes,No,Male,30-44,"$0 - $24,999",Graduate degree,27587,South Atlantic
3122661383.0,East,Not at all,Yes,Yes,Yes,No,Yes,No,No,No,No,Yes,No,Yes,No,No,No,No,No,No,No,No,Female,18-29,"$0 - $24,999",Graduate degree,14850,Middle Atlantic
3121727124.0,deep south,Not at all,Yes,No,Yes,Yes,No,No,Yes,Yes,Yes,No,Yes,Yes,No,No,No,Yes,No,No,No,No,Male,45-60,"$50,000 - $99,999",Graduate degree,70508,West South Central
3122905284.0,Midwest,A lot,No,No,No,No,No,No,No,No,No,No,No,Yes,No,No,No,No,No,No,No,No,Female,45-60,"$50,000 - $99,999",Graduate degree,53589,East North Central
3120694298.0,the northeast,Not at all,No,Yes,Yes,Yes,No,No,Yes,Yes,No,No,No,No,No,Yes,No,Yes,No,No,Yes,Yes,Female,30-44,"$0 - $24,999",Graduate degree,19464,Middle Atlantic
3122111029.0,Northeastern United States (New Jersey),Not at all,Yes,Yes,Yes,Yes,No,Yes,Yes,Yes,Yes,Yes,Yes,Yes,Yes,Yes,Yes,Yes,No,No,No,No,Female,18-29,"$25,000 - $49,999",Some college,8802,Middle Atlantic
3123126027.0,Midwest,A lot,Yes,Yes,Yes,No,Yes,Yes,Yes,No,No,Yes,No,Yes,No,No,No,No,No,No,No,No,Female,18-29,"$150,000+",Associate or bachelor degree,53217,East North Central
3123082937.0,Great Lakes,Not much,Yes,Yes,Yes,No,No,No,No,No,No,Yes,No,Yes,No,No,No,No,No,No,No,No,Male,18-29,"$50,000 - $99,999",Some college,16412,Middle Atlantic
3122103230.0,Midwest,A lot,No,No,No,Yes,No,No,No,No,No,No,No,No,No,No,No,No,No,No,No,No,Male,30-44,"$100,000 - $149,999",Associate or bachelor degree,66207,West North Central
3123616187.0,"SouthEast beautiful, mountainous",Not at all,No,No,No,Yes,No,No,No,Yes,No,No,No,No,No,Yes,No,Yes,No,No,No,Yes,Female,45-60,"$50,000 - $99,999",Associate or bachelor degree,37642,East South Central
3123877868.0,Pacific Northwest,Not at all,Yes,Yes,Yes,Yes,No,No,No,Yes,No,Yes,No,No,No,No,No,No,No,No,No,No,Male,18-29,"$50,000 - $99,999",Associate or bachelor degree,97302,Pacific
3123274327.0,Pacific Southwest,Not much,Yes,No,Yes,Yes,No,Yes,Yes,Yes,Yes,No,Yes,Yes,Yes,Yes,Yes,Yes,No,Yes,Yes,Yes,Male,30-44,"$50,000 - $99,999",Associate or bachelor degree,92108,Pacific
3122003769.0,Midwest,A lot,Yes,Yes,Yes,No,Yes,Yes,No,No,No,Yes,Yes,Yes,No,No,No,No,No,No,No,No,Female,> 60,"$100,000 - $149,999",Some college,53070,East North Central
3122359351.0,pacific west,Not at all,No,Yes,Yes,No,No,Yes,No,Yes,Yes,Yes,Yes,Yes,No,No,No,No,No,No,No,Yes,Female,> 60,"$25,000 - $49,999",Some college,91722,Pacific
3124913137.0,usa,Not at all,No,No,No,No,No,No,No,Yes,No,No,No,No,No,No,No,No,No,No,No,No,Male,18-29,"$150,000+",High school degree,68801,West North Central
3122728236.0,West coast,Not at all,No,No,No,No,No,No,No,No,No,No,Yes,No,No,No,No,No,No,No,No,No,Male,18-29,"$50,000 - $99,999",Less than high school degree,93436,Pacific
3122151257.0,Texas,Not at all,Yes,Yes,No,No,No,No,No,No,No,Yes,No,No,No,No,Yes,No,No,No,No,No,Male,45-60,"$25,000 - $49,999",Some college,79701,West South Central
3123864510.0,Upstate New York,Not at all,Yes,Yes,Yes,No,Yes,Yes,No,Yes,Yes,No,Yes,Yes,No,No,No,No,No,No,No,No,Male,> 60,"$50,000 - $99,999",Graduate degree,14612,Middle Atlantic
3122458097.0,Bluegrass region of Kentucky,A lot,Yes,Yes,Yes,No,Yes,Yes,No,Yes,Yes,No,Yes,Yes,No,No,No,No,No,No,No,No,Male,30-44,"$25,000 - $49,999",Graduate degree,40324,East South Central
3122565409.0,Pacific Northwest,Not at all,Yes,Yes,Yes,No,Yes,Yes,No,No,No,Yes,No,No,No,No,No,No,No,No,No,No,Male,45-60,"$100,000 - $149,999",Some college,98501,Pacific
3122638508.0,"The Northeast or central New Jersey, sometimes South Central NJ, depending upon the 'scope' of the issue",Not at all,No,No,Yes,Yes,No,No,Yes,Yes,Yes,No,Yes,No,No,Yes,No,Yes,No,No,Yes,Yes,Female,> 60,?,?,8520,Middle Atlantic
3123909019.0,Mid-East,Some,Yes,Yes,Yes,Yes,No,Yes,No,Yes,No,No,No,Yes,No,No,No,No,No,No,No,No,Male,45-60,"$50,000 - $99,999",Some college,43230,East North Central
3124961277.0,Pacific Northwest,Not at all,Yes,Yes,Yes,Yes,Yes,Yes,No,Yes,Yes,No,Yes,Yes,No,No,No,No,No,No,No,No,Male,18-29,"$25,000 - $49,999",Associate or bachelor degree,98272,Pacific
3122073432.0,WAY North ;),Some,Yes,No,No,No,No,No,No,No,No,No,No,No,No,No,No,No,No,No,No,No,Female,18-29,"$150,000+",High school degree,53081,East North Central
3122768153.0,metropolitan area or city,A lot,Yes,Yes,No,No,Yes,Yes,Yes,No,No,No,No,Yes,No,No,No,No,No,No,No,No,Male,> 60,"$50,000 - $99,999",Some college,60453,East North Central
3122884823.0,te northwest,Not at all,Yes,Yes,Yes,Yes,Yes,Yes,Yes,Yes,Yes,Yes,Yes,Yes,Yes,No,No,Yes,No,No,No,No,Male,> 60,"$150,000+",Associate or bachelor degree,98027,Pacific
3123663800.0,McCandless Township,Not at all,No,No,No,Yes,Yes,Yes,Yes,Yes,Yes,No,No,No,No,No,No,No,No,No,No,No,Female,> 60,"$25,000 - $49,999",Associate or bachelor degree,15237-4539,Middle Atlantic
3122740585.0,Chicagoland,A lot,Yes,Yes,Yes,No,Yes,Yes,Yes,No,No,No,No,Yes,No,No,No,No,No,No,No,No,Male,45-60,"$150,000+",Graduate degree,60126,East North Central
3121124171.0,Midwest,Some,Yes,Yes,No,No,Yes,No,No,No,No,Yes,No,Yes,No,No,No,No,No,No,No,No,Female,18-29,"$50,000 - $99,999",Associate or bachelor degree,48170,East North Central
3121456044.0,Northeast,Not at all,Yes,No,Yes,Yes,Yes,No,Yes,No,Yes,Yes,Yes,No,Yes,No,No,Yes,No,No,No,No,Female,18-29,"$50,000 - $99,999",Associate or bachelor degree,2343,New England
3123180276.0,South,Not at all,Yes,Yes,No,No,No,No,No,Yes,Yes,Yes,Yes,Yes,No,Yes,No,Yes,No,No,Yes,Yes,Female,18-29,"$0 - $24,999",Associate or bachelor degree,72404,West South Central
3123724988.0,Midwest.,A lot,Yes,Yes,Yes,No,No,Yes,Yes,No,Yes,No,Yes,Yes,No,No,No,No,No,No,No,No,Female,45-60,"$100,000 - $149,999",Associate or bachelor degree,55427,West North Central
3122107483.0,New England,Not at all,Yes,Yes,Yes,Yes,Yes,Yes,No,Yes,No,Yes,No,Yes,No,No,No,No,No,No,No,No,Female,> 60,?,?,o2465,New England
3123175186.0,Midwest,A lot,Yes,Yes,No,Yes,No,Yes,Yes,No,No,Yes,No,No,No,No,Yes,No,No,No,No,No,Female,45-60,"$150,000+",Associate or bachelor degree,45069,East North Central
3123155698.0,South,Not at all,Yes,No,Yes,Yes,No,Yes,Yes,Yes,Yes,Yes,Yes,No,No,No,Yes,Yes,No,No,Yes,No,Female,45-60,"$25,000 - $49,999",Graduate degree,39202,East South Central
3122226618.0,Midwest,Some,Yes,Yes,No,No,Yes,Yes,No,No,No,Yes,No,Yes,No,No,No,No,No,No,No,No,Female,18-29,"$25,000 - $49,999",Graduate degree,48823,East North Central
3125508593.0,The midwest.,Some,Yes,Yes,Yes,No,Yes,Yes,Yes,Yes,No,Yes,No,Yes,No,No,No,No,No,No,No,No,Male,45-60,"$150,000+",Associate or bachelor degree,60540,East North Central
3120789930.0,Southeast,Not at all,Yes,Yes,Yes,Yes,Yes,Yes,Yes,Yes,Yes,Yes,Yes,Yes,No,No,No,Yes,No,Yes,No,Yes,Female,18-29,"$0 - $24,999",Associate or bachelor degree,31088,East South Central
3122450174.0,Very rural red neck backwoods america.,A lot,Yes,Yes,Yes,Yes,Yes,Yes,Yes,Yes,Yes,Yes,Yes,Yes,Yes,Yes,No,Yes,No,No,No,No,Female,> 60,"$0 - $24,999",Some college,66935,West North Central
3122103336.0,Pacific Coast,Not at all,No,No,Yes,Yes,No,No,Yes,Yes,No,No,No,No,No,No,Yes,Yes,No,No,No,No,Female,> 60,"$50,000 - $99,999",Associate or bachelor degree,95472,Pacific
3122712918.0,Northeast,Not at all,Yes,Yes,Yes,Yes,Yes,Yes,No,No,Yes,No,No,Yes,Yes,Yes,No,Yes,No,No,Yes,No,Male,45-60,?,?,12533,Middle Atlantic
3124582171.0,Liberal midwest,Not much,No,No,No,No,No,Yes,No,No,No,No,No,Yes,No,No,No,No,No,No,No,No,Male,18-29,"$0 - $24,999",Some college,55455,West North Central
3122710372.0,"Dallas, TX USA",Not at all,Yes,No,Yes,Yes,No,No,Yes,No,No,No,No,No,No,No,No,No,No,No,No,No,Female,> 60,"$0 - $24,999",Associate or bachelor degree,75238,West South Central
3122696920.0,Southeast,Not at all,Yes,Yes,Yes,Yes,No,No,Yes,Yes,Yes,No,Yes,Yes,No,No,No,No,No,No,No,No,Female,> 60,"$50,000 - $99,999",Graduate degree,23518,South Atlantic
3123004120.0,Colorado,Not much,Yes,Yes,Yes,Yes,No,No,Yes,Yes,Yes,No,Yes,Yes,Yes,No,Yes,Yes,No,No,No,No,Female,18-29,"$50,000 - $99,999",Associate or bachelor degree,81007,Mountain
3122906057.0,Texas,Not at all,Yes,No,No,No,No,No,No,No,No,Yes,No,No,No,No,No,No,No,No,No,No,Male,18-29,"$150,000+",Associate or bachelor degree,77345,West South Central
3123127006.0,Rural Wisconsin,A lot,Yes,Yes,Yes,No,Yes,Yes,Yes,Yes,No,Yes,No,Yes,No,No,Yes,No,No,No,No,No,Female,> 60,"$100,000 - $149,999",Associate or bachelor degree,53937,East North Central
3121974728.0,Widwest,Some,Yes,Yes,No,No,Yes,Yes,No,Yes,No,Yes,No,Yes,No,No,No,No,Yes,Yes,No,No,Male,45-60,"$50,000 - $99,999",Associate or bachelor degree,44035,East North Central
3123080043.0,Scenic,Not at all,Yes,Yes,Yes,Yes,No,No,No,No,No,Yes,No,No,No,No,No,No,No,No,No,No,Female,45-60,"$50,000 - $99,999",Some college,80524,Mountain
3122944307.0,MIDWEST,A lot,Yes,Yes,No,No,No,Yes,No,No,No,No,No,Yes,No,No,No,No,No,No,No,No,Male,> 60,"$50,000 - $99,999",Some college,60193,East North Central
3122908913.0,Southern Indiana,Some,No,No,No,Yes,No,No,Yes,Yes,No,No,No,No,Yes,No,No,Yes,No,No,No,Yes,Female,45-60,"$50,000 - $99,999",High school degree,47150,East North Central
3123138199.0,North eastern United States,Not at all,No,No,No,No,No,No,No,No,No,No,No,No,No,Yes,No,No,No,No,No,No,Male,45-60,"$0 - $24,999",Some college,12401,Middle Atlantic
3122874197.0,"Beautiful, mountainous, friendly, rural, woodsy.",A lot,No,No,No,No,No,No,No,No,Yes,No,Yes,No,No,Yes,No,No,No,No,Yes,Yes,Female,18-29,"$50,000 - $99,999",High school degree,82435,Mountain
3126068469.0,southwestern pennsylvania,Not much,Yes,Yes,Yes,Yes,Yes,Yes,Yes,Yes,No,Yes,No,Yes,No,No,Yes,Yes,No,Yes,No,No,Male,18-29,"$150,000+",Some college,15061,Middle Atlantic
3122659931.0,midwest,Some,Yes,No,Yes,No,Yes,Yes,No,Yes,Yes,No,Yes,Yes,No,No,No,No,No,No,No,No,Female,30-44,"$25,000 - $49,999",High school degree,52405,West North Central
3124212806.0,Midwest,Not much,Yes,Yes,Yes,No,Yes,No,No,No,No,Yes,No,Yes,No,No,No,No,No,No,No,No,Female,30-44,"$50,000 - $99,999",Graduate degree,46268,East North Central
3122169270.0,Southern California,Not at all,Yes,No,Yes,No,Yes,Yes,No,No,No,Yes,No,Yes,No,No,No,No,No,No,No,No,Female,45-60,"$150,000+",Associate or bachelor degree,92131,Pacific
3122638526.0,The Southeast,Not at all,Yes,Yes,Yes,Yes,No,No,Yes,Yes,No,Yes,No,Yes,Yes,No,No,Yes,No,No,No,No,Female,45-60,"$25,000 - $49,999",Graduate degree,28791,South Atlantic
3121736861.0,The North West,Not at all,No,No,No,No,No,No,No,No,No,Yes,No,No,No,No,No,No,No,Yes,Yes,No,Male,45-60,"$25,000 - $49,999",High school degree,98632,Pacific
3126280370.0,midwest,Some,Yes,Yes,Yes,Yes,No,No,Yes,Yes,Yes,No,Yes,No,No,No,No,Yes,No,No,No,No,Male,30-44,"$25,000 - $49,999",Some college,68106,West North Central
3122254212.0,MID WEST,Some,No,No,No,No,No,No,No,No,No,No,No,Yes,No,No,No,No,No,No,No,No,Female,> 60,"$0 - $24,999",Graduate degree,53202,East North Central
3122116872.0,northeast,Not at all,No,No,Yes,Yes,No,No,No,No,No,No,No,Yes,No,No,No,No,No,No,No,No,Female,45-60,"$50,000 - $99,999",Some college,15650,Middle Atlantic
3124180629.0,Midwest,A lot,Yes,Yes,Yes,Yes,No,No,Yes,Yes,Yes,No,Yes,Yes,No,No,No,No,No,No,No,No,Male,18-29,"$50,000 - $99,999",Associate or bachelor degree,60067,East North Central
3123699154.0,rural eastern ky,A lot,Yes,Yes,No,No,No,No,Yes,No,No,Yes,No,No,Yes,No,Yes,Yes,No,Yes,No,No,Male,30-44,"$0 - $24,999",Associate or bachelor degree,41339,East South Central
3121989143.0,Sunny California,Not at all,No,No,No,Yes,No,No,Yes,Yes,No,No,No,No,No,Yes,No,No,No,No,Yes,Yes,Female,45-60,"$150,000+",Some college,91350,Pacific
3122552692.0,West Virginia,Not at all,Yes,Yes,No,Yes,No,No,No,Yes,Yes,No,Yes,Yes,No,Yes,No,Yes,No,No,Yes,Yes,Male,18-29,"$25,000 - $49,999",High school degree,25541,South Atlantic
3124660534.0,The Midwest,A lot,Yes,Yes,Yes,Yes,Yes,No,Yes,No,No,Yes,No,No,No,No,Yes,Yes,No,No,No,No,Female,30-44,"$150,000+",Associate or bachelor degree,63114,West North Central
3122456818.0,Western PA,Not at all,Yes,Yes,Yes,No,Yes,Yes,No,No,Yes,Yes,Yes,Yes,No,No,No,No,No,No,No,No,Male,30-44,"$150,000+",Associate or bachelor degree,15206,Middle Atlantic
3122507734.0,Midwest,A lot,Yes,Yes,Yes,No,Yes,Yes,No,No,No,Yes,No,Yes,Yes,No,Yes,No,Yes,Yes,No,No,Male,45-60,"$150,000+",Graduate degree,44236,East North Central
3122332954.0,"I'm move from Southeastern Kentucky to an area with decent roads,NO Coal Companies and where people can find decent paying jobs",Not at all,No,No,No,No,No,No,No,No,No,No,No,No,No,No,Yes,No,No,No,No,No,Male,45-60,"$0 - $24,999",Some college,41722,East South Central
3122872783.0,Midwest,A lot,Yes,No,Yes,Yes,No,No,Yes,No,No,No,No,No,No,No,No,Yes,No,No,No,No,Female,30-44,"$50,000 - $99,999",Associate or bachelor degree,64117,West North Central
3122661460.0,midwest,A lot,Yes,Yes,Yes,No,Yes,No,Yes,No,No,Yes,No,Yes,No,No,No,No,No,No,No,No,Female,> 60,"$0 - $24,999",Graduate degree,47401,East North Central
3123915347.0,northeast,Not much,No,No,No,No,No,No,No,No,No,No,No,No,No,Yes,No,No,No,No,No,No,Male,45-60,"$150,000+",?,6016,New England
3122925592.0,Midwest,Some,Yes,Yes,Yes,No,Yes,Yes,Yes,No,No,No,No,Yes,No,No,No,No,No,No,No,No,Female,45-60,?,Graduate degree,47803,East North Central
3122726604.0,Midwest,Not much,Yes,Yes,Yes,No,Yes,Yes,Yes,Yes,No,Yes,No,Yes,No,No,No,No,No,No,No,No,Male,30-44,"$150,000+",Graduate degree,44120,East North Central
3122706700.0,We live out in the country. No surrounding homes on 5 aches,A lot,Yes,Yes,Yes,No,No,No,No,No,No,Yes,No,No,No,No,No,No,No,No,No,No,Female,45-60,"$50,000 - $99,999",Associate or bachelor degree,42134,East South Central
3121989874.0,Southeasters United States or the Deep South,Not at all,Yes,No,Yes,Yes,No,No,Yes,Yes,Yes,No,Yes,No,No,No,No,Yes,No,No,No,No,Female,> 60,"$25,000 - $49,999",Associate or bachelor degree,30044,South Atlantic
3120775366.0,Mid-East,Not at all,Yes,Yes,Yes,Yes,No,Yes,Yes,Yes,Yes,Yes,No,No,No,No,No,No,No,No,No,No,Female,18-29,"$0 - $24,999",Associate or bachelor degree,24013,South Atlantic
3122593460.0,Pacific Northwestner,Some,Yes,Yes,Yes,No,Yes,Yes,No,Yes,Yes,Yes,Yes,Yes,No,No,No,No,No,No,No,No,Male,45-60,"$150,000+",Associate or bachelor degree,98033,Pacific
3122910449.0,east coast,Not at all,No,No,No,Yes,No,No,No,Yes,No,No,No,No,No,No,No,Yes,No,No,Yes,No,Female,> 60,"$25,000 - $49,999",Some college,18964,Middle Atlantic
3122009989.0,Beautiful,A lot,Yes,Yes,Yes,Yes,Yes,Yes,Yes,Yes,Yes,Yes,Yes,Yes,No,Yes,No,Yes,No,No,Yes,Yes,Male,30-44,"$0 - $24,999",Associate or bachelor degree,90505,Pacific
3122773343.0,Mid South,Some,Yes,No,Yes,Yes,Yes,Yes,Yes,No,No,Yes,No,Yes,Yes,No,No,Yes,No,No,No,No,Male,18-29,"$25,000 - $49,999",Graduate degree,72903,West South Central
3121419037.0,Midwest,Not much,Yes,Yes,Yes,Yes,No,Yes,No,Yes,Yes,No,Yes,No,No,No,No,No,No,No,No,No,Female,18-29,"$25,000 - $49,999",Some college,56265,West North Central
3123150178.0,Southeast,Not at all,No,No,No,Yes,No,No,Yes,Yes,Yes,No,Yes,No,Yes,Yes,Yes,No,No,No,No,No,Male,18-29,"$100,000 - $149,999",Associate or bachelor degree,32137,South Atlantic
3125198786.0,Rocky Mountains,A lot,Yes,Yes,Yes,No,Yes,Yes,Yes,No,No,Yes,No,Yes,No,No,Yes,No,No,No,No,No,Male,18-29,"$150,000+",Graduate degree,80301,Mountain
3122537168.0,Midwest,Some,Yes,Yes,Yes,Yes,No,Yes,Yes,Yes,Yes,Yes,Yes,Yes,No,No,Yes,Yes,No,No,No,No,Female,45-60,"$100,000 - $149,999",High school degree,45385,East North Central
3121761769.0,Midwest,Not at all,No,No,Yes,No,Yes,Yes,No,No,No,Yes,No,Yes,No,No,No,No,No,No,No,No,Female,> 60,"$100,000 - $149,999",Graduate degree,49307,South Atlantic
3122388921.0,midwest,Not much,Yes,Yes,No,No,Yes,No,No,No,No,Yes,No,No,No,No,Yes,No,No,No,No,No,Female,> 60,"$150,000+",Associate or bachelor degree,45069,East North Central
3123770755.0,the Mountain west,A lot,Yes,Yes,Yes,Yes,Yes,Yes,Yes,Yes,No,Yes,No,Yes,No,No,No,No,No,No,No,No,Male,30-44,"$25,000 - $49,999",Associate or bachelor degree,80903,Mountain
3120775151.0,Flyover country,A lot,Yes,Yes,Yes,Yes,Yes,Yes,Yes,No,Yes,Yes,Yes,Yes,No,No,No,Yes,No,No,No,No,Female,30-44,"$0 - $24,999",Some college,55105,West North Central
3125641158.0,Northeast,Not at all,Yes,Yes,Yes,Yes,Yes,Yes,Yes,Yes,Yes,Yes,Yes,Yes,No,No,No,No,No,No,No,No,Male,18-29,"$50,000 - $99,999",Graduate degree,19006,Middle Atlantic
3124067008.0,The West,Not at all,No,No,No,Yes,No,No,Yes,Yes,Yes,No,Yes,No,No,No,No,Yes,No,No,No,No,Male,18-29,"$0 - $24,999",Some college,84095,Mountain
3122748121.0,Very cold,Not much,No,No,Yes,No,No,Yes,No,No,Yes,No,Yes,Yes,No,Yes,No,No,No,No,No,No,Female,45-60,"$150,000+",High school degree,48327,East North Central
3120656439.0,new england,Not at all,Yes,Yes,Yes,No,Yes,Yes,No,No,No,No,No,Yes,No,No,No,No,No,No,No,No,Male,> 60,"$50,000 - $99,999",Graduate degree,5060,New England
3122904258.0,Midwesterner,A lot,No,No,Yes,No,Yes,Yes,No,No,Yes,No,Yes,Yes,No,No,No,No,No,No,No,No,Female,> 60,"$100,000 - $149,999",Graduate degree,55398,West North Central
3122659216.0,Midwest,Some,Yes,Yes,Yes,Yes,Yes,Yes,Yes,Yes,Yes,Yes,Yes,Yes,No,No,No,Yes,No,No,No,No,Female,30-44,"$50,000 - $99,999",Associate or bachelor degree,52403,West North Central
3124595311.0,"Mid-Atlantic, inland",Not at all,No,No,No,Yes,No,No,No,No,No,No,No,No,No,Yes,No,Yes,No,No,Yes,Yes,Female,> 60,"$50,000 - $99,999",Graduate degree,17325,Middle Atlantic
3122917625.0,midwest,A lot,Yes,Yes,Yes,No,Yes,No,Yes,No,No,Yes,No,No,No,No,No,No,No,No,No,No,Female,> 60,"$100,000 - $149,999",Associate or bachelor degree,44053,East North Central
3120992419.0,South East,Not at all,Yes,Yes,No,Yes,Yes,Yes,Yes,No,No,Yes,No,No,No,No,Yes,No,No,No,No,No,Female,30-44,"$50,000 - $99,999",Some college,32835,South Atlantic
3122986530.0,Northeast,Not at all,No,Yes,Yes,Yes,No,No,Yes,No,No,No,No,No,No,No,No,Yes,No,No,No,No,Male,45-60,"$150,000+",Graduate degree,5059,New England
3123098747.0,"A verdant little bit of suburbia in the best possible way. A safe haven for former hippies and families with dogs, there are as many trees as there are people in this East Coast town.",Not at all,Yes,Yes,Yes,Yes,No,No,No,Yes,No,Yes,No,No,Yes,Yes,Yes,Yes,No,No,Yes,Yes,Female,18-29,"$150,000+",High school degree,20912,Middle Atlantic
3122080743.0,Northern America,Not at all,No,No,No,No,No,No,No,No,No,No,No,No,No,Yes,No,No,No,No,No,No,Female,18-29,"$150,000+",Some college,6269,New England
3121665564.0,Suburban,Not at all,Yes,Yes,No,No,Yes,Yes,No,No,No,No,No,No,No,No,No,No,No,No,No,No,Female,30-44,"$100,000 - $149,999",Graduate degree,92128,Pacific
3122320440.0,The West,Not much,Yes,Yes,Yes,Yes,Yes,No,Yes,Yes,No,Yes,No,No,No,No,No,No,No,No,No,No,Female,30-44,"$50,000 - $99,999",Associate or bachelor degree,80237,Mountain
3122724683.0,middle midwest,A lot,Yes,Yes,Yes,Yes,No,No,Yes,Yes,No,Yes,Yes,No,No,No,No,No,No,No,No,No,Male,45-60,"$0 - $24,999",Associate or bachelor degree,66048,West North Central
3123107209.0,The southwest,Not much,No,No,Yes,Yes,No,Yes,No,Yes,Yes,No,Yes,No,No,No,No,No,No,No,No,No,Female,> 60,"$25,000 - $49,999",Associate or bachelor degree,85208,Mountain
3126196913.0,Minne-snow-ta,A lot,Yes,Yes,Yes,Yes,Yes,Yes,Yes,No,Yes,Yes,Yes,Yes,No,No,No,No,No,No,No,No,Male,18-29,"$50,000 - $99,999",Some college,55105,West North Central
3120804763.0,Northeast,Not at all,Yes,Yes,No,Yes,Yes,Yes,Yes,Yes,Yes,No,Yes,Yes,No,Yes,No,Yes,No,No,Yes,Yes,Female,45-60,"$100,000 - $149,999",Graduate degree,25301,South Atlantic
3122807533.0,Midwest,A lot,Yes,Yes,Yes,No,Yes,No,No,No,No,Yes,No,Yes,No,No,No,No,No,No,No,No,Male,30-44,"$100,000 - $149,999",Associate or bachelor degree,45334,East North Central
3123130344.0,Barren and very boring for someone in their early twenties,Some,No,No,No,No,No,No,No,Yes,No,No,Yes,No,No,Yes,No,No,No,No,Yes,Yes,Female,18-29,"$150,000+",High school degree,82716,Mountain
3123843748.0,The midwest.  The rust belt.,Some,Yes,Yes,No,No,Yes,No,No,No,No,Yes,No,No,No,No,No,No,Yes,No,No,No,Male,45-60,"$100,000 - $149,999",Some college,44133,East North Central
3123837115.0,The Midwest,A lot,Yes,Yes,Yes,Yes,Yes,Yes,Yes,Yes,No,Yes,No,Yes,No,No,No,No,No,No,No,No,Female,18-29,"$50,000 - $99,999",Associate or bachelor degree,60647,East North Central
3123933631.0,"The mid west, rust belt",A lot,Yes,Yes,Yes,Yes,Yes,Yes,No,No,No,No,No,Yes,No,No,No,No,No,No,No,No,Female,45-60,"$50,000 - $99,999",Some college,49508,East North Central
3123836848.0,Northeast Ohio,Not at all,No,No,Yes,Yes,No,Yes,Yes,Yes,Yes,No,Yes,No,Yes,Yes,No,Yes,No,No,Yes,Yes,Female,18-29,"$50,000 - $99,999",Graduate degree,44280,East North Central
3122518662.0,midwest,A lot,Yes,Yes,No,No,Yes,Yes,No,No,No,Yes,No,Yes,No,No,No,No,No,No,No,No,Male,45-60,"$50,000 - $99,999",Some college,49783,East North Central
3122471190.0,Midwest,Some,No,No,Yes,Yes,No,No,Yes,Yes,Yes,No,Yes,No,Yes,No,No,Yes,No,No,No,No,Female,> 60,"$50,000 - $99,999",Some college,73139,West South Central
3124667704.0,The Midwest,A lot,Yes,Yes,Yes,No,Yes,Yes,No,Yes,No,Yes,No,Yes,No,No,No,No,No,No,No,No,Female,> 60,"$25,000 - $49,999",Associate or bachelor degree,53711,East North Central
3122168505.0,Mid-Atlantic,Not at all,Yes,No,Yes,Yes,No,No,Yes,Yes,No,No,No,Yes,No,No,No,No,No,No,No,No,Male,30-44,"$50,000 - $99,999",Associate or bachelor degree,17601,Middle Atlantic
3122082516.0,eastern usa,Not at all,Yes,Yes,Yes,Yes,Yes,Yes,Yes,Yes,Yes,Yes,No,No,Yes,No,Yes,Yes,No,Yes,No,No,Female,45-60,"$100,000 - $149,999",Some college,19460,Middle Atlantic
3121842136.0,Midwest,Some,Yes,Yes,Yes,Yes,No,No,Yes,Yes,No,No,No,No,No,No,No,No,No,No,No,No,Female,45-60,"$100,000 - $149,999",Associate or bachelor degree,61201,East North Central
3123343539.0,Midwest,A lot,Yes,No,No,No,No,No,No,No,No,No,No,No,No,No,No,No,No,No,No,No,Female,45-60,"$100,000 - $149,999",Associate or bachelor degree,60061,East North Central
3122870271.0,Midwest,A lot,Yes,Yes,Yes,Yes,Yes,Yes,No,Yes,No,Yes,No,Yes,No,No,No,No,No,No,No,No,Female,> 60,"$100,000 - $149,999",Graduate degree,53562,East North Central
3123281433.0,Midwest,Not at all,Yes,Yes,Yes,No,Yes,Yes,No,Yes,No,Yes,No,Yes,No,No,No,No,No,No,No,No,Female,30-44,"$0 - $24,999",Graduate degree,48103,East North Central
3122249192.0,mid west,A lot,Yes,Yes,No,No,Yes,Yes,Yes,Yes,Yes,Yes,Yes,Yes,No,No,Yes,Yes,No,No,No,No,Female,> 60,"$150,000+",Some college,45601,East North Central
3120648794.0,midwest,A lot,Yes,Yes,Yes,Yes,Yes,No,Yes,Yes,No,Yes,No,No,No,No,No,Yes,No,No,No,No,Female,> 60,"$50,000 - $99,999",Graduate degree,43302,East North Central
3122393537.0,"Southwest, suburban",Not at all,Yes,No,Yes,No,Yes,Yes,No,Yes,No,Yes,No,Yes,No,No,No,No,No,No,No,No,Male,> 60,"$150,000+",Graduate degree,91740,Pacific
3124787504.0,southeast,Not much,Yes,Yes,Yes,Yes,Yes,Yes,Yes,Yes,No,Yes,No,Yes,Yes,No,No,Yes,No,No,No,No,Female,30-44,"$50,000 - $99,999",Some college,40026,East South Central
3125008247.0,Central,Not much,No,No,No,No,No,No,Yes,No,No,No,No,No,No,Yes,No,No,No,No,No,Yes,Male,45-60,"$100,000 - $149,999",Some college,60018,East North Central
3121975064.0,Mid-Atlantic,Not at all,Yes,Yes,Yes,Yes,No,No,Yes,No,No,No,No,No,Yes,No,No,Yes,No,No,No,No,Male,> 60,"$150,000+",Graduate degree,20910,South Atlantic
3123488983.0,Ohio,Some,Yes,Yes,Yes,Yes,No,No,No,Yes,No,Yes,No,No,No,No,No,No,No,No,No,No,Male,30-44,?,?,45840,East North Central
3121644262.0,Midwest,A lot,Yes,No,Yes,Yes,Yes,Yes,Yes,Yes,Yes,Yes,Yes,Yes,No,No,No,No,No,No,No,No,Female,30-44,"$150,000+",Some college,55378,West North Central
3122975226.0,West Coast,Not at all,Yes,Yes,No,No,No,No,No,Yes,No,Yes,No,No,No,No,No,No,Yes,No,No,Yes,Female,45-60,"$150,000+",Graduate degree,94533,Pacific
3122576492.0,Midwest,A lot,Yes,Yes,Yes,Yes,No,No,Yes,Yes,No,No,No,Yes,No,No,No,No,No,No,No,No,Male,45-60,"$150,000+",Graduate degree,61102,East North Central
3123632306.0,midwest,Some,Yes,Yes,Yes,No,No,No,No,Yes,No,No,No,No,No,No,No,No,No,No,No,No,Female,45-60,"$25,000 - $49,999",High school degree,50501,West North Central
3122697993.0,"The south or southeast.  Also, of  course, Appalachia.",Not at all,Yes,Yes,No,Yes,Yes,Yes,Yes,Yes,No,Yes,Yes,No,Yes,No,No,Yes,No,No,No,No,Male,18-29,"$150,000+",Associate or bachelor degree,42103,East South Central
3122506936.0,united states,Some,No,No,No,No,No,No,No,No,No,No,No,Yes,No,No,No,No,No,No,No,No,Male,45-60,"$50,000 - $99,999",Associate or bachelor degree,53203,East North Central
3122010054.0,The Midwest,Some,Yes,Yes,No,No,Yes,Yes,No,No,No,Yes,No,No,No,No,No,No,No,No,No,No,Female,18-29,"$25,000 - $49,999",Graduate degree,48168,East North Central
3121399379.0,The South,Some,No,Yes,No,Yes,No,No,No,Yes,Yes,No,No,No,No,No,No,Yes,No,No,Yes,Yes,Female,> 60,"$100,000 - $149,999",Some college,39443,East South Central
3123098859.0,midwest,A lot,Yes,Yes,No,No,Yes,No,No,No,No,Yes,No,No,No,No,No,No,No,No,No,No,Male,> 60,"$0 - $24,999",High school degree,46819,East North Central
3124408797.0,midwest,Not at all,Yes,Yes,No,No,Yes,Yes,Yes,No,No,Yes,No,Yes,No,No,Yes,No,No,No,No,No,Female,30-44,"$50,000 - $99,999",Graduate degree,47040,East North Central
3121217257.0,Northeast,Some,Yes,Yes,Yes,Yes,Yes,Yes,Yes,No,No,Yes,No,Yes,No,No,No,No,No,No,No,No,Female,45-60,"$150,000+",Associate or bachelor degree,15234,Middle Atlantic
3122345038.0,Mid West,A lot,No,Yes,Yes,Yes,Yes,No,Yes,Yes,No,Yes,No,Yes,Yes,No,No,No,No,No,No,No,Female,> 60,"$150,000+",Some college,65202,West North Central
3120717354.0,Northwest,Not at all,No,Yes,Yes,Yes,No,No,Yes,No,Yes,Yes,Yes,No,Yes,No,Yes,Yes,No,No,Yes,No,Female,18-29,"$25,000 - $49,999",Graduate degree,97214,Pacific
3121676647.0,midwest,Some,Yes,Yes,No,No,Yes,No,No,No,No,Yes,No,Yes,No,No,No,No,No,No,No,No,Male,> 60,"$150,000+",Associate or bachelor degree,60169,East North Central
3122318078.0,the heart land of America,A lot,Yes,Yes,No,No,Yes,No,No,No,No,Yes,No,Yes,No,No,Yes,No,Yes,Yes,No,No,Female,45-60,"$50,000 - $99,999",High school degree,45434,East North Central
3122806925.0,northeast,Some,Yes,Yes,Yes,Yes,Yes,Yes,Yes,Yes,Yes,Yes,No,Yes,No,Yes,Yes,Yes,No,No,No,No,Male,45-60,"$0 - $24,999",Some college,1609,New England
3125624243.0,Northern Michigan,Not at all,Yes,No,No,No,No,Yes,No,Yes,Yes,No,Yes,Yes,No,Yes,No,No,No,No,Yes,No,Male,> 60,"$0 - $24,999",Associate or bachelor degree,48740,East North Central
3123244986.0,northwest,Not much,Yes,Yes,Yes,Yes,Yes,Yes,Yes,Yes,Yes,Yes,Yes,Yes,No,No,No,No,No,No,No,No,Female,> 60,"$150,000+",Graduate degree,97741,Pacific
3122838369.0,rural,Some,Yes,Yes,Yes,Yes,Yes,Yes,No,Yes,Yes,No,Yes,Yes,No,No,No,No,No,No,No,No,Female,45-60,"$50,000 - $99,999",Graduate degree,49302,East North Central
3122873305.0,Midwest,A lot,Yes,Yes,Yes,Yes,No,No,Yes,Yes,No,Yes,No,No,No,No,No,No,No,No,No,No,Female,18-29,"$25,000 - $49,999",Associate or bachelor degree,43015,East North Central
3122994194.0,Alaska,Not at all,Yes,No,No,Yes,No,Yes,No,No,No,No,No,No,No,Yes,No,No,No,No,Yes,No,Male,18-29,"$100,000 - $149,999",Some college,99517,Pacific
3123309493.0,midwest,A lot,Yes,Yes,Yes,No,Yes,Yes,No,No,No,Yes,No,No,No,No,No,No,No,No,No,No,Female,> 60,"$50,000 - $99,999",Associate or bachelor degree,48044,East North Central
3123377972.0,east coast,Not at all,No,No,No,No,No,No,No,Yes,Yes,No,Yes,No,No,No,No,No,No,No,Yes,Yes,Male,30-44,"$25,000 - $49,999",Associate or bachelor degree,19036,Middle Atlantic
3123078414.0,Midwest,A lot,Yes,Yes,No,Yes,No,No,Yes,No,No,No,No,No,Yes,No,No,No,No,No,No,No,Female,> 60,"$25,000 - $49,999",Associate or bachelor degree,63139,West North Central
3120931551.0,snooty and unfriendly,Some,Yes,No,Yes,No,No,Yes,No,No,Yes,No,Yes,Yes,No,No,No,No,No,No,No,No,Female,18-29,"$25,000 - $49,999",Associate or bachelor degree,55902,West North Central
3122249112.0,The far west.,Not at all,Yes,Yes,Yes,Yes,Yes,Yes,Yes,Yes,Yes,Yes,Yes,Yes,No,No,No,Yes,No,No,No,No,Male,> 60,"$25,000 - $49,999",Graduate degree,95747,Pacific
3120680111.0,east coast,Some,Yes,Yes,Yes,Yes,Yes,Yes,Yes,Yes,Yes,Yes,Yes,Yes,No,No,No,Yes,No,No,No,No,Female,30-44,"$25,000 - $49,999",Graduate degree,23219,South Atlantic
3123679405.0,The Midwest,Some,Yes,Yes,Yes,No,No,No,No,No,No,Yes,No,No,No,No,Yes,No,No,No,No,No,Female,18-29,"$0 - $24,999",Associate or bachelor degree,47303,East North Central
3120719478.0,"Desert Southwest with inability to leave area without having to suspend Bill of Rights of U.S. Constitution by being forced to go through Border Patrol/Customs/Immigration checkpoints through any means of transportation (automobile, rail, aviation, on foot.)",Not much,Yes,Yes,Yes,Yes,Yes,Yes,Yes,Yes,Yes,Yes,Yes,Yes,Yes,Yes,Yes,Yes,No,No,No,Yes,Female,45-60,"$100,000 - $149,999",Graduate degree,79904,West South Central
3120812010.0,Northern Mid West,A lot,Yes,Yes,Yes,Yes,Yes,Yes,Yes,Yes,Yes,Yes,Yes,Yes,Yes,No,Yes,Yes,No,No,No,No,Female,30-44,"$0 - $24,999",Some college,54534,East North Central
3121602005.0,Upper mid west.,Some,Yes,Yes,Yes,No,Yes,Yes,No,No,No,Yes,No,Yes,No,No,No,No,No,No,No,No,Female,45-60,"$100,000 - $149,999",Associate or bachelor degree,48451,East North Central
3122068406.0,Midwest nonsense,Not much,Yes,Yes,Yes,No,Yes,Yes,Yes,No,No,Yes,No,Yes,No,No,No,No,No,No,No,No,Female,18-29,"$150,000+",Some college,60090,East North Central
3124841451.0,Mid-West,Some,Yes,Yes,Yes,No,Yes,Yes,Yes,No,No,Yes,No,Yes,No,No,No,No,No,No,No,No,Male,18-29,"$150,000+",Associate or bachelor degree,60189,East North Central
3123108213.0,Midwest,A lot,Yes,No,Yes,No,Yes,Yes,No,No,No,Yes,No,Yes,No,No,No,No,No,No,No,No,Female,18-29,"$50,000 - $99,999",Some college,56001,East North Central
3122523906.0,upper midwest,A lot,Yes,Yes,Yes,Yes,Yes,Yes,Yes,No,No,Yes,Yes,Yes,No,No,Yes,No,No,No,No,No,Male,> 60,"$150,000+",Graduate degree,49093,East North Central
3124996063.0,North east,Not at all,Yes,Yes,Yes,No,Yes,No,Yes,Yes,Yes,Yes,Yes,Yes,No,No,No,Yes,No,No,No,No,Male,> 60,"$150,000+",Some college,17045,Middle Atlantic
3122178372.0,Northeast,Not at all,Yes,Yes,Yes,Yes,No,No,Yes,No,No,Yes,No,No,No,No,Yes,Yes,No,No,No,No,Male,18-29,"$25,000 - $49,999",Some college,15213,West South Central
3121513167.0,southeast,Some,Yes,Yes,No,No,Yes,Yes,No,No,No,Yes,No,Yes,No,No,No,No,No,No,No,No,Male,30-44,"$25,000 - $49,999",Graduate degree,34239,South Atlantic
3121929310.0,United States,Some,Yes,Yes,Yes,No,Yes,No,No,No,No,Yes,No,Yes,No,No,No,No,No,No,No,No,Female,18-29,"$25,000 - $49,999",Some college,48076,East North Central
3122487811.0,MidWest,A lot,No,No,Yes,Yes,No,No,Yes,Yes,Yes,No,Yes,No,No,Yes,No,Yes,No,No,No,Yes,Female,> 60,"$100,000 - $149,999",Some college,67561,West North Central
3122050015.0,Heaven,Not much,No,No,Yes,Yes,No,No,No,Yes,Yes,No,Yes,No,No,No,No,No,No,No,No,No,Male,> 60,"$25,000 - $49,999",High school degree,98524,Pacific
3123795124.0,midwest,A lot,Yes,Yes,Yes,Yes,No,No,Yes,Yes,No,Yes,No,Yes,No,No,Yes,No,No,Yes,No,No,Female,> 60,"$150,000+",Graduate degree,63038,West North Central
3124917999.0,Norhteast,Not at all,Yes,No,Yes,Yes,No,No,Yes,Yes,No,No,No,No,Yes,No,No,No,No,No,No,No,Male,> 60,"$150,000+",Associate or bachelor degree,17527,Middle Atlantic
3122893384.0,Northern Virginia,Not at all,Yes,Yes,Yes,No,Yes,Yes,Yes,No,No,Yes,No,Yes,No,No,No,No,No,No,No,No,Male,18-29,"$0 - $24,999",Associate or bachelor degree,22207,South Atlantic
3122816174.0,Central Pennsylvania,Not at all,No,No,No,No,No,No,No,Yes,No,No,No,No,Yes,No,No,Yes,No,No,No,No,Female,> 60,"$50,000 - $99,999",Associate or bachelor degree,17013,Middle Atlantic
3120830114.0,Southeast,Not at all,Yes,Yes,Yes,Yes,No,Yes,No,Yes,Yes,Yes,Yes,Yes,No,Yes,No,No,No,No,Yes,Yes,Female,18-29,"$150,000+",Some college,32608,South Atlantic
3123936386.0,Midwest,Not much,No,No,Yes,No,No,Yes,No,No,Yes,No,Yes,Yes,No,No,No,No,No,No,No,No,Female,45-60,"$150,000+",Some college,55426,West North Central
3122992975.0,rural,A lot,Yes,No,Yes,Yes,No,Yes,Yes,Yes,No,Yes,No,Yes,Yes,No,No,Yes,No,No,No,No,Male,> 60,"$100,000 - $149,999",Graduate degree,65233,West North Central
3122638261.0,Upper midwest,A lot,Yes,Yes,Yes,No,Yes,Yes,No,No,No,Yes,No,Yes,No,No,No,No,No,No,No,No,Female,> 60,"$25,000 - $49,999",Associate or bachelor degree,60001,East North Central
3122889826.0,Southeast,Not much,Yes,No,No,No,Yes,No,No,No,No,Yes,No,No,No,No,Yes,No,No,No,No,No,Male,30-44,"$100,000 - $149,999",Associate or bachelor degree,30324,South Atlantic
3122761843.0,upper midwest,Some,Yes,Yes,Yes,Yes,Yes,Yes,No,Yes,Yes,No,Yes,Yes,No,No,No,No,No,No,No,No,Female,18-29,"$25,000 - $49,999",Associate or bachelor degree,54650,East North Central
3121714912.0,Midwest,A lot,Yes,Yes,Yes,Yes,Yes,Yes,Yes,Yes,Yes,Yes,Yes,Yes,No,No,No,No,No,No,No,No,Male,> 60,"$150,000+",Graduate degree,53717,East North Central
3121445320.0,North East Pennsylvania,Not much,Yes,Yes,Yes,Yes,Yes,Yes,No,Yes,Yes,Yes,Yes,Yes,No,No,No,No,No,No,No,No,Female,30-44,"$50,000 - $99,999",Some college,18504,Middle Atlantic
3121908277.0,Central Texas,Not at all,Yes,No,Yes,Yes,No,No,No,Yes,Yes,No,Yes,Yes,No,No,No,Yes,No,No,Yes,Yes,Female,30-44,"$150,000+",Graduate degree,78746,West South Central
3122648591.0,coastal,Not much,Yes,Yes,Yes,Yes,Yes,Yes,Yes,Yes,Yes,Yes,Yes,Yes,No,No,No,No,No,No,No,No,Female,45-60,"$150,000+",High school degree,95608,Pacific
3123270245.0,Northeast,Not much,Yes,Yes,Yes,Yes,No,No,No,No,No,Yes,No,No,No,No,No,No,No,No,No,No,Female,> 60,"$50,000 - $99,999",Some college,18966,Middle Atlantic
3122691658.0,West,Not at all,Yes,No,Yes,Yes,No,No,Yes,Yes,No,Yes,No,No,Yes,No,Yes,Yes,No,No,Yes,Yes,Male,45-60,"$100,000 - $149,999",Some college,95426,Pacific
3124840630.0,Cold,Not much,Yes,Yes,Yes,No,Yes,Yes,No,Yes,Yes,Yes,Yes,Yes,No,No,No,No,No,No,No,No,Female,30-44,"$150,000+",Some college,55432,West North Central
3122047429.0,west,Not at all,Yes,Yes,Yes,Yes,Yes,Yes,Yes,Yes,No,Yes,No,Yes,No,No,No,No,No,No,No,No,Male,> 60,"$100,000 - $149,999",Graduate degree,84106,Mountain
3123019582.0,The South,A lot,Yes,Yes,Yes,Yes,Yes,Yes,No,Yes,Yes,Yes,Yes,Yes,No,Yes,No,Yes,No,No,Yes,Yes,Male,45-60,"$25,000 - $49,999",Some college,36695,East South Central
3123794241.0,the Midwest,A lot,Yes,Yes,Yes,Yes,Yes,Yes,Yes,No,No,Yes,No,Yes,No,No,No,No,No,No,No,No,Female,> 60,"$150,000+",Associate or bachelor degree,47403,East North Central
3123954245.0,Country,Not much,No,No,Yes,No,No,No,Yes,No,No,No,No,No,No,No,No,No,No,No,No,No,Male,45-60,"$150,000+",Associate or bachelor degree,29625,South Atlantic
3124321946.0,"Cold, but love the season, diversity and family-friendly environment.",Some,No,No,Yes,No,No,Yes,No,No,Yes,Yes,Yes,Yes,No,No,No,No,No,No,No,No,Female,30-44,"$50,000 - $99,999",Associate or bachelor degree,55106,West North Central
3123252301.0,Midwest,Some,Yes,No,Yes,No,Yes,Yes,No,Yes,Yes,No,Yes,Yes,No,No,No,No,No,No,No,No,Female,18-29,"$25,000 - $49,999",High school degree,55075,West North Central
3125046310.0,North,Some,Yes,Yes,Yes,Yes,No,Yes,Yes,Yes,Yes,Yes,Yes,Yes,Yes,No,Yes,No,No,No,No,No,Male,18-29,"$25,000 - $49,999",Associate or bachelor degree,58701,West North Central
3121852779.0,west,Some,No,Yes,Yes,Yes,Yes,Yes,No,Yes,Yes,No,Yes,Yes,No,Yes,No,Yes,No,No,No,No,Male,30-44,"$50,000 - $99,999",Some college,97501,Pacific
3122035874.0,Midwest,A lot,Yes,Yes,Yes,No,Yes,No,No,No,No,Yes,No,Yes,No,No,No,No,Yes,No,No,No,Female,> 60,"$50,000 - $99,999",High school degree,44313,East North Central
3122859180.0,Indiana,Not at all,No,Yes,No,No,No,No,No,No,No,No,No,No,No,No,No,No,No,No,No,No,Male,30-44,"$25,000 - $49,999",Some college,47403,East North Central
3122884027.0,Semi progressive. Safe. Artistic. Intelligent.,A lot,No,No,Yes,No,No,Yes,No,No,Yes,No,Yes,Yes,No,No,No,No,No,No,No,No,Male,> 60,"$0 - $24,999",Some college,55407,West North Central
3122238304.0,Southeast,Not at all,No,Yes,Yes,Yes,Yes,Yes,Yes,Yes,Yes,Yes,Yes,Yes,No,Yes,No,Yes,No,No,No,Yes,Male,45-60,"$100,000 - $149,999",Graduate degree,27101,South Atlantic
3122885002.0,Midwest,Not at all,Yes,Yes,Yes,Yes,Yes,Yes,Yes,Yes,No,No,No,Yes,No,No,No,Yes,No,No,No,No,Male,18-29,"$150,000+",Some college,60201,East North Central
3122756474.0,Midwest,A lot,No,No,No,No,No,Yes,No,No,No,No,No,No,No,No,No,No,No,No,No,No,Male,18-29,"$150,000+",Associate or bachelor degree,55387,West North Central
3122913501.0,northeast central north america,Some,Yes,Yes,Yes,No,No,Yes,Yes,No,Yes,Yes,Yes,Yes,No,No,No,No,No,No,No,No,Female,> 60,"$50,000 - $99,999",Associate or bachelor degree,52172,West North Central
3121859550.0,southeast,Not at all,No,Yes,No,Yes,No,No,Yes,Yes,No,No,No,No,Yes,Yes,No,Yes,No,No,No,No,Male,30-44,"$150,000+",Associate or bachelor degree,29649,South Atlantic
3124212087.0,Southwest,Not at all,No,No,No,Yes,No,No,No,No,No,No,No,No,Yes,No,No,Yes,No,No,No,No,Male,18-29,"$25,000 - $49,999",Some college,85242,Mountain
3120741210.0,the South,Not much,No,No,Yes,Yes,No,No,No,Yes,No,No,No,No,Yes,No,No,No,No,No,No,Yes,Female,45-60,"$25,000 - $49,999",Graduate degree,31636,South Atlantic
3122915009.0,Midwest,Some,Yes,No,Yes,Yes,No,Yes,Yes,Yes,Yes,No,Yes,Yes,No,No,No,No,No,No,No,No,Female,> 60,"$150,000+",Graduate degree,55438,West North Central
3124842076.0,God's country(northwest us),Not at all,Yes,Yes,Yes,Yes,No,No,No,Yes,No,Yes,No,No,No,No,No,Yes,No,No,No,No,Male,30-44,"$150,000+",Associate or bachelor degree,59711,Mountain
3122855938.0,northwest,Some,Yes,Yes,Yes,Yes,Yes,Yes,Yes,Yes,Yes,Yes,No,Yes,No,No,No,No,No,No,No,No,Female,> 60,"$150,000+",Graduate degree,99507,Pacific
3120788729.0,New England,Not much,Yes,No,Yes,Yes,Yes,Yes,No,Yes,No,Yes,No,Yes,No,No,No,No,No,No,No,No,Female,30-44,"$50,000 - $99,999",Graduate degree,3104,New England
3124021863.0,MId West,A lot,Yes,No,No,No,No,Yes,No,No,Yes,Yes,No,Yes,No,No,No,No,No,No,No,No,Female,45-60,"$150,000+",Associate or bachelor degree,58554,West North Central
3123019907.0,Midwest,Some,Yes,Yes,Yes,No,Yes,Yes,Yes,No,No,Yes,No,Yes,No,No,No,No,No,No,No,No,Female,45-60,"$150,000+",Graduate degree,43081,East North Central
3121697133.0,central midwest,A lot,Yes,Yes,No,No,Yes,No,No,No,No,Yes,No,No,No,No,No,No,Yes,No,No,No,Male,> 60,"$50,000 - $99,999",Associate or bachelor degree,43147,East North Central
3123075554.0,Midwest,Not much,Yes,Yes,No,No,Yes,Yes,Yes,No,No,Yes,No,Yes,No,No,No,No,No,No,No,No,Female,30-44,"$50,000 - $99,999",Associate or bachelor degree,49685,East North Central
3124594389.0,Upper midwest,A lot,Yes,Yes,Yes,No,No,Yes,No,No,Yes,No,Yes,Yes,No,No,No,No,No,No,No,No,Female,> 60,"$100,000 - $149,999",Graduate degree,55439,West North Central
3123292774.0,SOUTHEAST FLORIDA,Some,Yes,Yes,No,No,Yes,No,No,No,No,Yes,No,No,No,No,No,No,No,No,No,No,Female,> 60,"$150,000+",Some college,33411,South Atlantic
3123893651.0,mid west,Some,Yes,No,Yes,No,Yes,Yes,No,No,No,Yes,No,Yes,No,No,No,No,No,No,No,No,Male,> 60,"$25,000 - $49,999",Associate or bachelor degree,55409,West North Central
3122057047.0,Upper Midwest,Some,Yes,Yes,Yes,No,Yes,Yes,No,No,No,Yes,No,Yes,No,No,No,No,No,No,No,No,Female,18-29,"$150,000+",Associate or bachelor degree,49120,Middle Atlantic
3122392292.0,Colorado,Not at all,No,Yes,Yes,Yes,No,No,No,Yes,No,Yes,No,No,No,No,No,No,No,No,No,No,Male,45-60,"$50,000 - $99,999",Associate or bachelor degree,80210,Mountain
3123003975.0,North east,Not at all,Yes,Yes,Yes,Yes,No,Yes,Yes,No,No,No,No,Yes,Yes,No,Yes,Yes,No,No,No,No,Male,> 60,"$150,000+",Associate or bachelor degree,18963,Middle Atlantic
3122895828.0,Northeast,Not at all,No,No,Yes,No,No,No,No,Yes,No,No,No,No,No,No,Yes,Yes,No,No,No,Yes,Male,30-44,"$50,000 - $99,999",Some college,11566,Middle Atlantic
3124631385.0,The Midwest,A lot,Yes,Yes,Yes,Yes,Yes,Yes,Yes,No,No,Yes,No,Yes,No,No,No,Yes,No,No,No,No,Male,30-44,"$150,000+",Associate or bachelor degree,60062,East North Central
3120718789.0,Midwest,A lot,Yes,No,Yes,No,Yes,No,Yes,No,No,Yes,No,Yes,Yes,No,No,No,No,No,No,No,Female,30-44,"$25,000 - $49,999",Associate or bachelor degree,49615,East North Central
3123202294.0,west coast,Not at all,No,Yes,No,Yes,No,No,Yes,No,Yes,Yes,Yes,No,Yes,No,Yes,Yes,No,No,No,No,Male,18-29,"$150,000+",Some college,95695,Pacific
3124556481.0,Midwest/Great Lakes,A lot,Yes,Yes,Yes,No,Yes,Yes,Yes,No,No,Yes,No,Yes,No,No,No,No,No,No,No,No,Male,30-44,"$25,000 - $49,999",Graduate degree,46107,East North Central
3123229567.0,Midwest,A lot,No,No,Yes,Yes,No,No,No,Yes,No,No,Yes,No,No,Yes,No,Yes,No,No,No,Yes,Female,30-44,"$100,000 - $149,999",Graduate degree,68920,West North Central
3122096645.0,Suthe eastern US,Not at all,Yes,Yes,Yes,No,Yes,Yes,Yes,Yes,Yes,No,Yes,Yes,No,Yes,No,Yes,No,No,Yes,Yes,Female,> 60,"$0 - $24,999",High school degree,33027,South Atlantic
3121532506.0,NE TN,Not at all,Yes,Yes,Yes,Yes,No,Yes,Yes,Yes,Yes,No,No,Yes,Yes,No,No,Yes,No,No,No,No,Female,> 60,"$150,000+",Some college,37659,East South Central
3122088535.0,Northern Plains,Some,No,Yes,Yes,Yes,Yes,Yes,Yes,Yes,Yes,No,Yes,Yes,No,No,No,No,No,No,No,No,Male,45-60,"$100,000 - $149,999",Associate or bachelor degree,55112,West North Central
3123577589.0,Mid Atlantic,Not at all,No,No,Yes,Yes,No,No,No,No,Yes,No,Yes,No,Yes,Yes,No,Yes,No,No,Yes,Yes,Female,45-60,"$100,000 - $149,999",Associate or bachelor degree,28374,South Atlantic
3120762559.0,West Coast,Not at all,No,No,No,No,No,No,No,Yes,Yes,No,Yes,No,No,Yes,No,Yes,No,No,No,Yes,Male,45-60,"$50,000 - $99,999",Some college,93940,Pacific
3120974257.0,CA,Some,Yes,No,No,No,No,Yes,Yes,No,No,No,No,Yes,No,No,No,Yes,No,No,No,No,Female,18-29,"$0 - $24,999",Some college,96161,Pacific
3121803055.0,Midwest,Not much,Yes,Yes,Yes,No,Yes,Yes,No,Yes,Yes,No,Yes,Yes,No,No,No,No,No,No,No,No,Female,45-60,"$100,000 - $149,999",Associate or bachelor degree,53403,East North Central
3123174455.0,pacific northwest,Not at all,Yes,Yes,Yes,Yes,Yes,Yes,No,No,No,Yes,No,Yes,No,No,No,No,No,No,No,No,Female,45-60,"$100,000 - $149,999",Associate or bachelor degree,97056,Pacific
3122280064.0,Northeastern United States,Not at all,Yes,Yes,No,Yes,No,Yes,Yes,No,Yes,No,Yes,Yes,No,Yes,Yes,Yes,No,No,No,No,Female,45-60,"$150,000+",Graduate degree,1880,New England
3122998795.0,Texas,Not at all,Yes,Yes,Yes,Yes,No,Yes,Yes,Yes,Yes,Yes,Yes,Yes,No,No,No,Yes,No,No,No,No,Male,30-44,"$25,000 - $49,999",Some college,76014,West South Central
3122781649.0,midwest,Not at all,Yes,Yes,Yes,Yes,No,Yes,No,Yes,Yes,No,Yes,Yes,No,No,No,No,No,No,Yes,Yes,Male,18-29,"$25,000 - $49,999",Associate or bachelor degree,60657,East North Central
3121976207.0,Texas,Not at all,Yes,No,Yes,Yes,Yes,No,No,No,No,No,No,No,No,No,No,No,No,No,No,No,Female,45-60,"$50,000 - $99,999",Graduate degree,78748,West South Central
3123103609.0,North east,Not at all,No,No,Yes,Yes,No,No,No,Yes,No,No,No,No,No,No,No,Yes,No,No,No,No,Female,45-60,"$100,000 - $149,999",Associate or bachelor degree,16601,Middle Atlantic
3122715783.0,The South,Not much,Yes,Yes,Yes,Yes,No,No,No,No,No,Yes,No,Yes,No,No,No,No,No,No,No,No,Male,45-60,?,Graduate degree,352542,East South Central
3123462861.0,"cold, expensive and limiting.",Some,Yes,Yes,Yes,No,Yes,Yes,Yes,No,No,Yes,No,Yes,No,No,No,No,No,No,No,No,Female,18-29,"$0 - $24,999",Some college,7017,Middle Atlantic
3124685300.0,Midwest,A lot,No,No,No,No,No,No,No,No,No,Yes,No,No,No,No,No,No,No,No,No,No,Male,45-60,"$100,000 - $149,999",Graduate degree,45414,East North Central
3125617719.0,great,Not much,Yes,Yes,Yes,Yes,Yes,Yes,Yes,Yes,Yes,Yes,Yes,Yes,Yes,Yes,Yes,Yes,No,Yes,Yes,Yes,Male,18-29,"$150,000+",Associate or bachelor degree,7726,Middle Atlantic
3122834804.0,Plains state,A lot,No,No,No,Yes,No,No,No,Yes,Yes,No,Yes,No,No,No,No,Yes,No,No,No,No,Female,45-60,"$50,000 - $99,999",Graduate degree,73072,West South Central
3123290330.0,Central illinois,Not much,No,No,No,Yes,No,No,No,No,No,No,No,No,No,Yes,No,Yes,No,No,Yes,Yes,Female,45-60,"$25,000 - $49,999",Some college,62951,East North Central
3124117260.0,The mid-west,Some,Yes,No,No,No,No,No,No,No,No,No,No,No,No,No,No,No,No,No,No,No,Female,30-44,"$100,000 - $149,999",Graduate degree,60090,East North Central
3125030614.0,Mid Atlantic,Not at all,Yes,No,Yes,Yes,No,Yes,Yes,Yes,No,No,No,No,No,No,No,Yes,No,No,No,No,Male,45-60,"$100,000 - $149,999",Graduate degree,19352,Middle Atlantic
3122539849.0,Midwest,Some,Yes,Yes,Yes,Yes,Yes,Yes,Yes,Yes,Yes,Yes,Yes,Yes,No,No,No,No,No,No,No,No,Female,18-29,"$100,000 - $149,999",Associate or bachelor degree,43235,East North Central
3122084692.0,Midwest,A lot,Yes,Yes,Yes,Yes,Yes,Yes,Yes,No,Yes,Yes,Yes,Yes,No,No,No,No,No,No,No,No,Female,18-29,"$25,000 - $49,999",Graduate degree,60647,East North Central
3122266568.0,Weather Fabulous,Not at all,Yes,Yes,Yes,No,Yes,Yes,No,No,No,Yes,No,Yes,No,No,No,No,No,No,No,No,Female,45-60,"$150,000+",Graduate degree,90056,Pacific
3122154161.0,North East,Not at all,No,No,Yes,Yes,No,No,Yes,Yes,No,No,No,Yes,No,No,No,Yes,No,No,No,Yes,Male,30-44,?,Associate or bachelor degree,10010,Middle Atlantic
3123050524.0,nORTHERN mINNESOTA,Some,No,No,No,No,No,No,No,No,Yes,No,Yes,Yes,No,No,No,No,No,No,No,No,Female,> 60,"$25,000 - $49,999",Some college,55427,West North Central
3122395874.0,Ice tundra  actually Midwest,A lot,Yes,Yes,Yes,No,Yes,No,No,No,No,Yes,No,No,No,No,No,No,No,No,No,No,Male,45-60,"$50,000 - $99,999",Some college,48182,East North Central
3121965373.0,N.E.,Not at all,Yes,Yes,Yes,Yes,Yes,Yes,Yes,Yes,Yes,Yes,Yes,Yes,No,No,No,No,No,No,No,No,Male,45-60,?,?,5663,New England
3120862360.0,West coast,Not at all,Yes,Yes,Yes,No,No,No,Yes,No,No,Yes,No,No,No,No,No,No,No,No,No,No,Female,> 60,"$150,000+",Graduate degree,93401,Pacific
3122081591.0,the suburbs of philadelphia,Not much,No,No,No,Yes,No,No,No,Yes,No,No,Yes,No,No,No,No,No,No,No,Yes,Yes,Female,18-29,"$150,000+",Some college,19063,Middle Atlantic
3124995140.0,"Upper Penninsula, Yoopers",Not much,Yes,No,Yes,No,No,No,No,No,No,No,No,No,No,No,No,Yes,No,No,No,No,Male,18-29,"$0 - $24,999",Graduate degree,49931,East North Central
3120683903.0,the armpit of america,Not much,Yes,No,Yes,Yes,No,No,Yes,Yes,No,Yes,No,No,Yes,Yes,No,Yes,No,No,No,No,Female,18-29,"$0 - $24,999",High school degree,64111,West North Central
3124295383.0,West Coast.  Left Wing radicals that have no clue of life and trying to mess up everything,Not much,No,No,No,Yes,No,No,No,Yes,Yes,No,No,No,No,Yes,No,No,No,No,Yes,No,Male,45-60,"$50,000 - $99,999",Some college,94806,Pacific
3121504178.0,"The mid-west. Specifically, Wisconsin.",A lot,Yes,Yes,Yes,No,Yes,Yes,Yes,No,Yes,Yes,Yes,Yes,No,No,No,No,No,No,No,No,Female,18-29,"$150,000+",Associate or bachelor degree,54701,East North Central
3123026158.0,A rural counytyside,Not at all,No,No,Yes,Yes,Yes,No,No,No,No,No,No,Yes,Yes,Yes,No,Yes,No,No,No,Yes,Female,> 60,"$150,000+",High school degree,42027,East South Central
3122829970.0,Midwest,Some,Yes,Yes,No,No,Yes,No,No,No,No,Yes,No,No,No,No,Yes,No,Yes,Yes,No,No,Male,45-60,?,Graduate degree,45365,East North Central
3122906507.0,Mid-Atlantic Coast,Not at all,Yes,Yes,Yes,No,No,No,No,Yes,No,No,Yes,Yes,Yes,No,No,Yes,No,No,Yes,Yes,Female,45-60,"$150,000+",Associate or bachelor degree,23236,South Atlantic
3125184212.0,Midwest,A lot,Yes,Yes,Yes,No,Yes,No,Yes,No,No,Yes,No,Yes,No,No,No,No,No,No,No,No,Male,45-60,"$0 - $24,999",Associate or bachelor degree,60618,East North Central
3122165010.0,Pacific Northwest,Not at all,Yes,Yes,Yes,No,Yes,Yes,No,Yes,Yes,Yes,Yes,No,No,No,No,No,No,No,No,No,Female,30-44,"$25,000 - $49,999",Some college,98663,Pacific
3122115928.0,The Bay Area,Not at all,Yes,Yes,Yes,Yes,Yes,Yes,Yes,Yes,Yes,Yes,Yes,Yes,No,No,No,Yes,No,No,Yes,Yes,Female,18-29,"$0 - $24,999",Associate or bachelor degree,94708,Pacific
3122389341.0,south,Not much,No,No,No,Yes,No,No,Yes,Yes,No,Yes,No,No,No,No,No,No,No,No,No,No,Female,45-60,"$100,000 - $149,999",Associate or bachelor degree,75062,West South Central
3123316006.0,Plains,Not much,Yes,Yes,Yes,No,No,Yes,Yes,No,No,No,No,Yes,No,No,No,No,No,No,No,No,Male,45-60,"$150,000+",Graduate degree,68135,West North Central
3123975943.0,Midwest,A lot,Yes,Yes,Yes,No,Yes,Yes,Yes,No,No,Yes,No,Yes,No,No,No,No,No,No,No,No,Female,> 60,"$150,000+",Graduate degree,63132,West North Central
3122916724.0,midwest,Not much,Yes,No,No,No,No,No,No,No,No,No,No,No,No,No,No,No,No,No,No,No,Female,> 60,"$150,000+",Graduate degree,61615,East North Central
3122144764.0,Great American Mid-West,Some,Yes,Yes,Yes,No,Yes,Yes,Yes,No,No,Yes,No,No,No,No,Yes,No,No,Yes,Yes,No,Male,> 60,"$25,000 - $49,999",Associate or bachelor degree,43229,East North Central
3124627841.0,mountain west,Not much,Yes,Yes,Yes,Yes,No,No,No,Yes,No,No,Yes,Yes,No,No,No,No,No,No,No,No,Male,45-60,"$150,000+",High school degree,82082,Mountain
3122499062.0,East Texas,Not at all,No,No,No,Yes,No,No,No,No,No,No,No,No,No,Yes,No,Yes,No,No,Yes,Yes,Female,45-60,"$100,000 - $149,999",Some college,75925,West South Central
3123350246.0,Mid-atlantic,Not at all,Yes,Yes,Yes,No,Yes,Yes,Yes,Yes,Yes,Yes,Yes,Yes,No,No,No,No,No,No,Yes,Yes,Male,18-29,"$0 - $24,999",Less than high school degree,20018,South Atlantic
3122568455.0,Midwesterner,A lot,Yes,Yes,Yes,Yes,Yes,Yes,No,Yes,Yes,Yes,Yes,Yes,No,No,No,No,No,No,Yes,No,Female,> 60,"$150,000+",Graduate degree,54481,East North Central
3121719170.0,The Mid-West,Not much,No,Yes,No,No,Yes,Yes,No,No,No,Yes,No,Yes,No,No,No,No,No,No,No,No,Male,> 60,"$150,000+",Some college,48307,East North Central
3121986200.0,Northern Virginia,Not at all,Yes,Yes,Yes,Yes,Yes,Yes,Yes,Yes,Yes,No,Yes,Yes,No,No,No,No,No,No,No,No,Male,30-44,"$150,000+",Associate or bachelor degree,22044,South Atlantic
3126472341.0,northeast,Not at all,No,Yes,Yes,No,No,No,No,Yes,Yes,No,Yes,No,No,No,Yes,Yes,No,Yes,No,No,Male,18-29,"$150,000+",High school degree,18015,Middle Atlantic
3123922974.0,The Northeast. Or the mid atlantic states.,Not at all,Yes,Yes,Yes,No,No,No,Yes,Yes,No,No,No,No,No,No,No,No,No,No,No,No,Male,> 60,"$50,000 - $99,999",Some college,17931,Middle Atlantic
3123780742.0,rural,Some,Yes,Yes,Yes,No,Yes,No,Yes,No,No,Yes,No,Yes,No,No,No,No,No,No,No,No,Female,45-60,"$150,000+",Graduate degree,60901,East North Central
3122638746.0,Mideast,Some,Yes,Yes,No,Yes,No,No,Yes,No,No,No,No,No,No,No,No,No,No,No,No,No,Male,18-29,"$25,000 - $49,999",High school degree,45321,East North Central
3122480057.0,Upper midwest,A lot,Yes,Yes,Yes,Yes,Yes,Yes,Yes,Yes,Yes,Yes,Yes,Yes,Yes,No,No,Yes,No,No,No,No,Male,30-44,"$0 - $24,999",Associate or bachelor degree,55923,West North Central
3122687668.0,Midwest,A lot,Yes,Yes,Yes,No,Yes,Yes,Yes,No,No,Yes,No,Yes,No,No,No,No,No,No,No,No,Male,30-44,"$50,000 - $99,999",Some college,60193,East North Central
3122606206.0,"a beautiful country where you have all seasons, hills, flowers, green grass, tall trees, rivers and streams.",A lot,Yes,Yes,No,No,Yes,No,Yes,No,No,No,No,No,No,No,No,Yes,No,No,No,No,Female,45-60,"$25,000 - $49,999",Some college,47250,East North Central
3120861399.0,Ca,Not at all,Yes,Yes,No,Yes,No,Yes,Yes,Yes,No,No,No,No,Yes,Yes,Yes,Yes,No,No,No,Yes,Female,45-60,"$150,000+",Graduate degree,98656,Pacific
3123764512.0,The midwest,Some,Yes,No,Yes,Yes,No,Yes,Yes,Yes,Yes,No,Yes,Yes,No,No,No,No,No,No,No,No,Female,45-60,"$25,000 - $49,999",Graduate degree,56301,West North Central
3123713547.0,Southwestern,Not at all,Yes,Yes,Yes,Yes,Yes,No,Yes,Yes,No,No,No,Yes,Yes,Yes,No,No,No,No,No,Yes,Female,45-60,"$50,000 - $99,999",Some college,77090,West South Central
3122342584.0,upper midwest,A lot,Yes,Yes,No,No,Yes,No,No,No,No,Yes,No,No,No,No,No,No,No,No,No,No,Female,> 60,"$0 - $24,999",Some college,48875,East North Central
3121840073.0,North Midwestern-scenic beauty,Some,Yes,No,Yes,Yes,No,Yes,Yes,Yes,Yes,No,Yes,No,No,No,No,No,No,No,No,No,Male,> 60,"$0 - $24,999",Some college,55904,West North Central
3124207468.0,north central,Not at all,No,No,Yes,Yes,No,No,Yes,Yes,No,Yes,No,No,No,No,No,Yes,No,No,No,No,Male,30-44,"$50,000 - $99,999",Associate or bachelor degree,58504,West North Central
3122410218.0,West Coast,Not at all,Yes,Yes,Yes,Yes,Yes,Yes,Yes,Yes,Yes,Yes,Yes,Yes,No,No,No,No,No,No,No,No,Female,45-60,"$100,000 - $149,999",Associate or bachelor degree,94526,Pacific
3123738600.0,"Detroit, Michigan, struggling but filled with residents that are survivors.   Cold",Not at all,No,No,Yes,No,No,No,No,Yes,Yes,No,Yes,Yes,No,Yes,No,No,No,No,Yes,Yes,Female,45-60,"$50,000 - $99,999",Associate or bachelor degree,48221,East North Central
3121512979.0,Mid-Atlantice,Not at all,Yes,Yes,Yes,Yes,Yes,Yes,Yes,Yes,Yes,No,Yes,Yes,No,No,No,No,No,No,No,No,Male,30-44,"$150,000+",Graduate degree,20003,South Atlantic
3122105864.0,rural-desert,A lot,Yes,Yes,Yes,Yes,Yes,Yes,Yes,No,Yes,Yes,No,Yes,No,No,No,Yes,No,No,No,No,Female,> 60,"$0 - $24,999",Some college,86442,Mountain
3124068206.0,Midwest,A lot,No,No,Yes,Yes,Yes,Yes,No,Yes,Yes,Yes,Yes,Yes,No,No,No,Yes,No,No,No,No,Male,45-60,"$100,000 - $149,999",High school degree,68507,West North Central
3124848259.0,Midwest,A lot,Yes,Yes,Yes,Yes,Yes,Yes,Yes,Yes,No,Yes,No,Yes,Yes,No,Yes,Yes,No,No,Yes,No,Male,18-29,"$150,000+",Associate or bachelor degree,48073,East North Central
3121491282.0,Northeast,Not at all,No,No,No,No,No,No,No,No,Yes,No,Yes,No,No,Yes,No,No,No,No,Yes,Yes,Female,30-44,"$100,000 - $149,999",Some college,17078,Middle Atlantic
3122435649.0,midwesr,A lot,No,No,Yes,No,No,Yes,No,No,Yes,No,Yes,Yes,No,No,No,No,No,No,No,No,Female,> 60,"$25,000 - $49,999",Some college,56215,West North Central
3123741241.0,mid atlantic,Not much,Yes,No,Yes,Yes,No,No,Yes,No,Yes,No,Yes,No,No,Yes,No,Yes,No,No,No,No,Male,45-60,"$50,000 - $99,999",Associate or bachelor degree,17747,Middle Atlantic
3122309457.0,Southwest,Some,Yes,Yes,Yes,No,Yes,Yes,No,Yes,Yes,No,Yes,Yes,No,No,No,No,No,No,Yes,No,Female,> 60,"$100,000 - $149,999",Associate or bachelor degree,80031,Mountain
3122467002.0,Mountain west,Not much,Yes,Yes,Yes,Yes,No,No,Yes,Yes,No,Yes,No,No,No,No,No,Yes,No,No,No,No,Female,> 60,"$150,000+",Associate or bachelor degree,80906,Mountain
3121593995.0,Mid Atlantic,Not at all,Yes,Yes,No,Yes,No,Yes,Yes,Yes,No,No,No,No,No,No,No,Yes,No,No,No,No,Male,30-44,"$50,000 - $99,999",Some college,21651,South Atlantic
3122088577.0,Midwest,A lot,Yes,Yes,Yes,Yes,Yes,Yes,Yes,No,No,Yes,No,Yes,No,No,No,No,No,No,No,No,Male,> 60,"$100,000 - $149,999",Associate or bachelor degree,60030,East North Central
3120777285.0,southwest,Not at all,Yes,No,Yes,Yes,No,Yes,No,Yes,Yes,Yes,No,Yes,Yes,Yes,No,Yes,No,No,Yes,Yes,Female,18-29,"$150,000+",Associate or bachelor degree,79912,West South Central
3122450525.0,"Pacific Northwest, Cascadia",Not at all,Yes,Yes,Yes,No,Yes,Yes,Yes,Yes,No,Yes,No,Yes,No,No,Yes,Yes,No,No,No,No,Female,18-29,"$25,000 - $49,999",Associate or bachelor degree,98225,Pacific
3122578994.0,Midwest,Some,No,No,No,No,No,No,No,No,No,No,Yes,No,No,No,No,No,No,No,No,No,Male,18-29,"$150,000+",Some college,57103,West North Central
3124893343.0,South,Some,Yes,No,Yes,Yes,Yes,Yes,Yes,No,Yes,Yes,Yes,Yes,Yes,No,No,Yes,No,No,Yes,Yes,Male,18-29,"$25,000 - $49,999",Some college,29615,South Atlantic
3124714586.0,Rocky Mountains,Some,Yes,No,Yes,Yes,Yes,No,Yes,No,No,No,No,No,No,No,No,No,No,No,No,No,Male,45-60,"$50,000 - $99,999",Some college,80424,Mountain
3123210347.0,Great,Not at all,No,No,No,Yes,No,No,Yes,No,No,No,No,No,Yes,Yes,No,Yes,No,No,Yes,No,Male,30-44,"$25,000 - $49,999",Some college,67401,West North Central
3121820409.0,Northeast,Not much,Yes,Yes,No,Yes,Yes,No,Yes,No,No,No,No,Yes,Yes,No,No,Yes,No,No,No,No,Male,45-60,"$50,000 - $99,999",High school degree,18038,Middle Atlantic
3122117623.0,depressed,Not at all,Yes,No,No,No,Yes,No,No,No,No,Yes,No,No,No,No,Yes,No,No,No,No,No,Male,> 60,"$100,000 - $149,999",Graduate degree,39180,Pacific
3122735460.0,The Midwest,Some,Yes,Yes,Yes,No,Yes,No,No,No,No,No,No,Yes,No,No,No,No,No,No,No,No,Male,30-44,"$50,000 - $99,999",Some college,60654,East North Central
3122544145.0,mountain top - summit,Some,No,No,No,Yes,No,No,Yes,No,No,No,No,No,Yes,No,No,Yes,No,No,No,No,Female,> 60,"$25,000 - $49,999",Some college,72036,West South Central
3120709685.0,Northern New England,Not at all,Yes,Yes,Yes,No,Yes,Yes,No,No,No,Yes,No,No,No,No,No,No,No,No,Yes,No,Female,> 60,"$150,000+",Graduate degree,4103,New England
3121692952.0,South east,Not at all,Yes,Yes,Yes,Yes,Yes,Yes,Yes,No,Yes,Yes,Yes,No,Yes,No,No,Yes,Yes,No,No,No,Female,30-44,"$50,000 - $99,999",Graduate degree,27513,South Atlantic
3121722642.0,Central northern (Montana),Some,Yes,Yes,Yes,Yes,No,No,No,Yes,No,No,No,No,No,No,No,No,No,No,No,No,Female,30-44,"$25,000 - $49,999",Graduate degree,59105,Mountain
3123028121.0,Midwest,A lot,Yes,Yes,No,Yes,No,No,Yes,Yes,No,No,No,No,No,No,No,Yes,No,No,No,No,Male,45-60,"$50,000 - $99,999",High school degree,62088,East North Central
3125977965.0,"the country, south, but not rural",Not at all,Yes,No,Yes,Yes,No,No,No,Yes,No,No,No,No,No,Yes,No,Yes,No,No,No,No,Male,30-44,"$50,000 - $99,999",High school degree,72032,West South Central
3122088510.0,midwest,Some,Yes,Yes,Yes,No,No,Yes,Yes,Yes,No,No,Yes,Yes,No,No,No,No,No,No,No,No,Male,30-44,"$50,000 - $99,999",Some college,47711,East North Central
3122192280.0,Midwest,A lot,Yes,Yes,Yes,Yes,Yes,Yes,Yes,Yes,No,Yes,No,Yes,No,No,No,No,No,No,No,No,Male,> 60,"$150,000+",Associate or bachelor degree,63126,West North Central
3123159485.0,The west,Not much,No,No,No,No,No,No,No,No,No,No,No,No,No,Yes,No,No,No,No,No,No,Female,18-29,"$25,000 - $49,999",Associate or bachelor degree,80003,Mountain
3121662347.0,I will call the The solitary streets,Some,Yes,No,No,Yes,No,No,Yes,No,No,No,No,No,Yes,No,Yes,Yes,No,No,Yes,Yes,Female,45-60,"$50,000 - $99,999",Some college,65704,West North Central
3124685689.0,Mormonville,Not at all,Yes,Yes,Yes,Yes,No,No,Yes,Yes,No,Yes,Yes,No,No,No,Yes,Yes,No,No,No,No,Male,18-29,"$0 - $24,999",Some college,84095,Mountain
3123969287.0,South,Some,Yes,Yes,Yes,Yes,No,Yes,Yes,Yes,Yes,No,Yes,No,No,Yes,No,Yes,No,No,Yes,Yes,Male,45-60,"$100,000 - $149,999",Graduate degree,32536,South Atlantic
3122451559.0,CENTRAL,Not at all,No,No,No,Yes,No,No,No,Yes,Yes,No,Yes,No,No,Yes,No,Yes,No,No,Yes,Yes,Male,> 60,"$0 - $24,999",High school degree,55103,West North Central
3123158156.0,Midwest,A lot,Yes,Yes,Yes,Yes,No,No,Yes,Yes,No,Yes,No,No,Yes,No,Yes,No,No,No,No,No,Male,45-60,"$150,000+",Some college,40379,East South Central
3123253371.0,NW,Not at all,Yes,Yes,Yes,No,No,No,Yes,Yes,No,No,No,No,No,No,No,No,No,No,No,No,Male,45-60,"$150,000+",Associate or bachelor degree,97224,Pacific
3120894287.0,West,Not at all,No,No,Yes,Yes,No,No,No,Yes,No,No,Yes,No,Yes,Yes,No,Yes,No,No,No,No,Female,45-60,"$50,000 - $99,999",Associate or bachelor degree,95610,Pacific
3123769218.0,The United States,A lot,Yes,No,No,Yes,Yes,No,No,Yes,Yes,No,No,Yes,No,No,No,No,No,No,No,No,Female,45-60,"$25,000 - $49,999",High school degree,19120,Middle Atlantic
3121624830.0,south,Not at all,No,No,No,Yes,No,No,No,Yes,No,No,No,No,No,Yes,No,No,No,No,No,Yes,Male,45-60,"$50,000 - $99,999",Some college,76528,West South Central
3122878021.0,Western United Sates,Not at all,Yes,Yes,Yes,Yes,Yes,Yes,No,Yes,Yes,Yes,No,Yes,No,No,No,Yes,No,No,No,No,Female,> 60,"$25,000 - $49,999",Associate or bachelor degree,95819,Pacific
3123897954.0,Ohio,Not at all,No,No,No,Yes,No,No,No,No,No,No,No,No,Yes,No,No,No,No,No,No,Yes,Female,30-44,"$50,000 - $99,999",Some college,43229,East North Central
3122110957.0,New England,Not at all,Yes,Yes,Yes,Yes,No,Yes,Yes,Yes,No,Yes,No,No,Yes,No,No,No,No,No,No,No,Female,45-60,"$100,000 - $149,999",Associate or bachelor degree,5468,New England
3121650497.0,Midwest,A lot,Yes,Yes,Yes,No,Yes,Yes,No,No,No,No,No,Yes,No,No,No,No,No,No,No,No,Male,30-44,"$100,000 - $149,999",Associate or bachelor degree,60626,East North Central
3124416736.0,Midwest,Not at all,Yes,Yes,Yes,Yes,Yes,Yes,Yes,Yes,Yes,Yes,Yes,Yes,No,No,No,Yes,No,No,No,Yes,Female,30-44,"$150,000+",Associate or bachelor degree,41017,East South Central
3123962714.0,The South,Not at all,Yes,No,No,No,No,Yes,Yes,No,Yes,Yes,Yes,Yes,No,Yes,No,No,No,Yes,Yes,No,Male,18-29,"$25,000 - $49,999",Some college,29466,South Atlantic
3123208777.0,The Cornbelt,A lot,Yes,Yes,Yes,Yes,No,No,Yes,Yes,No,No,No,Yes,No,No,Yes,No,No,No,No,No,Male,45-60,"$100,000 - $149,999",Some college,60178,East North Central
3122247627.0,South,Not much,Yes,Yes,Yes,Yes,Yes,Yes,Yes,Yes,Yes,No,Yes,Yes,No,No,No,Yes,No,No,No,No,Male,30-44,"$150,000+",Associate or bachelor degree,75098,West South Central
3122849784.0,Pacific northwest,Not at all,No,No,No,No,No,No,No,Yes,No,No,No,No,No,No,No,Yes,No,No,No,Yes,Female,30-44,"$50,000 - $99,999",Associate or bachelor degree,98375,Pacific
3121710785.0,Midwest,A lot,No,Yes,Yes,No,Yes,Yes,No,No,No,Yes,No,Yes,No,No,No,No,No,No,No,No,Male,30-44,"$50,000 - $99,999",Some college,48093,East North Central
3123520157.0,central atlantic,Not at all,No,No,Yes,Yes,No,No,Yes,Yes,No,No,No,No,No,No,No,Yes,No,No,No,No,Male,45-60,"$50,000 - $99,999",Associate or bachelor degree,18042,Middle Atlantic
3123781069.0,Upper Mid-West,A lot,No,No,Yes,No,Yes,Yes,No,No,Yes,No,Yes,Yes,No,No,No,No,No,No,No,No,Female,> 60,"$150,000+",Associate or bachelor degree,55373,West North Central
3122835029.0,Midwest,A lot,Yes,Yes,No,No,Yes,Yes,No,No,No,No,No,Yes,No,No,No,No,No,No,No,No,Male,30-44,"$25,000 - $49,999",High school degree,54562,East North Central
3123916205.0,Mountains and river,A lot,Yes,Yes,No,Yes,No,No,Yes,Yes,Yes,Yes,No,Yes,Yes,No,Yes,Yes,No,No,No,No,Female,> 60,"$50,000 - $99,999",Associate or bachelor degree,26624,South Atlantic
3122124715.0,The south,Not at all,Yes,Yes,Yes,Yes,Yes,Yes,Yes,Yes,Yes,Yes,Yes,Yes,No,No,No,No,No,No,No,No,Female,30-44,"$25,000 - $49,999",Associate or bachelor degree,72012,West South Central
3122999663.0,Land - O - The mo's!,Some,No,No,No,Yes,No,No,No,Yes,Yes,No,Yes,No,No,Yes,No,Yes,No,No,Yes,Yes,Male,30-44,"$100,000 - $149,999",Some college,84124,Mountain
3121528697.0,California,Not at all,No,No,No,No,No,No,No,No,No,No,No,No,No,No,No,Yes,No,No,No,No,Female,> 60,"$150,000+",Less than high school degree,94121,Pacific
3123170643.0,Mountain West,Not at all,Yes,Yes,Yes,Yes,Yes,Yes,Yes,Yes,Yes,Yes,Yes,Yes,No,No,No,Yes,No,No,No,No,Female,30-44,"$100,000 - $149,999",Associate or bachelor degree,80005,Mountain
3122544989.0,Midwest,A lot,No,No,Yes,No,No,Yes,No,No,Yes,No,Yes,Yes,No,No,No,No,No,No,No,No,Male,18-29,"$150,000+",High school degree,56320,West North Central
3122322053.0,North Central,A lot,Yes,Yes,Yes,No,Yes,Yes,No,Yes,Yes,No,Yes,Yes,No,No,No,No,No,No,No,No,Male,45-60,"$100,000 - $149,999",Some college,55416,West North Central
3122525229.0,midwest,A lot,Yes,Yes,Yes,No,Yes,Yes,No,No,No,Yes,No,Yes,No,No,No,No,No,No,No,No,Male,30-44,"$150,000+",Some college,60453,East North Central
3120716812.0,northeast,Not at all,No,Yes,No,Yes,No,No,No,Yes,No,No,No,No,No,No,No,Yes,No,No,No,No,Female,> 60,"$25,000 - $49,999",High school degree,18976,Middle Atlantic
3123738158.0,Midwest,Some,Yes,Yes,Yes,Yes,Yes,Yes,Yes,Yes,Yes,Yes,Yes,Yes,Yes,Yes,Yes,No,Yes,No,Yes,Yes,Female,30-44,"$50,000 - $99,999",Some college,49042,East North Central
3122894962.0,northeast,Not at all,No,No,Yes,No,No,No,No,No,Yes,No,Yes,No,No,No,No,No,No,No,No,Yes,Female,45-60,"$50,000 - $99,999",Graduate degree,16242,Middle Atlantic
3125144841.0,A grievously sad and sorry excuse for what the locals think of as a modern world.,Some,Yes,Yes,Yes,Yes,No,Yes,Yes,Yes,Yes,No,Yes,Yes,Yes,No,No,Yes,No,No,No,No,Male,18-29,"$50,000 - $99,999",Some college,27526,South Atlantic
3122829550.0,Mid-Atlantic,Not at all,Yes,Yes,Yes,No,Yes,No,Yes,Yes,No,Yes,No,No,No,No,No,Yes,No,No,No,No,Female,> 60,?,Some college,21227,South Atlantic
3122459101.0,Northwest,Not at all,Yes,Yes,Yes,No,Yes,Yes,Yes,No,No,No,No,Yes,No,No,No,No,No,No,No,No,Male,30-44,"$50,000 - $99,999",Associate or bachelor degree,544,Pacific
3123705606.0,The Mid-west,A lot,Yes,No,Yes,Yes,No,Yes,Yes,Yes,Yes,No,Yes,Yes,No,No,No,Yes,No,No,Yes,Yes,Male,18-29,"$50,000 - $99,999",Graduate degree,74129,West South Central
3122941085.0,the midwest.,A lot,Yes,Yes,Yes,Yes,Yes,Yes,Yes,Yes,Yes,Yes,Yes,Yes,No,No,No,Yes,No,No,No,No,Male,> 60,"$50,000 - $99,999",Associate or bachelor degree,50801,West North Central
3120684663.0,southern california,Not at all,No,No,No,No,No,No,No,No,No,No,No,No,Yes,No,Yes,Yes,No,Yes,Yes,Yes,Male,45-60,"$0 - $24,999",Less than high school degree,91950,Pacific
3120778017.0,West Coast,Not at all,No,No,Yes,Yes,No,No,No,Yes,Yes,Yes,Yes,No,No,No,No,No,No,No,No,No,Female,45-60,"$50,000 - $99,999",Associate or bachelor degree,92629,Pacific
3122998416.0,north east,Not at all,Yes,Yes,No,Yes,No,No,No,Yes,No,Yes,No,No,No,No,No,No,No,Yes,No,No,Male,45-60,"$25,000 - $49,999",Some college,95641,Pacific
3120799918.0,Paradise,Not at all,No,No,Yes,Yes,No,No,Yes,No,No,No,No,No,No,No,No,No,No,No,No,No,Male,45-60,"$25,000 - $49,999",Graduate degree,30093,South Atlantic
3122758061.0,a great place to live in but for the high property taxs,Not at all,Yes,Yes,No,No,Yes,Yes,No,No,No,Yes,No,Yes,No,No,No,No,No,No,No,No,Male,> 60,"$50,000 - $99,999",Some college,8053,Middle Atlantic
3125076691.0,Midwest,A lot,Yes,Yes,Yes,Yes,No,Yes,Yes,Yes,Yes,Yes,Yes,No,No,Yes,No,No,No,No,Yes,Yes,Male,18-29,"$25,000 - $49,999",Associate or bachelor degree,68154,West North Central
3123343412.0,Western,Some,Yes,Yes,Yes,No,Yes,Yes,No,No,No,Yes,No,Yes,No,No,No,No,No,No,No,No,Female,> 60,"$100,000 - $149,999",Associate or bachelor degree,80226,Mountain
3120824893.0,Southern Illinois/Midwest,A lot,Yes,Yes,No,No,No,No,Yes,No,No,Yes,No,No,No,No,No,No,No,No,No,No,Female,30-44,"$25,000 - $49,999",Associate or bachelor degree,62002,East North Central
3122676515.0,midwest,A lot,Yes,Yes,Yes,No,Yes,No,Yes,No,No,Yes,No,No,No,No,Yes,No,No,No,No,No,Female,45-60,"$150,000+",Some college,60090,East North Central
3122056257.0,Midwest,A lot,Yes,Yes,Yes,Yes,No,Yes,Yes,Yes,Yes,No,Yes,Yes,No,No,No,Yes,No,No,No,No,Female,30-44,"$150,000+",Associate or bachelor degree,50125,West North Central
3122770586.0,MID WEST,Some,No,Yes,No,Yes,No,No,No,Yes,No,No,No,No,No,No,No,Yes,No,No,No,Yes,Male,30-44,"$50,000 - $99,999",Associate or bachelor degree,78249,West South Central
3120774668.0,mid-south,Not at all,No,No,Yes,Yes,Yes,Yes,Yes,Yes,Yes,No,Yes,Yes,No,No,No,No,No,No,No,No,Male,45-60,"$150,000+",Graduate degree,38017,East South Central
3123722186.0,south central,Not at all,No,No,No,No,No,No,No,No,No,No,No,No,No,Yes,No,No,No,No,No,Yes,Female,18-29,"$0 - $24,999",Graduate degree,75104,West South Central
3122268867.0,North east,Not at all,Yes,Yes,Yes,Yes,No,Yes,Yes,Yes,No,No,No,Yes,No,No,No,No,No,No,No,No,Male,45-60,"$50,000 - $99,999",Some college,17068,Middle Atlantic
3126105757.0,mid west,A lot,Yes,Yes,Yes,Yes,No,Yes,Yes,Yes,Yes,Yes,Yes,Yes,No,Yes,No,No,No,No,No,Yes,Male,18-29,"$25,000 - $49,999",Associate or bachelor degree,80525,Mountain
3126004293.0,the midwest,Not much,No,No,No,No,No,No,No,No,No,No,No,No,No,No,No,No,No,Yes,No,No,Male,18-29,"$0 - $24,999",Some college,59964,East North Central
3123818838.0,South,Not at all,No,No,No,No,No,No,No,No,No,No,No,No,No,Yes,No,No,No,No,Yes,Yes,Male,18-29,"$100,000 - $149,999",Associate or bachelor degree,75244,West South Central
3122688911.0,Midwest,Not much,Yes,Yes,Yes,No,Yes,Yes,No,No,No,Yes,No,Yes,No,No,No,No,No,No,No,No,Female,45-60,"$150,000+",Associate or bachelor degree,44024,East North Central
3122711666.0,northeast,Not at all,No,No,No,Yes,No,No,No,Yes,No,No,Yes,No,No,Yes,No,No,No,No,Yes,Yes,Male,45-60,"$100,000 - $149,999",Associate or bachelor degree,14519,Middle Atlantic
3126120269.0,Michigan,Some,Yes,Yes,Yes,No,Yes,Yes,Yes,No,No,Yes,No,Yes,No,No,Yes,No,No,No,No,No,Male,18-29,"$100,000 - $149,999",Some college,48105,East North Central
3123154772.0,American south,Not at all,Yes,Yes,Yes,No,No,No,Yes,No,No,Yes,No,No,No,No,No,No,No,No,No,No,Male,45-60,"$150,000+",Some college,32776,South Atlantic
3122296792.0,Northeast,Not at all,No,No,No,Yes,No,No,No,Yes,Yes,No,Yes,No,No,Yes,No,Yes,No,No,No,Yes,Female,18-29,"$150,000+",Associate or bachelor degree,11782,Middle Atlantic
3122076551.0,U.S. Capitol,Not at all,Yes,Yes,Yes,Yes,Yes,Yes,Yes,Yes,No,Yes,No,Yes,No,No,No,No,No,No,No,No,Male,> 60,"$50,000 - $99,999",Graduate degree,20007,South Atlantic
3122950764.0,Midwest,A lot,Yes,Yes,No,No,Yes,Yes,No,No,No,Yes,No,Yes,No,No,No,No,No,No,No,No,Female,30-44,"$50,000 - $99,999",Graduate degree,48192,East North Central
3125279866.0,Ruff but wonderful,A lot,No,No,No,Yes,No,No,No,No,Yes,Yes,Yes,No,No,Yes,No,No,No,No,Yes,Yes,Female,30-44,"$0 - $24,999",High school degree,59474,Mountain
3123371240.0,THE NORTHWEST,Not at all,Yes,Yes,Yes,Yes,No,No,Yes,Yes,No,No,No,No,No,No,No,Yes,No,No,No,No,Female,45-60,"$150,000+",Graduate degree,97502,Pacific
3123130874.0,Midweat,A lot,Yes,Yes,Yes,Yes,Yes,Yes,Yes,Yes,Yes,Yes,Yes,Yes,No,No,Yes,Yes,No,No,No,No,Female,45-60,"$150,000+",Associate or bachelor degree,60025,East North Central
3123276792.0,Great lakes,A lot,Yes,Yes,No,No,Yes,No,No,No,No,Yes,No,Yes,No,No,No,No,Yes,No,No,No,Female,45-60,"$50,000 - $99,999",Associate or bachelor degree,48154,East North Central
3122308841.0,The midwest,A lot,Yes,Yes,Yes,Yes,Yes,Yes,Yes,Yes,Yes,Yes,Yes,Yes,Yes,No,No,Yes,No,No,No,No,Male,45-60,"$25,000 - $49,999",Graduate degree,60626,East North Central
3122403052.0,Midwest,A lot,Yes,Yes,Yes,Yes,Yes,Yes,Yes,No,No,No,No,Yes,No,No,No,No,No,No,No,Yes,Male,45-60,"$150,000+",Associate or bachelor degree,60622,East North Central
3126556129.0,Northeastern Pennsylvania,Not at all,Yes,Yes,No,Yes,Yes,Yes,Yes,No,No,Yes,No,No,Yes,No,Yes,No,No,No,No,No,Male,30-44,"$50,000 - $99,999",Associate or bachelor degree,18661,Middle Atlantic
3123180122.0,midwest,A lot,No,No,No,Yes,No,No,Yes,Yes,Yes,No,Yes,No,No,No,No,Yes,No,No,No,No,Female,45-60,"$150,000+",Associate or bachelor degree,66210,West North Central
3121823646.0,New England,Not at all,Yes,Yes,Yes,Yes,Yes,Yes,Yes,Yes,Yes,Yes,Yes,Yes,No,No,Yes,Yes,No,No,No,No,Female,30-44,"$100,000 - $149,999",Graduate degree,3301,New England
3120901068.0,Northeast,Not at all,Yes,Yes,Yes,Yes,Yes,Yes,Yes,Yes,No,Yes,Yes,Yes,No,No,No,Yes,No,No,No,Yes,Female,45-60,"$150,000+",Some college,7731,Middle Atlantic
3121846237.0,Midwest,Some,Yes,Yes,Yes,Yes,Yes,Yes,Yes,Yes,Yes,Yes,Yes,Yes,No,No,No,No,No,No,No,No,Female,30-44,"$50,000 - $99,999",Graduate degree,55318,West North Central
3121768440.0,northeast,Not at all,Yes,Yes,Yes,No,No,Yes,Yes,No,No,Yes,No,Yes,Yes,No,No,No,No,No,No,No,Female,> 60,"$150,000+",Graduate degree,19131,Middle Atlantic
3123879682.0,midwest,A lot,Yes,No,Yes,Yes,No,Yes,Yes,Yes,Yes,No,Yes,No,No,No,No,Yes,No,No,No,No,Female,45-60,"$50,000 - $99,999",Associate or bachelor degree,50321,West North Central
3122167313.0,Southwest,A lot,Yes,Yes,Yes,Yes,Yes,Yes,Yes,Yes,Yes,Yes,Yes,Yes,No,No,No,Yes,No,No,Yes,Yes,Male,> 60,"$150,000+",Graduate degree,87144,Mountain
3122868569.0,MidWest,A lot,No,No,No,Yes,No,No,No,No,Yes,No,Yes,No,No,Yes,No,Yes,No,No,Yes,Yes,Male,45-60,"$50,000 - $99,999",Some college,80922,Mountain
3124080730.0,Midwest.,A lot,Yes,Yes,Yes,No,Yes,Yes,No,Yes,Yes,No,Yes,Yes,No,No,No,No,No,No,No,No,Male,30-44,"$50,000 - $99,999",Associate or bachelor degree,55352,West North Central
3122500027.0,MidWest,A lot,Yes,Yes,Yes,No,Yes,Yes,Yes,No,No,Yes,No,Yes,Yes,No,No,No,No,No,No,No,Female,18-29,"$25,000 - $49,999",Associate or bachelor degree,60647,East North Central
3122704816.0,The West,Not at all,No,No,Yes,Yes,No,No,Yes,Yes,No,No,No,No,No,No,No,No,No,No,No,No,Male,45-60,"$0 - $24,999",Graduate degree,94611,Pacific
3121574559.0,MIDWEST,A lot,Yes,Yes,Yes,No,Yes,Yes,No,No,No,Yes,No,Yes,No,No,No,No,No,No,No,No,Male,> 60,"$150,000+",Graduate degree,46259,East North Central
3122199206.0,Mid Atlantic,Not at all,Yes,Yes,Yes,Yes,Yes,Yes,Yes,Yes,No,Yes,No,Yes,Yes,No,No,Yes,No,No,No,Yes,Female,> 60,"$25,000 - $49,999",Graduate degree,20036,South Atlantic
3121652325.0,northeast,Not at all,Yes,Yes,Yes,Yes,Yes,Yes,Yes,Yes,Yes,Yes,Yes,Yes,No,No,No,No,No,No,No,No,Female,45-60,"$150,000+",Graduate degree,19540,Middle Atlantic
3122039410.0,Upper Midwest,Some,Yes,Yes,Yes,No,Yes,Yes,No,No,Yes,Yes,Yes,Yes,No,No,No,No,No,No,No,No,Female,18-29,"$50,000 - $99,999",Associate or bachelor degree,55406,West North Central
3121910152.0,Northeast,Not at all,Yes,Yes,No,No,Yes,No,No,No,No,Yes,No,Yes,No,No,No,No,No,No,No,No,Male,> 60,"$100,000 - $149,999",Associate or bachelor degree,10547,Middle Atlantic
3122796505.0,Midwest,A lot,Yes,Yes,No,No,Yes,Yes,No,No,No,No,No,Yes,No,No,No,No,No,No,No,No,Female,45-60,?,Some college,53561,East North Central
3121688676.0,South central,Not at all,Yes,Yes,Yes,No,No,No,Yes,No,No,Yes,No,No,No,No,No,No,No,No,No,No,Female,45-60,"$100,000 - $149,999",Associate or bachelor degree,74063,West South Central
3122467063.0,Midwest,Some,Yes,Yes,No,No,Yes,No,No,No,No,Yes,No,Yes,No,No,Yes,No,Yes,No,No,No,Female,18-29,"$25,000 - $49,999",Some college,43062,East North Central
3124656784.0,East,Not at all,Yes,Yes,Yes,Yes,Yes,Yes,Yes,Yes,No,No,No,Yes,No,No,No,Yes,No,No,No,No,Male,> 60,"$50,000 - $99,999",Some college,44107,East North Central
3122650214.0,Northeast,Not at all,Yes,Yes,Yes,Yes,No,Yes,Yes,Yes,Yes,Yes,Yes,Yes,No,No,No,No,No,No,No,No,Male,> 60,"$100,000 - $149,999",Graduate degree,10028,Middle Atlantic
3125960435.0,a small town,Not at all,Yes,Yes,Yes,Yes,Yes,Yes,Yes,No,No,Yes,No,Yes,No,No,Yes,No,No,No,Yes,No,Male,18-29,"$0 - $24,999",Graduate degree,62702,East North Central
3123708415.0,Midwest,A lot,Yes,Yes,Yes,No,No,Yes,Yes,No,No,No,No,Yes,No,No,Yes,No,No,No,No,No,Male,45-60,"$100,000 - $149,999",Associate or bachelor degree,60634,East North Central
3123291568.0,Pacific Northwest,Not at all,Yes,Yes,Yes,Yes,No,No,Yes,Yes,No,Yes,No,No,No,No,No,Yes,No,No,No,No,Female,30-44,"$0 - $24,999",Some college,97330,Pacific
3123023215.0,Midwest,Some,No,Yes,No,No,No,No,Yes,No,No,Yes,No,No,No,No,No,No,No,No,No,No,Female,30-44,"$0 - $24,999",Less than high school degree,61944,East North Central
3125900130.0,Ohio,Some,No,Yes,No,No,No,No,No,No,No,Yes,No,No,No,No,Yes,No,Yes,No,No,No,Male,18-29,"$150,000+",Some college,45227,East North Central
3122851787.0,hoosier country,Not at all,Yes,Yes,Yes,Yes,No,No,Yes,No,No,No,No,No,No,No,No,No,No,No,No,No,Male,30-44,"$150,000+",Graduate degree,47712,East North Central
3124122594.0,Southeast Texas,Not much,No,No,No,Yes,No,No,Yes,Yes,No,No,No,No,No,No,No,Yes,No,No,No,No,Male,> 60,"$50,000 - $99,999",Graduate degree,77304,West South Central
3121396056.0,United States of America,Some,No,No,No,Yes,No,Yes,No,Yes,No,No,Yes,No,Yes,Yes,No,Yes,No,Yes,No,Yes,Female,18-29,"$150,000+",High school degree,46809,East North Central
3122320080.0,Desert Northwest,Not at all,No,No,Yes,Yes,No,Yes,No,Yes,Yes,No,Yes,Yes,No,No,No,Yes,No,No,No,No,Male,> 60,"$150,000+",Some college,84088,Mountain
3122152852.0,Mid Atlantic,Not at all,Yes,Yes,Yes,Yes,No,No,No,No,No,Yes,No,No,No,No,No,No,No,No,No,No,Male,> 60,"$150,000+",Graduate degree,19606,Middle Atlantic
3121974843.0,high plains,A lot,No,No,Yes,Yes,No,Yes,No,Yes,Yes,No,Yes,No,No,Yes,No,Yes,No,No,No,Yes,Female,> 60,"$50,000 - $99,999",Graduate degree,67735,West North Central
3120803166.0,Northeast,Not at all,Yes,No,Yes,Yes,Yes,No,No,Yes,Yes,Yes,Yes,No,No,Yes,No,No,No,No,Yes,No,Female,30-44,"$25,000 - $49,999",Some college,19116,Middle Atlantic
3125869144.0,Lancaster,Not at all,Yes,Yes,Yes,No,Yes,Yes,Yes,No,Yes,Yes,Yes,Yes,No,Yes,Yes,Yes,No,No,Yes,Yes,Male,18-29,"$25,000 - $49,999",Some college,19540,Middle Atlantic
3123288038.0,Beautiful dessert area.,Not much,Yes,Yes,Yes,Yes,No,No,No,Yes,Yes,No,No,No,Yes,No,No,Yes,No,No,No,No,Female,> 60,"$150,000+",Some college,87123,Mountain
3122900376.0,midwest,A lot,Yes,Yes,Yes,No,Yes,Yes,Yes,No,No,Yes,No,Yes,No,No,Yes,Yes,No,No,No,No,Male,45-60,"$50,000 - $99,999",Some college,43014,East North Central
3125115680.0,MID WEST,A lot,Yes,Yes,Yes,No,No,No,Yes,No,No,Yes,No,Yes,No,Yes,No,Yes,No,No,No,No,Male,30-44,"$150,000+",?,60030,East North Central
3122140713.0,Midwest,A lot,Yes,Yes,Yes,Yes,Yes,Yes,Yes,Yes,Yes,No,Yes,Yes,No,No,No,No,No,No,No,No,Female,> 60,"$100,000 - $149,999",Some college,50266,West North Central
3121742694.0,Western States,Some,No,No,No,No,No,No,No,Yes,Yes,No,Yes,No,No,Yes,No,Yes,No,No,Yes,Yes,Female,45-60,"$150,000+",Associate or bachelor degree,80108,Mountain
3121937532.0,Colorado/West,Not much,Yes,Yes,Yes,Yes,No,No,Yes,Yes,Yes,No,Yes,No,No,No,No,Yes,No,No,No,No,Female,18-29,"$150,000+",Some college,80127,Mountain
3125197936.0,The northeastern part of the southern half of the North West,Not at all,Yes,Yes,Yes,Yes,Yes,Yes,Yes,Yes,Yes,Yes,Yes,Yes,Yes,Yes,Yes,Yes,Yes,No,No,Yes,Male,18-29,"$0 - $24,999",High school degree,97862,Pacific
3120863583.0,west coast,Not at all,No,No,Yes,Yes,No,No,No,Yes,Yes,No,Yes,No,No,No,No,Yes,No,No,No,No,Female,45-60,"$0 - $24,999",Graduate degree,97321,Pacific
3122599989.0,mid-West / central Illinois,Some,Yes,Yes,Yes,Yes,Yes,Yes,Yes,Yes,No,No,No,Yes,No,No,No,No,No,No,No,No,Female,30-44,"$50,000 - $99,999",Graduate degree,62707,East North Central
3122383573.0,western NY or the northeast,Not at all,No,No,Yes,Yes,No,No,No,Yes,Yes,No,Yes,No,No,No,No,No,No,No,No,No,Female,> 60,"$150,000+",Graduate degree,14450,Middle Atlantic
3120647870.0,Eastern,Not much,Yes,Yes,Yes,Yes,Yes,Yes,Yes,Yes,No,No,No,No,Yes,Yes,Yes,Yes,No,No,Yes,Yes,Female,30-44,"$150,000+",Graduate degree,15642,Middle Atlantic
3122132229.0,Merry Go Round of Weather!,Some,Yes,Yes,Yes,No,No,No,Yes,No,No,Yes,No,No,No,No,No,No,No,No,No,No,Female,> 60,?,Graduate degree,29732,South Atlantic
3126096743.0,Midwest,Some,No,Yes,Yes,Yes,No,Yes,No,Yes,Yes,No,Yes,Yes,Yes,No,No,Yes,No,No,No,No,Male,30-44,"$50,000 - $99,999",Graduate degree,55016,West North Central
3121678890.0,Midwest,Some,Yes,Yes,Yes,No,No,Yes,No,Yes,No,No,No,Yes,No,No,Yes,No,No,No,No,No,Male,45-60,"$150,000+",Associate or bachelor degree,53097,East North Central
3122362646.0,West Coast,Some,Yes,Yes,Yes,Yes,Yes,Yes,Yes,Yes,Yes,Yes,Yes,Yes,No,No,No,Yes,No,No,No,No,Male,30-44,"$100,000 - $149,999",Graduate degree,92103,Pacific
3122458975.0,West Coast,A lot,Yes,No,Yes,Yes,No,No,No,Yes,No,No,No,No,No,No,No,No,No,No,No,No,Female,45-60,"$50,000 - $99,999",Associate or bachelor degree,95207,Pacific
3124377768.0,midwest,Some,No,Yes,Yes,Yes,Yes,No,Yes,Yes,No,Yes,No,No,Yes,No,No,No,No,Yes,No,No,Female,> 60,"$50,000 - $99,999",Some college,45601,East North Central
3121494545.0,Texas,Not at all,No,No,No,Yes,No,No,No,Yes,Yes,No,Yes,No,No,No,No,Yes,No,No,No,No,Male,> 60,"$100,000 - $149,999",Some college,77566,West South Central
3122646149.0,Midwest,Some,Yes,No,No,No,Yes,Yes,No,No,No,Yes,No,Yes,No,No,No,No,No,No,No,No,Female,30-44,"$25,000 - $49,999",Less than high school degree,53221,East North Central
3122468812.0,MidwestxX,Some,No,No,Yes,Yes,No,Yes,Yes,Yes,Yes,No,Yes,No,Yes,No,No,Yes,No,No,No,No,Female,> 60,"$50,000 - $99,999",Associate or bachelor degree,67010,West North Central
3122605420.0,central usa,A lot,No,No,Yes,Yes,No,Yes,Yes,Yes,Yes,No,Yes,No,Yes,Yes,No,Yes,No,No,No,Yes,Male,45-60,"$50,000 - $99,999",Associate or bachelor degree,67026,West North Central
3122489299.0,County,Not at all,No,No,No,Yes,No,No,Yes,No,No,No,No,No,Yes,No,No,No,No,No,No,No,Female,> 60,"$100,000 - $149,999",Associate or bachelor degree,75135,West South Central
3122660798.0,Midwest,Not much,Yes,Yes,Yes,Yes,Yes,Yes,Yes,Yes,Yes,Yes,Yes,Yes,No,No,Yes,No,No,No,No,No,Male,30-44,"$50,000 - $99,999",High school degree,49503,East North Central
3122100987.0,The South,Not at all,Yes,Yes,Yes,Yes,Yes,Yes,Yes,Yes,Yes,Yes,Yes,Yes,No,No,No,No,No,No,No,No,Male,30-44,"$100,000 - $149,999",Some college,38104,East South Central
3124355676.0,east coast,Some,No,Yes,Yes,No,No,No,Yes,No,No,No,No,Yes,Yes,No,No,No,No,No,No,No,Female,30-44,"$150,000+",Some college,17551,Middle Atlantic
3122345231.0,upper mid west,A lot,Yes,Yes,Yes,No,Yes,Yes,No,No,No,No,No,Yes,No,No,No,No,No,No,No,No,Male,> 60,"$0 - $24,999",Some college,53142,East North Central
3122903396.0,Montana,Not much,No,Yes,Yes,Yes,No,Yes,Yes,Yes,No,Yes,No,Yes,No,No,No,Yes,No,No,No,No,Male,30-44,"$50,000 - $99,999",Some college,59901,Mountain
3122197158.0,midwest,Not much,Yes,Yes,No,No,No,No,Yes,No,No,Yes,No,No,No,No,Yes,No,No,No,No,No,Female,> 60,?,Graduate degree,47711,East North Central
3123799621.0,Midwest,Some,Yes,Yes,Yes,Yes,Yes,Yes,Yes,Yes,Yes,Yes,Yes,Yes,Yes,No,Yes,Yes,No,No,No,No,Male,> 60,"$25,000 - $49,999",Associate or bachelor degree,48082,East North Central
3120853064.0,East coast,Not at all,No,Yes,Yes,Yes,No,No,Yes,Yes,No,No,No,No,No,No,No,Yes,No,No,Yes,Yes,Female,30-44,"$50,000 - $99,999",Some college,7727,Middle Atlantic
3122410407.0,Northwest,Not much,No,No,No,No,No,No,No,No,No,No,No,No,No,No,No,No,No,No,Yes,No,Male,> 60,"$25,000 - $49,999",Some college,59840,Mountain
3122498360.0,upper midwest,Not at all,Yes,No,Yes,Yes,Yes,Yes,No,Yes,Yes,No,Yes,Yes,No,No,No,No,No,No,No,No,Female,45-60,"$25,000 - $49,999",Associate or bachelor degree,53189,East North Central
3123980954.0,Central United States,Some,Yes,Yes,Yes,Yes,No,Yes,Yes,Yes,Yes,No,No,Yes,No,Yes,Yes,Yes,No,No,No,No,Female,45-60,"$50,000 - $99,999",Some college,66427,West North Central
3123290504.0,Southern California,Some,No,Yes,Yes,Yes,Yes,No,No,No,Yes,Yes,Yes,No,No,No,No,No,No,No,No,No,Female,30-44,"$150,000+",Associate or bachelor degree,92131,Pacific
3122886139.0,south,Not at all,Yes,Yes,Yes,Yes,No,No,Yes,Yes,No,No,No,No,No,No,No,Yes,No,No,No,No,Male,30-44,"$100,000 - $149,999",Graduate degree,38017,East South Central
3120803644.0,Northern California/West Coast,Some,Yes,Yes,Yes,Yes,Yes,Yes,Yes,Yes,No,Yes,No,Yes,Yes,No,No,No,No,Yes,No,No,Female,> 60,"$100,000 - $149,999",Graduate degree,94037,Pacific
3122821153.0,The Midwest,A lot,No,No,Yes,Yes,No,Yes,No,Yes,Yes,No,Yes,No,No,Yes,No,Yes,No,No,No,Yes,Female,> 60,"$50,000 - $99,999",Associate or bachelor degree,57005,West North Central
3122450476.0,the South,Not at all,Yes,Yes,Yes,No,No,No,Yes,Yes,No,No,No,No,No,No,No,Yes,No,No,No,No,Female,30-44,"$50,000 - $99,999",Graduate degree,35603,East South Central
3122930585.0,Pacific Northwest,Some,Yes,No,No,No,Yes,No,No,No,No,Yes,No,Yes,No,No,No,No,No,No,No,No,Female,30-44,"$50,000 - $99,999",Associate or bachelor degree,98021,Pacific
3124148317.0,southwest,Not at all,Yes,Yes,Yes,No,Yes,No,Yes,No,No,Yes,No,No,No,No,No,No,Yes,No,No,No,Male,45-60,"$50,000 - $99,999",Associate or bachelor degree,91730,Pacific
3122901058.0,midwest,A lot,Yes,Yes,Yes,No,Yes,Yes,Yes,No,No,Yes,No,Yes,No,No,No,No,No,No,No,No,Male,30-44,"$50,000 - $99,999",Some college,54170,East North Central
3122337942.0,Midwest,A lot,Yes,No,Yes,No,Yes,Yes,No,No,Yes,No,Yes,Yes,No,No,No,No,No,No,No,No,Female,30-44,"$150,000+",Graduate degree,49048,East North Central
3120883082.0,South US,Not at all,Yes,Yes,Yes,Yes,Yes,Yes,Yes,Yes,No,No,No,Yes,No,No,No,Yes,No,No,No,No,Female,45-60,"$50,000 - $99,999",Graduate degree,37072,East South Central
3122295523.0,New England,Not much,Yes,Yes,No,No,Yes,No,No,No,No,Yes,No,Yes,No,No,No,No,No,No,No,No,Female,45-60,"$150,000+",Graduate degree,2461,New England
3124294025.0,Ohio Valley,Some,Yes,Yes,Yes,No,No,No,Yes,Yes,No,No,No,No,Yes,No,No,No,No,No,No,No,Female,45-60,"$25,000 - $49,999",Graduate degree,45150,East North Central
3123055768.0,Southwest,Not at all,Yes,Yes,Yes,Yes,No,No,No,No,No,Yes,No,No,Yes,No,Yes,No,No,Yes,No,No,Female,30-44,"$150,000+",Associate or bachelor degree,85029,Mountain
3122957748.0,arizona,Not at all,Yes,Yes,Yes,No,No,No,No,No,No,Yes,No,Yes,No,No,No,No,No,No,No,No,Male,30-44,"$150,000+",Graduate degree,85050,Mountain
3123787831.0,Southeast,Not at all,No,Yes,Yes,Yes,No,No,No,Yes,No,No,No,Yes,No,No,No,No,No,No,No,No,Female,45-60,"$150,000+",Some college,30720,South Atlantic
3123382748.0,"Northern climate, Alaska",Not at all,No,No,Yes,Yes,No,Yes,No,Yes,Yes,No,Yes,No,No,No,No,No,No,No,Yes,Yes,Female,30-44,"$100,000 - $149,999",Associate or bachelor degree,99709,Pacific
3123581999.0,US - Minnesota,Not much,No,No,No,No,No,Yes,No,No,No,No,No,No,No,No,No,No,No,No,No,No,Female,30-44,"$150,000+",Associate or bachelor degree,55912,West North Central
3122880903.0,Frozen North,A lot,No,No,Yes,No,Yes,Yes,No,No,Yes,No,Yes,Yes,No,No,No,No,No,No,No,No,Male,45-60,"$50,000 - $99,999",High school degree,55046,West North Central
3122840806.0,The Northeast,Not at all,Yes,Yes,Yes,Yes,Yes,Yes,Yes,Yes,Yes,Yes,Yes,Yes,Yes,No,No,No,No,No,No,No,Female,> 60,"$25,000 - $49,999",Graduate degree,19103,Middle Atlantic
3124780006.0,Mid-west,A lot,Yes,Yes,Yes,Yes,Yes,Yes,Yes,Yes,No,Yes,Yes,Yes,No,No,Yes,No,No,No,No,No,Male,45-60,"$50,000 - $99,999",Graduate degree,60031,East North Central
3122883136.0,The Mid-West,Some,Yes,Yes,Yes,No,Yes,No,No,No,No,Yes,No,Yes,No,No,No,No,No,No,No,No,Female,18-29,"$100,000 - $149,999",Some college,54914,East North Central
3121979524.0,New York City,Not at all,No,No,No,Yes,No,No,No,Yes,No,No,No,No,No,Yes,No,No,No,No,No,No,Female,30-44,"$0 - $24,999",Some college,10065,Middle Atlantic
3123723557.0,The South,Not much,Yes,No,Yes,Yes,No,No,Yes,Yes,No,Yes,No,No,No,No,Yes,No,No,No,No,No,Female,18-29,"$25,000 - $49,999",Associate or bachelor degree,72956,West South Central
3121790070.0,Midwest,A lot,Yes,Yes,Yes,Yes,Yes,Yes,Yes,Yes,No,Yes,No,Yes,No,No,Yes,No,No,No,No,No,Female,30-44,"$50,000 - $99,999",Graduate degree,47928,East North Central
3122410972.0,rural mid Michigan,Some,Yes,Yes,No,No,Yes,Yes,No,No,No,Yes,No,Yes,No,No,No,No,No,No,No,No,Female,> 60,"$50,000 - $99,999",High school degree,48808,East North Central
3121755471.0,SOUTHERN CALIFORNIA,Not at all,No,No,No,No,No,No,No,No,No,No,No,No,No,Yes,No,No,No,No,No,No,Female,30-44,"$25,000 - $49,999",Some college,92887,Pacific
3121843963.0,midwest,Some,Yes,Yes,Yes,No,Yes,No,No,No,No,No,No,No,No,No,No,No,No,No,No,No,Female,30-44,"$50,000 - $99,999",Some college,46224,East North Central
3125729625.0,cold,Not at all,Yes,Yes,No,No,Yes,Yes,No,No,No,Yes,No,Yes,No,No,No,No,No,No,No,No,Male,30-44,"$50,000 - $99,999",Associate or bachelor degree,60637,East North Central
3122922686.0,northwest,Not at all,Yes,Yes,Yes,No,No,No,No,No,No,Yes,No,No,No,No,No,No,No,No,No,No,Female,> 60,"$25,000 - $49,999",Associate or bachelor degree,59634,Mountain
3121438288.0,rural south,Some,No,Yes,No,No,Yes,No,No,No,No,Yes,No,No,Yes,No,No,No,No,No,No,No,Female,45-60,"$25,000 - $49,999",Associate or bachelor degree,32421,South Atlantic
3123116237.0,Pacific northwest,Not at all,No,No,Yes,Yes,No,No,Yes,No,No,Yes,No,Yes,Yes,No,No,Yes,No,No,No,No,Female,30-44,"$150,000+",Associate or bachelor degree,97701,Pacific
3122186931.0,North West,Not at all,Yes,Yes,Yes,Yes,Yes,Yes,No,Yes,Yes,Yes,Yes,Yes,Yes,Yes,Yes,Yes,No,No,No,No,Male,18-29,"$150,000+",Some college,98119,Pacific
3122064232.0,Chicagoland,Not much,Yes,Yes,Yes,No,Yes,Yes,Yes,Yes,No,Yes,No,Yes,No,No,No,No,No,No,No,No,Male,> 60,"$150,000+",Graduate degree,60201,East North Central
3123838183.0,midwest,Not much,No,No,No,Yes,No,No,No,Yes,No,No,Yes,No,No,No,No,No,No,No,No,No,Male,45-60,"$25,000 - $49,999",High school degree,67701,West North Central
3125519049.0,Rocky Mountains,Not much,Yes,Yes,No,Yes,No,No,Yes,Yes,No,Yes,No,No,Yes,No,No,Yes,No,No,No,No,Male,> 60,"$150,000+",Associate or bachelor degree,80907,Mountain
3122076343.0,Midwest,Some,Yes,Yes,No,No,Yes,Yes,Yes,No,No,Yes,No,Yes,No,No,No,No,No,No,No,No,Female,18-29,"$150,000+",High school degree,48507,East North Central
3124116885.0,The tri-state area,Not at all,No,No,No,No,No,Yes,No,Yes,No,No,Yes,Yes,No,Yes,No,No,No,No,No,Yes,Male,18-29,"$0 - $24,999",Some college,19104,Middle Atlantic
3124516631.0,Smack dab in the middle.,A lot,Yes,Yes,Yes,Yes,No,No,Yes,No,No,No,No,No,No,No,No,No,No,No,No,No,Female,30-44,"$50,000 - $99,999",Some college,63010,West North Central
3121978077.0,North central,Some,Yes,Yes,Yes,No,Yes,Yes,No,No,No,Yes,No,Yes,No,No,No,No,No,No,No,No,Male,> 60,"$150,000+",Graduate degree,49048,East North Central
3122527795.0,Midwest,A lot,Yes,Yes,Yes,No,Yes,Yes,No,Yes,Yes,Yes,Yes,Yes,No,No,No,No,No,No,No,No,Female,> 60,"$50,000 - $99,999",Associate or bachelor degree,44122,East North Central
3123628158.0,east,Not at all,No,Yes,No,Yes,No,No,Yes,No,No,No,No,No,Yes,No,No,Yes,No,No,No,No,Female,45-60,"$25,000 - $49,999",Some college,37914,East South Central
3124371197.0,Texas,Not at all,Yes,Yes,Yes,No,Yes,Yes,Yes,No,No,Yes,No,Yes,No,No,No,No,No,No,No,No,Male,30-44,"$100,000 - $149,999",Associate or bachelor degree,78748,West South Central
3123515907.0,rural,Some,Yes,Yes,No,No,Yes,No,No,No,No,Yes,No,Yes,No,No,Yes,No,Yes,Yes,No,No,Male,> 60,"$50,000 - $99,999",Graduate degree,43066,East North Central
3122190572.0,Northeast,Not at all,No,No,No,No,No,No,No,No,No,No,No,No,No,Yes,No,Yes,No,No,Yes,No,Male,30-44,"$50,000 - $99,999",Graduate degree,2919,New England
3122547304.0,midwest,Some,Yes,Yes,Yes,Yes,Yes,Yes,Yes,Yes,Yes,Yes,Yes,Yes,Yes,No,Yes,Yes,No,No,No,No,Female,> 60,"$50,000 - $99,999",Graduate degree,53105,East North Central
3123947027.0,Midwest,Some,Yes,Yes,Yes,Yes,Yes,No,Yes,No,No,Yes,No,No,No,Yes,No,Yes,No,No,No,No,Female,30-44,"$50,000 - $99,999",Associate or bachelor degree,73072,West South Central
3123816704.0,North East,Not much,No,Yes,Yes,Yes,No,No,Yes,Yes,Yes,No,Yes,No,Yes,No,Yes,No,No,Yes,Yes,No,Male,30-44,"$50,000 - $99,999",Associate or bachelor degree,4210,New England
3121925960.0,Upper Midwest,A lot,Yes,No,No,Yes,No,Yes,Yes,Yes,No,No,No,Yes,No,No,No,Yes,No,No,No,No,Female,45-60,"$50,000 - $99,999",Associate or bachelor degree,53188,East North Central
3122949407.0,Northwest,Some,Yes,Yes,Yes,No,Yes,No,No,No,No,Yes,No,No,No,No,No,No,No,No,No,No,Female,> 60,"$50,000 - $99,999",Some college,80015,Mountain
3123988698.0,MIdwest,A lot,Yes,Yes,Yes,No,Yes,Yes,No,No,No,Yes,No,Yes,No,No,No,No,No,No,No,No,Male,18-29,"$25,000 - $49,999",Graduate degree,60615,East North Central
3121697230.0,Spoiled,Some,Yes,No,No,Yes,No,Yes,Yes,No,Yes,No,Yes,No,No,Yes,No,No,No,No,Yes,No,Male,18-29,"$150,000+",Graduate degree,43026,East North Central
3123197216.0,north east,Not at all,No,No,Yes,Yes,No,Yes,No,Yes,Yes,No,Yes,Yes,No,Yes,No,Yes,No,No,Yes,Yes,Female,45-60,"$150,000+",Associate or bachelor degree,17339,Middle Atlantic
3123123918.0,to close to the city,Not at all,No,No,No,No,No,No,No,Yes,Yes,No,Yes,No,No,Yes,No,No,No,No,Yes,Yes,Male,45-60,"$0 - $24,999",High school degree,77447,West South Central
3120825169.0,Southeast,Not at all,Yes,Yes,Yes,Yes,No,No,Yes,Yes,No,Yes,No,No,Yes,No,No,Yes,No,No,No,No,Female,45-60,"$50,000 - $99,999",Associate or bachelor degree,30067,South Atlantic
3121923433.0,east coast,Not at all,No,No,No,Yes,No,No,No,Yes,Yes,No,Yes,No,No,Yes,No,Yes,No,No,Yes,Yes,Female,30-44,"$25,000 - $49,999",Some college,25705,South Atlantic
3120781958.0,New England,Some,Yes,Yes,Yes,No,Yes,Yes,No,Yes,No,Yes,No,Yes,No,No,No,No,No,No,No,No,Male,18-29,"$150,000+",Some college,3079,New England
3123137035.0,Suburbs,A lot,Yes,No,No,No,No,No,No,No,No,No,No,No,No,No,No,No,No,No,No,No,Male,18-29,"$150,000+",Associate or bachelor degree,60103,East North Central
3122653274.0,Midwest,A lot,Yes,Yes,Yes,Yes,No,No,Yes,No,No,No,No,No,Yes,No,No,Yes,No,No,No,No,Female,30-44,"$0 - $24,999",Some college,63084,West North Central
3120668331.0,Midwest,Not much,Yes,No,Yes,No,Yes,Yes,No,No,Yes,No,Yes,Yes,No,No,No,No,No,No,No,No,Male,30-44,"$0 - $24,999",High school degree,55103,West North Central
3122496874.0,Midwest,A lot,Yes,Yes,Yes,No,Yes,Yes,No,No,Yes,Yes,No,Yes,No,No,Yes,No,No,No,No,No,Male,30-44,"$50,000 - $99,999",Some college,48912,East North Central
3124420624.0,Midwest,A lot,Yes,Yes,Yes,No,Yes,Yes,No,No,No,No,No,Yes,No,No,No,No,No,No,No,No,Female,30-44,"$100,000 - $149,999",Associate or bachelor degree,53073,East North Central
3122771778.0,North,Not at all,Yes,Yes,Yes,Yes,No,No,Yes,Yes,No,Yes,No,No,Yes,No,Yes,No,No,No,No,No,Female,30-44,"$25,000 - $49,999",Some college,55066,West North Central
3122323369.0,the southwest,Not at all,Yes,Yes,Yes,Yes,No,No,Yes,Yes,Yes,Yes,Yes,Yes,Yes,No,No,No,No,No,No,No,Male,> 60,"$0 - $24,999",Some college,85207,Mountain
3122759146.0,South central,Some,Yes,Yes,Yes,No,Yes,Yes,Yes,No,No,Yes,No,Yes,No,No,No,No,No,No,No,No,Female,> 60,"$50,000 - $99,999",Graduate degree,74017,West South Central
3126656981.0,Midwest,Some,No,No,Yes,Yes,No,Yes,No,Yes,Yes,No,Yes,No,No,No,No,Yes,No,No,Yes,Yes,Male,30-44,"$0 - $24,999",Some college,57701,West North Central
3122289101.0,Fairfax County,Not at all,Yes,Yes,No,No,Yes,No,Yes,No,No,Yes,No,Yes,Yes,No,No,No,No,No,No,No,Male,> 60,"$150,000+",Graduate degree,20170,South Atlantic
3122246848.0,Southeast,Not at all,Yes,Yes,Yes,Yes,No,No,No,Yes,No,Yes,No,No,No,No,No,No,No,No,No,No,Female,> 60,"$0 - $24,999",Some college,27217,South Atlantic
3120866119.0,The South. Texas,Not at all,No,No,No,No,No,Yes,No,Yes,No,No,Yes,Yes,No,Yes,No,No,No,No,Yes,Yes,Female,18-29,"$50,000 - $99,999",Some college,78722,West South Central
3123039508.0,northwoods,A lot,Yes,Yes,Yes,Yes,Yes,Yes,No,Yes,Yes,Yes,Yes,Yes,No,No,No,No,No,No,No,Yes,Male,> 60,"$50,000 - $99,999",Graduate degree,55803,West North Central
3122603830.0,Northeast,Not at all,No,No,Yes,Yes,No,No,Yes,Yes,Yes,No,Yes,No,Yes,Yes,No,Yes,No,No,Yes,No,Female,30-44,"$25,000 - $49,999",Associate or bachelor degree,44129,East North Central
3123270451.0,Central midwest,Some,No,No,Yes,Yes,No,Yes,No,No,Yes,No,Yes,Yes,No,No,No,No,No,No,No,No,Female,18-29,"$25,000 - $49,999",High school degree,56385,West North Central
3121953123.0,East,Not much,No,No,No,No,No,Yes,No,Yes,No,Yes,No,No,No,Yes,No,No,No,No,Yes,Yes,Male,18-29,"$25,000 - $49,999",Some college,33033,South Atlantic
3123147773.0,Midwest,A lot,No,No,Yes,Yes,No,No,Yes,Yes,No,No,Yes,No,No,No,No,Yes,No,No,No,Yes,Male,30-44,"$25,000 - $49,999",Graduate degree,68510,West North Central
3124784401.0,The South,Not much,Yes,Yes,Yes,Yes,Yes,Yes,Yes,Yes,Yes,Yes,Yes,Yes,Yes,No,No,Yes,No,No,No,No,Male,30-44,"$50,000 - $99,999",Graduate degree,30092,South Atlantic
3122461662.0,New York City,Not at all,Yes,Yes,Yes,No,Yes,Yes,No,No,No,Yes,No,Yes,No,No,Yes,No,No,No,No,No,Female,18-29,"$150,000+",Some college,10463,Middle Atlantic
3122836856.0,Northern midwest,A lot,Yes,Yes,Yes,Yes,Yes,Yes,No,Yes,Yes,Yes,Yes,Yes,No,No,No,No,No,No,Yes,Yes,Male,18-29,"$50,000 - $99,999",Associate or bachelor degree,58701,West North Central
3124273278.0,Sunny Southern California,Not at all,Yes,Yes,Yes,Yes,Yes,Yes,Yes,Yes,Yes,Yes,Yes,Yes,Yes,No,No,No,Yes,No,No,No,Male,30-44,"$100,000 - $149,999",Graduate degree,92122,Pacific
3122331930.0,Mid-west,A lot,Yes,Yes,Yes,Yes,Yes,Yes,Yes,Yes,No,Yes,No,Yes,No,No,No,No,No,No,No,No,Male,> 60,"$150,000+",Some college,60062,East North Central
3123349374.0,Mid East,Not at all,No,No,No,Yes,No,No,No,Yes,No,No,No,No,No,Yes,No,Yes,No,No,No,Yes,Female,45-60,"$150,000+",Associate or bachelor degree,40213,East South Central
3123250279.0,Midwest,A lot,No,Yes,Yes,Yes,Yes,Yes,Yes,Yes,Yes,Yes,Yes,Yes,No,Yes,No,Yes,No,No,No,No,Female,45-60,"$0 - $24,999",Some college,68048,West North Central
3122355689.0,southeast Virginia,Not at all,Yes,Yes,Yes,Yes,Yes,Yes,Yes,Yes,Yes,Yes,Yes,Yes,Yes,No,No,Yes,No,No,No,Yes,Male,18-29,"$0 - $24,999",Associate or bachelor degree,23072,South Atlantic
3122536092.0,South,Not at all,Yes,Yes,Yes,Yes,Yes,Yes,Yes,No,No,Yes,No,Yes,No,No,No,No,No,No,No,No,Female,> 60,"$100,000 - $149,999",Some college,32308,South Atlantic
3122879243.0,East coast,A lot,Yes,Yes,Yes,Yes,Yes,Yes,No,Yes,Yes,Yes,Yes,Yes,No,No,No,No,No,No,No,No,Female,18-29,"$150,000+",Associate or bachelor degree,55410,West North Central
3122537763.0,The Great Lakes region,A lot,Yes,Yes,Yes,Yes,Yes,Yes,No,No,No,Yes,No,Yes,No,No,No,No,No,No,No,No,Male,> 60,"$50,000 - $99,999",Associate or bachelor degree,49319,East North Central
3123321327.0,The Rural Mid-West,Not much,Yes,No,Yes,No,Yes,Yes,Yes,No,No,No,No,Yes,No,No,No,No,No,No,No,No,Male,18-29,"$0 - $24,999",High school degree,55411,West North Central
3121777876.0,New England,Not at all,Yes,Yes,Yes,Yes,No,Yes,No,Yes,No,Yes,Yes,Yes,No,No,No,No,No,No,No,Yes,Male,> 60,"$50,000 - $99,999",Associate or bachelor degree,2130,New England
3122416552.0,midwest,A lot,Yes,Yes,No,Yes,Yes,Yes,Yes,Yes,Yes,Yes,Yes,Yes,No,No,Yes,No,No,No,No,No,Male,> 60,"$25,000 - $49,999",Associate or bachelor degree,60062,East North Central
3122965455.0,New England,Not at all,No,No,Yes,No,Yes,Yes,No,No,Yes,Yes,Yes,Yes,No,No,No,No,No,No,Yes,Yes,Female,30-44,"$150,000+",Graduate degree,5478,New England
3122499767.0,south redneck heaven,Some,No,No,No,Yes,No,No,Yes,No,No,No,No,No,Yes,No,Yes,Yes,No,No,No,No,Male,45-60,"$50,000 - $99,999",Some college,74480,West South Central
3122814394.0,South,Not at all,No,No,Yes,Yes,No,No,Yes,Yes,No,No,No,No,No,No,No,Yes,No,No,No,No,Female,18-29,"$50,000 - $99,999",Graduate degree,70001,West South Central
3121896858.0,Upper Midwest,A lot,No,No,Yes,No,No,Yes,No,Yes,Yes,No,Yes,Yes,No,No,No,No,No,No,No,No,Male,> 60,"$50,000 - $99,999",Associate or bachelor degree,57108,West North Central
3124934214.0,Ny tri state area,Not at all,Yes,Yes,Yes,No,Yes,Yes,No,No,Yes,No,No,Yes,No,No,No,No,No,No,No,No,Male,30-44,"$150,000+",Graduate degree,7065,Middle Atlantic
3125008012.0,TEXAS,Not at all,No,No,No,Yes,No,No,No,Yes,Yes,No,Yes,No,No,Yes,No,No,No,No,Yes,Yes,Male,18-29,"$100,000 - $149,999",Associate or bachelor degree,78015,West South Central
3123177684.0,US Capital District of the Mid Atlantic Region,Some,Yes,Yes,Yes,Yes,Yes,Yes,Yes,Yes,Yes,Yes,Yes,Yes,Yes,No,Yes,Yes,No,No,No,No,Male,> 60,"$0 - $24,999",Associate or bachelor degree,20012,South Atlantic
3120785695.0,Northern New England,Not much,Yes,Yes,Yes,Yes,No,No,Yes,Yes,No,Yes,No,No,No,No,No,No,No,No,No,No,Female,45-60,"$50,000 - $99,999",Associate or bachelor degree,4220,New England
3122603659.0,Southern California,Not at all,Yes,No,Yes,Yes,No,No,No,Yes,No,Yes,No,Yes,No,Yes,No,Yes,No,No,Yes,Yes,Male,30-44,"$150,000+",Some college,91750,Pacific
3122131698.0,Texas.,Not at all,Yes,No,Yes,Yes,Yes,Yes,Yes,Yes,No,Yes,No,No,No,No,No,Yes,No,No,No,No,Female,30-44,"$50,000 - $99,999",Graduate degree,77079,West South Central
3122724838.0,Backwards,Not at all,No,Yes,Yes,Yes,No,No,Yes,Yes,Yes,Yes,Yes,No,No,Yes,No,Yes,No,No,No,Yes,Female,30-44,"$100,000 - $149,999",Some college,29405,South Atlantic
3125233432.0,The Lowcountry,Not at all,Yes,Yes,Yes,Yes,No,No,Yes,No,No,No,Yes,No,Yes,No,No,Yes,No,No,Yes,Yes,Male,18-29,"$150,000+",High school degree,29464,South Atlantic
3124153543.0,Midwest,A lot,Yes,Yes,Yes,Yes,Yes,Yes,Yes,Yes,No,Yes,No,Yes,No,No,No,No,No,No,No,No,Female,45-60,"$50,000 - $99,999",Graduate degree,60031,East North Central
3122391161.0,East coast,Not at all,Yes,No,No,No,No,No,No,No,No,Yes,No,No,No,No,Yes,No,No,No,No,No,Male,18-29,"$25,000 - $49,999",High school degree,1844,New England
3120938625.0,The west,Not much,No,No,No,Yes,No,No,No,Yes,No,No,No,No,No,Yes,No,Yes,No,No,No,Yes,Female,45-60,"$50,000 - $99,999",Associate or bachelor degree,94550,Pacific
3121893045.0,South,Not much,No,No,Yes,Yes,No,No,No,Yes,Yes,No,Yes,No,No,Yes,No,Yes,No,No,No,No,Male,> 60,"$0 - $24,999",Graduate degree,33596,South Atlantic
3124239001.0,Southern Mid-West,Some,Yes,Yes,Yes,Yes,Yes,Yes,Yes,Yes,Yes,No,Yes,Yes,Yes,No,No,Yes,No,No,No,No,Male,> 60,"$150,000+",Graduate degree,73008,West South Central
3124028944.0,Midwest,A lot,Yes,Yes,Yes,No,No,No,No,No,No,No,No,Yes,No,No,No,No,No,No,No,No,Male,45-60,"$100,000 - $149,999",Graduate degree,61021,East North Central
3122773450.0,Midwest,Some,No,No,No,No,Yes,Yes,Yes,Yes,Yes,No,Yes,Yes,No,No,No,No,No,No,Yes,Yes,Female,18-29,"$0 - $24,999",Associate or bachelor degree,58504,West North Central
3121002728.0,Midwest,A lot,Yes,Yes,Yes,Yes,Yes,No,Yes,Yes,No,Yes,No,Yes,No,No,No,No,No,No,No,No,Female,30-44,"$50,000 - $99,999",Some college,63123,East North Central
3123138448.0,midwest,A lot,Yes,Yes,Yes,No,No,No,Yes,No,No,No,No,Yes,No,No,No,No,No,No,No,No,Female,30-44,"$50,000 - $99,999",Some college,63755,West North Central
3124996365.0,I live on the west coast.,Not at all,No,No,No,Yes,No,No,No,No,Yes,No,Yes,No,No,Yes,No,No,No,No,Yes,Yes,Male,30-44,"$50,000 - $99,999",Some college,97206,Pacific
3123924251.0,Midwest,A lot,No,No,No,Yes,No,No,Yes,Yes,No,No,No,No,Yes,No,No,Yes,No,No,No,No,Female,30-44,"$0 - $24,999",Some college,65807,West North Central
3122981005.0,Midwest,Not at all,Yes,No,No,No,Yes,Yes,No,No,No,No,No,Yes,No,No,No,No,No,No,No,No,Female,30-44,"$50,000 - $99,999",Some college,53221,East North Central
3122322591.0,Central Valley of California,Some,No,Yes,Yes,Yes,Yes,No,Yes,Yes,No,Yes,Yes,No,No,Yes,No,Yes,No,No,No,Yes,Male,30-44,"$25,000 - $49,999",Associate or bachelor degree,95340,Pacific
3121973399.0,The Northeast.,Not at all,Yes,No,Yes,Yes,Yes,Yes,Yes,Yes,Yes,Yes,No,Yes,Yes,Yes,Yes,No,No,No,Yes,Yes,Female,18-29,"$50,000 - $99,999",Associate or bachelor degree,19143,Middle Atlantic
3122747646.0,Chicago,Not much,Yes,Yes,Yes,No,Yes,Yes,No,No,No,Yes,No,Yes,No,No,No,No,No,No,No,No,Male,30-44,"$50,000 - $99,999",Some college,60626,East North Central
3124975410.0,North Central,A lot,No,No,No,No,Yes,Yes,No,No,Yes,Yes,Yes,Yes,No,No,No,No,No,No,No,No,Male,18-29,"$150,000+",Some college,58203,West North Central
3121953121.0,Southern California,Not at all,No,No,No,No,No,Yes,No,Yes,No,No,Yes,Yes,No,Yes,No,No,No,No,Yes,Yes,Female,30-44,"$100,000 - $149,999",Some college,92024,Pacific
3122037878.0,open,Some,No,Yes,Yes,No,No,Yes,No,Yes,No,Yes,No,No,No,No,No,Yes,No,No,Yes,No,Female,30-44,"$25,000 - $49,999",Associate or bachelor degree,19116,Middle Atlantic
3122435125.0,The Regressive South,Not at all,No,No,No,No,No,No,No,No,Yes,No,Yes,No,No,Yes,No,No,No,No,Yes,Yes,Male,> 60,"$25,000 - $49,999",Some college,28227,South Atlantic
3121909529.0,Northern California,Not at all,Yes,Yes,Yes,Yes,No,Yes,Yes,Yes,No,Yes,No,No,No,No,Yes,Yes,No,No,No,Yes,Female,18-29,"$100,000 - $149,999",Associate or bachelor degree,94044,Pacific
3122973761.0,mountain zone,Not at all,Yes,No,Yes,No,No,No,No,No,No,Yes,No,No,No,No,Yes,No,No,No,No,No,Female,45-60,"$0 - $24,999",High school degree,81125,Mountain
3121886146.0,northern plains,Not much,Yes,Yes,Yes,Yes,Yes,Yes,Yes,Yes,Yes,Yes,Yes,Yes,No,No,No,Yes,No,No,No,No,Female,> 60,"$150,000+",Associate or bachelor degree,57105,West North Central
3122693510.0,Southeastern U.S.,Not at all,Yes,Yes,Yes,Yes,Yes,Yes,Yes,Yes,No,Yes,No,Yes,No,No,No,No,No,No,No,No,Male,> 60,"$50,000 - $99,999",Associate or bachelor degree,30039,South Atlantic
3123777764.0,Florida?,A lot,Yes,Yes,Yes,Yes,Yes,Yes,Yes,No,No,Yes,No,Yes,No,No,No,No,No,No,No,No,Female,30-44,"$50,000 - $99,999",Associate or bachelor degree,61530,South Atlantic
3123240230.0,Northeast,Not at all,Yes,Yes,Yes,Yes,Yes,Yes,Yes,Yes,Yes,Yes,Yes,Yes,No,Yes,No,No,No,No,No,No,Female,18-29,"$50,000 - $99,999",Associate or bachelor degree,10901,Middle Atlantic
3123136000.0,West,A lot,Yes,Yes,Yes,Yes,Yes,Yes,Yes,Yes,No,Yes,No,Yes,No,No,Yes,No,No,No,No,No,Female,18-29,"$25,000 - $49,999",Graduate degree,81623,Mountain
3121552252.0,New England,Some,Yes,Yes,Yes,No,Yes,Yes,No,No,No,Yes,No,Yes,No,No,No,No,No,No,No,No,Male,18-29,"$50,000 - $99,999",Associate or bachelor degree,2906,New England
3123085468.0,United state of America,Not at all,Yes,Yes,Yes,Yes,Yes,Yes,Yes,Yes,Yes,Yes,No,Yes,No,Yes,No,No,No,No,No,No,Female,30-44,"$0 - $24,999",High school degree,11422,Middle Atlantic
3122429931.0,New England,Not at all,Yes,Yes,Yes,Yes,Yes,Yes,No,Yes,Yes,No,Yes,Yes,No,No,No,No,No,No,No,No,Female,45-60,"$50,000 - $99,999",Graduate degree,2169,New England
3122296468.0,Pacific Northwest,Some,Yes,Yes,Yes,No,Yes,Yes,Yes,No,No,Yes,No,Yes,No,No,Yes,No,No,No,No,No,Female,18-29,"$50,000 - $99,999",Associate or bachelor degree,60564,Pacific
3122962095.0,Oklahoma,A lot,Yes,No,Yes,Yes,No,No,Yes,Yes,No,No,No,No,No,No,No,No,No,No,No,No,Female,45-60,"$50,000 - $99,999",Graduate degree,74133,West South Central
3125440642.0,Upper Midwest,A lot,Yes,Yes,Yes,Yes,Yes,Yes,No,No,No,Yes,No,Yes,No,No,No,No,No,No,No,No,Male,45-60,"$50,000 - $99,999",Some college,49938,East North Central
3122508565.0,The Pacific Northwest,Not at all,No,No,Yes,Yes,No,No,Yes,Yes,No,Yes,Yes,No,No,No,No,Yes,No,No,No,No,Female,45-60,"$50,000 - $99,999",Associate or bachelor degree,98337,Pacific
3124410502.0,Northeast,Not at all,Yes,No,Yes,Yes,No,Yes,Yes,Yes,Yes,No,Yes,Yes,No,No,No,Yes,No,No,No,No,Male,45-60,"$50,000 - $99,999",Associate or bachelor degree,17602,Middle Atlantic
3121689550.0,Midwest,Not much,Yes,Yes,Yes,No,Yes,No,Yes,No,No,Yes,No,Yes,No,No,Yes,No,No,No,No,No,Male,45-60,"$50,000 - $99,999",Associate or bachelor degree,43357,East North Central
3121347939.0,midwest,Some,Yes,Yes,No,No,Yes,No,No,No,No,Yes,No,No,No,No,Yes,No,Yes,No,No,No,Female,18-29,"$0 - $24,999",Associate or bachelor degree,43202,East North Central
3122233521.0,"the mid-Atlantic region...or else maybe ""D.C. suburbs""",Not at all,No,No,Yes,Yes,Yes,Yes,Yes,Yes,Yes,No,Yes,No,No,Yes,No,Yes,No,No,Yes,Yes,Female,45-60,"$100,000 - $149,999",Associate or bachelor degree,20902,South Atlantic
3123301875.0,the west,Not at all,Yes,Yes,Yes,Yes,No,No,Yes,No,No,Yes,No,No,No,Yes,No,No,No,No,No,Yes,Male,45-60,"$25,000 - $49,999",Some college,95207,Pacific
3122884709.0,The Southwest,Some,No,No,Yes,Yes,No,No,No,No,Yes,Yes,Yes,Yes,Yes,Yes,No,Yes,No,No,Yes,Yes,Male,18-29,"$25,000 - $49,999",Associate or bachelor degree,88312,Mountain
3124069088.0,Texan,A lot,Yes,Yes,Yes,Yes,No,Yes,Yes,No,No,Yes,No,No,Yes,No,Yes,Yes,No,No,No,No,Male,45-60,"$100,000 - $149,999",Some college,75044,West South Central
3122488544.0,MIdWest,A lot,Yes,Yes,Yes,No,No,No,No,No,No,Yes,No,No,No,No,Yes,No,Yes,No,No,No,Female,> 60,"$150,000+",High school degree,46250,East North Central
3123658760.0,the south,A lot,No,Yes,No,Yes,No,No,No,Yes,Yes,No,No,No,No,Yes,No,Yes,No,No,Yes,Yes,Female,18-29,"$100,000 - $149,999",Less than high school degree,30052,South Atlantic
3122883573.0,Western U.S.,Not much,No,No,No,Yes,No,Yes,No,Yes,Yes,No,Yes,No,No,No,No,Yes,No,No,No,No,Male,30-44,"$0 - $24,999",Some college,59718,Mountain
3122266245.0,Western Pennsylvania,Not much,Yes,Yes,Yes,Yes,No,Yes,Yes,Yes,Yes,No,Yes,Yes,Yes,No,No,Yes,No,No,No,No,Male,> 60,"$50,000 - $99,999",Graduate degree,15007,Middle Atlantic
3122768413.0,mid-south,Some,No,No,No,No,No,No,No,Yes,Yes,No,Yes,Yes,No,Yes,No,Yes,No,No,No,Yes,Female,30-44,"$0 - $24,999",Associate or bachelor degree,72034,West South Central
3124874929.0,The south,Not at all,No,No,No,Yes,No,Yes,Yes,Yes,Yes,No,Yes,Yes,Yes,Yes,No,Yes,No,No,No,No,Male,18-29,"$25,000 - $49,999",Some college,32571,South Atlantic
3120850558.0,Northeast,Not at all,Yes,Yes,Yes,No,No,No,Yes,No,No,Yes,No,Yes,No,No,No,No,Yes,No,No,No,Male,30-44,"$50,000 - $99,999",Some college,11374,Middle Atlantic
3125375292.0,New England,Not much,Yes,Yes,Yes,Yes,No,No,Yes,Yes,Yes,Yes,Yes,Yes,Yes,No,No,Yes,No,Yes,No,Yes,Male,18-29,"$50,000 - $99,999",Some college,2025,New England
3124404276.0,rural northwestern Pennsylvania,Not at all,Yes,Yes,Yes,Yes,Yes,Yes,No,Yes,No,No,No,No,No,No,No,No,No,No,No,No,Male,> 60,"$50,000 - $99,999",Graduate degree,15801,Middle Atlantic
3123608815.0,The South,Not at all,No,No,Yes,Yes,No,No,Yes,Yes,Yes,No,Yes,No,Yes,No,No,Yes,No,No,No,No,Female,18-29,"$0 - $24,999",Some college,37919,East South Central
3122230654.0,Midwest,A lot,Yes,Yes,Yes,Yes,Yes,Yes,No,Yes,No,Yes,No,Yes,No,No,No,No,No,No,No,No,Male,30-44,"$0 - $24,999",Associate or bachelor degree,46385,East North Central
3122534881.0,The South,Not at all,Yes,Yes,Yes,Yes,Yes,Yes,Yes,Yes,Yes,Yes,Yes,No,No,No,No,Yes,No,No,No,No,Male,> 60,"$150,000+",Associate or bachelor degree,30087,South Atlantic
3124452227.0,Midwest,A lot,Yes,Yes,Yes,No,Yes,Yes,Yes,No,No,Yes,No,Yes,No,No,No,No,No,No,No,No,Male,45-60,"$100,000 - $149,999",Associate or bachelor degree,61107,East North Central
3122891545.0,rural Indiana,A lot,Yes,Yes,Yes,Yes,Yes,Yes,No,Yes,No,Yes,No,Yes,No,No,No,Yes,No,No,No,No,Male,> 60,"$50,000 - $99,999",Associate or bachelor degree,47371,East North Central
3122810018.0,Washington suburbs,Not at all,No,Yes,No,Yes,No,No,Yes,No,No,No,No,No,No,No,No,Yes,No,No,No,No,Male,45-60,"$150,000+",Associate or bachelor degree,20895,South Atlantic
3124081305.0,Pennsylvania,Not at all,Yes,Yes,Yes,Yes,Yes,Yes,Yes,Yes,Yes,No,Yes,Yes,Yes,No,No,No,No,Yes,No,No,Male,> 60,"$50,000 - $99,999",Associate or bachelor degree,16652,Middle Atlantic
3123118866.0,Upper midwest,A lot,Yes,Yes,Yes,Yes,Yes,Yes,Yes,Yes,No,Yes,No,Yes,Yes,No,Yes,Yes,No,No,No,No,Female,45-60,"$50,000 - $99,999",Graduate degree,49441,East North Central
3123177423.0,Southwest United States,Not at all,Yes,No,Yes,No,Yes,Yes,No,Yes,No,Yes,No,No,No,No,No,No,Yes,No,No,No,Male,18-29,"$25,000 - $49,999",Some college,86001,Mountain
3123051641.0,Midwest,Some,Yes,Yes,Yes,Yes,Yes,Yes,Yes,Yes,Yes,Yes,Yes,Yes,No,No,Yes,No,No,No,No,No,Male,45-60,"$100,000 - $149,999",Associate or bachelor degree,55021,West North Central
3122514153.0,midwest,A lot,Yes,Yes,Yes,Yes,No,No,Yes,Yes,No,Yes,Yes,Yes,No,No,No,Yes,No,No,No,No,Female,30-44,"$50,000 - $99,999",Associate or bachelor degree,50849,West North Central
3123148668.0,Northern Midwest,A lot,Yes,Yes,Yes,Yes,Yes,Yes,Yes,Yes,Yes,Yes,Yes,Yes,Yes,No,Yes,Yes,No,No,No,No,Male,> 60,"$50,000 - $99,999",Associate or bachelor degree,48097,East North Central
3124388144.0,mid-west,Some,Yes,Yes,No,No,Yes,No,No,No,No,Yes,No,Yes,No,No,Yes,No,No,No,No,No,Male,30-44,"$25,000 - $49,999",Some college,43229,East North Central
3122514783.0,West,A lot,Yes,Yes,Yes,Yes,Yes,No,Yes,Yes,Yes,Yes,Yes,Yes,No,No,Yes,Yes,No,Yes,No,No,Female,30-44,"$100,000 - $149,999",Graduate degree,93523,Pacific
3123052021.0,Northeast,Not at all,No,Yes,Yes,Yes,No,No,No,No,No,No,No,No,No,No,No,No,No,No,No,No,Female,> 60,"$25,000 - $49,999",Some college,16510,Middle Atlantic
3122495010.0,Middle America,A lot,Yes,Yes,Yes,Yes,Yes,Yes,Yes,Yes,Yes,No,Yes,Yes,No,No,No,No,No,No,No,No,Female,> 60,"$150,000+",Some college,60010,East North Central
3123932493.0,Midwest US,A lot,Yes,No,Yes,Yes,Yes,Yes,Yes,Yes,Yes,No,Yes,Yes,Yes,No,No,Yes,No,No,No,No,Female,30-44,"$150,000+",Some college,55946,West North Central
3122259906.0,southern plains,Some,Yes,Yes,Yes,Yes,No,Yes,Yes,Yes,No,No,No,Yes,No,No,No,No,No,No,No,No,Female,30-44,"$150,000+",Associate or bachelor degree,73104,West South Central
3122589917.0,Midwest,Not much,Yes,No,Yes,No,Yes,Yes,No,No,Yes,No,No,Yes,No,No,No,No,No,No,No,No,Female,30-44,"$50,000 - $99,999",Some college,54517,East North Central
3122482072.0,New England,Not at all,Yes,Yes,Yes,Yes,Yes,Yes,Yes,Yes,Yes,No,Yes,Yes,Yes,No,Yes,Yes,No,No,Yes,Yes,Female,18-29,"$150,000+",Associate or bachelor degree,1609,New England
3121697162.0,Midwest,Not at all,Yes,Yes,No,Yes,Yes,Yes,No,Yes,Yes,Yes,Yes,Yes,No,No,No,No,Yes,Yes,No,No,Female,18-29,"$100,000 - $149,999",Graduate degree,60640,East North Central
3126019752.0,northeast,Not at all,Yes,Yes,Yes,Yes,No,No,Yes,No,No,No,Yes,No,No,No,No,Yes,No,No,Yes,No,Male,30-44,"$50,000 - $99,999",Some college,17551,Middle Atlantic
3121849835.0,midwwest,A lot,Yes,Yes,Yes,Yes,Yes,Yes,Yes,Yes,No,Yes,No,Yes,No,No,No,No,No,No,No,No,Male,> 60,"$150,000+",Graduate degree,53129,East North Central
3122564581.0,east coast,Not at all,Yes,Yes,Yes,Yes,Yes,Yes,No,Yes,Yes,No,Yes,Yes,No,Yes,No,Yes,No,No,Yes,Yes,Male,18-29,"$150,000+",High school degree,21234,South Atlantic
3123085167.0,rockies,Not at all,Yes,Yes,Yes,Yes,Yes,Yes,Yes,Yes,No,Yes,No,No,No,No,No,Yes,No,No,No,No,Male,45-60,"$25,000 - $49,999",Graduate degree,80218,Mountain
3122794780.0,upper south,Not at all,No,Yes,Yes,Yes,No,No,Yes,Yes,No,No,No,No,No,No,No,Yes,No,No,No,No,Female,> 60,"$25,000 - $49,999",Associate or bachelor degree,20110,South Atlantic
3124685768.0,Southwest,Not at all,Yes,Yes,Yes,No,Yes,Yes,Yes,No,No,Yes,No,Yes,No,No,No,No,No,No,No,No,Male,30-44,"$50,000 - $99,999",Associate or bachelor degree,89141,Mountain
3122495646.0,Pacific North West,Not at all,No,Yes,Yes,Yes,No,No,No,No,No,No,No,Yes,No,Yes,Yes,Yes,No,No,Yes,Yes,Male,> 60,"$0 - $24,999",Associate or bachelor degree,94580,Pacific
3122781276.0,midwest,A lot,Yes,Yes,Yes,Yes,Yes,Yes,Yes,Yes,Yes,Yes,Yes,Yes,No,No,No,No,No,No,No,No,Male,30-44,"$25,000 - $49,999",Graduate degree,53575,East North Central
3121242381.0,east coast,Not at all,Yes,Yes,Yes,Yes,No,No,Yes,Yes,Yes,Yes,Yes,No,No,Yes,No,Yes,No,No,Yes,Yes,Male,45-60,"$100,000 - $149,999",High school degree,8865,Middle Atlantic
3123058055.0,New England,Not at all,Yes,Yes,Yes,Yes,No,No,No,Yes,Yes,Yes,Yes,Yes,No,No,No,Yes,No,No,No,No,Female,30-44,"$25,000 - $49,999",Graduate degree,1420,New England
3122313710.0,Northeast,Not at all,Yes,Yes,Yes,Yes,Yes,Yes,Yes,Yes,No,Yes,No,Yes,Yes,No,Yes,Yes,No,No,Yes,Yes,Female,30-44,"$50,000 - $99,999",Graduate degree,7940,Middle Atlantic
3122506236.0,The midwest,A lot,Yes,Yes,Yes,No,Yes,Yes,No,No,Yes,No,Yes,Yes,No,No,No,No,No,No,No,No,Male,30-44,"$150,000+",Associate or bachelor degree,54009,East North Central
3120766779.0,Midwest,Some,No,No,Yes,Yes,No,Yes,No,Yes,No,No,No,No,No,Yes,No,No,No,No,Yes,Yes,Female,45-60,"$100,000 - $149,999",Associate or bachelor degree,68154,West North Central
3122366931.0,Bucolic,A lot,Yes,No,Yes,Yes,Yes,Yes,Yes,Yes,No,Yes,No,Yes,No,No,No,No,No,No,No,No,Male,> 60,"$100,000 - $149,999",Graduate degree,21078,South Atlantic
3124048094.0,east coast,Not at all,No,No,No,Yes,No,Yes,Yes,Yes,Yes,No,Yes,Yes,No,No,No,No,No,No,Yes,Yes,Male,30-44,"$25,000 - $49,999",Associate or bachelor degree,19106,Middle Atlantic
3122069905.0,Midwest,A lot,Yes,Yes,No,No,No,No,No,Yes,No,No,No,Yes,No,No,No,No,No,No,No,No,Male,45-60,"$100,000 - $149,999",Graduate degree,61821,East North Central
3122532281.0,Raining city,Not at all,No,No,No,No,No,No,No,Yes,No,No,No,Yes,No,No,Yes,No,No,No,Yes,No,Male,18-29,"$100,000 - $149,999",Graduate degree,98087,Pacific
3122444711.0,Midwest,A lot,Yes,Yes,No,No,Yes,No,No,No,No,Yes,No,No,No,No,No,No,No,No,No,No,Male,45-60,"$100,000 - $149,999",Graduate degree,49333,East North Central
3124304832.0,USA,Not at all,No,No,No,Yes,No,No,No,Yes,Yes,No,Yes,No,No,Yes,No,Yes,No,No,Yes,Yes,Male,30-44,"$25,000 - $49,999",Some college,59101,Mountain
3123515942.0,north eastern,Not at all,No,No,Yes,Yes,No,No,No,Yes,Yes,No,Yes,No,No,No,No,No,No,No,Yes,No,Male,> 60,"$25,000 - $49,999",High school degree,44481,East North Central
3122466020.0,The West,Not at all,Yes,Yes,Yes,Yes,Yes,Yes,No,No,No,Yes,No,Yes,No,No,No,No,No,No,No,No,Male,45-60,"$50,000 - $99,999",Graduate degree,80204,Mountain
3125618262.0,midwest,Some,Yes,Yes,Yes,No,Yes,Yes,No,Yes,Yes,Yes,Yes,Yes,No,No,Yes,No,No,No,No,Yes,Male,45-60,"$100,000 - $149,999",Some college,48506,East North Central
3123120084.0,South,Not at all,Yes,Yes,Yes,Yes,Yes,Yes,Yes,Yes,No,Yes,No,No,No,No,No,No,No,No,No,No,Female,> 60,"$150,000+",Associate or bachelor degree,34448,South Atlantic
3123095886.0,West,Not much,Yes,Yes,Yes,Yes,No,No,Yes,Yes,No,Yes,No,No,Yes,No,No,Yes,No,No,No,No,Female,> 60,"$150,000+",Some college,93292,Pacific
3120782766.0,the South,Not at all,No,No,No,Yes,Yes,No,Yes,No,Yes,No,Yes,Yes,Yes,No,No,Yes,No,No,No,No,Female,> 60,"$50,000 - $99,999",Graduate degree,37411,East South Central
3123707948.0,"Best of the Midwest, Iowa.",Some,Yes,No,Yes,No,Yes,Yes,No,No,No,No,Yes,Yes,No,No,No,No,No,No,No,No,Male,> 60,"$25,000 - $49,999",Some college,52722,West North Central
3122100375.0,The Midwest,Not much,No,No,No,Yes,No,No,Yes,Yes,Yes,No,Yes,No,No,No,No,Yes,No,No,No,Yes,Female,18-29,"$150,000+",Graduate degree,66219,West North Central
3122696283.0,Good place to live. Has a nice clear difference in all four seasons.,Not at all,No,No,No,Yes,Yes,Yes,No,Yes,Yes,No,Yes,No,No,No,No,No,No,No,No,No,Male,45-60,"$25,000 - $49,999",Some college,83709,Mountain
3122819145.0,New England,Not at all,Yes,Yes,Yes,Yes,No,No,No,No,No,Yes,No,No,No,No,No,Yes,No,No,No,No,Female,> 60,"$150,000+",Graduate degree,2879,New England
3123310686.0,South,Not at all,No,No,Yes,Yes,No,Yes,Yes,Yes,Yes,No,Yes,No,No,No,No,No,No,No,No,No,Female,18-29,"$150,000+",Associate or bachelor degree,79424,West South Central
3121676090.0,Midwest,A lot,Yes,Yes,No,No,Yes,No,No,No,No,Yes,No,No,No,No,Yes,No,Yes,No,No,No,Female,18-29,"$150,000+",Associate or bachelor degree,43316,East North Central
3124974791.0,Middle Atlantic,Not at all,No,No,Yes,Yes,No,No,No,Yes,No,No,No,No,No,No,No,No,No,No,No,No,Male,> 60,"$50,000 - $99,999",Graduate degree,17046,Middle Atlantic
3122672236.0,New England,Not at all,Yes,Yes,Yes,Yes,Yes,Yes,Yes,Yes,No,Yes,No,Yes,No,No,No,No,No,No,Yes,Yes,Male,30-44,"$0 - $24,999",Associate or bachelor degree,6029,New England
3121945620.0,West,Not at all,No,Yes,Yes,Yes,No,No,Yes,Yes,No,Yes,No,Yes,Yes,No,Yes,Yes,No,No,No,No,Female,18-29,"$50,000 - $99,999",Associate or bachelor degree,92630,Pacific
3121699784.0,Midwest,Some,No,No,Yes,Yes,No,No,Yes,Yes,Yes,No,Yes,No,No,Yes,No,Yes,No,No,No,No,Female,30-44,"$50,000 - $99,999",Associate or bachelor degree,68134,West North Central
3122526163.0,north west,A lot,Yes,Yes,No,No,Yes,No,No,No,No,Yes,No,Yes,No,No,No,No,No,No,No,No,Male,45-60,"$50,000 - $99,999",Associate or bachelor degree,55082,West North Central
3120721095.0,Midwest,A lot,Yes,Yes,Yes,Yes,Yes,Yes,Yes,Yes,Yes,Yes,Yes,Yes,No,No,No,No,No,No,No,No,Female,30-44,"$50,000 - $99,999",Some college,52404,West North Central
3123736507.0,New england,Not at all,Yes,Yes,No,Yes,Yes,Yes,Yes,No,No,Yes,No,Yes,No,No,No,Yes,No,No,No,No,Male,45-60,"$150,000+",Graduate degree,6770,New England
3122829067.0,North central,Not at all,Yes,Yes,No,No,Yes,No,No,No,No,No,No,No,No,No,Yes,No,Yes,No,No,No,Female,45-60,"$25,000 - $49,999",Some college,44125,East North Central
3120649639.0,Weird,Not at all,No,No,No,No,No,No,No,No,No,Yes,No,Yes,No,No,No,No,Yes,No,No,No,Female,45-60,"$150,000+",Some college,27520,South Atlantic
3122017469.0,Midwest,Some,Yes,Yes,No,No,No,No,Yes,No,No,Yes,No,No,No,No,No,No,No,No,No,No,Male,> 60,"$25,000 - $49,999",Some college,45377,East North Central
3121876629.0,Midwest,Not much,No,No,Yes,Yes,No,Yes,No,No,Yes,No,Yes,Yes,No,No,No,No,No,No,No,No,Female,18-29,"$150,000+",Graduate degree,55418,West North Central
3123406008.0,north central,Not much,No,No,No,No,No,No,No,Yes,No,No,Yes,No,No,Yes,No,No,No,No,No,Yes,Male,30-44,"$50,000 - $99,999",Some college,56201,West North Central
3122891384.0,west,Some,Yes,Yes,Yes,Yes,Yes,Yes,Yes,Yes,Yes,No,Yes,Yes,No,No,No,Yes,No,No,No,No,Female,30-44,"$100,000 - $149,999",Associate or bachelor degree,80020,Mountain
3125141095.0,the midwest DUH,A lot,No,Yes,Yes,Yes,No,Yes,Yes,Yes,Yes,No,Yes,No,No,No,No,No,No,No,No,No,Male,> 60,"$100,000 - $149,999",Associate or bachelor degree,69301,West North Central
3121867666.0,Fantastic!,A lot,No,No,Yes,Yes,No,No,Yes,No,No,No,No,No,No,No,No,No,No,No,No,No,Female,45-60,"$0 - $24,999",Some college,50317,West North Central
3122869486.0,Midwest,Not much,Yes,Yes,Yes,Yes,Yes,Yes,Yes,No,No,Yes,No,Yes,No,No,No,No,No,No,No,No,Female,> 60,"$50,000 - $99,999",High school degree,60107,East North Central
3122883170.0,The south,Not at all,No,Yes,No,No,No,No,No,Yes,Yes,No,Yes,Yes,No,Yes,No,Yes,No,No,Yes,No,Female,30-44,"$25,000 - $49,999",Associate or bachelor degree,71603,West South Central
3123077097.0,South,Not at all,Yes,Yes,Yes,Yes,No,No,No,Yes,No,No,No,No,No,No,No,Yes,No,No,No,No,Female,18-29,"$50,000 - $99,999",Associate or bachelor degree,40517,East South Central
3121496961.0,upper midwest,A lot,Yes,No,Yes,No,Yes,Yes,No,Yes,Yes,No,Yes,Yes,No,No,No,No,No,No,No,No,Male,> 60,"$100,000 - $149,999",Associate or bachelor degree,50438,West North Central
3126559146.0,I travel throughout the USA and live at various Wal-Marts,Not much,Yes,Yes,Yes,Yes,Yes,Yes,No,Yes,Yes,Yes,Yes,Yes,No,No,No,No,No,No,No,No,Male,30-44,"$25,000 - $49,999",Some college,No home,Mountain
3125113513.0,Midwest,A lot,Yes,Yes,Yes,Yes,Yes,Yes,No,Yes,Yes,Yes,No,Yes,No,No,No,Yes,No,No,No,No,Male,45-60,"$100,000 - $149,999",Graduate degree,49417,East North Central
3124184102.0,Midwest,A lot,Yes,No,Yes,Yes,Yes,Yes,Yes,Yes,Yes,No,Yes,Yes,No,No,No,No,No,No,No,No,Female,45-60,"$25,000 - $49,999",Associate or bachelor degree,50021,West North Central
3122943630.0,midwest,Some,Yes,Yes,No,No,Yes,Yes,No,No,No,Yes,No,Yes,No,No,Yes,No,Yes,Yes,No,No,Female,30-44,"$50,000 - $99,999",Some college,44646,East North Central
3120835985.0,Southeast,Not at all,Yes,Yes,Yes,Yes,Yes,Yes,Yes,Yes,No,No,No,Yes,No,No,No,Yes,No,No,No,No,Female,45-60,"$100,000 - $149,999",Graduate degree,33487,Middle Atlantic
3122349870.0,Midwest,A lot,Yes,No,No,No,Yes,Yes,No,No,No,No,No,Yes,No,No,No,No,No,No,No,No,Male,45-60,"$100,000 - $149,999",Graduate degree,53066,East North Central
3121366440.0,MidAtlantic,Not at all,Yes,Yes,Yes,Yes,Yes,Yes,Yes,Yes,Yes,Yes,Yes,Yes,Yes,No,Yes,Yes,No,No,No,No,Female,18-29,"$150,000+",Associate or bachelor degree,20770,South Atlantic
3120740478.0,northeast,Not at all,No,No,Yes,No,No,Yes,No,No,No,No,No,No,No,No,No,Yes,No,No,Yes,No,Female,45-60,"$150,000+",Some college,44105,East North Central
3123302883.0,southern peninsula,Not much,No,Yes,Yes,Yes,No,No,Yes,Yes,Yes,Yes,Yes,Yes,Yes,No,No,Yes,No,No,No,Yes,Female,30-44,"$25,000 - $49,999",Less than high school degree,32117,South Atlantic
3122796778.0,Midwest,Some,Yes,Yes,Yes,No,Yes,Yes,No,No,No,Yes,No,Yes,No,No,No,No,No,No,No,No,Male,30-44,"$0 - $24,999",Some college,46236,East North Central
3124236124.0,NorthEast,Not at all,Yes,Yes,Yes,Yes,No,No,Yes,Yes,No,Yes,No,No,No,No,Yes,Yes,No,No,No,Yes,Female,> 60,"$25,000 - $49,999",Some college,19124,Middle Atlantic
3124121603.0,mid atlantic,Not at all,Yes,Yes,No,Yes,Yes,No,No,Yes,No,Yes,No,Yes,No,No,No,Yes,No,No,No,No,Male,30-44,"$150,000+",Some college,17402,Middle Atlantic
3123670092.0,midwest,A lot,Yes,No,Yes,No,No,Yes,No,No,Yes,No,Yes,Yes,No,No,No,No,No,No,Yes,Yes,Male,18-29,"$25,000 - $49,999",Some college,55101,West North Central
3122655018.0,Midwest,A lot,Yes,Yes,Yes,Yes,Yes,Yes,Yes,Yes,No,No,No,Yes,No,No,No,No,No,No,No,No,Female,45-60,"$50,000 - $99,999",Some college,53216,East North Central
3122874410.0,Central,Not much,Yes,Yes,Yes,Yes,No,Yes,Yes,Yes,Yes,No,Yes,Yes,No,No,No,Yes,No,No,No,Yes,Male,30-44,"$25,000 - $49,999",Graduate degree,60615,East North Central
3124256105.0,Midwest,A lot,Yes,Yes,Yes,Yes,No,No,Yes,No,No,Yes,No,No,No,No,Yes,No,No,No,No,No,Male,18-29,"$50,000 - $99,999",Associate or bachelor degree,62864,East North Central
3124385106.0,Middle West,A lot,Yes,Yes,Yes,No,Yes,Yes,No,No,No,Yes,No,Yes,No,No,No,No,No,No,No,No,Female,> 60,"$150,000+",Associate or bachelor degree,60202,East North Central
3123253011.0,The Midwest,A lot,Yes,Yes,Yes,No,Yes,Yes,Yes,No,No,Yes,No,Yes,No,No,No,No,No,No,No,No,Female,30-44,"$0 - $24,999",Some college,53172,East North Central
3122827008.0,Midwest,A lot,Yes,Yes,Yes,No,Yes,Yes,No,No,No,Yes,No,Yes,No,No,No,No,No,No,No,No,Male,30-44,"$100,000 - $149,999",Associate or bachelor degree,53110,East North Central
3123320103.0,Midwest,A lot,Yes,Yes,Yes,Yes,No,Yes,Yes,Yes,Yes,No,No,Yes,No,No,No,Yes,No,No,No,No,Female,18-29,"$50,000 - $99,999",High school degree,50317,West North Central
3122212353.0,western PA,Some,Yes,Yes,Yes,No,Yes,Yes,No,No,No,Yes,No,Yes,No,No,No,No,No,No,No,No,Male,> 60,?,Graduate degree,15147,Middle Atlantic
3122999149.0,West chester,Not at all,No,Yes,No,No,No,No,No,No,No,No,No,No,No,No,No,No,Yes,No,No,No,Female,18-29,"$50,000 - $99,999",High school degree,19382,Middle Atlantic
3122669455.0,Midwest,A lot,Yes,Yes,Yes,No,Yes,No,No,No,No,Yes,No,Yes,No,No,No,No,No,No,No,No,Female,45-60,"$50,000 - $99,999",Associate or bachelor degree,44139,East North Central
3122974362.0,northeast,A lot,Yes,Yes,Yes,Yes,No,No,Yes,Yes,Yes,No,Yes,Yes,Yes,No,No,Yes,No,No,No,No,Male,18-29,"$100,000 - $149,999",Some college,19446,Middle Atlantic
3123195152.0,DC/MD/VA area,Not at all,Yes,Yes,Yes,Yes,Yes,Yes,Yes,Yes,No,Yes,No,Yes,No,No,Yes,Yes,No,No,No,No,Female,> 60,"$150,000+",Some college,20735,South Atlantic
3120811758.0,southwest,Not much,Yes,Yes,Yes,Yes,No,No,Yes,Yes,Yes,Yes,Yes,No,No,No,No,No,No,No,No,No,Female,45-60,"$150,000+",Graduate degree,73034,West South Central
3121865092.0,midwest,Some,Yes,Yes,Yes,Yes,Yes,No,Yes,Yes,No,Yes,No,Yes,No,No,Yes,No,No,No,No,No,Male,30-44,"$150,000+",Graduate degree,46902,East North Central
3120750249.0,mid-west,Some,Yes,No,Yes,No,Yes,Yes,No,Yes,Yes,No,Yes,Yes,No,No,No,No,No,No,No,No,Female,18-29,"$25,000 - $49,999",Some college,55124,West North Central
3123110979.0,midwest,Some,Yes,No,Yes,No,No,Yes,Yes,Yes,Yes,No,Yes,Yes,No,No,No,No,No,No,No,No,Male,45-60,"$150,000+",Some college,52776,West North Central
3122745430.0,north east,Not much,Yes,Yes,No,No,Yes,Yes,No,No,Yes,No,No,Yes,No,No,Yes,No,No,No,No,No,Male,30-44,"$150,000+",Graduate degree,44122,East North Central
3121705247.0,Mid-Atlantic region,A lot,Yes,Yes,Yes,Yes,No,No,Yes,Yes,No,No,Yes,Yes,No,No,No,Yes,No,No,No,No,Female,30-44,"$50,000 - $99,999",Graduate degree,21209,South Atlantic
3126711745.0,North Central States,A lot,Yes,Yes,No,Yes,Yes,Yes,Yes,No,No,Yes,No,Yes,No,No,No,Yes,Yes,No,No,No,Male,30-44,"$150,000+",Associate or bachelor degree,59106,Mountain
3122895604.0,Midwest,A lot,Yes,Yes,Yes,No,No,Yes,No,No,Yes,Yes,Yes,Yes,No,No,No,No,No,No,No,No,Female,18-29,"$150,000+",Some college,55327,West North Central
3120856398.0,"East coast with a mix of country side, suburban neighborhoods, and cities.  All of this can be found within a two hour radius of where I live.",Not at all,Yes,Yes,Yes,Yes,No,Yes,Yes,Yes,Yes,Yes,Yes,Yes,Yes,Yes,Yes,Yes,No,No,Yes,Yes,Female,18-29,"$150,000+",High school degree,18040,Middle Atlantic
3123729877.0,Midwest,A lot,Yes,Yes,No,No,Yes,Yes,No,No,No,Yes,No,Yes,No,No,No,No,No,No,No,No,Female,18-29,"$0 - $24,999",Some college,49008,East North Central
3123966883.0,Mid West,A lot,Yes,Yes,No,No,No,No,No,No,No,Yes,No,No,No,No,No,No,No,No,No,No,Female,30-44,"$50,000 - $99,999",Graduate degree,43214,East North Central
3120951673.0,"a suburban area of Chicago, definetely in the midwest",A lot,Yes,Yes,Yes,No,Yes,Yes,No,Yes,No,No,No,Yes,No,No,No,No,No,No,No,No,Male,> 60,"$25,000 - $49,999",Associate or bachelor degree,60435,East North Central
3124226135.0,West,Not much,Yes,Yes,Yes,No,Yes,No,No,No,No,Yes,No,Yes,No,No,No,No,No,Yes,No,No,Male,45-60,"$100,000 - $149,999",Graduate degree,80033,Mountain
3122176221.0,Southwest,Not at all,Yes,Yes,Yes,Yes,Yes,Yes,No,Yes,No,No,No,Yes,No,No,No,No,No,No,No,No,Female,> 60,"$50,000 - $99,999",Graduate degree,80003,Mountain
3122940917.0,The Northeast.,Not at all,Yes,Yes,Yes,No,No,Yes,Yes,No,No,Yes,No,Yes,No,No,No,No,No,No,No,No,Female,18-29,"$150,000+",High school degree,17065,Middle Atlantic
3122542936.0,Midwest,Some,Yes,Yes,No,Yes,Yes,No,Yes,No,No,Yes,No,Yes,Yes,No,Yes,No,No,Yes,No,No,Female,30-44,"$50,000 - $99,999",Some college,43202,East North Central
3122487990.0,Midwest,A lot,Yes,Yes,Yes,Yes,Yes,Yes,Yes,Yes,No,Yes,No,Yes,No,No,No,Yes,No,No,No,No,Male,30-44,?,?,60607,East North Central
3123061689.0,Glober atlanta,Not at all,No,No,No,Yes,No,No,No,No,No,No,No,No,No,No,Yes,No,No,Yes,No,No,Female,45-60,?,?,30263,South Atlantic
3124028980.0,Mountain region - West,A lot,Yes,Yes,Yes,Yes,No,Yes,Yes,Yes,Yes,Yes,Yes,No,No,No,No,Yes,No,No,No,No,Female,45-60,"$50,000 - $99,999",Some college,80123,Mountain
3122944233.0,Midwest/ frozen tundra,A lot,Yes,No,Yes,No,Yes,Yes,Yes,Yes,No,No,Yes,Yes,No,Yes,No,No,No,No,No,No,Female,18-29,"$100,000 - $149,999",Some college,55024,West North Central
3122456393.0,midwest,Some,Yes,Yes,Yes,Yes,Yes,Yes,Yes,Yes,Yes,Yes,Yes,Yes,No,No,No,Yes,No,No,No,No,Female,30-44,"$50,000 - $99,999",Some college,49508,East North Central
3122950655.0,Midwest,A lot,Yes,Yes,Yes,No,Yes,Yes,No,No,No,Yes,No,Yes,No,No,No,No,No,No,No,No,Male,45-60,"$150,000+",Graduate degree,45255,East North Central
3122622760.0,The Big Apple,Not at all,No,No,No,No,Yes,No,Yes,No,Yes,No,Yes,No,No,No,Yes,Yes,No,No,Yes,No,Male,30-44,"$0 - $24,999",High school degree,11207,Middle Atlantic
3122961805.0,High Southwestern Desert.,Not much,Yes,Yes,Yes,No,Yes,Yes,No,No,No,Yes,No,Yes,No,No,Yes,No,Yes,Yes,No,No,Female,> 60,"$25,000 - $49,999",Some college,88345,Mountain
3121755025.0,Western part of U.S.,Some,Yes,No,No,No,Yes,No,No,No,Yes,No,Yes,Yes,No,No,No,No,No,No,Yes,Yes,Female,30-44,"$0 - $24,999",Some college,91356,Pacific
3124543591.0,Appalachia,Not at all,Yes,Yes,Yes,Yes,Yes,Yes,Yes,Yes,Yes,Yes,Yes,No,Yes,No,No,Yes,No,No,No,No,Male,18-29,"$150,000+",Some college,25411,South Atlantic
3121776725.0,north mid-west,Not much,Yes,Yes,Yes,No,Yes,Yes,Yes,No,No,Yes,No,Yes,Yes,No,Yes,No,No,No,No,No,Female,30-44,"$25,000 - $49,999",Graduate degree,46637,East North Central
3121722783.0,Midwest,Some,Yes,Yes,Yes,No,Yes,No,Yes,No,No,No,No,Yes,No,No,No,No,No,No,No,No,Female,30-44,"$50,000 - $99,999",Graduate degree,61048,East North Central
3123172903.0,Conservative,Not much,Yes,Yes,Yes,Yes,No,No,Yes,Yes,No,No,No,No,Yes,No,Yes,Yes,No,No,No,No,Female,> 60,"$0 - $24,999",Associate or bachelor degree,74429,West South Central
3123951181.0,Midwest,A lot,Yes,Yes,Yes,Yes,No,Yes,Yes,Yes,No,Yes,No,Yes,Yes,No,No,Yes,No,Yes,No,No,Male,> 60,"$50,000 - $99,999",Some college,50219,West North Central
3123009828.0,South,Not at all,Yes,Yes,No,Yes,No,Yes,Yes,No,Yes,Yes,Yes,Yes,Yes,No,Yes,No,No,No,No,No,Male,18-29,"$0 - $24,999",Graduate degree,37209,East South Central
3124093695.0,Midwest.,A lot,Yes,Yes,Yes,No,No,Yes,No,No,Yes,Yes,Yes,Yes,No,No,No,No,No,No,No,No,Female,45-60,"$50,000 - $99,999",Some college,43054,East North Central
3122810364.0,Midwest,A lot,Yes,Yes,Yes,Yes,Yes,Yes,Yes,No,No,Yes,No,Yes,No,No,Yes,No,No,No,No,No,Female,45-60,"$100,000 - $149,999",Graduate degree,46064,East North Central
3126735994.0,East Coast,Not at all,No,No,Yes,Yes,No,Yes,No,No,Yes,No,Yes,Yes,No,No,No,Yes,No,No,Yes,Yes,Male,18-29,"$100,000 - $149,999",Some college,16841,Middle Atlantic
3122928451.0,"The South, but I being so close to Missouri, I prefer midwest.",A lot,Yes,Yes,Yes,Yes,Yes,Yes,Yes,No,No,Yes,No,Yes,No,Yes,No,No,No,No,No,No,Female,45-60,"$25,000 - $49,999",Associate or bachelor degree,72703,West South Central
3124218248.0,heartbeat of america,A lot,Yes,Yes,Yes,Yes,Yes,Yes,No,Yes,No,Yes,No,Yes,No,No,No,No,No,No,No,No,Male,> 60,"$100,000 - $149,999",Some college,48188,East North Central
3124266076.0,MIDwESTERN,A lot,Yes,Yes,No,No,No,No,No,No,No,Yes,No,No,No,No,Yes,No,No,No,No,No,Female,> 60,"$50,000 - $99,999",Some college,40261,East South Central
3123923803.0,midwest,A lot,Yes,Yes,Yes,Yes,No,Yes,Yes,Yes,No,Yes,No,Yes,Yes,No,Yes,Yes,No,No,No,No,Female,30-44,"$50,000 - $99,999",Some college,46239,East North Central
3125567682.0,city,Some,Yes,Yes,Yes,Yes,Yes,Yes,Yes,No,No,Yes,No,Yes,No,No,No,No,No,No,No,No,Male,45-60,"$50,000 - $99,999",Associate or bachelor degree,44310,East North Central
3122558933.0,the Midwest,A lot,Yes,Yes,Yes,Yes,Yes,Yes,Yes,Yes,Yes,Yes,Yes,Yes,No,No,No,Yes,No,No,No,No,Female,> 60,"$150,000+",Graduate degree,52807,West North Central
3125339247.0,Upper mid-west,Not much,Yes,Yes,Yes,No,Yes,Yes,No,No,No,Yes,No,Yes,No,No,No,No,No,No,No,No,Male,45-60,"$150,000+",Associate or bachelor degree,49505,East North Central
3122781185.0,Mid Atlantic,Not at all,Yes,Yes,Yes,Yes,No,Yes,Yes,Yes,Yes,No,Yes,Yes,No,No,No,Yes,No,No,No,No,Male,45-60,"$50,000 - $99,999",Some college,19023,Middle Atlantic
3121960939.0,The Southwest,Not much,Yes,Yes,Yes,Yes,Yes,Yes,Yes,Yes,Yes,Yes,Yes,Yes,No,No,No,No,No,No,No,No,Male,> 60,"$50,000 - $99,999",Associate or bachelor degree,85712,Mountain
3122661970.0,Mid Missouri,Some,No,No,Yes,Yes,No,Yes,Yes,Yes,Yes,No,Yes,No,No,No,No,No,No,No,No,No,Male,45-60,"$50,000 - $99,999",High school degree,65486,West North Central
3122633679.0,midwest,A lot,Yes,Yes,Yes,Yes,Yes,Yes,Yes,Yes,No,No,No,Yes,No,No,No,No,No,No,No,No,Female,45-60,"$100,000 - $149,999",Associate or bachelor degree,63461,West North Central
3122295342.0,North East (hell),Not much,Yes,Yes,Yes,No,No,No,No,No,No,Yes,No,No,No,No,No,No,No,No,No,No,Male,> 60,"$100,000 - $149,999",Graduate degree,6850,New England
3122806967.0,Pacific Northwest,Not at all,No,No,No,Yes,No,No,Yes,Yes,No,No,Yes,No,No,No,No,Yes,No,No,No,No,Male,45-60,"$25,000 - $49,999",Associate or bachelor degree,97201,Pacific
3125460286.0,Upper Midwest,A lot,Yes,Yes,Yes,No,Yes,Yes,Yes,No,No,Yes,No,Yes,No,No,No,No,No,No,No,No,Male,> 60,"$50,000 - $99,999",Graduate degree,53224,East North Central
3120853266.0,Southeast Colorado,Some,No,No,No,Yes,No,No,No,Yes,No,No,No,No,No,Yes,No,Yes,No,No,No,No,Female,45-60,"$150,000+",Some college,81050,Mountain
3123193703.0,A little city with no windows or doors or at least this is how it feels if you don't conform,Not at all,No,No,No,No,No,No,No,No,No,No,Yes,No,No,Yes,No,Yes,No,No,No,Yes,Female,18-29,"$150,000+",Some college,84037,Mountain
3122113449.0,New England,Not at all,No,No,Yes,No,Yes,No,No,Yes,No,Yes,No,Yes,No,Yes,No,Yes,No,No,Yes,Yes,Female,18-29,"$25,000 - $49,999",Graduate degree,1851,New England
3120934385.0,Pacific Northwest,A lot,Yes,Yes,Yes,No,Yes,Yes,No,No,No,Yes,No,Yes,No,No,No,No,No,No,No,No,Male,30-44,"$150,000+",Graduate degree,98101,Pacific
3123037535.0,Eastern with lake effect weather.,Not at all,No,Yes,No,Yes,No,No,No,Yes,Yes,No,Yes,Yes,No,Yes,No,No,No,No,Yes,Yes,Male,30-44,"$50,000 - $99,999",Associate or bachelor degree,14214,Middle Atlantic
3122795412.0,Upper Midwest,A lot,Yes,Yes,Yes,Yes,Yes,Yes,Yes,Yes,Yes,Yes,Yes,Yes,No,No,No,No,No,No,No,No,Male,45-60,"$150,000+",Graduate degree,49085,East North Central
3123273405.0,Central California,Not much,Yes,Yes,No,Yes,Yes,Yes,Yes,Yes,Yes,Yes,Yes,Yes,No,No,No,Yes,Yes,No,Yes,No,Male,30-44,"$50,000 - $99,999",Some college,93455,Pacific
3120704873.0,Practically perfect,Not much,Yes,Yes,Yes,Yes,Yes,No,Yes,Yes,No,Yes,No,Yes,No,No,No,Yes,No,No,No,No,Female,> 60,"$100,000 - $149,999",Some college,94597,Pacific
3122787034.0,Northeast,Not at all,No,Yes,Yes,Yes,No,Yes,Yes,Yes,Yes,No,Yes,No,No,Yes,Yes,No,No,No,Yes,Yes,Female,30-44,"$150,000+",Associate or bachelor degree,6460,New England
3121830539.0,Denver... Mountains... Colorado,Not at all,Yes,Yes,Yes,Yes,No,No,Yes,Yes,No,Yes,No,No,No,No,No,Yes,No,No,No,No,Female,30-44,"$100,000 - $149,999",Some college,80228,Mountain
3124238936.0,Hell,Not at all,Yes,Yes,Yes,Yes,Yes,No,Yes,Yes,Yes,No,Yes,Yes,Yes,No,No,Yes,No,No,No,No,Female,45-60,"$0 - $24,999",Some college,73141,West South Central
3123548510.0,South or mid-south,A lot,Yes,Yes,Yes,Yes,Yes,Yes,Yes,Yes,Yes,Yes,Yes,Yes,No,No,No,No,No,No,No,No,Male,30-44,"$150,000+",Graduate degree,73003,West South Central
3122934654.0,Southwest,Not much,Yes,Yes,Yes,Yes,Yes,Yes,Yes,Yes,Yes,Yes,Yes,Yes,No,No,No,No,No,No,No,No,Female,> 60,?,Graduate degree,78750,West South Central
3121856210.0,The BAy Area (northern California),Not at all,No,No,Yes,Yes,No,No,No,Yes,No,No,No,No,No,No,No,No,No,No,No,No,Male,45-60,"$50,000 - $99,999",Graduate degree,94706,Pacific
3122812577.0,Southeast,Not at all,No,No,No,No,No,No,No,Yes,Yes,No,Yes,No,Yes,Yes,No,Yes,No,No,No,Yes,Female,18-29,"$50,000 - $99,999",Graduate degree,25304,South Atlantic
3122814832.0,North eastern US,Not at all,No,No,Yes,Yes,No,No,Yes,Yes,No,No,No,No,Yes,No,No,Yes,No,No,No,Yes,Female,30-44,"$50,000 - $99,999",Associate or bachelor degree,16749,Middle Atlantic
3122419329.0,Southeast,Not at all,Yes,Yes,Yes,Yes,No,Yes,Yes,Yes,No,Yes,No,Yes,Yes,No,No,Yes,No,No,No,No,Female,> 60,"$100,000 - $149,999",Some college,33785,South Atlantic
3123665734.0,"Not the Midwest, but ""Minnesota"".  I don't consider MN 'west'.",Not much,No,No,No,Yes,No,No,No,Yes,Yes,No,Yes,No,No,Yes,No,No,No,No,No,No,Female,45-60,"$25,000 - $49,999",Some college,55033,West North Central
3125674529.0,East Coast,Not at all,Yes,Yes,Yes,Yes,No,No,Yes,Yes,No,No,No,No,Yes,No,Yes,No,No,No,No,No,Male,18-29,"$150,000+",High school degree,15301,Middle Atlantic
3123254113.0,Northern Rockies Region,Not at all,Yes,Yes,Yes,No,No,No,No,No,No,Yes,No,No,No,No,Yes,No,No,No,No,No,Female,45-60,"$50,000 - $99,999",Associate or bachelor degree,59701,Mountain
3122104069.0,Midwest,A lot,Yes,Yes,Yes,No,Yes,Yes,Yes,No,No,Yes,No,Yes,No,No,No,No,No,No,No,No,Male,30-44,"$50,000 - $99,999",Some college,60630,East North Central
3120798364.0,Home,A lot,Yes,Yes,Yes,Yes,Yes,Yes,Yes,Yes,Yes,Yes,Yes,Yes,No,No,No,No,No,No,No,No,Female,30-44,"$100,000 - $149,999",Some college,73084,West South Central
3122459700.0,South,Some,Yes,Yes,Yes,Yes,No,No,No,Yes,Yes,No,Yes,Yes,No,Yes,No,No,No,No,Yes,Yes,Female,45-60,"$150,000+",Graduate degree,75032,West South Central
3122638361.0,Great Lakes region,Some,Yes,No,Yes,Yes,No,No,Yes,Yes,Yes,No,Yes,No,No,No,No,No,No,No,No,No,Male,45-60,"$0 - $24,999",Some college,49001,East North Central
3121481071.0,Backwoods,Some,No,No,No,No,No,No,No,No,No,No,No,No,No,Yes,No,Yes,No,No,No,Yes,Female,18-29,"$0 - $24,999",Some college,72683,West South Central
3120766420.0,small country area in the southern part of Arkansas,Not at all,No,No,No,No,Yes,No,No,No,No,Yes,No,No,No,No,No,No,No,No,No,No,Female,30-44,"$0 - $24,999",High school degree,71835,West South Central
3122906110.0,midwest,A lot,Yes,No,Yes,Yes,No,No,Yes,Yes,Yes,No,Yes,No,Yes,No,No,Yes,No,No,No,No,Male,45-60,"$50,000 - $99,999",Some college,63304,West North Central
3123680494.0,"Washington, DC",Some,Yes,Yes,Yes,Yes,No,No,Yes,Yes,No,No,No,Yes,Yes,Yes,Yes,Yes,No,No,No,No,Male,45-60,"$150,000+",Associate or bachelor degree,20170,South Atlantic
3122311467.0,Northeast,Not much,No,No,Yes,Yes,No,No,No,Yes,No,No,No,No,No,Yes,No,Yes,No,No,Yes,Yes,Female,45-60,"$50,000 - $99,999",Associate or bachelor degree,18902,South Atlantic
3121645620.0,southeast,Not much,No,No,Yes,Yes,No,No,Yes,Yes,Yes,No,Yes,Yes,Yes,Yes,Yes,Yes,No,No,Yes,Yes,Female,45-60,"$150,000+",Some college,33756,South Atlantic
3123770840.0,Midwest,A lot,Yes,No,Yes,No,Yes,Yes,No,No,No,Yes,No,Yes,No,No,No,No,No,No,No,No,Female,45-60,"$50,000 - $99,999",Associate or bachelor degree,54141,East North Central
3124070099.0,high plains,Some,No,No,Yes,Yes,No,Yes,Yes,Yes,Yes,No,Yes,No,No,No,No,No,No,No,No,No,Male,> 60,"$50,000 - $99,999",Some college,51142,West North Central
3121547810.0,New England,Not much,Yes,Yes,No,Yes,Yes,No,Yes,No,No,Yes,No,No,Yes,No,Yes,No,No,No,Yes,No,Male,> 60,"$150,000+",Associate or bachelor degree,6851,New England
3122461865.0,Upper Midwest.,Some,Yes,No,Yes,No,Yes,Yes,No,No,No,No,No,Yes,No,No,No,No,No,No,No,No,Male,> 60,"$50,000 - $99,999",Some college,53190,East North Central
3124459138.0,U.S.A.,A lot,Yes,No,No,No,No,No,No,No,No,No,No,No,No,No,No,No,No,No,No,No,Female,> 60,"$25,000 - $49,999",Associate or bachelor degree,61874,East North Central
3125932081.0,Northeastern,Not at all,Yes,No,No,No,No,No,No,No,Yes,Yes,Yes,Yes,No,Yes,No,No,No,No,No,No,Male,30-44,"$150,000+",Graduate degree,43015,East North Central
3121971967.0,Northeast,Not at all,Yes,Yes,No,Yes,No,No,Yes,Yes,No,No,No,Yes,No,No,No,Yes,No,No,No,No,Female,30-44,"$50,000 - $99,999",Associate or bachelor degree,20001,South Atlantic
3122258373.0,"Beautiful, narrow-minded and disconnected",Not at all,Yes,Yes,Yes,No,Yes,Yes,Yes,Yes,No,Yes,No,Yes,Yes,No,No,Yes,No,No,No,No,Female,18-29,"$100,000 - $149,999",Associate or bachelor degree,84111,Mountain
3126029388.0,West coast.,Not at all,Yes,Yes,Yes,Yes,Yes,No,Yes,Yes,Yes,Yes,Yes,Yes,No,No,No,No,No,No,No,No,Male,18-29,"$150,000+",Associate or bachelor degree,97302,Pacific
3122826922.0,Northeast,Some,Yes,Yes,Yes,Yes,No,No,No,Yes,No,No,No,No,No,Yes,No,Yes,No,No,No,No,Female,45-60,?,Associate or bachelor degree,44023,East North Central
3122092669.0,Mid-west,A lot,Yes,Yes,Yes,No,Yes,Yes,Yes,No,No,No,No,Yes,No,No,No,No,No,No,No,No,Female,45-60,"$150,000+",Graduate degree,60135,East North Central
3124139819.0,midwest,A lot,Yes,Yes,Yes,No,Yes,Yes,No,No,No,Yes,Yes,No,No,No,No,No,No,No,No,No,Male,> 60,"$50,000 - $99,999",Associate or bachelor degree,44145,East North Central
3122683555.0,the midwest,A lot,Yes,Yes,Yes,No,Yes,Yes,Yes,No,No,Yes,No,Yes,No,No,Yes,No,No,No,No,No,Female,45-60,"$100,000 - $149,999",Associate or bachelor degree,61016,East North Central
3122676929.0,the south,Not much,Yes,Yes,Yes,No,No,No,Yes,No,No,Yes,No,No,No,No,No,No,No,No,No,No,Female,30-44,"$50,000 - $99,999",Associate or bachelor degree,37214,East South Central
3123760362.0,Midwest,A lot,Yes,Yes,Yes,Yes,Yes,No,Yes,No,No,Yes,No,No,Yes,No,No,No,No,No,No,No,Female,45-60,"$150,000+",Graduate degree,62226,East North Central
3121339020.0,Midwest,Some,No,No,No,No,No,No,No,No,No,No,No,No,No,No,Yes,No,No,No,No,No,Male,> 60,"$100,000 - $149,999",Some college,42352,East South Central
3123272007.0,Eastern Pa,Not at all,No,No,Yes,Yes,No,No,No,Yes,No,No,No,No,No,Yes,No,No,No,No,Yes,Yes,Female,30-44,"$25,000 - $49,999",High school degree,18015,Middle Atlantic
3122078851.0,Midwest,Some,Yes,Yes,No,No,Yes,Yes,Yes,No,No,Yes,No,Yes,No,No,No,No,Yes,No,No,No,Female,45-60,"$150,000+",Some college,43469,East North Central
3122156038.0,The Northeast,Not at all,Yes,Yes,Yes,Yes,No,No,No,Yes,No,No,No,No,No,No,No,No,No,No,No,No,Female,> 60,"$150,000+",Graduate degree,5055,New England
3122016809.0,Midwest,A lot,Yes,Yes,Yes,Yes,No,No,Yes,Yes,No,No,No,No,No,No,No,No,No,No,No,No,Male,18-29,"$25,000 - $49,999",Some college,47906,East North Central
3124473399.0,Mid East,Not at all,No,No,No,Yes,No,No,No,Yes,No,No,Yes,No,No,Yes,No,Yes,No,No,No,Yes,Female,45-60,?,?,52302,West North Central
3122536626.0,Virginia Piedmont,A lot,Yes,Yes,Yes,No,Yes,Yes,Yes,No,No,Yes,No,Yes,No,No,No,No,No,No,No,No,Male,> 60,"$50,000 - $99,999",Graduate degree,24502,South Atlantic
3124867707.0,cold,Some,Yes,Yes,Yes,Yes,Yes,Yes,Yes,Yes,Yes,Yes,Yes,Yes,Yes,No,Yes,Yes,No,No,No,No,Male,30-44,"$50,000 - $99,999",Some college,55904,West North Central
3123206154.0,Midwest,A lot,Yes,Yes,Yes,No,Yes,Yes,No,No,No,Yes,No,Yes,No,No,No,No,No,No,Yes,No,Male,18-29,"$50,000 - $99,999",Some college,49601,East North Central
3125136438.0,Midwest,Some,Yes,Yes,No,Yes,Yes,No,Yes,No,No,Yes,No,No,No,No,Yes,No,No,No,No,No,Male,30-44,"$100,000 - $149,999",Associate or bachelor degree,45211,East North Central
3122504782.0,Midwest,A lot,Yes,Yes,Yes,No,Yes,Yes,No,No,No,Yes,No,Yes,No,No,No,No,No,No,No,No,Male,45-60,"$50,000 - $99,999",Associate or bachelor degree,54880,East North Central
3123650004.0,midwest,A lot,No,No,Yes,Yes,No,No,Yes,Yes,Yes,No,Yes,Yes,No,No,No,Yes,No,No,No,Yes,Male,18-29,"$25,000 - $49,999",Some college,68505,West North Central
3124040332.0,Pleasant,Some,Yes,Yes,No,Yes,No,No,Yes,No,Yes,No,Yes,No,Yes,No,No,No,No,No,No,No,Male,45-60,"$50,000 - $99,999",High school degree,92020,Pacific
3123694276.0,southwest,Some,Yes,Yes,Yes,Yes,No,Yes,Yes,Yes,No,Yes,No,No,Yes,No,Yes,No,No,No,No,No,Female,> 60,"$50,000 - $99,999",Associate or bachelor degree,73013,West South Central
3122983595.0,SE,Not at all,No,No,No,Yes,No,Yes,No,Yes,No,No,Yes,No,No,Yes,Yes,No,No,No,Yes,No,Female,30-44,"$100,000 - $149,999",Graduate degree,29412,South Atlantic
3122406759.0,Midwest.,A lot,Yes,Yes,Yes,Yes,Yes,Yes,No,Yes,No,Yes,No,Yes,No,No,Yes,Yes,No,No,No,No,Male,30-44,"$25,000 - $49,999",Associate or bachelor degree,45331,East North Central
3123102267.0,Very Cold,Not at all,Yes,Yes,Yes,No,Yes,Yes,No,No,No,Yes,No,Yes,No,No,No,No,No,No,No,No,Male,45-60,"$50,000 - $99,999",High school degree,49080,East North Central
3124900399.0,middle,Some,Yes,Yes,Yes,No,Yes,Yes,No,No,Yes,Yes,No,Yes,No,Yes,No,No,No,No,No,Yes,Male,18-29,"$50,000 - $99,999",Graduate degree,60201,East North Central
3123640804.0,east,Not at all,No,No,No,Yes,No,No,No,No,Yes,No,Yes,No,No,No,No,Yes,No,No,Yes,Yes,Female,45-60,"$25,000 - $49,999",Some college,18902,Middle Atlantic
3123259973.0,West Coast,Not at all,Yes,No,No,Yes,Yes,No,Yes,No,No,No,No,No,No,Yes,No,Yes,No,No,No,No,Male,30-44,"$150,000+",Graduate degree,90036,Pacific
3121965194.0,Midwest,A lot,Yes,No,Yes,Yes,Yes,Yes,Yes,Yes,Yes,No,Yes,Yes,Yes,No,No,Yes,No,No,No,No,Male,> 60,"$100,000 - $149,999",Associate or bachelor degree,50317,West North Central
3123548514.0,northeast,Not at all,No,No,Yes,Yes,No,No,Yes,Yes,Yes,No,Yes,No,Yes,Yes,No,Yes,No,No,Yes,Yes,Male,> 60,"$100,000 - $149,999",Associate or bachelor degree,18017,Middle Atlantic
3123724412.0,The Midwest.,Some,Yes,Yes,Yes,Yes,Yes,Yes,Yes,Yes,No,No,No,Yes,No,No,No,No,No,No,No,No,Female,45-60,"$100,000 - $149,999",Some college,63368,West North Central
3124238957.0,Midwest,Not much,Yes,Yes,Yes,Yes,No,No,Yes,Yes,No,Yes,No,Yes,No,No,No,No,No,No,No,No,Male,> 60,"$50,000 - $99,999",Graduate degree,62629,East North Central
3123466429.0,"I live on an island in the Pacific Ocean.  Pacific.  Way, way west.   Tropical.",Some,Yes,Yes,No,No,No,No,No,No,No,Yes,No,No,No,No,No,No,No,No,No,No,Female,> 60,"$25,000 - $49,999",Associate or bachelor degree,96744,Pacific
3121731065.0,The Northeast,Not at all,Yes,Yes,Yes,No,Yes,Yes,Yes,Yes,Yes,Yes,Yes,Yes,No,No,No,Yes,No,No,No,No,Female,45-60,"$150,000+",Graduate degree,11570,Middle Atlantic
3120829787.0,East central USA,Some,No,No,Yes,Yes,No,No,Yes,No,No,No,No,No,Yes,Yes,No,No,No,No,No,Yes,Female,18-29,"$0 - $24,999",Some college,42303,East South Central
3126056299.0,north america,Not at all,No,No,No,No,No,No,No,No,No,Yes,No,No,No,No,No,No,No,No,No,No,Male,30-44,"$0 - $24,999",Less than high school degree,26354,South Atlantic
3123572650.0,Northern central,Some,Yes,No,No,No,Yes,Yes,Yes,Yes,Yes,No,Yes,Yes,No,No,No,No,No,No,No,No,Male,45-60,?,?,55301,West North Central
3122292745.0,northern,Not at all,No,No,No,Yes,No,No,No,Yes,No,No,No,No,Yes,No,Yes,Yes,No,Yes,No,Yes,Female,45-60,?,High school degree,44505,East North Central
3124858626.0,upper midwest,A lot,Yes,No,Yes,No,No,Yes,No,No,No,No,No,Yes,No,No,No,No,No,No,No,No,Male,30-44,"$50,000 - $99,999",Associate or bachelor degree,53005,East North Central
3121979084.0,"The Mid-West. The Heartland, The best location in the Nation.",A lot,Yes,Yes,Yes,Yes,Yes,Yes,Yes,Yes,No,Yes,No,Yes,Yes,No,No,Yes,No,No,No,No,Male,> 60,?,Some college,44113,East North Central
3123079023.0,Midwest,Not at all,Yes,Yes,Yes,No,Yes,Yes,No,Yes,No,Yes,No,Yes,No,No,No,Yes,No,No,No,No,Female,18-29,"$50,000 - $99,999",Some college,20011,East North Central
3123156646.0,So far South you're starting to head North again.,Not at all,Yes,Yes,No,No,No,No,No,No,No,Yes,No,Yes,No,No,No,No,No,No,No,No,Male,18-29,"$150,000+",Graduate degree,32503,South Atlantic
3122478918.0,Northeast,Not at all,No,No,Yes,Yes,No,No,No,Yes,Yes,No,Yes,No,No,No,No,No,No,No,No,No,Female,30-44,"$100,000 - $149,999",Graduate degree,15613,Middle Atlantic
3120775287.0,South,Not at all,No,No,No,Yes,No,No,No,Yes,No,No,No,No,No,Yes,No,Yes,No,No,Yes,Yes,Female,> 60,"$50,000 - $99,999",Graduate degree,35601,East South Central
3123144178.0,Midwest,Not much,Yes,No,Yes,No,Yes,Yes,No,No,No,No,No,Yes,No,No,No,No,No,No,No,No,Female,18-29,"$25,000 - $49,999",Some college,53948,East North Central
3123110406.0,Mid-West,Some,Yes,Yes,Yes,No,Yes,Yes,Yes,No,No,No,No,Yes,No,No,No,No,No,No,No,No,Female,45-60,"$150,000+",Graduate degree,60304,East North Central
3125087847.0,Mid alantic,Not at all,Yes,No,Yes,Yes,No,No,No,Yes,Yes,No,Yes,No,No,Yes,No,Yes,No,No,Yes,Yes,Male,> 60,"$50,000 - $99,999",High school degree,16148,Middle Atlantic
3122745106.0,"girls, trucks and beer bitch",Some,Yes,Yes,Yes,Yes,Yes,Yes,Yes,Yes,Yes,Yes,Yes,Yes,Yes,Yes,Yes,Yes,Yes,Yes,Yes,Yes,Male,18-29,"$150,000+",Some college,29621,South Atlantic
3123715578.0,Eastern,Not much,No,No,No,Yes,No,No,No,Yes,Yes,No,Yes,No,No,Yes,No,Yes,No,No,Yes,Yes,Female,30-44,?,Graduate degree,25541,South Atlantic
3123067234.0,Great Lakes area,A lot,Yes,No,Yes,No,No,Yes,Yes,Yes,Yes,No,Yes,Yes,No,Yes,No,Yes,No,No,No,No,Female,> 60,?,?,53153,East North Central
3124568229.0,Midwest,A lot,No,No,Yes,No,Yes,Yes,No,Yes,Yes,No,Yes,Yes,No,No,No,No,No,No,No,No,Male,> 60,"$100,000 - $149,999",Associate or bachelor degree,55116,West North Central
3123744542.0,mid atlantic,Not at all,No,No,Yes,Yes,No,Yes,No,Yes,Yes,No,Yes,Yes,No,Yes,No,Yes,No,No,Yes,Yes,Male,> 60,"$150,000+",Graduate degree,19508,Middle Atlantic
3122080583.0,Midwest,A lot,Yes,Yes,Yes,No,No,No,No,No,No,Yes,No,No,No,No,No,No,No,No,No,No,Male,45-60,"$100,000 - $149,999",Graduate degree,60007,East North Central
3121802292.0,North-east,Not at all,Yes,Yes,Yes,Yes,Yes,No,Yes,No,No,Yes,No,No,No,No,No,No,No,No,No,No,Male,> 60,"$100,000 - $149,999",Graduate degree,12209,Middle Atlantic
3121623426.0,Eastern U.S.,Not at all,Yes,Yes,Yes,No,Yes,Yes,Yes,No,No,Yes,No,Yes,No,No,No,No,No,No,No,No,Female,45-60,"$50,000 - $99,999",Graduate degree,15232,Middle Atlantic
3121715728.0,"central midwest. Entrance to the Ozarks. one of the most beautiful parts of our country with all seasons, flats, hills, trees, flowers, rivers, lakes. has everything you could want.",A lot,Yes,Yes,Yes,Yes,No,No,Yes,Yes,No,No,No,No,Yes,No,No,Yes,No,No,No,No,Male,> 60,"$50,000 - $99,999",Associate or bachelor degree,63090,West North Central
3123012386.0,Midwest,Some,Yes,Yes,Yes,Yes,Yes,Yes,Yes,No,No,Yes,No,Yes,No,No,No,No,No,No,No,No,Female,45-60,"$150,000+",Associate or bachelor degree,48035,East North Central
3122394781.0,Midwest,Some,Yes,Yes,No,No,No,No,No,No,No,Yes,No,No,No,No,No,No,No,No,No,No,Female,18-29,"$150,000+",High school degree,47905,East North Central
3126634535.0,Mountain West,A lot,Yes,Yes,Yes,Yes,Yes,Yes,No,Yes,Yes,Yes,Yes,Yes,No,No,No,No,Yes,No,No,No,Male,30-44,"$50,000 - $99,999",Graduate degree,59715,Mountain
3122343607.0,Northcentral Midwest,Some,Yes,Yes,Yes,No,Yes,No,Yes,Yes,No,Yes,No,No,Yes,No,Yes,Yes,No,No,No,No,Male,45-60,"$50,000 - $99,999",Associate or bachelor degree,44094,East North Central
3123896307.0,Northern Mid Atlantic,Some,No,Yes,Yes,Yes,Yes,Yes,Yes,Yes,Yes,Yes,Yes,Yes,Yes,No,Yes,Yes,No,No,No,No,Female,> 60,"$50,000 - $99,999",Some college,18902,Middle Atlantic
3122893487.0,Midwest,A lot,Yes,Yes,No,Yes,No,No,Yes,Yes,No,No,No,No,No,No,Yes,No,No,No,No,No,Female,30-44,"$50,000 - $99,999",Graduate degree,42301,East South Central
3124038014.0,Middle Atlantic,Not at all,No,No,No,No,No,No,No,No,Yes,No,No,No,No,Yes,No,Yes,No,No,Yes,Yes,Male,> 60,"$50,000 - $99,999",Some college,23970,South Atlantic
3121568980.0,Southern midwest,Some,No,No,No,Yes,No,Yes,No,Yes,Yes,No,Yes,No,No,No,No,Yes,No,No,No,No,Male,45-60,"$100,000 - $149,999",High school degree,73439,West South Central
3120898362.0,The West Coast,Not at all,No,No,Yes,Yes,No,No,No,Yes,Yes,Yes,Yes,No,No,Yes,No,Yes,No,No,Yes,Yes,Female,18-29,"$150,000+",Some college,94613,Pacific
3123685474.0,the Midwest,A lot,No,No,Yes,Yes,No,No,Yes,Yes,No,No,No,No,No,Yes,No,Yes,No,No,No,No,Male,> 60,"$50,000 - $99,999",Some college,66213,West North Central
3123067036.0,the Midwest,Some,Yes,Yes,Yes,Yes,No,No,No,Yes,No,Yes,No,No,No,No,No,No,No,No,No,No,Male,> 60,"$50,000 - $99,999",Graduate degree,68507,West North Central
3122077063.0,midwest,Not much,No,Yes,Yes,No,Yes,Yes,Yes,Yes,Yes,Yes,Yes,Yes,No,No,No,No,No,No,No,No,Male,45-60,"$100,000 - $149,999",Graduate degree,55449,West North Central
3125738495.0,the midwest,A lot,Yes,Yes,Yes,No,Yes,Yes,Yes,Yes,Yes,Yes,Yes,Yes,No,No,No,No,No,No,No,No,Male,> 60,"$100,000 - $149,999",Associate or bachelor degree,63011,West North Central
3122656750.0,Mid-West,Some,Yes,Yes,Yes,Yes,Yes,Yes,Yes,Yes,Yes,Yes,Yes,Yes,Yes,Yes,Yes,Yes,Yes,Yes,Yes,Yes,Male,18-29,"$25,000 - $49,999",High school degree,47166,East North Central
3122826532.0,Midwest,A lot,Yes,Yes,Yes,Yes,Yes,Yes,No,Yes,No,Yes,No,No,No,No,No,No,No,No,No,No,Female,> 60,"$25,000 - $49,999",Graduate degree,44333,East North Central
3122744699.0,Midwest,Some,Yes,Yes,Yes,No,Yes,No,Yes,Yes,No,Yes,No,No,No,No,Yes,No,No,No,No,No,Female,30-44,"$50,000 - $99,999",Associate or bachelor degree,45202,East North Central
3122809892.0,The South-East,Not at all,Yes,Yes,Yes,Yes,Yes,Yes,Yes,Yes,Yes,Yes,Yes,Yes,Yes,Yes,No,Yes,No,No,Yes,Yes,Male,18-29,"$0 - $24,999",Associate or bachelor degree,24354,South Atlantic
3122584527.0,Pacific Northwest,Not at all,Yes,Yes,Yes,Yes,No,Yes,Yes,Yes,No,No,No,Yes,No,No,No,Yes,No,No,No,No,Male,30-44,"$100,000 - $149,999",Associate or bachelor degree,98144,Pacific
3122321212.0,Northeast,Not at all,No,No,Yes,Yes,No,No,Yes,No,No,No,No,No,No,No,Yes,Yes,No,No,No,Yes,Female,18-29,"$50,000 - $99,999",Some college,19422,Middle Atlantic
3124499504.0,NorthEast,Not at all,Yes,Yes,Yes,Yes,Yes,Yes,No,Yes,Yes,Yes,Yes,Yes,No,Yes,Yes,Yes,No,No,Yes,Yes,Male,30-44,"$25,000 - $49,999",Graduate degree,6013,New England
3122075212.0,midwest,A lot,Yes,Yes,Yes,No,Yes,Yes,No,Yes,Yes,No,Yes,Yes,No,No,No,No,No,No,No,No,Female,45-60,"$150,000+",Graduate degree,55120,West North Central
3122800289.0,Southeast Pa,Not at all,Yes,Yes,No,Yes,No,No,No,No,No,No,No,Yes,No,No,Yes,Yes,No,No,No,No,Female,> 60,"$100,000 - $149,999",Graduate degree,15650,Middle Atlantic
3121914291.0,A southern rural community.,Not at all,Yes,Yes,Yes,Yes,Yes,Yes,Yes,Yes,Yes,Yes,Yes,No,Yes,No,No,Yes,No,No,No,No,Male,45-60,"$50,000 - $99,999",Associate or bachelor degree,27583,South Atlantic
3121534051.0,Midwest,A lot,Yes,Yes,Yes,No,Yes,Yes,Yes,No,No,Yes,No,Yes,No,No,No,No,No,No,No,No,Female,30-44,"$50,000 - $99,999",Associate or bachelor degree,53207,East North Central
3122472057.0,"Paradise, Florida is amazing",Not at all,No,Yes,No,Yes,No,No,Yes,No,No,No,No,No,No,No,Yes,No,No,No,No,No,Male,18-29,"$150,000+",Some college,32304,South Atlantic
3123052759.0,Florida,Not at all,Yes,Yes,Yes,Yes,No,Yes,No,Yes,No,No,No,No,Yes,No,Yes,No,No,No,No,No,Male,18-29,"$25,000 - $49,999",Less than high school degree,33469,South Atlantic
3121603093.0,Northeast,Not at all,Yes,Yes,Yes,No,No,Yes,Yes,Yes,Yes,Yes,Yes,Yes,No,No,No,No,No,No,No,No,Male,45-60,"$150,000+",Graduate degree,7605,Middle Atlantic
3123923235.0,NORTHEAST,Not at all,Yes,No,Yes,Yes,No,No,No,No,No,No,No,No,No,No,No,No,No,No,No,No,Male,45-60,"$25,000 - $49,999",Associate or bachelor degree,10019,Middle Atlantic
3122095323.0,chicagoland,A lot,Yes,Yes,Yes,No,No,No,No,No,No,No,No,No,No,No,No,No,No,No,No,No,Male,45-60,"$50,000 - $99,999",Some college,46311,East North Central
3121678771.0,East Coast,Not at all,No,Yes,Yes,No,No,No,Yes,Yes,Yes,Yes,No,No,No,No,No,No,No,No,Yes,Yes,Female,18-29,"$25,000 - $49,999",Some college,10033,Middle Atlantic
3121368269.0,southern,Not at all,No,No,No,No,No,Yes,No,Yes,Yes,No,Yes,No,No,No,No,No,No,No,Yes,Yes,Female,45-60,"$50,000 - $99,999",Associate or bachelor degree,28504,South Atlantic
3123842965.0,midwest,A lot,Yes,Yes,Yes,No,No,Yes,Yes,No,No,No,No,Yes,No,No,No,No,No,No,No,No,Female,> 60,"$150,000+",Some college,61081,East North Central
3125856371.0,South-Central  (Oklahoma)/Midwest,A lot,No,No,Yes,Yes,No,Yes,Yes,Yes,Yes,No,Yes,Yes,Yes,Yes,No,Yes,No,No,Yes,Yes,Male,> 60,"$150,000+",Associate or bachelor degree,73132-1531,West South Central
3122817297.0,midwest,Some,Yes,Yes,Yes,Yes,No,Yes,Yes,Yes,Yes,No,Yes,Yes,No,No,No,Yes,No,No,No,No,Male,30-44,"$150,000+",Associate or bachelor degree,65201,West North Central
3126454401.0,zdfhg,Some,No,No,No,No,No,Yes,No,Yes,Yes,Yes,No,No,No,No,No,No,No,No,No,No,Male,30-44,"$150,000+",Some college,544,Mountain
3122201908.0,The Eastern Alaska,Not at all,No,No,Yes,Yes,No,Yes,Yes,Yes,Yes,No,Yes,No,Yes,Yes,No,Yes,No,No,Yes,Yes,Male,18-29,"$150,000+",Some college,49006,East North Central
3122159064.0,midwest,Not at all,Yes,Yes,No,No,Yes,No,No,No,No,Yes,No,No,No,No,Yes,No,No,No,No,No,Male,> 60,"$25,000 - $49,999",Some college,45212,East North Central
3120881178.0,South,Not at all,Yes,Yes,Yes,Yes,No,No,Yes,Yes,Yes,Yes,Yes,No,Yes,Yes,No,Yes,No,No,No,No,Female,45-60,"$50,000 - $99,999",Associate or bachelor degree,32712,South Atlantic
3124038249.0,midwest,A lot,Yes,Yes,No,No,Yes,Yes,No,Yes,No,Yes,No,Yes,No,No,No,No,No,No,No,No,Male,> 60,"$150,000+",Graduate degree,54911,East North Central
3124728773.0,West Coast  SoCal  Southern California,Not at all,No,Yes,Yes,Yes,No,No,Yes,Yes,No,Yes,Yes,No,Yes,No,Yes,Yes,No,No,No,Yes,Male,30-44,"$100,000 - $149,999",Associate or bachelor degree,91320,Pacific
3122691685.0,Northeast,Not much,Yes,Yes,No,No,Yes,No,Yes,No,No,No,No,Yes,No,No,No,No,No,No,No,No,Male,> 60,"$150,000+",Associate or bachelor degree,10038,Middle Atlantic
3122543392.0,midwest,A lot,Yes,Yes,Yes,Yes,Yes,Yes,Yes,Yes,Yes,Yes,Yes,Yes,Yes,No,No,No,No,No,No,No,Male,> 60,"$150,000+",Associate or bachelor degree,60015,East North Central
3123231946.0,The west.,Not at all,Yes,Yes,Yes,Yes,Yes,Yes,Yes,Yes,Yes,Yes,Yes,Yes,No,No,No,Yes,No,No,No,No,Female,45-60,"$50,000 - $99,999",Some college,82939,Mountain
3122721858.0,California,Not at all,Yes,Yes,Yes,Yes,Yes,Yes,Yes,Yes,No,Yes,Yes,Yes,No,No,No,No,No,No,No,No,Female,> 60,"$150,000+",Graduate degree,94114,Pacific
3123259239.0,Midwest,Some,No,No,Yes,Yes,No,Yes,No,Yes,Yes,No,Yes,No,No,Yes,No,Yes,No,No,Yes,Yes,Female,18-29,"$100,000 - $149,999",Some college,55431,West North Central
3121787580.0,Pacific Northwest,Not much,No,No,No,No,Yes,Yes,No,No,Yes,No,Yes,Yes,No,No,No,No,No,No,No,No,Female,30-44,"$25,000 - $49,999",Associate or bachelor degree,98058,Pacific
3122539764.0,central,Some,Yes,Yes,Yes,Yes,No,No,Yes,Yes,No,Yes,No,No,Yes,Yes,Yes,Yes,No,No,No,Yes,Female,18-29,"$25,000 - $49,999",Some college,73160,West South Central
3124258189.0,Mid-Atlantic,Not at all,Yes,Yes,Yes,No,Yes,Yes,Yes,Yes,Yes,Yes,Yes,Yes,No,Yes,No,No,No,No,Yes,Yes,Female,> 60,"$0 - $24,999",High school degree,19114,Middle Atlantic
3124845886.0,Midwest,A lot,No,No,Yes,No,Yes,Yes,No,No,Yes,No,Yes,Yes,No,No,No,No,No,No,No,No,Female,30-44,"$150,000+",Graduate degree,55812,West North Central
3121732135.0,Midwest,Not much,Yes,No,Yes,No,No,Yes,No,Yes,Yes,No,Yes,Yes,No,No,No,No,No,No,No,No,Female,> 60,"$50,000 - $99,999",Some college,55474,West North Central
3122071519.0,Midwest,A lot,Yes,Yes,Yes,No,Yes,Yes,No,No,No,Yes,No,Yes,No,No,Yes,No,No,No,No,No,Male,> 60,"$100,000 - $149,999",Graduate degree,47348,East North Central
3120699360.0,Mountains or west,Some,Yes,Yes,Yes,No,Yes,Yes,Yes,No,No,Yes,No,Yes,No,No,No,No,No,No,No,No,Female,30-44,"$100,000 - $149,999",Graduate degree,80421,Mountain
3120953261.0,mid-atlantic,Not at all,Yes,Yes,Yes,Yes,No,No,No,Yes,No,Yes,No,No,No,No,Yes,No,No,No,No,No,Female,> 60,"$0 - $24,999",Associate or bachelor degree,22303,South Atlantic
3120842858.0,Southwest,Not at all,Yes,Yes,No,No,Yes,No,No,No,No,No,No,Yes,No,No,No,No,No,No,No,No,Female,> 60,"$150,000+",Some college,773454,West South Central
3122870329.0,Pacific Northwest,Not at all,Yes,Yes,No,No,No,No,Yes,No,No,Yes,No,No,No,No,No,No,No,No,No,No,Male,45-60,"$150,000+",Graduate degree,98665,Pacific
3123001936.0,The south,Some,No,No,No,No,No,No,No,No,Yes,No,No,No,No,No,No,No,No,No,Yes,Yes,Female,45-60,"$50,000 - $99,999",Some college,72032,West South Central
3123007532.0,West,Some,Yes,Yes,Yes,Yes,No,No,Yes,Yes,Yes,Yes,Yes,No,No,No,No,Yes,No,No,No,No,Female,30-44,"$100,000 - $149,999",Associate or bachelor degree,95409,Pacific
3124938475.0,Midwest,A lot,Yes,Yes,Yes,Yes,Yes,Yes,Yes,Yes,Yes,Yes,Yes,Yes,Yes,No,No,Yes,No,No,No,No,Male,> 60,"$150,000+",Graduate degree,68801,West North Central
3122818368.0,the best place to live.  Get to experience all the different climates.  Friendly people.  Reasonable cost of living.,A lot,No,No,No,Yes,No,No,Yes,Yes,No,No,No,No,Yes,Yes,No,Yes,No,No,No,No,Female,> 60,"$50,000 - $99,999",Associate or bachelor degree,67060,West North Central
3122898488.0,Midwest,A lot,No,No,Yes,No,No,Yes,No,No,Yes,No,Yes,Yes,No,No,No,No,No,No,No,No,Female,> 60,"$100,000 - $149,999",Graduate degree,56309,West North Central
3120730218.0,West,Not at all,Yes,Yes,Yes,Yes,Yes,Yes,Yes,Yes,Yes,Yes,Yes,Yes,Yes,No,Yes,Yes,No,Yes,No,No,Female,45-60,"$50,000 - $99,999",Associate or bachelor degree,89021,Mountain
3123784245.0,southwest,Some,Yes,No,Yes,Yes,No,Yes,Yes,Yes,Yes,No,Yes,Yes,No,No,No,No,No,No,No,No,Male,> 60,"$100,000 - $149,999",Graduate degree,78739,West South Central
3120838764.0,East Coast,Not at all,No,No,No,No,No,No,No,Yes,No,No,No,No,No,No,No,Yes,No,No,No,No,Female,30-44,"$150,000+",Graduate degree,21128,South Atlantic
3122598508.0,North East,Not at all,Yes,Yes,Yes,Yes,Yes,Yes,Yes,Yes,Yes,No,Yes,Yes,Yes,Yes,No,Yes,No,No,Yes,Yes,Male,> 60,"$50,000 - $99,999",Graduate degree,11547,Middle Atlantic
3124430949.0,COLD,A lot,Yes,No,No,No,Yes,No,No,No,No,Yes,No,Yes,No,No,No,No,No,No,No,No,Male,45-60,"$25,000 - $49,999",Some college,48017,East North Central
3122949226.0,Southwest,Not much,No,No,No,Yes,No,No,Yes,Yes,No,No,No,No,No,Yes,No,Yes,No,No,No,No,Female,30-44,"$50,000 - $99,999",Graduate degree,85296,Mountain
3124777082.0,Rural,Not at all,Yes,Yes,No,No,Yes,Yes,Yes,No,No,Yes,No,Yes,No,No,Yes,No,No,No,No,Yes,Female,30-44,"$25,000 - $49,999",Graduate degree,44103,East North Central
3122872503.0,Pacific Northwest,A lot,Yes,No,Yes,No,Yes,Yes,No,Yes,Yes,No,Yes,Yes,No,No,No,No,No,No,No,Yes,Female,30-44,"$50,000 - $99,999",Some college,97216,Pacific
3123617322.0,New York/Northeast,Not at all,No,No,No,Yes,No,No,No,No,No,No,No,No,Yes,No,Yes,Yes,No,No,No,No,Female,18-29,"$50,000 - $99,999",Graduate degree,10901,Middle Atlantic
3123961388.0,nw,Not much,No,No,No,No,No,No,No,No,No,Yes,No,No,No,No,No,No,No,No,No,No,Female,30-44,"$25,000 - $49,999",Some college,43315,East North Central
3122737688.0,Southwest,A lot,No,Yes,Yes,Yes,No,Yes,Yes,Yes,Yes,No,Yes,Yes,No,Yes,No,No,No,No,No,No,Male,30-44,"$100,000 - $149,999",Some college,87402,Mountain
3122870969.0,Northeastern,Not at all,No,No,Yes,Yes,No,No,No,Yes,No,No,No,Yes,Yes,No,No,Yes,No,No,No,No,Male,45-60,"$50,000 - $99,999",High school degree,15021,Middle Atlantic
3123005817.0,New Mexico,Not at all,No,No,No,No,No,No,No,Yes,Yes,No,No,No,No,Yes,No,No,No,No,Yes,Yes,Male,18-29,"$150,000+",High school degree,87508,Mountain
3123571307.0,Midwest,Some,Yes,Yes,No,No,No,No,Yes,No,Yes,Yes,Yes,No,No,No,Yes,No,No,No,No,No,Female,18-29,"$25,000 - $49,999",Associate or bachelor degree,46227,East North Central
3122167117.0,Midwest,Some,Yes,Yes,Yes,Yes,Yes,Yes,Yes,No,No,Yes,No,Yes,Yes,No,Yes,Yes,No,No,No,No,Female,45-60,"$150,000+",Graduate degree,61822,East North Central
3122044100.0,East Coast,Not at all,No,No,Yes,Yes,No,No,Yes,Yes,No,No,No,No,Yes,Yes,No,Yes,No,No,No,No,Female,18-29,"$25,000 - $49,999",Associate or bachelor degree,15924,Middle Atlantic
3120661202.0,New England,Not at all,No,No,No,Yes,No,No,Yes,Yes,No,No,No,No,No,Yes,No,Yes,No,No,No,Yes,Female,30-44,"$50,000 - $99,999",Graduate degree,1861,New England
3122060778.0,West,Not at all,Yes,Yes,Yes,Yes,No,Yes,Yes,Yes,No,Yes,Yes,Yes,No,No,No,No,No,No,No,No,Female,> 60,"$100,000 - $149,999",Graduate degree,95018,Pacific
3123272749.0,Northwest,Not at all,No,Yes,Yes,No,No,Yes,Yes,No,Yes,No,Yes,No,No,No,No,No,No,No,No,No,Female,18-29,"$100,000 - $149,999",Associate or bachelor degree,98329,Pacific
3122839741.0,central plains,A lot,Yes,Yes,Yes,Yes,No,No,Yes,Yes,Yes,Yes,Yes,No,No,Yes,No,No,No,No,No,No,Female,> 60,"$150,000+",Graduate degree,67502,West North Central
3123085748.0,Midwest,Not at all,Yes,Yes,No,No,Yes,Yes,Yes,No,No,Yes,No,Yes,No,No,No,No,No,No,No,Yes,Female,18-29,"$25,000 - $49,999",Graduate degree,44305,East North Central
3123869257.0,"North East, near the Appalachian Trail and Ohio River.",Not at all,No,No,Yes,Yes,No,Yes,No,Yes,No,No,No,No,No,Yes,No,Yes,No,No,No,No,Female,30-44,"$100,000 - $149,999",Some college,41169,East South Central
3121613103.0,northeast,Not at all,Yes,Yes,Yes,Yes,Yes,Yes,Yes,Yes,Yes,Yes,Yes,Yes,Yes,No,Yes,Yes,No,No,No,No,Male,> 60,"$150,000+",Graduate degree,14618,Middle Atlantic
3122966446.0,West,A lot,Yes,Yes,No,Yes,Yes,No,No,No,No,Yes,No,No,No,No,Yes,No,No,No,No,No,Female,> 60,"$150,000+",Some college,91792,Pacific
3124764448.0,northeast,Not at all,No,No,Yes,Yes,No,Yes,Yes,Yes,No,No,No,No,Yes,No,No,Yes,No,No,Yes,Yes,Female,30-44,"$150,000+",Associate or bachelor degree,15068,Middle Atlantic
3122344726.0,Mid Atlantic,Not at all,Yes,Yes,Yes,No,Yes,Yes,No,No,No,Yes,No,Yes,No,No,No,No,No,No,No,No,Male,18-29,"$150,000+",Associate or bachelor degree,20010,South Atlantic
3121632728.0,Midwest,A lot,Yes,Yes,Yes,No,Yes,Yes,Yes,No,No,Yes,No,Yes,No,No,Yes,No,No,No,No,No,Female,18-29,"$25,000 - $49,999",Graduate degree,47901,East North Central
3122450931.0,mid-Atlantic,Not at all,Yes,No,Yes,No,Yes,Yes,No,No,No,Yes,No,Yes,No,No,No,Yes,No,No,No,No,Female,45-60,"$150,000+",Graduate degree,19382,Middle Atlantic
3122506725.0,Upper Plains States,Some,Yes,No,Yes,Yes,Yes,Yes,Yes,Yes,Yes,No,Yes,Yes,No,No,No,Yes,No,No,No,No,Female,45-60,"$100,000 - $149,999",Associate or bachelor degree,57078,West North Central
3122986619.0,Midwest,Some,Yes,Yes,Yes,Yes,No,No,Yes,Yes,No,No,No,No,No,No,No,No,No,No,No,No,Female,45-60,?,Graduate degree,62704,East North Central
3126149299.0,Northeast,Not at all,No,No,No,Yes,No,Yes,Yes,Yes,No,No,No,No,Yes,Yes,No,No,No,No,Yes,No,Male,30-44,"$150,000+",High school degree,16412,Middle Atlantic
3121684916.0,northeast,Not at all,Yes,Yes,Yes,Yes,Yes,No,No,Yes,No,Yes,No,Yes,No,No,No,Yes,No,No,No,No,Female,30-44,"$150,000+",Graduate degree,520,New England
3122878622.0,Mid West,A lot,Yes,Yes,Yes,Yes,Yes,Yes,No,Yes,Yes,Yes,Yes,Yes,No,No,No,Yes,Yes,No,No,No,Male,45-60,"$150,000+",Some college,48138,East North Central
3124328935.0,Northeast,Not at all,Yes,Yes,Yes,Yes,No,No,Yes,No,Yes,No,Yes,Yes,No,No,No,No,No,No,No,No,Male,45-60,"$150,000+",Some college,14423,Middle Atlantic
3122039992.0,Depressed,Not at all,No,No,Yes,Yes,No,No,Yes,Yes,No,No,No,Yes,No,No,No,No,No,No,Yes,Yes,Female,30-44,"$0 - $24,999",Some college,16148,Middle Atlantic
3123559124.0,"New York City, the east, the east coast",Not at all,Yes,Yes,Yes,Yes,Yes,Yes,Yes,Yes,No,Yes,No,Yes,No,No,No,Yes,No,No,No,No,Female,> 60,"$100,000 - $149,999",Graduate degree,10007,Middle Atlantic
3120711540.0,The Wild West,Not much,Yes,Yes,Yes,Yes,No,No,Yes,Yes,No,Yes,No,No,Yes,No,Yes,Yes,No,No,No,No,Female,30-44,"$150,000+",Graduate degree,80513,Mountain
3124561096.0,Southern California,Not at all,Yes,Yes,Yes,Yes,No,No,No,No,No,Yes,No,Yes,No,No,No,No,No,No,No,No,Male,30-44,"$150,000+",Some college,93001,Pacific
3122889886.0,northeast,Some,No,Yes,No,No,No,No,No,No,No,No,No,No,No,No,No,No,No,No,No,No,Male,> 60,"$50,000 - $99,999",Some college,17601,Middle Atlantic
3122779116.0,Rust Belt,Some,Yes,Yes,Yes,Yes,Yes,Yes,Yes,Yes,No,Yes,No,Yes,No,No,No,No,No,No,No,No,Male,> 60,"$100,000 - $149,999",Graduate degree,44109,East North Central
3123011326.0,Pacific Northwest,Not at all,Yes,Yes,Yes,Yes,No,No,No,Yes,No,No,No,No,No,No,No,Yes,No,No,No,No,Male,45-60,"$50,000 - $99,999",Graduate degree,97223,Pacific
3121810991.0,North East,Not at all,No,Yes,No,Yes,No,No,No,Yes,No,No,No,Yes,Yes,No,No,Yes,No,No,No,No,Female,30-44,"$50,000 - $99,999",Some college,1001,New England
3121801174.0,South,Not at all,No,No,No,No,No,No,No,No,No,No,No,No,No,No,No,Yes,No,No,Yes,No,Female,30-44,"$150,000+",Graduate degree,29073,South Atlantic
3123900943.0,"4 seasons , next to the ocean with a colonial flare",Not at all,Yes,Yes,Yes,Yes,No,Yes,Yes,Yes,Yes,Yes,Yes,Yes,No,Yes,No,Yes,No,No,Yes,Yes,Female,18-29,"$150,000+",Some college,6514,New England
3122674493.0,West,Some,Yes,Yes,Yes,No,Yes,No,No,Yes,No,Yes,No,No,No,No,No,No,No,No,No,No,Female,45-60,"$150,000+",High school degree,80831,Mountain
3120959194.0,midwest,Not much,Yes,Yes,Yes,Yes,Yes,Yes,Yes,Yes,Yes,Yes,Yes,Yes,Yes,Yes,Yes,Yes,Yes,Yes,Yes,Yes,Female,18-29,"$150,000+",High school degree,45233,East North Central
3124006647.0,Northeast,Not at all,No,Yes,No,Yes,Yes,Yes,Yes,No,No,No,No,No,No,Yes,No,No,No,No,No,No,Male,> 60,"$100,000 - $149,999",Associate or bachelor degree,12583,Middle Atlantic
3123926674.0,The East Coast,Not at all,No,Yes,No,No,No,No,Yes,Yes,Yes,No,Yes,No,No,Yes,No,Yes,No,Yes,Yes,Yes,Male,18-29,"$50,000 - $99,999",Some college,14513,Middle Atlantic
3123697446.0,The woods near the beach on the southeastern coach of Lake Michigan,A lot,Yes,No,Yes,Yes,Yes,Yes,Yes,Yes,No,Yes,No,Yes,No,No,No,No,No,No,No,No,Male,> 60,"$0 - $24,999",Associate or bachelor degree,49117,East North Central
3126469715.0,Northeast,Not at all,Yes,Yes,Yes,Yes,Yes,No,Yes,Yes,Yes,Yes,Yes,Yes,No,No,No,No,No,No,No,No,Male,30-44,"$50,000 - $99,999",Graduate degree,18966,Middle Atlantic
3121852446.0,west coast,Not at all,Yes,Yes,Yes,Yes,Yes,No,No,Yes,Yes,No,No,No,No,No,No,Yes,No,No,No,Yes,Female,45-60,"$100,000 - $149,999",Some college,95758,Pacific
3121880356.0,the South,Not at all,Yes,Yes,Yes,Yes,No,No,Yes,Yes,No,Yes,No,No,No,No,No,Yes,No,No,No,No,Female,45-60,"$150,000+",Some college,72210,West South Central
3121661803.0,Midwest,A lot,Yes,Yes,No,No,Yes,Yes,No,Yes,No,Yes,No,Yes,No,No,No,No,No,No,No,No,Female,30-44,"$100,000 - $149,999",Graduate degree,46201,East North Central
3123190870.0,Rural,Not at all,No,No,No,No,No,No,No,Yes,No,No,No,No,No,Yes,No,Yes,No,No,Yes,Yes,Female,> 60,"$50,000 - $99,999",Associate or bachelor degree,28692,South Atlantic
3122321209.0,Mid-east,Some,Yes,Yes,Yes,Yes,No,No,Yes,Yes,No,No,Yes,No,Yes,Yes,No,Yes,No,No,No,No,Female,> 60,"$50,000 - $99,999",Associate or bachelor degree,40517,East South Central
3122772599.0,"Laid back, gorgeous, home! Colorado's the best state to live in!",Not much,No,No,No,Yes,No,No,Yes,Yes,No,No,Yes,No,No,Yes,No,Yes,No,No,No,Yes,Female,18-29,"$0 - $24,999",Associate or bachelor degree,80026,Mountain
3122779055.0,Midwest,A lot,Yes,No,No,No,Yes,Yes,No,No,Yes,No,Yes,Yes,No,No,No,No,No,No,No,No,Male,45-60,"$50,000 - $99,999",Some college,54937,East North Central
3122555902.0,the midwest,Some,Yes,Yes,Yes,No,No,Yes,Yes,Yes,No,No,No,Yes,No,No,No,No,No,No,No,No,Male,> 60,"$150,000+",Graduate degree,63141,West North Central
3122348248.0,Mid Atlantic,Not much,Yes,Yes,Yes,Yes,No,No,Yes,Yes,No,Yes,No,No,Yes,No,No,Yes,No,No,No,No,Female,> 60,"$100,000 - $149,999",Associate or bachelor degree,15206,Middle Atlantic
3121650692.0,midwest,A lot,Yes,Yes,Yes,Yes,No,Yes,Yes,Yes,No,No,No,Yes,Yes,No,No,Yes,No,No,No,No,Male,45-60,"$100,000 - $149,999",Some college,62269,East North Central
3122651631.0,the midwest,Not much,Yes,Yes,Yes,No,Yes,Yes,Yes,No,No,Yes,No,Yes,No,No,No,No,No,No,No,No,Male,18-29,"$50,000 - $99,999",High school degree,60634,East North Central
3122932012.0,mid west,A lot,Yes,No,No,No,Yes,Yes,No,No,No,No,No,Yes,No,No,No,No,No,No,No,No,Male,> 60,"$100,000 - $149,999",Associate or bachelor degree,60014,East North Central
3122827688.0,The South,Not at all,No,Yes,Yes,Yes,No,No,No,Yes,No,No,No,No,No,No,No,No,No,No,No,No,Female,> 60,"$100,000 - $149,999",Associate or bachelor degree,30506,East South Central
3124136140.0,middle America,A lot,Yes,No,Yes,Yes,No,No,Yes,Yes,No,No,No,No,No,No,No,No,No,No,No,No,Female,> 60,"$50,000 - $99,999",High school degree,63017,West North Central
3123658474.0,midwest,Some,No,No,Yes,Yes,No,No,Yes,Yes,No,No,No,No,No,No,No,Yes,No,No,No,No,Female,30-44,"$50,000 - $99,999",Some college,66053,West North Central
3121998466.0,Midwest,A lot,No,No,Yes,No,No,No,No,No,No,No,No,Yes,No,No,No,No,No,No,No,No,Male,18-29,?,Some college,53530,East North Central
3122925408.0,New England,Not at all,Yes,Yes,Yes,Yes,Yes,Yes,No,No,No,Yes,No,Yes,No,No,No,No,No,No,No,No,Male,18-29,"$50,000 - $99,999",Some college,2184,New England
3123268855.0,Midwest,Some,Yes,Yes,Yes,No,Yes,No,No,No,No,Yes,No,Yes,No,No,No,No,Yes,No,No,No,Female,18-29,"$150,000+",Associate or bachelor degree,44121,East North Central
3121621996.0,Southeast,Not at all,Yes,Yes,Yes,No,Yes,Yes,Yes,Yes,Yes,No,Yes,Yes,No,No,No,No,No,No,No,No,Female,30-44,"$50,000 - $99,999",Associate or bachelor degree,28312,South Atlantic
3122977501.0,Northeast,Not at all,No,Yes,No,No,Yes,No,No,No,No,Yes,No,No,No,No,No,No,No,No,No,No,Female,45-60,"$50,000 - $99,999",Associate or bachelor degree,8021,Middle Atlantic
3123622676.0,Mix of city and woods.,Not much,No,No,No,Yes,No,No,Yes,Yes,Yes,No,Yes,No,Yes,Yes,Yes,Yes,No,No,No,Yes,Female,18-29,"$150,000+",Some college,94566,East North Central
3124119363.0,Michigan,Some,Yes,Yes,Yes,Yes,Yes,No,No,Yes,Yes,No,Yes,Yes,Yes,No,No,Yes,No,No,No,No,Female,30-44,"$25,000 - $49,999",Some college,49201,East North Central
3125658549.0,Lost,Not much,Yes,Yes,Yes,Yes,Yes,Yes,Yes,Yes,Yes,Yes,Yes,Yes,Yes,Yes,No,Yes,No,No,No,No,Male,45-60,"$50,000 - $99,999",Some college,43332,East North Central
3122341660.0,the midwest,A lot,Yes,Yes,Yes,Yes,Yes,Yes,Yes,Yes,Yes,Yes,Yes,Yes,No,No,No,No,No,No,No,No,Male,45-60,"$25,000 - $49,999",Graduate degree,64086,West North Central
3121839925.0,Southwest,A lot,No,No,No,Yes,No,No,No,No,No,No,No,No,No,Yes,No,Yes,No,No,Yes,Yes,Female,45-60,"$50,000 - $99,999",Some college,73120,West South Central
3122776676.0,Southeast,Not much,No,No,Yes,Yes,No,No,Yes,Yes,No,No,No,Yes,Yes,Yes,No,Yes,No,No,Yes,No,Male,> 60,"$50,000 - $99,999",Some college,28601,South Atlantic
3122921049.0,South Central,Not much,No,No,No,Yes,No,No,No,No,No,No,No,No,No,Yes,No,Yes,No,No,Yes,Yes,Female,> 60,"$150,000+",High school degree,74962,West South Central
3124551421.0,Northeast,Not at all,No,Yes,No,No,No,No,No,No,No,No,No,No,No,No,No,No,No,No,No,No,Female,> 60,"$25,000 - $49,999",High school degree,47274,East North Central
3122594905.0,Midwest/Northern Plains,A lot,No,No,No,No,No,No,No,No,Yes,No,Yes,No,No,Yes,No,No,No,No,Yes,Yes,Female,30-44,"$50,000 - $99,999",Some college,58102,West North Central
3123190454.0,Midwest,Not at all,Yes,Yes,Yes,Yes,Yes,Yes,Yes,Yes,Yes,Yes,Yes,Yes,Yes,Yes,Yes,Yes,No,No,Yes,Yes,Female,30-44,"$50,000 - $99,999",Some college,46239,East North Central
3122955134.0,in the East,Not much,No,No,No,Yes,No,No,No,Yes,No,No,No,No,No,No,No,Yes,No,No,No,Yes,Female,> 60,"$25,000 - $49,999",High school degree,16508,Middle Atlantic
3122307150.0,countryside,Not at all,Yes,Yes,Yes,No,Yes,Yes,Yes,No,No,Yes,No,Yes,No,No,No,No,No,No,No,No,Female,30-44,"$100,000 - $149,999",High school degree,10512,Middle Atlantic
3122355117.0,The Midwest,Some,Yes,Yes,Yes,No,Yes,Yes,No,Yes,Yes,No,Yes,Yes,No,No,No,No,No,No,No,No,Female,18-29,"$50,000 - $99,999",Associate or bachelor degree,55305,West North Central
3122544560.0,CALIFORNIA,A lot,Yes,Yes,Yes,Yes,Yes,Yes,Yes,Yes,Yes,No,Yes,Yes,No,No,Yes,Yes,No,No,No,No,Male,45-60,"$150,000+",Associate or bachelor degree,95060,Pacific
3122499881.0,southwest,Not much,Yes,Yes,Yes,Yes,No,No,Yes,Yes,No,Yes,No,Yes,No,No,No,No,No,No,Yes,No,Female,45-60,"$150,000+",Graduate degree,85253,Mountain
3123625936.0,Mid Atlantic,Not at all,No,Yes,No,Yes,Yes,Yes,Yes,Yes,Yes,Yes,Yes,Yes,No,No,No,No,No,No,No,No,Male,30-44,"$150,000+",Associate or bachelor degree,24016,South Atlantic
3124208646.0,midwest,Some,Yes,No,Yes,Yes,No,No,Yes,Yes,No,No,No,No,No,No,No,No,No,No,No,No,Male,> 60,"$100,000 - $149,999",Some college,64836,West North Central
3122151243.0,usa,Not at all,No,No,No,Yes,No,No,Yes,No,No,Yes,No,No,No,No,No,Yes,No,No,No,No,Male,30-44,"$0 - $24,999",Some college,34743,South Atlantic
3121873356.0,The southeast,Not at all,Yes,Yes,No,Yes,No,No,Yes,No,No,Yes,No,No,Yes,No,No,No,No,No,No,No,Female,> 60,"$150,000+",Associate or bachelor degree,30341,South Atlantic
3124125079.0,Rural missouri,Some,No,No,No,Yes,No,No,Yes,Yes,No,No,No,No,Yes,No,No,Yes,No,No,No,No,Female,30-44,"$50,000 - $99,999",Associate or bachelor degree,65734,West North Central
3122892436.0,midwest,A lot,Yes,No,Yes,No,No,Yes,No,No,No,No,No,Yes,No,No,No,No,No,No,No,No,Female,45-60,"$150,000+",Some college,53502,East North Central
3122206749.0,Monterey Bay Area,Not at all,No,No,Yes,Yes,Yes,Yes,No,Yes,Yes,No,Yes,Yes,No,Yes,No,No,No,No,No,No,Male,> 60,"$25,000 - $49,999",Graduate degree,95076,Pacific
3124292964.0,East coast,Some,Yes,Yes,Yes,Yes,Yes,No,Yes,Yes,No,Yes,No,Yes,Yes,No,No,No,No,No,No,No,Female,18-29,"$150,000+",Some college,8801,Middle Atlantic
3122781964.0,Sunny south fl,Some,Yes,No,No,No,Yes,Yes,No,No,Yes,No,Yes,Yes,No,No,No,No,No,No,No,No,Female,45-60,"$50,000 - $99,999",Some college,33472,South Atlantic
3122734213.0,West,Not at all,Yes,Yes,No,Yes,Yes,No,No,Yes,No,Yes,No,Yes,No,No,No,No,No,No,No,No,Male,> 60,"$150,000+",Associate or bachelor degree,87111,Mountain
3122735061.0,the South,Some,Yes,Yes,Yes,Yes,Yes,Yes,Yes,Yes,Yes,Yes,Yes,Yes,No,No,No,Yes,No,No,No,No,Female,45-60,"$50,000 - $99,999",Associate or bachelor degree,29707,South Atlantic
3121838211.0,South,Not at all,Yes,Yes,No,Yes,Yes,Yes,Yes,Yes,Yes,No,No,Yes,No,No,No,No,No,No,No,No,Male,45-60,"$50,000 - $99,999",Graduate degree,42206,East South Central
3122984492.0,northwest,Not at all,No,Yes,Yes,Yes,No,No,Yes,Yes,Yes,Yes,Yes,Yes,No,No,No,No,No,No,No,No,Male,> 60,"$0 - $24,999",Graduate degree,98102,Pacific
3120728871.0,"Cold,bleak and weary.",Not at all,Yes,No,No,No,Yes,Yes,No,No,Yes,Yes,No,Yes,No,Yes,No,No,No,No,Yes,No,Female,45-60,"$150,000+",High school degree,53202,East North Central
3120889799.0,Midwest,Not much,Yes,Yes,Yes,Yes,Yes,Yes,Yes,Yes,No,No,No,Yes,No,No,No,No,No,No,No,No,Male,18-29,"$0 - $24,999",Associate or bachelor degree,53233,East North Central
3122873965.0,Pacific Northwest,Not at all,No,No,Yes,Yes,No,No,No,Yes,Yes,No,Yes,No,No,No,No,Yes,No,No,No,No,Male,30-44,"$150,000+",Some college,97702,Pacific
3124222956.0,midwest,Some,Yes,Yes,Yes,Yes,Yes,Yes,Yes,Yes,Yes,No,Yes,Yes,No,No,No,No,No,No,No,No,Male,30-44,"$150,000+",Graduate degree,60626,East North Central
3121897782.0,Midwest,A lot,Yes,Yes,Yes,No,Yes,Yes,No,No,No,No,No,Yes,No,No,No,No,No,No,No,No,Female,> 60,"$0 - $24,999",High school degree,60554,East North Central
3123852957.0,South,Not at all,No,Yes,Yes,Yes,No,No,No,Yes,No,Yes,No,Yes,No,No,No,No,No,No,No,No,Male,45-60,"$150,000+",Some college,75115,West South Central
3123022313.0,Pacific Coast,A lot,Yes,Yes,No,No,No,No,Yes,No,No,No,No,No,No,No,No,No,No,No,No,No,Female,30-44,"$25,000 - $49,999",Some college,91942,Pacific
3123496402.0,South,Not at all,Yes,No,Yes,No,Yes,Yes,Yes,Yes,Yes,No,Yes,Yes,No,No,No,No,No,No,No,No,Female,30-44,"$100,000 - $149,999",Associate or bachelor degree,32821,South Atlantic
3125006341.0,Snowy,Not much,Yes,Yes,Yes,Yes,Yes,Yes,Yes,No,No,Yes,No,Yes,No,No,No,No,No,No,No,No,Male,18-29,"$0 - $24,999",Associate or bachelor degree,49931,East North Central
3123042446.0,midwest,A lot,Yes,Yes,Yes,No,Yes,Yes,No,No,No,No,No,Yes,No,No,No,No,No,No,No,No,Male,> 60,"$0 - $24,999",Associate or bachelor degree,60640,East North Central
3120878397.0,Pacific Coast,Not at all,No,No,No,Yes,No,No,Yes,Yes,No,No,No,No,No,No,No,No,No,No,No,No,Female,30-44,"$0 - $24,999",Some college,92706,Pacific
3122752517.0,northern New York,Not at all,Yes,Yes,Yes,Yes,Yes,Yes,Yes,Yes,Yes,Yes,Yes,Yes,Yes,No,No,Yes,No,No,No,No,Male,> 60,"$100,000 - $149,999",Graduate degree,13601,Middle Atlantic
3126393308.0,"Beautiful and scenic, peaceful and calm. A poor area due to lack of industry but overall an excellent place to live.",Some,Yes,Yes,Yes,Yes,No,Yes,Yes,Yes,No,Yes,No,Yes,Yes,No,Yes,Yes,No,No,No,No,Male,30-44,"$25,000 - $49,999",Some college,62988,East North Central
3122976479.0,Mountain west,Not at all,Yes,Yes,Yes,No,Yes,Yes,No,No,No,Yes,No,Yes,No,No,No,No,No,No,No,No,Female,> 60,"$50,000 - $99,999",Associate or bachelor degree,80210,Mountain
3125293292.0,Midwest,Some,Yes,Yes,Yes,No,Yes,Yes,No,No,No,Yes,No,Yes,No,No,No,No,Yes,No,No,No,Male,45-60,"$50,000 - $99,999",Graduate degree,44107,East North Central
3122328413.0,The midwest,A lot,Yes,No,Yes,Yes,No,Yes,Yes,Yes,Yes,Yes,Yes,Yes,No,No,Yes,Yes,No,No,Yes,No,Female,18-29,"$50,000 - $99,999",Less than high school degree,55434,West North Central
3120859754.0,Pacific Northwest,Not at all,Yes,Yes,Yes,Yes,Yes,Yes,Yes,No,Yes,Yes,No,Yes,No,No,No,Yes,No,No,No,No,Female,45-60,"$50,000 - $99,999",Graduate degree,98648,Pacific
3122691135.0,south east,A lot,Yes,Yes,Yes,Yes,Yes,No,Yes,Yes,No,Yes,No,Yes,No,No,No,Yes,No,No,No,No,Female,> 60,"$0 - $24,999",Some college,33021,South Atlantic
3124005210.0,Mid-Atlantic,A lot,Yes,Yes,Yes,Yes,Yes,Yes,Yes,Yes,Yes,Yes,No,Yes,No,No,Yes,No,No,No,No,No,Male,> 60,"$0 - $24,999",Some college,26260,South Atlantic
3121984077.0,The Diverse part,Not much,No,No,No,No,No,No,No,No,No,Yes,No,No,No,Yes,No,No,No,No,Yes,Yes,Male,18-29,"$150,000+",Some college,44601,East North Central
3122681703.0,The south,Not at all,Yes,Yes,Yes,Yes,Yes,Yes,Yes,No,No,Yes,No,Yes,Yes,Yes,No,Yes,No,No,No,No,Male,18-29,"$0 - $24,999",Some college,28390,South Atlantic
3126357029.0,East/Central,Not at all,No,No,Yes,Yes,No,No,No,Yes,Yes,No,Yes,No,No,Yes,No,Yes,No,No,No,Yes,Male,30-44,"$150,000+",Associate or bachelor degree,15217,Middle Atlantic
3123837924.0,North East,Not much,No,No,No,Yes,No,No,No,No,Yes,No,Yes,No,Yes,Yes,Yes,No,No,No,No,Yes,Female,18-29,"$0 - $24,999",Associate or bachelor degree,16001,Middle Atlantic
3122802113.0,midwest,A lot,Yes,Yes,Yes,Yes,Yes,Yes,Yes,No,Yes,Yes,Yes,Yes,Yes,No,Yes,Yes,Yes,Yes,No,No,Female,> 60,"$50,000 - $99,999",Graduate degree,47130,East North Central
3121997149.0,I live in small town Iowa. Rumors travel faster than the people.  Everyone wants to leave but they're sucked in and can't.,Not much,No,No,Yes,Yes,No,Yes,Yes,Yes,Yes,No,Yes,No,No,No,No,Yes,No,No,No,No,Female,18-29,?,?,51051,West North Central
3122298144.0,Mid eastern coastal,A lot,Yes,Yes,Yes,Yes,No,Yes,No,Yes,Yes,No,Yes,No,No,Yes,No,No,No,No,No,No,Female,> 60,"$150,000+",Graduate degree,22578,Mountain
3122752845.0,West,Some,Yes,Yes,Yes,Yes,Yes,No,Yes,Yes,No,Yes,No,Yes,No,No,No,No,Yes,No,No,No,Male,45-60,"$150,000+",Graduate degree,82718,Mountain
3122731199.0,suburbia,Not at all,Yes,Yes,Yes,Yes,Yes,Yes,Yes,Yes,Yes,Yes,Yes,Yes,No,Yes,No,No,No,No,No,No,Female,> 60,"$150,000+",Some college,11706,Middle Atlantic
3123312482.0,"middle america; large town, small city",Some,Yes,Yes,Yes,Yes,Yes,Yes,No,No,No,Yes,No,No,No,No,Yes,No,No,No,No,No,Female,18-29,"$100,000 - $149,999",High school degree,46060,East North Central
3120952256.0,Sunny California,Not at all,Yes,Yes,Yes,No,No,No,No,No,No,Yes,No,No,No,No,No,No,No,No,No,No,Male,30-44,"$150,000+",Associate or bachelor degree,92009,Pacific
3123598374.0,frigid,Not much,Yes,Yes,No,Yes,Yes,Yes,Yes,Yes,Yes,Yes,Yes,Yes,No,No,No,No,No,No,No,No,Female,18-29,"$150,000+",Associate or bachelor degree,48326,East North Central
3122469302.0,southern,Some,Yes,Yes,No,No,Yes,No,No,No,No,Yes,No,Yes,No,No,No,No,No,No,No,No,Female,> 60,"$0 - $24,999",Graduate degree,40210,East South Central
3123049474.0,Midwest,Some,Yes,Yes,Yes,Yes,Yes,No,Yes,Yes,No,Yes,No,Yes,No,No,Yes,No,Yes,Yes,Yes,No,Male,18-29,"$150,000+",Associate or bachelor degree,16066,Middle Atlantic
3123159949.0,Midwest,Some,Yes,Yes,Yes,No,Yes,No,Yes,No,Yes,Yes,Yes,Yes,No,No,Yes,Yes,Yes,No,No,No,Female,18-29,"$50,000 - $99,999",Associate or bachelor degree,43016,East North Central
3125096120.0,Urban,Not at all,No,No,No,Yes,Yes,No,Yes,No,No,Yes,No,Yes,No,No,Yes,No,No,Yes,No,Yes,Male,18-29,"$50,000 - $99,999",High school degree,10469,Middle Atlantic
3122897288.0,Midwest,Some,Yes,Yes,Yes,Yes,No,No,Yes,Yes,No,Yes,No,No,Yes,Yes,No,Yes,No,No,No,Yes,Male,18-29,"$0 - $24,999",Associate or bachelor degree,80401,Mountain
3121163473.0,WESTERN REGION,Some,Yes,Yes,Yes,Yes,Yes,Yes,No,Yes,Yes,Yes,Yes,Yes,No,No,No,No,No,No,Yes,No,Female,> 60,"$50,000 - $99,999",Associate or bachelor degree,90034,Pacific
3126051059.0,Northeast,Not much,Yes,Yes,Yes,Yes,Yes,Yes,No,Yes,Yes,No,Yes,Yes,No,Yes,Yes,Yes,No,No,Yes,Yes,Male,18-29,"$50,000 - $99,999",Associate or bachelor degree,19020,Middle Atlantic
3123090618.0,Mountain States,A lot,Yes,Yes,Yes,Yes,No,Yes,Yes,No,No,No,No,Yes,No,No,No,Yes,No,No,No,No,Female,> 60,"$50,000 - $99,999",Associate or bachelor degree,80513,Mountain
3122515751.0,"I live in the border between the South and the Midwest. Not totally Southern, not totally Midwestern.",Not much,Yes,Yes,Yes,No,Yes,Yes,Yes,Yes,No,Yes,No,Yes,No,No,No,No,No,No,No,No,Female,18-29,"$50,000 - $99,999",Graduate degree,40517,East South Central
3120800645.0,Deep South,Not at all,Yes,Yes,Yes,No,Yes,No,No,Yes,No,Yes,No,Yes,No,No,No,No,No,No,No,No,Male,45-60,"$150,000+",Graduate degree,70437,West South Central
3122708602.0,Midwest USA,A lot,No,No,Yes,Yes,No,No,Yes,Yes,No,No,No,No,No,Yes,No,Yes,No,No,No,Yes,Female,45-60,"$50,000 - $99,999",Some college,68433,West North Central
3122232538.0,Midwest,Some,Yes,Yes,Yes,No,Yes,Yes,Yes,Yes,No,Yes,No,Yes,No,No,No,No,No,No,No,No,Female,30-44,"$25,000 - $49,999",Associate or bachelor degree,49503,East North Central
3126080690.0,Appalacha,Not at all,Yes,Yes,Yes,Yes,No,Yes,Yes,Yes,Yes,Yes,Yes,Yes,No,No,No,No,No,No,No,No,Male,30-44,"$50,000 - $99,999",Graduate degree,24801,South Atlantic
3122515480.0,Mid Atlantic states,Not at all,No,No,No,No,No,No,No,No,Yes,No,Yes,No,No,Yes,No,Yes,No,No,No,No,Female,> 60,"$50,000 - $99,999",Graduate degree,20910,South Atlantic
3123749547.0,southeast,Some,Yes,Yes,Yes,No,Yes,Yes,Yes,No,No,Yes,No,Yes,No,No,No,No,No,No,No,No,Female,> 60,"$25,000 - $49,999",Graduate degree,30110,South Atlantic
3123182209.0,Midwest,Some,Yes,Yes,No,No,Yes,No,No,No,No,Yes,No,Yes,No,No,No,No,No,No,No,No,Female,30-44,"$150,000+",Graduate degree,48917,East North Central
3122116207.0,the most beautiful desert in the world!,Not at all,Yes,Yes,Yes,Yes,Yes,Yes,Yes,Yes,Yes,Yes,Yes,Yes,No,No,No,No,No,No,No,No,Female,45-60,"$150,000+",Associate or bachelor degree,85266,Mountain
3122644502.0,Midwest,A lot,Yes,Yes,Yes,Yes,No,Yes,Yes,Yes,Yes,No,Yes,Yes,No,No,No,No,No,No,No,No,Female,> 60,"$50,000 - $99,999",Associate or bachelor degree,62223,East North Central
3122668026.0,THE UNITED STATES,Some,Yes,No,No,No,No,No,No,No,No,No,No,No,No,No,No,No,No,No,No,No,Female,30-44,"$50,000 - $99,999",Some college,62002,East North Central
3122906268.0,Big Lake,Some,No,Yes,Yes,No,Yes,Yes,No,Yes,Yes,Yes,No,Yes,No,No,No,No,No,No,No,No,Male,18-29,"$0 - $24,999",Some college,55455,Pacific
3121938966.0,Upper MidWest,A lot,Yes,No,Yes,No,Yes,Yes,Yes,No,Yes,No,Yes,Yes,No,No,No,No,No,No,No,No,Male,45-60,"$150,000+",Associate or bachelor degree,55347,West North Central
3123170755.0,the west,Not much,Yes,Yes,Yes,No,Yes,Yes,Yes,Yes,No,Yes,No,Yes,No,No,Yes,No,No,No,No,No,Female,30-44,"$150,000+",Graduate degree,95616,Pacific
3120918737.0,California foothills,Not at all,Yes,Yes,Yes,Yes,No,No,No,Yes,No,Yes,No,No,No,Yes,No,Yes,No,No,No,No,Female,> 60,"$50,000 - $99,999",Some college,95634,Pacific
3121608230.0,Mid-Atlantic,Not at all,Yes,Yes,Yes,Yes,No,No,No,Yes,Yes,No,Yes,No,No,No,No,No,No,No,No,No,Female,> 60,"$50,000 - $99,999",Graduate degree,17097,Middle Atlantic
3122829583.0,Northeast,Not at all,Yes,Yes,Yes,Yes,Yes,Yes,Yes,Yes,Yes,Yes,Yes,Yes,No,No,Yes,No,No,No,No,No,Male,30-44,"$50,000 - $99,999",Associate or bachelor degree,16365,Middle Atlantic
3122830947.0,northeast,Not at all,Yes,Yes,Yes,Yes,No,No,Yes,Yes,Yes,Yes,Yes,No,No,No,No,No,No,No,No,No,Female,> 60,"$150,000+",Graduate degree,16828,Middle Atlantic
3122605196.0,Mountain States,Not at all,No,No,Yes,Yes,No,No,Yes,Yes,Yes,No,Yes,No,No,No,No,Yes,No,No,Yes,No,Male,30-44,"$150,000+",Associate or bachelor degree,80504,Mountain
3122713966.0,Midwest,A lot,Yes,Yes,Yes,No,No,Yes,No,No,Yes,Yes,Yes,Yes,No,No,No,No,No,No,No,No,Female,18-29,"$50,000 - $99,999",Associate or bachelor degree,53959,East North Central
3122849734.0,Northeast,Not at all,Yes,Yes,No,No,Yes,No,No,No,No,Yes,No,Yes,No,No,No,No,No,No,No,No,Female,> 60,"$100,000 - $149,999",Graduate degree,19348,Middle Atlantic
3121971025.0,Northeast USA,Not at all,Yes,Yes,Yes,Yes,Yes,Yes,Yes,Yes,Yes,Yes,Yes,Yes,No,No,No,No,No,No,No,No,Male,> 60,"$150,000+",Associate or bachelor degree,1983,New England
3122985780.0,The west,Not at all,Yes,Yes,Yes,Yes,Yes,Yes,No,Yes,Yes,Yes,Yes,Yes,No,No,No,No,No,No,No,No,Female,18-29,"$50,000 - $99,999",Graduate degree,95822,Pacific
3120783975.0,Midwest,Some,Yes,Yes,Yes,Yes,No,No,Yes,No,No,Yes,No,Yes,No,No,No,No,No,No,No,No,Male,> 60,"$50,000 - $99,999",Associate or bachelor degree,45231,East North Central
3123994951.0,Midwest,Some,Yes,Yes,No,No,Yes,Yes,No,No,Yes,Yes,Yes,Yes,No,No,No,No,No,No,No,No,Male,45-60,"$100,000 - $149,999",Associate or bachelor degree,55359,West North Central
3123571775.0,Mid-West,A lot,Yes,Yes,Yes,No,Yes,Yes,No,Yes,Yes,Yes,Yes,Yes,No,No,No,No,No,No,No,No,Female,45-60,"$100,000 - $149,999",Associate or bachelor degree,49504,East North Central
3122995904.0,Southeastern,Not at all,No,No,Yes,No,No,No,Yes,Yes,No,No,Yes,No,No,No,No,Yes,No,No,Yes,Yes,Male,30-44,"$100,000 - $149,999",Some college,37130,East South Central
3123246902.0,Midwest,A lot,Yes,Yes,No,No,No,No,Yes,No,No,Yes,No,No,No,No,Yes,No,No,No,No,No,Female,18-29,"$100,000 - $149,999",High school degree,47630,East North Central
3123921836.0,New England,Not at all,Yes,Yes,Yes,Yes,No,Yes,Yes,Yes,Yes,No,Yes,Yes,No,No,No,No,No,No,No,No,Male,18-29,"$150,000+",Some college,4011,Middle Atlantic
3124346834.0,Midwest,Some,Yes,Yes,Yes,Yes,No,No,Yes,No,No,Yes,No,Yes,No,No,No,No,No,No,No,No,Female,45-60,"$25,000 - $49,999",Graduate degree,45223,East North Central
3121680930.0,South,Not at all,No,No,Yes,No,No,Yes,No,Yes,Yes,No,Yes,No,No,No,No,No,No,No,Yes,Yes,Female,45-60,"$150,000+",Associate or bachelor degree,73750,West South Central
3122621840.0,Southeast,Some,Yes,Yes,Yes,Yes,Yes,Yes,Yes,Yes,Yes,Yes,Yes,Yes,No,No,Yes,No,No,No,No,No,Male,> 60,"$25,000 - $49,999",Associate or bachelor degree,33782,South Atlantic
3122532413.0,The polluted capitol of the West,Not at all,Yes,Yes,Yes,No,Yes,Yes,Yes,No,No,Yes,No,Yes,No,No,No,No,No,No,No,No,Male,30-44,"$0 - $24,999",Associate or bachelor degree,84119,Mountain
3126780936.0,Mid-west,A lot,Yes,Yes,No,No,Yes,Yes,No,No,No,Yes,No,Yes,No,No,No,No,No,No,No,No,Male,18-29,"$25,000 - $49,999",Associate or bachelor degree,48185,East North Central
3123605510.0,Midwest,Some,Yes,Yes,Yes,Yes,Yes,Yes,Yes,Yes,Yes,Yes,Yes,Yes,Yes,No,No,Yes,No,No,No,No,Male,18-29,"$25,000 - $49,999",Some college,44278,East North Central
3122274160.0,Central South,Not much,No,No,No,Yes,No,No,Yes,No,No,No,No,No,No,Yes,No,No,No,No,Yes,Yes,Female,30-44,"$25,000 - $49,999",Some college,75234,West South Central
3124156398.0,Midwest,A lot,Yes,No,Yes,Yes,No,No,Yes,Yes,Yes,Yes,No,No,No,No,No,Yes,No,No,No,No,Male,45-60,"$100,000 - $149,999",Graduate degree,62901,West South Central
3122763426.0,"Sunny, southern Ca.",Not at all,Yes,Yes,Yes,Yes,Yes,Yes,Yes,Yes,Yes,Yes,Yes,Yes,No,No,No,No,No,No,No,No,Male,> 60,"$50,000 - $99,999",Some college,93831,Pacific
3123011908.0,Southeast,Not much,Yes,Yes,Yes,No,Yes,No,Yes,No,No,Yes,No,Yes,No,No,No,No,No,No,No,No,Male,45-60,"$150,000+",Associate or bachelor degree,33138,South Atlantic
3124535778.0,midwest,A lot,No,No,Yes,No,No,No,No,No,No,No,No,No,No,No,No,No,No,No,No,No,Female,> 60,"$0 - $24,999",Associate or bachelor degree,50554,West North Central
3124043565.0,Very Country,Not at all,Yes,Yes,Yes,Yes,Yes,Yes,Yes,Yes,No,No,No,No,No,No,No,No,No,No,No,No,Male,> 60,"$150,000+",Some college,17307,Middle Atlantic
3124495638.0,Northeastern,Not at all,No,No,No,No,No,No,No,No,No,No,No,No,No,Yes,No,No,No,No,Yes,Yes,Male,18-29,"$100,000 - $149,999",Associate or bachelor degree,16602,Middle Atlantic
3123252291.0,Northwest,Not at all,Yes,Yes,Yes,Yes,No,No,No,Yes,No,No,No,Yes,No,No,No,Yes,No,No,No,No,Male,30-44,"$100,000 - $149,999",Some college,83501,Mountain
3122458396.0,Horrible winters here in MN and wonder every year why I am doing this?   The season changes are marvelous and we all appreciate them so much.,A lot,Yes,No,Yes,No,Yes,Yes,No,No,Yes,No,No,No,No,No,No,No,No,No,No,No,Female,> 60,"$0 - $24,999",Some college,55122,West North Central
3124641641.0,West,Not much,Yes,Yes,Yes,Yes,Yes,Yes,Yes,Yes,No,Yes,No,Yes,Yes,No,No,No,No,No,No,No,Male,30-44,"$25,000 - $49,999",Associate or bachelor degree,81507,Mountain
3120917842.0,New England,Not at all,Yes,Yes,Yes,Yes,Yes,Yes,Yes,Yes,Yes,Yes,Yes,Yes,Yes,No,No,Yes,No,No,No,Yes,Female,18-29,"$25,000 - $49,999",Associate or bachelor degree,3102,New England
3123802819.0,Midwest.,A lot,Yes,Yes,Yes,No,Yes,No,No,No,No,Yes,No,Yes,No,No,Yes,No,No,Yes,No,No,Female,18-29,"$150,000+",Some college,43616,East North Central
3121957080.0,Midwest,Some,No,No,Yes,Yes,No,No,Yes,No,No,No,No,No,Yes,No,No,Yes,No,No,No,No,Female,30-44,"$150,000+",Associate or bachelor degree,64154,West North Central
3122421862.0,Northern Virginia suburbs,Not at all,Yes,Yes,Yes,Yes,No,Yes,Yes,No,Yes,Yes,Yes,No,Yes,No,No,Yes,No,No,No,No,Male,45-60,"$150,000+",Graduate degree,22192,South Atlantic
3122766060.0,Cold weather,Some,Yes,Yes,No,Yes,Yes,No,Yes,No,Yes,Yes,Yes,Yes,No,No,Yes,Yes,No,No,No,No,Male,45-60,"$25,000 - $49,999",Less than high school degree,43920,East North Central
3122850467.0,Midwest,Some,No,No,No,No,No,No,No,No,No,No,No,No,No,Yes,No,No,No,No,Yes,Yes,Male,18-29,"$0 - $24,999",High school degree,80011,Mountain
3122751469.0,Southwest,Not at all,Yes,Yes,Yes,No,Yes,Yes,Yes,Yes,No,Yes,No,Yes,No,No,No,Yes,No,No,Yes,Yes,Female,> 60,"$150,000+",Graduate degree,78209,West South Central
3124600302.0,Midwest,A lot,Yes,Yes,No,No,Yes,No,No,No,No,Yes,No,Yes,No,No,Yes,No,No,No,No,No,Male,45-60,?,Associate or bachelor degree,46237,East North Central
3123958553.0,Northeast,Not at all,Yes,Yes,Yes,Yes,Yes,Yes,Yes,Yes,No,Yes,No,Yes,No,No,No,No,No,No,No,No,Male,> 60,"$150,000+",Graduate degree,6410,New England
3122368231.0,northeast,Some,Yes,Yes,Yes,No,Yes,Yes,No,No,No,Yes,No,Yes,No,No,No,No,No,No,No,No,Female,45-60,"$100,000 - $149,999",Graduate degree,14223,Middle Atlantic
3122425980.0,Midwest,A lot,Yes,Yes,Yes,Yes,No,No,Yes,Yes,No,Yes,No,No,No,No,Yes,Yes,No,No,No,No,Male,> 60,"$25,000 - $49,999",Graduate degree,45066,East North Central
3124237594.0,Midwest,A lot,No,No,Yes,Yes,No,No,Yes,Yes,No,No,No,No,No,Yes,No,Yes,No,No,No,No,Female,45-60,"$50,000 - $99,999",Graduate degree,66436,West North Central
3123049315.0,Northeast,Not at all,No,Yes,No,No,Yes,Yes,No,No,No,Yes,No,Yes,No,No,No,No,No,No,No,No,Male,18-29,"$50,000 - $99,999",Associate or bachelor degree,19103,Middle Atlantic
3120778090.0,Midwest,A lot,Yes,Yes,Yes,No,Yes,No,Yes,No,No,Yes,Yes,Yes,No,No,No,No,No,No,No,No,Female,18-29,"$100,000 - $149,999",Associate or bachelor degree,60174,East North Central
3126705410.0,Midwest,A lot,Yes,Yes,Yes,No,Yes,Yes,Yes,No,No,Yes,No,Yes,No,No,No,No,No,No,No,No,Male,30-44,"$50,000 - $99,999",Associate or bachelor degree,62401,East North Central
3123224733.0,West Virginia or too close to Washington DC,Not much,Yes,Yes,Yes,Yes,Yes,Yes,Yes,No,Yes,Yes,Yes,Yes,No,No,No,No,No,No,No,No,Female,45-60,"$25,000 - $49,999",Associate or bachelor degree,25405,South Atlantic
3121682844.0,New england,Not at all,Yes,Yes,Yes,No,Yes,Yes,Yes,Yes,Yes,No,Yes,Yes,No,No,Yes,Yes,No,No,No,No,Female,30-44,"$100,000 - $149,999",Graduate degree,2038,New England
3122973112.0,Midwest,A lot,Yes,Yes,Yes,No,Yes,Yes,No,No,No,Yes,No,Yes,No,No,No,No,No,No,No,No,Male,30-44,"$150,000+",Graduate degree,60625,East North Central
3121840017.0,Rocky Mountains,Some,No,No,Yes,Yes,No,Yes,No,Yes,Yes,No,Yes,No,No,No,No,Yes,No,No,No,No,Male,> 60,"$25,000 - $49,999",Graduate degree,81147,Mountain
3122063124.0,Midwest,Some,Yes,Yes,Yes,Yes,No,Yes,No,No,No,Yes,No,Yes,No,No,Yes,No,No,No,No,No,Male,30-44,"$150,000+",Associate or bachelor degree,60622,East North Central
3124078907.0,midwest,A lot,No,No,Yes,Yes,No,Yes,Yes,Yes,No,No,Yes,No,Yes,No,No,Yes,No,No,No,No,Male,18-29,"$100,000 - $149,999",Associate or bachelor degree,64105,West North Central
3122666046.0,East coast,Not much,Yes,Yes,Yes,No,Yes,Yes,Yes,Yes,No,Yes,No,Yes,No,No,No,No,No,No,No,No,Female,> 60,"$50,000 - $99,999",Some college,7480,Middle Atlantic
3124986927.0,badlands,Not at all,No,No,No,No,No,No,No,Yes,No,No,No,No,No,No,No,No,No,No,No,No,Male,30-44,"$0 - $24,999",High school degree,33613,South Atlantic
3122966637.0,Midwest,Not at all,Yes,Yes,Yes,Yes,No,No,Yes,Yes,No,Yes,No,No,No,No,No,Yes,No,No,No,No,Female,> 60,"$100,000 - $149,999",Some college,45133,East North Central
3122673738.0,SE. Country,Not at all,No,Yes,Yes,Yes,No,No,Yes,Yes,No,Yes,No,No,No,No,No,No,No,No,No,No,Female,> 60,"$50,000 - $99,999",Associate or bachelor degree,30182,South Atlantic
3122808504.0,West coast,A lot,Yes,Yes,Yes,Yes,Yes,Yes,Yes,Yes,No,Yes,No,Yes,Yes,No,Yes,Yes,No,No,Yes,No,Male,30-44,"$50,000 - $99,999",Associate or bachelor degree,91601,Pacific
3122676507.0,Midwest,A lot,Yes,Yes,Yes,Yes,Yes,Yes,Yes,Yes,Yes,Yes,Yes,Yes,No,No,No,No,No,No,No,No,Female,45-60,"$100,000 - $149,999",Associate or bachelor degree,44087,East North Central
3124964542.0,Midwest,Some,Yes,Yes,Yes,No,Yes,No,No,Yes,No,No,No,Yes,No,No,No,No,No,No,No,No,Male,30-44,"$0 - $24,999",Less than high school degree,60641,East North Central
3123348002.0,Midwest,A lot,Yes,Yes,Yes,Yes,Yes,No,No,Yes,No,Yes,No,No,No,No,No,Yes,No,No,Yes,No,Male,18-29,"$50,000 - $99,999",Some college,61109,East North Central
3122877661.0,The north east,Not at all,No,Yes,Yes,Yes,Yes,Yes,Yes,Yes,Yes,Yes,Yes,Yes,No,No,No,Yes,No,No,Yes,Yes,Female,30-44,"$150,000+",Associate or bachelor degree,6951,New England
3123367257.0,Great Lakes Region,Some,Yes,Yes,Yes,No,Yes,No,No,No,No,No,No,Yes,No,No,No,No,No,No,No,No,Male,45-60,"$25,000 - $49,999",Some college,60626,East North Central
3122551019.0,North America  Mid West,A lot,Yes,Yes,Yes,Yes,Yes,Yes,Yes,Yes,Yes,Yes,Yes,Yes,Yes,No,Yes,Yes,No,Yes,No,No,Female,45-60,"$150,000+",Some college,49684,East North Central
3122961130.0,Minnesota,Some,No,No,Yes,No,No,Yes,No,No,No,No,No,Yes,No,No,No,No,No,No,No,No,Female,30-44,"$100,000 - $149,999",Associate or bachelor degree,55447,West North Central
3121965333.0,Mid-Atlantic,Not at all,No,No,No,Yes,No,Yes,No,Yes,Yes,No,No,Yes,No,No,No,No,No,No,No,Yes,Male,30-44,"$150,000+",Graduate degree,20007,South Atlantic
3124060441.0,"The area is more rural, but very close to several "" large "" cities. I consider the region as Mid Eastern",Some,No,No,Yes,No,No,No,Yes,Yes,Yes,No,Yes,No,No,Yes,No,Yes,No,No,Yes,Yes,Female,> 60,"$50,000 - $99,999",Some college,45822,East North Central
3122674651.0,Midwest,A lot,Yes,Yes,No,No,Yes,Yes,No,No,No,Yes,No,Yes,No,No,No,No,No,No,No,No,Male,45-60,"$150,000+",Some college,49426,East North Central
3123534031.0,The North East,Not at all,Yes,Yes,Yes,Yes,Yes,No,Yes,Yes,No,Yes,Yes,Yes,No,No,No,No,No,No,No,No,Male,45-60,"$100,000 - $149,999",Some college,17701,Middle Atlantic
3123210907.0,West,Not much,Yes,Yes,Yes,No,Yes,Yes,No,Yes,Yes,Yes,No,Yes,No,No,No,No,No,No,No,No,Male,30-44,"$50,000 - $99,999",Graduate degree,80249,Mountain
3122226448.0,North,Some,No,No,Yes,Yes,No,No,No,Yes,No,No,Yes,No,No,No,No,Yes,No,No,No,No,Male,45-60,"$50,000 - $99,999",Some college,49876,East North Central
3123257858.0,home,A lot,No,No,Yes,No,No,No,No,Yes,No,No,No,No,No,No,No,No,No,No,No,No,Female,> 60,"$25,000 - $49,999",Some college,52807,West North Central
3122410781.0,Southeast,Not much,No,Yes,No,Yes,Yes,Yes,Yes,Yes,Yes,No,Yes,No,Yes,Yes,Yes,Yes,No,No,Yes,Yes,Female,18-29,?,?,28607,South Atlantic
3125195663.0,upper south,Some,Yes,Yes,Yes,Yes,No,No,Yes,No,No,Yes,No,No,No,No,No,Yes,No,No,No,No,Male,45-60,"$25,000 - $49,999",Graduate degree,40342,East South Central
3123325733.0,Eastern,Not much,Yes,Yes,Yes,Yes,Yes,Yes,Yes,Yes,Yes,No,Yes,Yes,Yes,Yes,Yes,Yes,No,No,Yes,Yes,Female,18-29,"$150,000+",Less than high school degree,16639,Middle Atlantic
3124174463.0,Northeast,Not at all,No,No,No,No,No,No,No,Yes,No,No,Yes,No,No,Yes,No,Yes,No,No,Yes,Yes,Female,> 60,"$150,000+",Some college,17363,Middle Atlantic
3122569888.0,Midwest,A lot,Yes,Yes,Yes,Yes,Yes,No,Yes,Yes,No,Yes,No,Yes,No,No,Yes,No,No,No,No,No,Male,18-29,"$150,000+",High school degree,61565,East North Central
3122268090.0,mid-atlantic coastal area,Not at all,Yes,Yes,Yes,Yes,No,No,No,Yes,No,Yes,No,Yes,No,No,No,Yes,No,No,No,No,Female,45-60,"$50,000 - $99,999",Associate or bachelor degree,27265,South Atlantic
3122881006.0,Colorado,Not at all,No,No,Yes,No,No,No,Yes,Yes,No,No,No,No,No,No,Yes,No,No,No,No,No,Male,18-29,"$100,000 - $149,999",Less than high school degree,80122,Mountain
3122823169.0,Midwest,Not much,Yes,Yes,Yes,Yes,No,No,Yes,Yes,No,No,No,No,Yes,No,No,Yes,No,No,No,No,Female,45-60,"$100,000 - $149,999",Graduate degree,66061,West North Central
3122276999.0,WestCoast,Some,Yes,No,No,No,No,No,No,Yes,No,Yes,No,Yes,No,No,No,No,Yes,No,No,No,Male,30-44,"$50,000 - $99,999",Some college,90601,Pacific
3123235712.0,The south,Not at all,No,No,No,Yes,No,No,No,Yes,No,No,No,No,No,No,No,No,No,No,Yes,Yes,Female,18-29,"$0 - $24,999",Associate or bachelor degree,72701,West South Central
3122920582.0,North East,Some,Yes,Yes,Yes,No,Yes,No,Yes,Yes,No,No,No,Yes,No,No,No,No,No,No,No,No,Female,18-29,"$25,000 - $49,999",Some college,19010,Middle Atlantic
3122744968.0,The midwest,Some,Yes,Yes,Yes,Yes,Yes,No,Yes,Yes,No,No,No,Yes,No,No,No,No,No,No,No,No,Female,30-44,"$100,000 - $149,999",Associate or bachelor degree,60439,East North Central
3122114392.0,Midwest,Some,Yes,Yes,Yes,Yes,Yes,Yes,Yes,Yes,Yes,Yes,Yes,Yes,No,No,No,No,No,No,No,No,Female,30-44,"$25,000 - $49,999",Some college,55033,West North Central
3121312578.0,Paradise,Not at all,No,Yes,Yes,Yes,No,No,Yes,No,No,No,No,No,Yes,No,No,Yes,No,No,No,No,Female,45-60,"$50,000 - $99,999",High school degree,32810,South Atlantic
3122879306.0,midwest,A lot,No,No,Yes,Yes,No,Yes,Yes,No,Yes,No,Yes,No,No,No,No,No,No,No,No,No,Female,> 60,"$50,000 - $99,999",Associate or bachelor degree,56601,West North Central
3123832790.0,The Deep South,Not much,Yes,Yes,Yes,Yes,Yes,Yes,Yes,Yes,No,Yes,No,Yes,No,No,No,No,No,No,No,No,Male,45-60,"$50,000 - $99,999",Graduate degree,71275,West South Central
3120974639.0,the Southwest,Not much,Yes,Yes,Yes,Yes,Yes,Yes,Yes,No,No,Yes,No,Yes,No,No,No,No,No,No,No,No,Female,> 60,"$50,000 - $99,999",Graduate degree,92345,Pacific
3120711598.0,Colorado,Not at all,No,No,No,No,No,No,No,No,No,No,No,No,No,No,No,Yes,No,No,No,No,Female,18-29,"$25,000 - $49,999",Associate or bachelor degree,80303,Mountain
3121310207.0,Pacific northwest,Not much,No,No,No,No,No,No,No,No,Yes,No,Yes,No,No,No,Yes,Yes,No,No,Yes,Yes,Female,> 60,"$100,000 - $149,999",High school degree,98031,Pacific
3122883568.0,USA,Not at all,No,No,No,No,No,No,No,Yes,No,No,No,No,No,No,No,No,No,No,No,No,Female,30-44,"$50,000 - $99,999",Some college,92618,Pacific
3122673953.0,New England,Not at all,No,Yes,Yes,Yes,No,No,No,Yes,No,No,No,No,No,No,Yes,Yes,No,No,No,No,Female,> 60,"$0 - $24,999",?,4210,New England
3122016351.0,Midwest,A lot,Yes,Yes,Yes,No,Yes,Yes,No,No,No,Yes,No,Yes,No,No,No,No,No,No,No,No,Female,> 60,"$25,000 - $49,999",Associate or bachelor degree,53548,East North Central
3122609115.0,"Pacific Northwest, more specifically, Central Oregon High Desert",Not at all,No,No,No,No,No,No,No,No,No,No,Yes,No,No,Yes,No,No,No,No,Yes,Yes,Female,> 60,"$150,000+",Associate or bachelor degree,97760,Pacific
3121597403.0,midwest,A lot,Yes,Yes,Yes,No,Yes,Yes,No,No,No,Yes,No,Yes,No,No,No,No,No,No,No,No,Female,45-60,"$50,000 - $99,999",Graduate degree,53151,East North Central
3122773124.0,Rocky Mountain Region,Not at all,Yes,No,Yes,Yes,No,Yes,Yes,Yes,Yes,No,Yes,Yes,No,No,No,Yes,No,No,No,No,Male,18-29,"$50,000 - $99,999",Associate or bachelor degree,81620,Mountain
3122114269.0,southwest,Not at all,No,Yes,Yes,Yes,No,Yes,Yes,Yes,Yes,No,Yes,No,No,No,No,Yes,No,No,No,No,Male,> 60,"$100,000 - $149,999",Graduate degree,79416,West South Central
3121847457.0,Midwest.,Some,No,No,No,Yes,No,No,No,Yes,Yes,No,Yes,No,No,Yes,No,No,No,No,No,Yes,Male,45-60,"$100,000 - $149,999",Graduate degree,80026,Mountain
3123122090.0,New England,Not at all,No,Yes,Yes,Yes,Yes,Yes,Yes,Yes,Yes,No,Yes,Yes,No,No,No,Yes,No,No,Yes,Yes,Male,30-44,"$50,000 - $99,999",Graduate degree,2748,New England
3122902169.0,THE MIDWEST,A lot,Yes,Yes,Yes,Yes,Yes,Yes,Yes,Yes,Yes,No,Yes,Yes,No,No,No,No,No,No,No,No,Male,> 60,"$100,000 - $149,999",Associate or bachelor degree,50701,West North Central
3124459036.0,Midwest,A lot,Yes,Yes,Yes,Yes,Yes,Yes,No,Yes,No,Yes,No,Yes,No,No,Yes,No,Yes,No,No,No,Male,45-60,"$0 - $24,999",Some college,48315,East North Central
3122364713.0,Southwest,Not at all,Yes,No,Yes,Yes,Yes,No,No,Yes,No,Yes,Yes,No,No,No,No,Yes,No,No,No,No,Male,> 60,"$100,000 - $149,999",Graduate degree,85308,Mountain
3123078520.0,Midwest,Some,Yes,Yes,Yes,Yes,Yes,No,Yes,Yes,No,Yes,No,No,Yes,No,No,No,No,No,No,No,Male,30-44,"$25,000 - $49,999",Some college,65202,West North Central
3125617671.0,Appalachia,Some,Yes,Yes,No,No,No,No,No,No,No,Yes,No,No,No,No,Yes,No,No,Yes,No,No,Male,45-60,"$25,000 - $49,999",Associate or bachelor degree,43758,East North Central
3122516632.0,Midwest,A lot,Yes,No,Yes,Yes,No,No,Yes,Yes,Yes,No,Yes,No,No,Yes,No,Yes,No,No,No,Yes,Female,45-60,"$25,000 - $49,999",Some college,68506,West North Central
3125552097.0,Mid Atlantic,Not much,Yes,Yes,Yes,Yes,Yes,Yes,No,Yes,No,Yes,No,Yes,No,No,No,Yes,No,No,No,No,Male,45-60,"$50,000 - $99,999",Graduate degree,25313,South Atlantic
3120682394.0,Upper Midwest,A lot,No,No,No,No,Yes,Yes,No,No,Yes,No,Yes,Yes,No,No,No,No,No,No,No,No,Male,> 60,"$100,000 - $149,999",Graduate degree,54701,East North Central
3121329556.0,Southwest,Not at all,No,No,Yes,Yes,No,No,No,Yes,Yes,No,Yes,No,No,No,No,Yes,No,No,Yes,No,Female,> 60,"$150,000+",Associate or bachelor degree,87120,Mountain
3122695118.0,Midwest,Some,Yes,Yes,Yes,No,Yes,Yes,Yes,Yes,Yes,Yes,Yes,Yes,No,No,No,No,Yes,No,No,No,Female,45-60,?,Graduate degree,44012,East North Central
3122347727.0,tropical island,Not at all,Yes,Yes,Yes,Yes,Yes,Yes,Yes,Yes,Yes,Yes,Yes,Yes,No,No,No,No,No,No,No,No,Male,> 60,"$50,000 - $99,999",Associate or bachelor degree,96789,Pacific
3122689241.0,North East Cost or The Big Apple,Not at all,Yes,Yes,Yes,Yes,Yes,No,Yes,Yes,Yes,Yes,Yes,Yes,No,No,No,No,No,No,No,No,Male,30-44,"$150,000+",High school degree,10001,Middle Atlantic
3122351189.0,Upper Midwest,A lot,Yes,Yes,Yes,Yes,Yes,Yes,Yes,Yes,Yes,Yes,Yes,Yes,Yes,No,Yes,No,No,No,No,No,Male,> 60,"$100,000 - $149,999",Associate or bachelor degree,53092,East North Central
3122082689.0,New England,Not at all,Yes,Yes,Yes,No,Yes,No,Yes,No,No,Yes,No,No,No,No,No,No,No,No,No,No,Male,> 60,"$150,000+",Graduate degree,6611,New England
3122551606.0,southeast,Not at all,Yes,Yes,Yes,Yes,Yes,Yes,Yes,Yes,Yes,Yes,Yes,Yes,Yes,Yes,Yes,Yes,No,Yes,Yes,Yes,Female,30-44,"$50,000 - $99,999",Some college,28173,South Atlantic
3123234574.0,Midwest,Some,No,No,Yes,No,No,Yes,No,Yes,Yes,No,Yes,Yes,No,No,No,No,No,No,Yes,Yes,Female,18-29,"$150,000+",Some college,55077,West North Central
3125907943.0,Northern Plains,A lot,No,No,No,No,No,Yes,No,No,No,No,No,No,No,No,No,No,No,No,No,No,Male,30-44,"$100,000 - $149,999",Some college,55412,West North Central
3122266747.0,Eastern midwest,Some,Yes,Yes,Yes,No,Yes,Yes,Yes,No,No,Yes,No,Yes,No,No,No,No,No,No,No,No,Male,30-44,"$150,000+",Graduate degree,45240,East North Central
3120810631.0,the mid-west,Not at all,Yes,Yes,Yes,Yes,Yes,Yes,Yes,Yes,No,Yes,Yes,No,No,No,No,No,No,No,No,No,Female,18-29,"$0 - $24,999",Associate or bachelor degree,68502,West North Central
3123788715.0,Midwest,A lot,Yes,Yes,Yes,No,Yes,Yes,No,No,Yes,No,Yes,Yes,No,No,No,No,No,No,No,No,Female,18-29,"$50,000 - $99,999",Associate or bachelor degree,53598,East North Central
3122406922.0,Midwest,Not much,No,Yes,Yes,Yes,No,Yes,Yes,Yes,No,Yes,No,No,No,Yes,Yes,Yes,No,No,No,Yes,Female,18-29,"$0 - $24,999",Some college,80224,Mountain
3122647142.0,Boring,A lot,Yes,No,Yes,Yes,Yes,Yes,Yes,Yes,No,Yes,No,Yes,No,No,No,Yes,No,No,No,No,Female,18-29,?,Less than high school degree,52748,West North Central
3122840314.0,middle,A lot,Yes,Yes,Yes,Yes,Yes,Yes,Yes,Yes,Yes,Yes,Yes,Yes,Yes,Yes,Yes,Yes,No,No,Yes,Yes,Male,45-60,"$50,000 - $99,999",Some college,47424,East North Central
3121975222.0,The South,Not at all,No,No,Yes,Yes,No,No,Yes,Yes,No,No,No,No,No,Yes,No,Yes,No,No,No,No,Male,18-29,"$0 - $24,999",High school degree,37122,East South Central
3122635834.0,Ohio,Some,Yes,Yes,Yes,Yes,No,No,Yes,Yes,No,Yes,Yes,Yes,Yes,No,Yes,Yes,No,No,No,No,Male,30-44,"$100,000 - $149,999",High school degree,43202,East North Central
3123982252.0,south central Pennsylvania,Not much,No,Yes,Yes,Yes,Yes,Yes,Yes,Yes,Yes,Yes,Yes,Yes,No,Yes,Yes,Yes,No,No,Yes,Yes,Female,> 60,"$150,000+",Graduate degree,17013,Middle Atlantic
3123178738.0,Southeast,Not at all,Yes,No,Yes,Yes,No,No,No,No,No,No,No,No,No,No,No,Yes,No,No,No,No,Female,30-44,"$50,000 - $99,999",Some college,40214,East South Central
3122693553.0,South Texas,Not at all,Yes,Yes,Yes,Yes,No,Yes,Yes,Yes,Yes,Yes,Yes,Yes,No,No,No,No,No,No,No,No,Male,45-60,"$150,000+",Associate or bachelor degree,77077,West South Central
3122457872.0,Midwest,Not much,Yes,Yes,Yes,No,Yes,No,No,No,No,No,No,Yes,No,No,No,No,No,No,No,No,Male,30-44,"$150,000+",Graduate degree,60605,East North Central
3121563690.0,midwest,A lot,Yes,Yes,Yes,Yes,Yes,Yes,No,Yes,No,No,No,Yes,No,No,No,No,No,No,No,No,Female,45-60,"$150,000+",Graduate degree,60625,East North Central
3121497213.0,I live in the Midwest part of the country,A lot,Yes,No,No,No,No,No,No,No,No,No,No,No,No,No,No,No,No,No,No,No,Male,45-60,"$100,000 - $149,999",Associate or bachelor degree,60628,East North Central
3123194092.0,Midwest,A lot,Yes,Yes,No,No,Yes,No,No,No,No,Yes,No,No,No,No,Yes,No,No,Yes,No,No,Female,30-44,"$25,000 - $49,999",Graduate degree,45503,East North Central
3123133787.0,Midwest/plains,A lot,Yes,Yes,Yes,Yes,Yes,No,Yes,Yes,No,Yes,No,Yes,No,No,No,Yes,No,No,No,No,Male,45-60,"$0 - $24,999",Graduate degree,68128,West North Central
3121207505.0,Pacific Northwest.,Not at all,Yes,Yes,Yes,Yes,Yes,Yes,Yes,Yes,Yes,Yes,Yes,Yes,Yes,Yes,Yes,Yes,Yes,Yes,Yes,Yes,Female,18-29,"$50,000 - $99,999",High school degree,97301,Pacific
3122577320.0,Unique.  We experience the four seasons each year and each one is unique in its own way.  Beauty abounds in the Midwest.,A lot,Yes,Yes,Yes,Yes,No,No,Yes,Yes,No,Yes,No,No,No,No,No,Yes,No,No,No,No,Female,> 60,"$150,000+",High school degree,44090,East North Central
3122147669.0,south east,Not at all,No,No,Yes,Yes,No,No,Yes,Yes,No,No,No,No,Yes,Yes,No,Yes,No,No,No,No,Female,> 60,?,?,40272,East South Central
3122353349.0,Florida,Not at all,No,No,Yes,Yes,No,No,Yes,Yes,No,Yes,No,No,Yes,No,No,Yes,No,No,No,No,Female,18-29,"$50,000 - $99,999",Associate or bachelor degree,32937,South Atlantic
3125149708.0,Mid-East,Some,Yes,No,Yes,Yes,No,Yes,Yes,Yes,Yes,No,Yes,No,Yes,Yes,No,Yes,No,No,Yes,Yes,Male,18-29,"$150,000+",Some college,47040,East North Central
3122807325.0,Midwest,A lot,Yes,Yes,Yes,Yes,Yes,Yes,No,Yes,No,Yes,No,Yes,No,No,No,No,No,No,No,No,Female,> 60,"$50,000 - $99,999",Graduate degree,48642,East North Central
3122633781.0,Central Appalachia,Not much,Yes,Yes,Yes,Yes,Yes,Yes,Yes,Yes,Yes,Yes,Yes,Yes,No,No,No,Yes,No,No,No,No,Male,> 60,"$50,000 - $99,999",Graduate degree,25801,South Atlantic
3123253507.0,Midwest,A lot,Yes,No,Yes,No,Yes,Yes,No,Yes,Yes,No,Yes,Yes,No,No,No,No,No,No,No,No,Female,18-29,"$0 - $24,999",Associate or bachelor degree,55805,West North Central
3123119361.0,The dirty south,Not at all,Yes,No,Yes,Yes,Yes,Yes,Yes,Yes,Yes,Yes,Yes,Yes,Yes,No,No,No,No,No,No,No,Female,30-44,"$50,000 - $99,999",High school degree,34683,South Atlantic
3122317749.0,Great Lakes,Some,Yes,Yes,Yes,Yes,Yes,Yes,Yes,Yes,Yes,Yes,Yes,Yes,Yes,No,Yes,No,Yes,Yes,No,No,Male,30-44,"$50,000 - $99,999",Some college,48178,East North Central
3122627789.0,Mid Atlantic,Not at all,Yes,No,Yes,Yes,No,Yes,No,Yes,Yes,No,No,Yes,No,No,No,No,No,No,No,No,Male,> 60,"$150,000+",High school degree,17042,Middle Atlantic
3121677040.0,Midwest or Great Lakes,Some,Yes,Yes,Yes,No,Yes,No,No,Yes,Yes,Yes,No,Yes,No,No,No,No,No,No,Yes,No,Female,18-29,"$50,000 - $99,999",Some college,48854,East North Central
3123249711.0,North west,Not at all,Yes,Yes,Yes,Yes,Yes,Yes,Yes,Yes,No,Yes,No,Yes,No,No,No,Yes,No,No,Yes,Yes,Female,30-44,"$50,000 - $99,999",High school degree,95521,Pacific
3121636458.0,The midwest,Some,Yes,Yes,Yes,Yes,Yes,Yes,Yes,Yes,Yes,Yes,Yes,Yes,No,No,Yes,Yes,No,No,No,No,Male,18-29,"$25,000 - $49,999",High school degree,53715,East North Central
3123013604.0,Northeast,Not at all,Yes,Yes,Yes,No,No,No,Yes,Yes,No,No,No,No,No,No,No,No,No,No,Yes,Yes,Female,30-44,"$50,000 - $99,999",Associate or bachelor degree,17602,Middle Atlantic
3123031301.0,Mid atlantic,Not at all,No,No,No,Yes,No,No,No,Yes,No,No,No,No,No,No,No,Yes,No,No,No,No,Female,45-60,"$50,000 - $99,999",Graduate degree,21787,South Atlantic
3123849611.0,Middle Plains,Not at all,Yes,Yes,No,Yes,Yes,Yes,Yes,Yes,No,No,No,Yes,Yes,No,No,Yes,No,No,Yes,Yes,Female,45-60,"$25,000 - $49,999",Some college,74401,West South Central
3122568068.0,East,Not much,Yes,No,No,No,Yes,No,No,No,No,Yes,No,No,No,No,No,Yes,Yes,Yes,No,No,Female,30-44,"$150,000+",Some college,25401,South Atlantic
3122271739.0,Upper Midwest,Some,Yes,Yes,Yes,Yes,Yes,Yes,Yes,Yes,Yes,No,Yes,Yes,No,Yes,No,No,No,No,Yes,Yes,Male,> 60,"$25,000 - $49,999",Graduate degree,54849,East North Central
3122805368.0,southwest,Not at all,Yes,Yes,No,No,Yes,Yes,No,No,No,Yes,No,No,No,No,No,No,No,No,No,No,Male,45-60,"$25,000 - $49,999",Associate or bachelor degree,85282,Mountain
3125046928.0,Midwest,A lot,No,No,No,Yes,No,No,Yes,Yes,No,No,No,No,Yes,Yes,No,Yes,No,No,No,No,Male,18-29,"$150,000+",High school degree,66002,West North Central
3123208749.0,The classiest part of the south.,Not at all,Yes,Yes,Yes,Yes,Yes,Yes,Yes,Yes,Yes,Yes,Yes,Yes,No,Yes,No,Yes,No,Yes,Yes,Yes,Female,18-29,"$25,000 - $49,999",Associate or bachelor degree,28056,East North Central
3122491804.0,Midwest,Some,Yes,Yes,Yes,Yes,Yes,Yes,Yes,Yes,No,Yes,No,Yes,No,No,Yes,Yes,No,No,No,No,Male,18-29,"$0 - $24,999",Associate or bachelor degree,46545,East North Central
3126556105.0,midwest,Not at all,No,No,No,No,No,No,No,No,No,No,No,No,No,Yes,No,No,No,No,No,Yes,Male,30-44,"$150,000+",Associate or bachelor degree,80104,Mountain
3122709865.0,Rocky Mountains,Some,Yes,Yes,Yes,Yes,Yes,Yes,Yes,Yes,Yes,No,Yes,Yes,No,No,No,No,No,No,No,No,Female,> 60,"$100,000 - $149,999",Graduate degree,80906,Mountain
3122534347.0,San Francisco Bay Area,Not at all,Yes,Yes,Yes,Yes,Yes,Yes,Yes,Yes,Yes,Yes,Yes,Yes,Yes,No,No,No,No,Yes,No,No,Male,30-44,"$50,000 - $99,999",Graduate degree,94040,Pacific
3122959212.0,Texas,Not at all,No,No,No,No,No,No,No,No,No,Yes,No,No,No,No,No,No,No,No,No,No,Male,> 60,"$50,000 - $99,999",Graduate degree,78024,West South Central
3122837629.0,North west,Not at all,No,No,No,Yes,No,No,No,Yes,No,No,No,No,No,Yes,No,No,No,No,Yes,No,Male,45-60,"$150,000+",Associate or bachelor degree,97525,Pacific
3122917836.0,pitts,A lot,Yes,Yes,Yes,Yes,No,No,Yes,No,No,Yes,No,Yes,Yes,No,Yes,No,No,No,No,No,Female,> 60,"$50,000 - $99,999",High school degree,62262,East North Central
3122457774.0,upper midwest tundra,A lot,Yes,Yes,Yes,No,Yes,Yes,No,No,No,Yes,No,Yes,No,No,No,No,No,No,No,No,Male,> 60,"$25,000 - $49,999",Associate or bachelor degree,55110,West North Central
3122791637.0,Midwest/central,A lot,No,No,No,No,No,No,No,Yes,No,No,No,No,No,No,No,No,No,No,No,No,Male,45-60,"$150,000+",Associate or bachelor degree,68516,West North Central
3122155716.0,Sf,Not at all,No,No,No,No,No,No,No,Yes,No,Yes,Yes,No,No,Yes,Yes,No,No,No,No,Yes,Male,18-29,"$50,000 - $99,999",Associate or bachelor degree,95014,Pacific
3126319685.0,Midwest,A lot,Yes,No,Yes,No,Yes,Yes,No,Yes,Yes,Yes,Yes,Yes,No,No,No,No,No,No,No,No,Male,18-29,"$150,000+",Associate or bachelor degree,54636,East North Central
3122219347.0,Northeast,Not at all,No,No,Yes,Yes,No,No,No,Yes,No,No,No,No,No,No,No,Yes,No,No,No,No,Female,> 60,"$150,000+",Graduate degree,18929,Middle Atlantic
3122178203.0,Lower North-East,Not at all,Yes,Yes,Yes,Yes,Yes,Yes,Yes,Yes,Yes,Yes,Yes,Yes,No,No,No,No,No,No,No,No,Male,30-44,"$150,000+",Associate or bachelor degree,18062,Middle Atlantic
3121502148.0,Midwest,A lot,Yes,Yes,Yes,No,Yes,Yes,Yes,No,No,Yes,No,Yes,No,No,No,No,No,No,No,No,Male,> 60,"$50,000 - $99,999",Associate or bachelor degree,53703,East North Central
3122663895.0,Kansas,Some,Yes,Yes,Yes,Yes,No,No,Yes,Yes,No,No,No,No,No,No,No,No,No,No,No,No,Male,30-44,"$25,000 - $49,999",Associate or bachelor degree,67204,West North Central
3122757929.0,Mid-west,Some,Yes,Yes,Yes,Yes,No,No,Yes,No,No,No,No,Yes,No,No,No,Yes,No,No,No,No,Female,30-44,"$100,000 - $149,999",Graduate degree,60016,East North Central
3123400932.0,Hawaii,A lot,No,No,No,Yes,No,No,No,No,No,No,No,No,No,Yes,No,No,No,No,No,Yes,Female,18-29,"$50,000 - $99,999",Some college,96734,Pacific
3122870899.0,midwest,Some,Yes,Yes,Yes,No,Yes,Yes,No,No,No,Yes,No,Yes,No,No,No,No,No,No,No,No,Female,18-29,"$25,000 - $49,999",Graduate degree,53217,East North Central
3122010385.0,Midwest,A lot,Yes,Yes,Yes,Yes,Yes,Yes,Yes,Yes,Yes,Yes,Yes,Yes,Yes,Yes,Yes,Yes,No,Yes,Yes,Yes,Male,> 60,"$50,000 - $99,999",Some college,45651,East North Central
3123889854.0,"Scenic, mostly progressive, beautiful, warm, friendly, coastal, temperate, wine country",Not at all,No,Yes,Yes,Yes,No,No,Yes,Yes,Yes,No,Yes,Yes,No,Yes,No,Yes,No,No,Yes,Yes,Male,30-44,"$150,000+",Associate or bachelor degree,93401,Pacific
3121660855.0,midwest,Not much,Yes,Yes,Yes,Yes,No,Yes,Yes,Yes,Yes,Yes,Yes,No,No,No,No,No,No,No,No,No,Female,30-44,"$25,000 - $49,999",Graduate degree,65804,West North Central
3122171076.0,The subtropics,Not much,No,No,No,Yes,No,No,No,Yes,No,No,No,No,No,Yes,No,Yes,No,No,No,No,Male,45-60,"$50,000 - $99,999",Some college,33774,South Atlantic
3123773774.0,midwest,Not much,Yes,Yes,Yes,No,Yes,No,No,No,No,Yes,No,Yes,No,No,No,No,No,No,No,No,Female,45-60,"$150,000+",Associate or bachelor degree,60446,East North Central
3122164919.0,Appalachia,Not at all,Yes,Yes,Yes,Yes,No,No,No,Yes,Yes,Yes,No,No,No,Yes,Yes,No,No,No,No,No,Male,30-44,"$25,000 - $49,999",Associate or bachelor degree,45701,East North Central
3124672578.0,midwest,A lot,Yes,Yes,Yes,Yes,Yes,Yes,Yes,Yes,Yes,Yes,Yes,Yes,No,No,No,Yes,No,No,No,No,Female,> 60,"$25,000 - $49,999",Some college,48393,East North Central
3123666244.0,south,Not at all,No,No,No,Yes,No,No,Yes,Yes,No,No,No,No,No,No,No,No,No,No,No,No,Female,45-60,"$100,000 - $149,999",Some college,77318,West South Central
3123724208.0,Northeast,Not at all,Yes,Yes,Yes,Yes,No,No,No,Yes,Yes,No,Yes,Yes,Yes,No,Yes,Yes,No,No,No,No,Female,18-29,"$50,000 - $99,999",Graduate degree,15108,Middle Atlantic
3122408874.0,The Midwest,Some,Yes,Yes,Yes,No,Yes,Yes,No,No,Yes,Yes,Yes,Yes,No,No,No,No,No,No,No,No,Male,30-44,"$25,000 - $49,999",Some college,44691,East North Central
3122804520.0,New England,Not at all,Yes,Yes,Yes,Yes,Yes,No,No,No,No,Yes,No,No,No,No,No,No,No,No,No,No,Female,> 60,"$50,000 - $99,999",Associate or bachelor degree,2852,New England
3122865445.0,cold,Not at all,Yes,No,Yes,No,Yes,No,No,No,Yes,Yes,Yes,Yes,Yes,No,No,No,No,No,Yes,No,Male,30-44,"$50,000 - $99,999",Some college,1604,New England
3123226924.0,It is the United States in Colorado,Some,No,No,No,Yes,No,No,No,No,Yes,No,Yes,No,No,Yes,No,No,No,No,No,Yes,Female,> 60,"$0 - $24,999",Some college,80631,Mountain
3122124351.0,South,Not at all,Yes,Yes,Yes,Yes,No,No,Yes,No,No,Yes,No,No,No,No,No,No,No,No,No,No,Female,30-44,"$100,000 - $149,999",Some college,70785,West South Central
3121653413.0,Midwest,Some,Yes,Yes,Yes,No,Yes,Yes,No,Yes,No,Yes,No,Yes,No,No,No,No,No,No,No,No,Male,45-60,"$100,000 - $149,999",Associate or bachelor degree,61301,East North Central
3126060137.0,Upper Midwest,A lot,Yes,Yes,Yes,No,Yes,Yes,Yes,No,Yes,Yes,Yes,Yes,No,No,Yes,No,No,No,No,No,Male,30-44,"$150,000+",Graduate degree,60010,East North Central
3123317220.0,The West Coast.,Some,Yes,No,Yes,Yes,Yes,Yes,No,Yes,Yes,No,Yes,Yes,No,Yes,No,No,No,No,Yes,Yes,Male,18-29,"$150,000+",High school degree,93410,Mountain
3122834204.0,Midwest,A lot,Yes,Yes,No,No,No,No,No,No,No,Yes,No,No,No,No,Yes,No,No,Yes,No,No,Female,45-60,"$25,000 - $49,999",Graduate degree,41075,East South Central
3121916007.0,North East,Not at all,No,No,No,No,No,No,No,Yes,No,No,No,No,No,No,No,No,No,No,Yes,Yes,Female,> 60,"$0 - $24,999",Some college,19464,Middle Atlantic
3123543876.0,cold,Some,No,No,Yes,Yes,Yes,Yes,Yes,Yes,Yes,No,Yes,Yes,No,No,No,Yes,No,No,No,No,Male,> 60,"$100,000 - $149,999",Associate or bachelor degree,55792,West North Central
3121700291.0,Frigid and liberal,Some,Yes,Yes,Yes,No,No,Yes,No,Yes,No,Yes,No,Yes,No,No,No,No,No,No,No,No,Female,30-44,"$25,000 - $49,999",Some college,55116,West North Central
3122999836.0,West,A lot,Yes,Yes,Yes,Yes,Yes,Yes,No,No,Yes,Yes,Yes,Yes,No,No,No,No,No,No,No,No,Female,18-29,"$25,000 - $49,999",Associate or bachelor degree,80918,Mountain
3120957115.0,Pacific Coast  South West United States,Not much,No,No,No,Yes,No,No,No,Yes,Yes,No,Yes,No,No,Yes,No,Yes,No,No,Yes,Yes,Female,45-60,"$25,000 - $49,999",Some college,91040,Pacific
3122792536.0,southeast,Not at all,No,No,No,Yes,No,No,Yes,Yes,No,No,No,No,Yes,No,Yes,Yes,No,No,No,No,Male,45-60,"$50,000 - $99,999",High school degree,28227,South Atlantic
3123031404.0,midwest,A lot,No,No,No,No,No,Yes,No,No,No,No,No,No,No,No,No,No,No,No,No,No,Female,30-44,"$25,000 - $49,999",Some college,55447,West North Central
3122088226.0,midwest,A lot,Yes,No,No,No,No,No,No,No,No,No,No,No,No,No,No,No,No,No,No,No,Female,18-29,"$150,000+",Graduate degree,60614,East North Central
3120818252.0,middle atlantic state,Some,Yes,Yes,Yes,Yes,Yes,No,Yes,Yes,No,Yes,No,Yes,No,No,No,Yes,No,No,No,No,Male,45-60,"$150,000+",Associate or bachelor degree,15226,Middle Atlantic
3122516289.0,rural western Maine,Not at all,Yes,Yes,Yes,Yes,No,Yes,Yes,Yes,Yes,No,Yes,Yes,Yes,Yes,No,Yes,No,No,Yes,Yes,Male,> 60,"$0 - $24,999",Associate or bachelor degree,4261,New England
3122499105.0,Midwest,Some,Yes,Yes,Yes,No,Yes,Yes,Yes,No,No,Yes,No,Yes,No,No,No,No,No,No,No,No,Female,> 60,"$25,000 - $49,999",Associate or bachelor degree,60630,East North Central
3122194586.0,South,Not much,No,No,Yes,Yes,No,No,Yes,Yes,No,No,No,No,No,Yes,No,No,No,No,No,No,Male,45-60,?,?,42001,East South Central
3122116933.0,Midwest,A lot,Yes,Yes,Yes,Yes,Yes,Yes,Yes,Yes,No,Yes,No,Yes,No,No,No,No,Yes,No,No,No,Female,> 60,"$50,000 - $99,999",Some college,53154,East North Central
3123243457.0,Mid-West,A lot,Yes,Yes,Yes,Yes,Yes,No,Yes,Yes,No,Yes,No,No,No,No,Yes,Yes,Yes,No,No,No,Male,45-60,"$100,000 - $149,999",Some college,43138,East North Central
3122936012.0,Rural,A lot,Yes,Yes,No,Yes,No,No,Yes,No,No,Yes,No,Yes,Yes,No,Yes,No,No,No,No,No,Female,> 60,"$50,000 - $99,999",Some college,62056,East North Central
3123193669.0,Midwest,Not much,No,No,No,No,No,No,No,Yes,No,No,No,No,No,No,No,No,No,No,No,No,Female,45-60,"$150,000+",High school degree,68725,West North Central
3121924684.0,east coast/ mid atlantic,Not much,Yes,Yes,Yes,No,Yes,Yes,Yes,Yes,Yes,Yes,Yes,Yes,Yes,No,No,No,No,No,No,No,Male,18-29,"$100,000 - $149,999",Some college,16803,Middle Atlantic
3122638553.0,southeast,A lot,Yes,No,No,No,No,No,No,No,No,No,No,No,No,No,No,No,No,No,No,No,Female,> 60,"$50,000 - $99,999",Associate or bachelor degree,30097,South Atlantic
3123731302.0,midwest,Some,Yes,Yes,Yes,No,Yes,No,No,No,No,Yes,No,No,No,No,No,No,No,No,No,No,Female,45-60,"$25,000 - $49,999",Some college,43623,East North Central
3125774997.0,City,Some,Yes,No,No,No,Yes,No,No,No,No,Yes,No,No,No,No,Yes,No,No,No,No,No,Male,18-29,"$25,000 - $49,999",Some college,45503,East North Central
3121646694.0,Mid Atlantic,Not much,Yes,Yes,Yes,No,Yes,Yes,Yes,No,No,Yes,No,Yes,No,No,Yes,No,No,No,No,No,Male,30-44,"$50,000 - $99,999",Associate or bachelor degree,19403,Middle Atlantic
3123022302.0,Midwest,A lot,Yes,Yes,Yes,No,Yes,Yes,No,No,Yes,Yes,Yes,Yes,No,No,No,No,No,No,No,No,Female,> 60,"$50,000 - $99,999",Some college,49855,East North Central
3121261448.0,Northeast,Not at all,No,Yes,Yes,No,No,No,Yes,Yes,Yes,No,Yes,No,No,Yes,No,Yes,No,No,Yes,Yes,Female,45-60,"$25,000 - $49,999",Associate or bachelor degree,18235,Middle Atlantic
3122249871.0,Texas  southeast,A lot,No,No,No,Yes,No,No,No,Yes,No,No,No,No,No,Yes,No,Yes,No,No,No,No,Female,> 60,"$0 - $24,999",Some college,77080,West South Central
3125144293.0,Midwest,Some,No,No,No,No,No,Yes,No,Yes,Yes,No,Yes,Yes,No,No,No,No,No,No,Yes,No,Male,45-60,"$50,000 - $99,999",Some college,58103,West North Central
3123167806.0,The South,A lot,Yes,Yes,Yes,No,No,No,No,Yes,No,Yes,No,No,No,No,No,No,No,No,No,No,Male,30-44,"$100,000 - $149,999",Graduate degree,35127,East South Central
3124195515.0,east,Not at all,Yes,Yes,Yes,Yes,No,Yes,No,Yes,No,Yes,No,Yes,No,No,No,No,No,No,No,No,Male,> 60,"$50,000 - $99,999",Graduate degree,16509,Middle Atlantic
3126745769.0,Mid west,Some,No,No,Yes,Yes,No,No,Yes,Yes,No,No,No,No,Yes,No,No,No,No,No,No,No,Male,18-29,"$150,000+",Some college,63376,West North Central
3122998758.0,Northeast,Not at all,Yes,No,Yes,Yes,No,No,Yes,Yes,No,No,No,No,No,No,No,No,No,No,No,No,Female,> 60,"$150,000+",Some college,44077,East North Central
3120747567.0,Mid West,A lot,Yes,No,Yes,Yes,Yes,Yes,No,No,Yes,No,Yes,Yes,No,Yes,No,No,No,No,Yes,No,Female,18-29,"$150,000+",Associate or bachelor degree,53511,East North Central
3121925838.0,midwest,Some,Yes,Yes,No,No,No,No,No,No,No,Yes,No,No,No,No,No,No,No,No,No,No,Male,> 60,"$100,000 - $149,999",Graduate degree,44612,East North Central
3123025512.0,New England,Not at all,Yes,Yes,Yes,Yes,Yes,Yes,Yes,No,No,Yes,No,Yes,No,No,No,No,No,No,No,No,Male,45-60,"$150,000+",Graduate degree,2130,New England
3123825478.0,A piece of Eden,Not at all,Yes,Yes,Yes,No,Yes,Yes,No,Yes,Yes,No,Yes,Yes,No,Yes,No,No,No,No,No,No,Female,> 60,"$25,000 - $49,999",Associate or bachelor degree,33714,South Atlantic
3124990106.0,Upper Midwest,A lot,Yes,Yes,Yes,Yes,Yes,Yes,Yes,Yes,Yes,Yes,Yes,Yes,No,No,No,No,No,No,No,No,Male,> 60,"$50,000 - $99,999",Graduate degree,54603,East North Central
3125075785.0,The Great Lakes Region,A lot,Yes,Yes,Yes,No,Yes,No,No,Yes,Yes,Yes,Yes,Yes,No,No,No,No,No,No,Yes,No,Male,45-60,"$0 - $24,999",Some college,43611,East North Central
3123863162.0,New England,Not much,Yes,Yes,Yes,Yes,No,Yes,Yes,Yes,Yes,No,Yes,Yes,Yes,Yes,No,Yes,No,No,Yes,Yes,Male,45-60,"$150,000+",Some college,2764,New England
3123776122.0,Northeast,Not at all,Yes,No,No,Yes,No,No,No,Yes,No,No,No,Yes,No,No,No,Yes,No,No,No,No,Female,18-29,"$50,000 - $99,999",Associate or bachelor degree,19114,Middle Atlantic
3120731170.0,North East,Not at all,No,No,No,No,Yes,Yes,Yes,Yes,Yes,No,Yes,Yes,No,No,No,No,No,No,Yes,No,Female,18-29,"$25,000 - $49,999",Associate or bachelor degree,6517,New England
3122861314.0,Midwest,A lot,No,No,No,No,No,Yes,No,No,No,No,No,No,No,No,No,No,No,No,No,No,Male,30-44,"$50,000 - $99,999",Some college,55113,West North Central
3122375015.0,South,A lot,Yes,Yes,Yes,Yes,Yes,Yes,Yes,No,No,Yes,No,Yes,No,No,No,Yes,No,No,No,No,Male,30-44,"$50,000 - $99,999",Some college,37415,East South Central
3122879423.0,fly over country!!,A lot,Yes,No,Yes,Yes,No,Yes,No,Yes,Yes,No,Yes,Yes,No,No,No,Yes,No,No,No,No,Female,> 60,"$0 - $24,999",Associate or bachelor degree,56001,West North Central
3120840906.0,Hype Park,Not at all,Yes,Yes,No,No,No,Yes,No,No,No,Yes,No,Yes,No,No,No,No,No,No,No,No,Male,30-44,"$50,000 - $99,999",Associate or bachelor degree,60637,East North Central
3120736789.0,The southwest,Not at all,Yes,Yes,Yes,Yes,Yes,No,Yes,No,No,Yes,No,No,Yes,No,No,Yes,No,No,No,No,Female,30-44,"$150,000+",Some college,89074,Mountain
3121552113.0,midwest,Some,Yes,Yes,No,No,Yes,No,No,No,No,Yes,No,No,No,No,No,No,No,No,No,No,Male,30-44,"$50,000 - $99,999",Some college,43430,East North Central
3122569848.0,"Rural, small town, country",Not at all,No,No,No,No,No,No,Yes,Yes,Yes,No,Yes,No,No,Yes,Yes,Yes,No,No,Yes,Yes,Female,45-60,?,High school degree,31092,South Atlantic
3121956311.0,Rocky Mountains,Some,Yes,Yes,No,No,Yes,No,No,No,No,Yes,No,Yes,No,No,Yes,No,No,No,No,No,Male,30-44,"$50,000 - $99,999",Graduate degree,80202,Mountain
3122206908.0,California,Some,Yes,Yes,Yes,Yes,Yes,Yes,Yes,Yes,Yes,No,Yes,Yes,Yes,No,No,Yes,No,No,No,No,Male,> 60,"$150,000+",Graduate degree,93711,Pacific
3120855975.0,Southeast,Not at all,Yes,Yes,No,No,Yes,No,No,No,No,Yes,No,No,No,No,No,No,Yes,No,No,No,Female,45-60,?,Graduate degree,32617,South Atlantic
3121839942.0,Midwest,A lot,Yes,Yes,Yes,No,Yes,Yes,No,No,No,Yes,No,Yes,No,No,No,No,No,No,No,No,Female,> 60,"$50,000 - $99,999",Associate or bachelor degree,53207,East North Central
3124202407.0,midwest,A lot,Yes,Yes,Yes,Yes,No,No,Yes,Yes,Yes,No,Yes,Yes,No,Yes,No,No,No,No,No,No,Female,45-60,"$150,000+",Some college,64060,West North Central
3123882779.0,Mid west,A lot,No,No,Yes,Yes,No,Yes,No,Yes,No,No,No,No,Yes,Yes,No,Yes,No,No,Yes,Yes,Female,30-44,"$25,000 - $49,999",High school degree,74135,West South Central
3122478886.0,west coast,Not at all,No,No,Yes,No,Yes,No,No,No,No,Yes,No,Yes,No,Yes,No,No,No,No,Yes,Yes,Female,45-60,"$0 - $24,999",Graduate degree,92105,Pacific
3122676833.0,Midwest,Not much,Yes,Yes,Yes,Yes,No,Yes,Yes,Yes,Yes,No,Yes,Yes,Yes,No,No,Yes,No,No,No,No,Male,> 60,"$50,000 - $99,999",Associate or bachelor degree,63367,West North Central
3123110312.0,Middle Atlantic,Not at all,Yes,No,Yes,Yes,No,Yes,No,Yes,Yes,No,No,No,No,No,Yes,Yes,No,No,Yes,No,Male,30-44,"$50,000 - $99,999",Graduate degree,15317,Middle Atlantic
3122143619.0,Midwest,A lot,Yes,No,No,No,Yes,Yes,No,No,No,Yes,No,No,No,No,No,No,No,No,No,No,Female,30-44,"$50,000 - $99,999",Some college,62702,East North Central
3122058046.0,north east,Not at all,No,No,Yes,Yes,No,Yes,Yes,Yes,Yes,No,Yes,Yes,Yes,No,No,Yes,No,No,Yes,Yes,Male,45-60,"$50,000 - $99,999",High school degree,17552,Middle Atlantic
3122465138.0,midwest,A lot,Yes,Yes,No,No,Yes,Yes,Yes,No,No,Yes,No,Yes,No,No,Yes,No,No,No,No,No,Female,30-44,"$150,000+",Some college,46777,East North Central
3125688288.0,West,Not much,Yes,Yes,Yes,Yes,No,Yes,Yes,Yes,Yes,Yes,Yes,Yes,Yes,No,No,No,No,No,No,No,Male,18-29,"$50,000 - $99,999",Associate or bachelor degree,80214,Mountain
3120764421.0,Northeast,Not at all,Yes,Yes,Yes,No,No,No,No,Yes,Yes,No,Yes,Yes,Yes,No,Yes,No,No,No,No,No,Female,18-29,"$50,000 - $99,999",Graduate degree,17601,Middle Atlantic
3123164995.0,Southwest,Not at all,No,No,Yes,Yes,No,No,No,Yes,No,No,No,No,No,No,No,Yes,No,No,No,No,Male,45-60,"$100,000 - $149,999",Graduate degree,85635,Mountain
3122555275.0,PNW,Not at all,Yes,Yes,Yes,Yes,Yes,Yes,No,No,No,Yes,No,Yes,No,No,No,No,No,No,No,No,Male,45-60,"$25,000 - $49,999",Associate or bachelor degree,98070,Pacific
3126072980.0,Midwest,Not at all,Yes,Yes,No,No,Yes,No,No,No,No,Yes,No,Yes,No,No,No,No,No,No,No,No,Male,18-29,"$0 - $24,999",Associate or bachelor degree,60134,East North Central
3122168925.0,US NorthEast,Not at all,Yes,No,Yes,Yes,No,Yes,Yes,No,Yes,Yes,Yes,Yes,No,No,No,No,No,No,No,No,Female,45-60,"$25,000 - $49,999",Some college,170,New England
3122758830.0,northeast atlantic,Not at all,Yes,Yes,Yes,Yes,No,Yes,Yes,No,Yes,No,Yes,Yes,Yes,No,No,Yes,No,No,No,Yes,Female,45-60,"$50,000 - $99,999",High school degree,18037,Middle Atlantic
3122385954.0,northeast,Not at all,Yes,Yes,No,Yes,No,No,Yes,Yes,Yes,No,No,Yes,Yes,No,No,No,No,No,Yes,No,Female,30-44,"$25,000 - $49,999",Some college,21046,South Atlantic
3122495688.0,new england,Not at all,Yes,No,Yes,Yes,No,No,Yes,Yes,No,Yes,No,No,No,No,No,Yes,No,No,Yes,Yes,Male,30-44,"$0 - $24,999",Some college,1040,New England
3122795190.0,east,Not at all,No,No,No,Yes,No,Yes,No,Yes,No,No,No,No,No,Yes,No,Yes,No,No,Yes,Yes,Male,> 60,"$50,000 - $99,999",Less than high school degree,21060,South Atlantic
3125476241.0,Midwest,Some,Yes,Yes,No,No,Yes,No,Yes,No,No,Yes,No,Yes,No,No,Yes,No,No,No,No,No,Male,45-60,"$150,000+",Some college,43081,East North Central
3120915384.0,Midwest,Some,Yes,Yes,Yes,Yes,No,No,Yes,Yes,No,Yes,No,No,No,No,No,Yes,No,No,No,No,Female,18-29,"$25,000 - $49,999",Some college,45044,East North Central
3122966401.0,Rocky Mountains,Some,Yes,No,Yes,Yes,No,No,Yes,Yes,No,No,No,No,Yes,No,No,No,No,No,No,No,Male,> 60,"$50,000 - $99,999",Associate or bachelor degree,82435,Mountain
3122157808.0,South Central Kentucky,Not at all,Yes,Yes,Yes,Yes,Yes,Yes,Yes,Yes,No,Yes,Yes,Yes,No,No,No,No,No,No,No,No,Male,> 60,"$150,000+",Graduate degree,42729,East South Central
3122497168.0,Upper MidWest,Not much,Yes,Yes,Yes,Yes,Yes,Yes,No,Yes,Yes,Yes,Yes,Yes,No,Yes,No,No,No,No,Yes,Yes,Female,45-60,"$150,000+",Associate or bachelor degree,56537,West North Central
3122945466.0,Rural,Not at all,Yes,Yes,Yes,No,Yes,Yes,Yes,Yes,Yes,No,Yes,Yes,Yes,No,No,Yes,No,No,Yes,No,Male,> 60,"$50,000 - $99,999",Graduate degree,30458,South Atlantic
3122823828.0,"Has it all!  Spring, summer, fall and winter all offer things to do.",A lot,Yes,No,Yes,Yes,No,Yes,No,Yes,Yes,Yes,Yes,Yes,No,Yes,No,No,No,No,Yes,No,Female,45-60,"$150,000+",Some college,55447,West North Central
3123550678.0,eastern,Not at all,No,No,No,No,No,No,No,No,No,Yes,No,Yes,No,Yes,No,No,No,No,No,No,Male,30-44,"$25,000 - $49,999",Graduate degree,27260,South Atlantic
3123171086.0,mid-atlantic,Not at all,Yes,Yes,Yes,Yes,Yes,Yes,Yes,Yes,Yes,Yes,Yes,Yes,No,No,No,No,No,No,No,No,Female,30-44,"$150,000+",Some college,21061,South Atlantic
3126684259.0,The West,Not at all,Yes,Yes,Yes,Yes,Yes,Yes,No,Yes,Yes,No,Yes,Yes,No,No,No,No,No,No,No,No,Male,30-44,"$25,000 - $49,999",Associate or bachelor degree,81501,Mountain
3122916809.0,Pacific,Not at all,Yes,No,No,No,Yes,No,No,No,No,Yes,No,Yes,No,No,No,No,Yes,No,No,No,Male,> 60,"$100,000 - $149,999",Graduate degree,96753,Pacific
3121958598.0,Northeast,Not at all,Yes,Yes,Yes,No,Yes,No,No,No,No,No,No,No,No,No,No,No,No,No,No,No,Male,45-60,"$150,000+",Some college,12144,Middle Atlantic
3124391935.0,Midwest,A lot,Yes,Yes,Yes,No,Yes,Yes,No,No,Yes,Yes,Yes,Yes,No,No,No,No,No,No,No,No,Female,> 60,"$0 - $24,999",Some college,4920,East North Central
3123923594.0,north western us,Some,No,No,Yes,Yes,No,No,No,Yes,No,No,Yes,No,No,Yes,Yes,No,No,No,No,No,Male,30-44,"$25,000 - $49,999",Graduate degree,97914,Pacific
3122036410.0,Southwest,Not at all,Yes,Yes,Yes,Yes,Yes,Yes,Yes,No,No,No,No,Yes,No,No,No,No,No,No,No,No,Male,> 60,"$150,000+",Graduate degree,78654,West South Central
3123276607.0,midwest,Some,Yes,Yes,Yes,No,Yes,Yes,No,No,No,Yes,No,Yes,No,No,No,No,Yes,Yes,No,No,Male,18-29,"$150,000+",Associate or bachelor degree,44106,East North Central
3126459253.0,Mid-west,Some,Yes,Yes,Yes,Yes,No,Yes,No,Yes,Yes,Yes,Yes,Yes,No,Yes,No,No,No,No,No,Yes,Male,18-29,"$100,000 - $149,999",Some college,60133,East North Central
3123222090.0,north east,Not at all,No,No,Yes,Yes,No,Yes,Yes,Yes,Yes,Yes,No,No,No,No,Yes,Yes,No,No,Yes,Yes,Male,18-29,"$0 - $24,999",Some college,11691,Middle Atlantic
3122993462.0,Northeast,Not at all,Yes,No,Yes,Yes,Yes,Yes,No,Yes,Yes,No,Yes,Yes,Yes,No,No,Yes,No,No,No,No,Male,18-29,"$100,000 - $149,999",High school degree,16063,Middle Atlantic
3122307545.0,southeastern,A lot,Yes,Yes,Yes,Yes,Yes,Yes,Yes,Yes,No,Yes,No,Yes,No,No,No,No,No,No,No,No,Female,> 60,"$50,000 - $99,999",Graduate degree,727764,West South Central
3124812485.0,Central plains,A lot,No,No,Yes,Yes,No,No,Yes,Yes,No,No,No,No,No,No,No,Yes,No,No,No,No,Male,45-60,"$50,000 - $99,999",Graduate degree,67530,West North Central
3122274530.0,"The greatest part of the country. Always something to do. The climate is just right, alm,ost always. Four definite but fairly mild seasons compared to the rest of the country.",Not at all,Yes,Yes,Yes,Yes,No,No,Yes,Yes,No,Yes,No,Yes,Yes,No,Yes,No,No,No,No,No,Female,45-60,"$100,000 - $149,999",Some college,95709,Pacific
3122849755.0,Midwest.,A lot,Yes,Yes,Yes,No,Yes,Yes,Yes,No,No,Yes,No,Yes,No,No,No,No,No,No,No,No,Male,> 60,"$150,000+",Associate or bachelor degree,60048,East North Central
3124204220.0,Midwest rural area,A lot,Yes,Yes,Yes,No,Yes,Yes,No,Yes,Yes,No,Yes,Yes,No,Yes,No,No,No,No,Yes,Yes,Male,30-44,"$50,000 - $99,999",Associate or bachelor degree,57702,West North Central
3123642102.0,Green country -upper south,Not much,No,No,No,Yes,No,No,Yes,Yes,No,No,No,No,Yes,Yes,No,Yes,No,No,No,No,Female,45-60,"$100,000 - $149,999",Some college,74136,West South Central
3122891684.0,North East,Some,Yes,No,Yes,Yes,No,Yes,Yes,Yes,No,No,No,Yes,No,No,No,Yes,No,No,No,No,Female,18-29,"$50,000 - $99,999",Some college,19133,Middle Atlantic
3122236261.0,Southwest,Not at all,No,Yes,Yes,Yes,No,Yes,Yes,Yes,Yes,No,Yes,Yes,Yes,No,No,Yes,No,No,Yes,Yes,Female,45-60,"$150,000+",Associate or bachelor degree,92128,Pacific
3124150180.0,Southern Midwest,Some,Yes,Yes,Yes,No,Yes,Yes,Yes,No,No,Yes,No,Yes,No,No,Yes,No,No,No,No,No,Male,45-60,"$50,000 - $99,999",Graduate degree,64804,West North Central
3125154816.0,The north midwest,Some,Yes,Yes,Yes,Yes,Yes,Yes,Yes,No,Yes,Yes,Yes,Yes,Yes,No,Yes,No,No,No,No,Yes,Male,45-60,"$50,000 - $99,999",Some college,48363,East North Central
3122227287.0,The South,Some,No,Yes,No,Yes,Yes,No,No,No,No,Yes,No,No,No,No,Yes,No,No,No,No,No,Female,> 60,"$25,000 - $49,999",Associate or bachelor degree,33612,South Atlantic
3122882460.0,Midwest,A lot,Yes,Yes,No,No,Yes,No,No,No,No,Yes,No,Yes,No,No,Yes,No,No,No,No,No,Female,45-60,?,?,45244,East North Central
3123091050.0,Central Pennsylvania,Not at all,Yes,Yes,No,No,No,No,Yes,No,No,No,No,No,Yes,No,Yes,No,No,No,No,No,Female,18-29,"$0 - $24,999",Associate or bachelor degree,15905,Middle Atlantic
3122982732.0,Rocky Mountain West,Not much,No,No,Yes,Yes,No,No,No,Yes,Yes,No,Yes,No,No,No,No,Yes,No,No,No,No,Female,> 60,"$25,000 - $49,999",Associate or bachelor degree,80202,Mountain
3122897650.0,The Great Lakes Region.,A lot,Yes,Yes,Yes,Yes,Yes,Yes,Yes,Yes,Yes,Yes,Yes,Yes,No,No,No,No,No,No,No,No,Male,30-44,"$25,000 - $49,999",Associate or bachelor degree,48386,East North Central
3125122589.0,mid atlantic mid west,Some,Yes,Yes,Yes,Yes,Yes,Yes,Yes,No,Yes,Yes,Yes,Yes,Yes,No,Yes,No,Yes,No,No,No,Male,45-60,"$150,000+",Graduate degree,15102,Middle Atlantic
3122408221.0,sunny,Not at all,No,No,No,Yes,Yes,No,No,No,Yes,No,No,Yes,No,No,No,No,No,No,Yes,No,Female,45-60,"$50,000 - $99,999",Some college,34231,South Atlantic
3122468779.0,Michigan,Some,Yes,Yes,Yes,No,Yes,Yes,No,No,No,Yes,No,Yes,No,No,No,No,No,No,No,No,Male,45-60,"$50,000 - $99,999",Graduate degree,48104,East North Central
3122950607.0,midwest,Not much,Yes,Yes,Yes,Yes,Yes,Yes,Yes,Yes,No,Yes,No,Yes,No,No,No,No,No,No,No,No,Female,30-44,"$25,000 - $49,999",Graduate degree,60637,East North Central
3122216655.0,Rednecksville,Not at all,No,No,No,Yes,No,No,Yes,Yes,No,No,No,No,Yes,No,No,Yes,No,No,No,No,Female,45-60,"$50,000 - $99,999",Graduate degree,73034,West South Central
3121857870.0,southwest,Not much,No,No,Yes,Yes,No,No,No,Yes,No,No,No,No,No,No,No,No,No,No,Yes,Yes,Male,> 60,"$150,000+",Graduate degree,72205,West South Central
3122184255.0,hell,Not at all,Yes,Yes,Yes,No,Yes,Yes,Yes,Yes,Yes,No,Yes,Yes,No,No,No,No,No,No,No,No,Female,45-60,"$50,000 - $99,999",Graduate degree,46239,East North Central
3121653142.0,Midwest,Not much,Yes,Yes,No,No,Yes,No,No,No,No,Yes,No,Yes,No,No,No,No,No,No,No,No,Male,45-60,"$25,000 - $49,999",High school degree,46322,East North Central
3120892177.0,Great Plains,Not at all,Yes,Yes,Yes,No,No,No,Yes,No,No,Yes,No,No,No,No,Yes,No,Yes,No,No,No,Female,45-60,"$0 - $24,999",Some college,66512,West North Central
3122819570.0,midwest,A lot,Yes,Yes,Yes,Yes,Yes,Yes,Yes,Yes,Yes,No,Yes,Yes,No,No,No,No,No,No,No,No,Female,30-44,"$25,000 - $49,999",Associate or bachelor degree,56215,West North Central
3122447443.0,Southeast,Some,Yes,Yes,Yes,Yes,Yes,Yes,Yes,Yes,Yes,Yes,Yes,Yes,No,No,No,No,No,No,No,No,Female,45-60,"$25,000 - $49,999",Graduate degree,34952,South Atlantic
3120907908.0,southeast,Not at all,Yes,Yes,Yes,Yes,No,No,No,Yes,No,Yes,Yes,Yes,No,No,No,Yes,No,No,Yes,No,Male,> 60,"$25,000 - $49,999",Some college,33134,South Atlantic
3122664937.0,Midwest,Some,Yes,Yes,No,No,Yes,No,No,No,No,Yes,No,Yes,No,No,No,No,No,No,No,No,Female,18-29,"$50,000 - $99,999",Graduate degree,48042,East North Central
3121789920.0,Great Plains meet deciduous forest,A lot,Yes,Yes,Yes,No,Yes,Yes,Yes,Yes,No,Yes,No,Yes,No,No,No,No,No,No,No,No,Female,18-29,"$50,000 - $99,999",Some college,61615,East North Central
3122276573.0,North America,Not at all,No,No,Yes,No,No,No,No,Yes,Yes,No,Yes,No,No,Yes,No,No,No,No,Yes,No,Female,30-44,"$25,000 - $49,999",Some college,90018,Pacific
3122050623.0,North west,Not at all,Yes,Yes,Yes,Yes,No,Yes,Yes,Yes,Yes,Yes,Yes,Yes,No,No,No,Yes,No,No,No,No,Male,30-44,"$25,000 - $49,999",Some college,97223,Pacific
3121590339.0,Southeast,Not at all,No,Yes,No,Yes,Yes,Yes,Yes,Yes,No,No,No,No,No,No,No,Yes,No,No,Yes,Yes,Female,18-29,"$50,000 - $99,999",Associate or bachelor degree,31308,South Atlantic
3123001584.0,"Depressing, cold, cloudy, snowy",Not much,Yes,Yes,Yes,Yes,Yes,Yes,Yes,No,No,Yes,No,Yes,Yes,No,No,No,Yes,No,Yes,No,Female,30-44,"$100,000 - $149,999",Associate or bachelor degree,48150,East North Central
3121580369.0,Midwest,Some,Yes,Yes,Yes,Yes,Yes,Yes,No,No,Yes,Yes,Yes,Yes,No,No,No,Yes,No,No,No,No,Female,30-44,"$100,000 - $149,999",Associate or bachelor degree,60657,East North Central
3124130852.0,Midwest,A lot,Yes,Yes,Yes,Yes,Yes,Yes,Yes,Yes,No,Yes,No,Yes,No,No,No,No,No,No,No,No,Female,30-44,"$150,000+",Graduate degree,60625,East North Central
3121873060.0,The Desert,Not at all,No,No,No,Yes,No,No,No,Yes,No,No,Yes,No,No,Yes,No,Yes,No,No,No,Yes,Female,30-44,"$150,000+",Some college,85210,Mountain
3120707907.0,East coast,Not at all,No,No,No,Yes,No,No,No,Yes,No,Yes,No,No,No,Yes,No,No,No,No,No,Yes,Male,45-60,"$150,000+",Graduate degree,11768,Middle Atlantic
3122648248.0,Midwest,Some,Yes,Yes,No,No,Yes,Yes,No,No,No,Yes,No,Yes,No,No,Yes,No,No,No,No,No,Female,30-44,"$25,000 - $49,999",Associate or bachelor degree,43612,East North Central
3124023017.0,the midwest,A lot,Yes,Yes,Yes,Yes,No,No,No,No,No,Yes,No,No,No,No,Yes,No,No,No,No,No,Female,45-60,"$50,000 - $99,999",Some college,60115,East North Central
3121892019.0,South,Not at all,Yes,Yes,Yes,Yes,Yes,Yes,Yes,Yes,Yes,No,Yes,No,No,No,No,No,No,No,No,No,Female,> 60,"$50,000 - $99,999",High school degree,38167,East South Central
3122437126.0,Small village,Not much,No,No,Yes,No,Yes,No,No,No,No,No,No,Yes,No,No,No,No,No,No,No,No,Female,> 60,"$25,000 - $49,999",Some college,49269,East North Central
3124642989.0,North East USA,Not much,Yes,Yes,Yes,Yes,No,No,No,Yes,No,No,No,No,No,No,No,No,No,No,No,No,Male,30-44,"$50,000 - $99,999",Associate or bachelor degree,19520,Middle Atlantic
3122230600.0,Midwest,Some,Yes,Yes,Yes,Yes,Yes,Yes,Yes,Yes,Yes,No,Yes,Yes,Yes,No,Yes,No,No,No,No,No,Female,> 60,"$50,000 - $99,999",Graduate degree,47401,East North Central
3123002283.0,Buckeye country!,A lot,Yes,Yes,Yes,No,Yes,No,No,No,No,Yes,No,No,No,No,No,No,Yes,No,No,No,Male,45-60,"$50,000 - $99,999",Some college,44618,East North Central
3121743145.0,Pacific Northwest,Not at all,Yes,Yes,Yes,Yes,Yes,Yes,No,Yes,No,Yes,No,Yes,Yes,No,Yes,Yes,Yes,No,No,No,Female,18-29,"$25,000 - $49,999",Associate or bachelor degree,98052,Pacific
3124232006.0,Mid Atlantic,A lot,Yes,Yes,Yes,No,Yes,Yes,No,No,No,Yes,No,Yes,No,No,No,No,No,No,No,No,Male,18-29,"$150,000+",Associate or bachelor degree,19146,Middle Atlantic
3120686816.0,Northeast,Not at all,Yes,Yes,Yes,Yes,No,No,Yes,Yes,No,No,No,No,Yes,No,Yes,Yes,No,No,No,No,Female,45-60,"$150,000+",Graduate degree,12077,Middle Atlantic
3120685791.0,Midwest,Some,No,No,Yes,Yes,No,Yes,Yes,Yes,Yes,No,Yes,No,Yes,No,No,Yes,No,No,No,No,Female,18-29,"$0 - $24,999",Some college,43615,East North Central
3122714498.0,East coast,Not at all,Yes,Yes,Yes,Yes,Yes,No,Yes,Yes,Yes,Yes,Yes,Yes,No,Yes,Yes,Yes,No,No,Yes,Yes,Female,45-60,"$50,000 - $99,999",Associate or bachelor degree,23464,South Atlantic
3122981603.0,West Coast,Not at all,Yes,Yes,Yes,Yes,No,Yes,Yes,No,No,Yes,No,Yes,No,No,No,No,No,No,No,No,Male,30-44,"$25,000 - $49,999",Associate or bachelor degree,90250,Pacific
3123282153.0,midwest,A lot,Yes,No,Yes,Yes,No,No,Yes,Yes,Yes,Yes,Yes,No,No,No,No,Yes,No,No,Yes,No,Female,45-60,"$50,000 - $99,999",Some college,64030,West North Central
3123002564.0,"Nice place to raise a family. Not too much traffic. A little noisy at times. If you like diesel fumes, you'll love it hear.",Not at all,No,No,Yes,No,No,No,No,No,No,No,No,No,No,No,No,Yes,No,No,No,No,Male,45-60,"$150,000+",High school degree,16602,Middle Atlantic
3124064632.0,southeastern,Not at all,Yes,Yes,Yes,Yes,No,No,Yes,No,No,Yes,No,No,Yes,No,No,No,No,No,No,No,Male,> 60,"$50,000 - $99,999",High school degree,24018,South Atlantic
3123626433.0,New England,Not at all,No,No,Yes,Yes,No,No,Yes,No,No,Yes,No,No,No,Yes,No,Yes,No,No,No,Yes,Female,45-60,"$100,000 - $149,999",Associate or bachelor degree,1876,New England
3122079381.0,South west United States,Not at all,No,Yes,Yes,Yes,No,No,Yes,Yes,Yes,No,Yes,Yes,No,No,Yes,Yes,No,No,Yes,Yes,Female,45-60,"$25,000 - $49,999",Some college,85281,Mountain
3123115634.0,Midwest,Some,Yes,No,Yes,No,Yes,Yes,No,No,Yes,No,Yes,Yes,No,No,No,No,No,No,No,No,Female,18-29,"$0 - $24,999",Associate or bachelor degree,55408,West North Central
3122971558.0,Mid-West,Some,Yes,Yes,Yes,No,Yes,Yes,No,No,No,Yes,No,No,No,No,No,No,No,No,No,No,Male,> 60,"$50,000 - $99,999",Graduate degree,46845,East North Central
3122053011.0,ALL FOUR SEASONS ARE NICE BUT THIS WINTER IS THE MOST BRUTAL ONE YET,A lot,Yes,Yes,Yes,No,Yes,No,No,Yes,No,Yes,No,Yes,No,No,No,No,No,No,No,No,Female,30-44,"$25,000 - $49,999",Some college,49015,East North Central
3122582025.0,The Southeast,Not at all,Yes,Yes,Yes,Yes,No,No,Yes,Yes,Yes,No,Yes,No,Yes,No,No,Yes,No,No,No,No,Male,45-60,"$150,000+",Some college,70431,West South Central
3121737836.0,Southeast Georgia,Not at all,No,No,No,Yes,No,No,No,Yes,No,No,Yes,No,No,Yes,Yes,Yes,No,No,Yes,Yes,Female,> 60,"$25,000 - $49,999",Some college,31566,South Atlantic
3123122905.0,Midwest,Some,Yes,Yes,Yes,Yes,Yes,No,Yes,Yes,No,Yes,Yes,Yes,No,No,No,No,No,No,No,No,Female,45-60,"$150,000+",High school degree,49245,East North Central
3123164925.0,Central States or Mid South,Some,No,No,Yes,Yes,No,No,Yes,Yes,No,No,No,No,No,No,No,Yes,No,No,No,No,Male,45-60,"$150,000+",Some college,64151,West North Central
3122725591.0,Upper Midwest,Not at all,Yes,Yes,Yes,Yes,Yes,Yes,Yes,Yes,No,No,No,Yes,No,No,No,Yes,No,No,No,Yes,Female,30-44,"$50,000 - $99,999",Graduate degree,54701,East North Central
3122535576.0,South,Not at all,Yes,Yes,Yes,Yes,No,Yes,Yes,Yes,Yes,Yes,Yes,Yes,No,Yes,No,Yes,No,No,Yes,Yes,Female,18-29,"$0 - $24,999",Associate or bachelor degree,37841,East South Central
3122909395.0,Middle Atlantic,Not at all,Yes,Yes,Yes,No,Yes,No,Yes,Yes,No,Yes,No,No,No,No,No,No,No,No,No,No,Male,45-60,"$150,000+",Graduate degree,22193,South Atlantic
3122256230.0,south,Not at all,Yes,Yes,Yes,Yes,Yes,Yes,Yes,Yes,Yes,No,Yes,Yes,No,Yes,No,Yes,No,No,Yes,Yes,Female,30-44,"$25,000 - $49,999",Associate or bachelor degree,24319,South Atlantic
3122943839.0,the southeast,Not at all,No,No,No,Yes,No,Yes,Yes,Yes,No,No,No,No,No,Yes,No,Yes,No,No,Yes,Yes,Male,45-60,"$0 - $24,999",High school degree,31061,South Atlantic
3122355799.0,The Great Plains,A lot,Yes,Yes,Yes,No,Yes,Yes,Yes,Yes,Yes,Yes,Yes,Yes,No,No,No,No,No,No,No,No,Female,18-29,"$150,000+",Some college,68850,West North Central
3121656155.0,Paradise,Some,Yes,Yes,Yes,Yes,Yes,Yes,No,No,Yes,Yes,Yes,Yes,No,No,No,No,No,No,No,No,Female,> 60,"$50,000 - $99,999",Associate or bachelor degree,32034,South Atlantic
3122318840.0,Midwest,A lot,Yes,Yes,Yes,Yes,Yes,Yes,Yes,Yes,No,Yes,No,Yes,No,No,No,Yes,No,No,No,No,Female,18-29,"$25,000 - $49,999",Graduate degree,62704,East North Central
3125238383.0,Mid-South,Not much,Yes,Yes,Yes,Yes,Yes,Yes,Yes,No,No,Yes,No,Yes,No,No,No,No,No,No,No,No,Male,18-29,"$0 - $24,999",Some college,74074,West South Central
3123052086.0,Northeast,Not at all,Yes,Yes,Yes,Yes,No,No,Yes,Yes,No,No,No,No,No,No,Yes,Yes,No,No,Yes,No,Female,18-29,"$25,000 - $49,999",Associate or bachelor degree,25413,South Atlantic
3121970674.0,northeast,Not at all,Yes,No,Yes,Yes,No,No,Yes,Yes,No,Yes,No,No,No,No,No,No,No,No,No,No,Female,> 60,"$150,000+",Some college,10128,Middle Atlantic
3122700329.0,Midwest,Some,Yes,Yes,Yes,Yes,Yes,Yes,Yes,Yes,Yes,Yes,Yes,Yes,Yes,Yes,Yes,Yes,No,No,No,No,Male,18-29,"$100,000 - $149,999",Associate or bachelor degree,60134,East North Central
3122946818.0,Upper Midwest,Not much,Yes,Yes,Yes,Yes,Yes,Yes,Yes,No,Yes,No,Yes,Yes,Yes,No,No,Yes,No,No,No,No,Female,18-29,"$25,000 - $49,999",Some college,55420,West North Central
3124110946.0,the great midwest,A lot,Yes,Yes,Yes,Yes,Yes,Yes,Yes,Yes,No,Yes,No,Yes,No,No,No,No,No,No,No,No,Female,45-60,"$50,000 - $99,999",Some college,53189,East North Central
3122950052.0,Central South,Some,Yes,Yes,No,Yes,No,Yes,Yes,Yes,Yes,Yes,Yes,No,No,No,No,No,No,No,No,No,Female,18-29,"$100,000 - $149,999",Some college,73043,West South Central
3123267828.0,Northern California,Not at all,Yes,No,Yes,Yes,Yes,Yes,No,Yes,No,Yes,No,No,No,No,No,No,No,No,No,No,Male,45-60,"$50,000 - $99,999",Graduate degree,95482,Pacific
3123111633.0,The Midwest,Some,Yes,Yes,No,Yes,Yes,No,Yes,No,No,Yes,No,No,No,Yes,No,No,Yes,No,No,No,Male,30-44,"$50,000 - $99,999",Graduate degree,45440,East North Central
3121881749.0,Promise Land,Not much,No,No,No,Yes,No,No,No,Yes,No,No,No,No,No,No,No,Yes,No,No,No,No,Male,18-29,"$25,000 - $49,999",Some college,67022,West North Central
3122966680.0,Pacific Northwest,Not at all,Yes,Yes,Yes,Yes,No,No,Yes,Yes,Yes,Yes,Yes,No,No,No,No,Yes,No,No,No,No,Female,30-44,"$150,000+",Some college,97801,Pacific
3122803302.0,The west,Not at all,No,Yes,No,No,Yes,Yes,No,No,No,No,No,Yes,No,No,No,Yes,Yes,No,No,No,Male,30-44,"$25,000 - $49,999",Associate or bachelor degree,80011,Mountain
3121801399.0,West,Not much,Yes,Yes,Yes,Yes,Yes,Yes,Yes,Yes,No,Yes,No,Yes,No,No,No,Yes,No,No,No,No,Female,45-60,"$150,000+",Associate or bachelor degree,59808,Mountain
3125184703.0,The Midwest/Great Plains,Not much,Yes,Yes,Yes,Yes,Yes,No,Yes,Yes,Yes,Yes,Yes,No,Yes,Yes,No,Yes,No,No,Yes,Yes,Male,18-29,"$0 - $24,999",Some college,66045,West North Central
3124790292.0,The Midwest,A lot,Yes,Yes,Yes,Yes,Yes,Yes,Yes,Yes,Yes,Yes,Yes,Yes,No,No,No,No,No,No,No,No,Male,30-44,"$100,000 - $149,999",Graduate degree,45040,East North Central
3121944600.0,Midwest,A lot,No,No,Yes,Yes,No,No,Yes,Yes,No,No,Yes,No,Yes,Yes,No,Yes,No,No,No,No,Male,30-44,"$150,000+",Graduate degree,73044,West South Central
3122418965.0,midwest,Some,Yes,Yes,Yes,Yes,Yes,Yes,Yes,Yes,No,Yes,No,Yes,No,No,No,No,No,No,No,No,Female,> 60,?,?,60516,East North Central
3121643982.0,midwest,Some,Yes,Yes,Yes,Yes,Yes,Yes,No,No,No,Yes,No,Yes,No,No,No,No,No,No,No,No,Female,> 60,"$150,000+",Graduate degree,60603,East North Central
3122364944.0,west,Some,Yes,Yes,Yes,Yes,Yes,Yes,Yes,No,No,Yes,No,No,No,No,No,No,No,No,No,No,Female,30-44,"$0 - $24,999",Associate or bachelor degree,81252,Mountain
3122606228.0,Northeast,Not at all,Yes,Yes,No,Yes,No,No,Yes,Yes,Yes,Yes,Yes,Yes,No,No,No,No,No,No,No,No,Female,> 60,"$150,000+",Graduate degree,7974,Middle Atlantic
3126575950.0,Southwest Missouri,Some,Yes,Yes,Yes,Yes,Yes,Yes,Yes,Yes,Yes,Yes,Yes,Yes,No,No,No,No,No,No,No,No,Male,18-29,"$100,000 - $149,999",High school degree,65759,West North Central
3123234923.0,great country side of white plain eastern usa,Not much,No,No,No,Yes,No,No,No,No,No,No,No,No,No,No,No,No,No,No,No,No,Male,45-60,"$50,000 - $99,999",Some college,10605,Middle Atlantic
3122851918.0,"Mideastern, but that doesn't go over well. So, Midwestern.",A lot,Yes,Yes,Yes,Yes,Yes,Yes,No,Yes,Yes,Yes,Yes,Yes,No,Yes,Yes,Yes,No,Yes,Yes,Yes,Male,30-44,"$150,000+",Associate or bachelor degree,40324,East South Central
3122585850.0,The Midwest,A lot,Yes,Yes,Yes,Yes,No,No,Yes,Yes,No,Yes,No,No,No,No,No,Yes,No,No,No,No,Female,45-60,"$50,000 - $99,999",Associate or bachelor degree,63122,West North Central
3123073895.0,jkjhj,Some,No,No,No,No,Yes,No,No,No,Yes,No,Yes,No,No,No,No,No,No,No,No,No,Male,30-44,"$25,000 - $49,999",Some college,77876,West South Central
3122595309.0,Boring,Not at all,Yes,Yes,Yes,Yes,Yes,Yes,Yes,Yes,Yes,Yes,Yes,Yes,No,No,Yes,Yes,No,No,No,No,Female,30-44,"$100,000 - $149,999",Graduate degree,17061,Middle Atlantic
3126726778.0,Lake region,Some,Yes,Yes,Yes,No,No,No,No,No,No,Yes,No,No,No,No,Yes,No,No,No,No,No,Male,18-29,"$150,000+",Some college,46323,East North Central
3122329190.0,Southern California,Not at all,Yes,Yes,No,No,Yes,No,No,Yes,No,No,No,Yes,No,No,No,Yes,No,No,No,No,Male,30-44,"$150,000+",Associate or bachelor degree,92024,Pacific
3120889546.0,The south.,Not at all,No,No,Yes,Yes,No,Yes,No,Yes,Yes,No,Yes,Yes,No,Yes,Yes,No,No,No,Yes,Yes,Female,18-29,"$25,000 - $49,999",Some college,72202,West South Central
3122341384.0,midwest,Not much,Yes,Yes,Yes,No,Yes,Yes,Yes,No,No,No,No,Yes,No,No,No,No,No,No,No,No,Female,45-60,"$25,000 - $49,999",Graduate degree,46323,East North Central
3122729727.0,Beautiful mountain town mixed with college town.,Not at all,No,No,Yes,Yes,No,Yes,Yes,Yes,Yes,No,Yes,No,Yes,Yes,No,Yes,No,No,Yes,Yes,Female,18-29,"$0 - $24,999",Some college,26505,South Atlantic
3123181869.0,The South,Some,Yes,Yes,Yes,Yes,Yes,Yes,Yes,Yes,No,Yes,No,Yes,Yes,No,Yes,Yes,Yes,Yes,No,No,Female,18-29,"$0 - $24,999",Associate or bachelor degree,30329,South Atlantic
3123331916.0,an island,Not at all,Yes,Yes,Yes,Yes,Yes,Yes,No,Yes,No,Yes,No,Yes,No,Yes,No,No,No,No,No,No,Male,30-44,"$25,000 - $49,999",Some college,96818,Pacific
3122343529.0,Midwest,A lot,Yes,Yes,No,No,Yes,Yes,No,Yes,No,Yes,No,Yes,No,No,No,No,No,No,No,No,Female,> 60,"$50,000 - $99,999",Associate or bachelor degree,48239,East North Central
3122593200.0,New England,Not at all,Yes,Yes,Yes,Yes,No,No,No,Yes,No,Yes,No,No,No,No,No,Yes,No,No,No,No,Female,45-60,"$50,000 - $99,999",Associate or bachelor degree,1824,New England
3125227684.0,Ohio,Not at all,No,No,No,Yes,No,No,No,Yes,Yes,No,Yes,No,No,Yes,No,Yes,No,No,No,No,Male,18-29,"$25,000 - $49,999",Less than high school degree,45215,East North Central
3123097664.0,Great Lakes area,A lot,Yes,Yes,Yes,No,Yes,Yes,No,No,No,Yes,No,Yes,No,No,No,No,No,No,No,No,Male,> 60,"$50,000 - $99,999",Graduate degree,48072,East North Central
3124208081.0,northwest,Not much,Yes,Yes,Yes,Yes,No,No,Yes,Yes,No,Yes,No,No,Yes,No,No,Yes,No,No,No,No,Male,> 60,"$150,000+",Associate or bachelor degree,59860,Mountain
3122380270.0,Midwest,A lot,Yes,Yes,No,No,Yes,No,Yes,Yes,Yes,Yes,No,No,No,No,No,No,No,No,No,No,Female,45-60,?,High school degree,44256,East North Central
3122611332.0,north east,Not at all,Yes,Yes,Yes,Yes,No,Yes,No,Yes,No,No,Yes,No,Yes,Yes,No,Yes,No,No,Yes,No,Female,18-29,?,Some college,16508,Middle Atlantic
3122762254.0,Midwest,Some,Yes,Yes,Yes,Yes,No,No,Yes,Yes,No,No,No,No,No,No,No,Yes,No,No,No,No,Male,45-60,"$50,000 - $99,999",Some college,66614,West North Central
3120778355.0,Great Lakes Region,A lot,Yes,Yes,Yes,Yes,Yes,Yes,Yes,Yes,Yes,Yes,Yes,Yes,No,No,No,Yes,No,No,No,No,Male,18-29,"$0 - $24,999",Some college,49931,East North Central
3126705768.0,Mid-West,Not at all,Yes,Yes,Yes,No,Yes,No,No,No,No,Yes,No,Yes,No,No,Yes,No,Yes,No,No,No,Male,18-29,"$150,000+",Less than high school degree,45342,East North Central
3121949250.0,upper midwest,A lot,Yes,Yes,Yes,No,Yes,Yes,Yes,Yes,Yes,Yes,Yes,Yes,No,No,No,No,No,No,No,No,Female,> 60,"$50,000 - $99,999",Graduate degree,55731,West North Central
3124801805.0,Midwest,A lot,No,No,Yes,No,No,Yes,No,No,Yes,No,Yes,Yes,No,No,No,No,No,No,No,No,Male,30-44,"$150,000+",Graduate degree,55016,West North Central
3122456017.0,The Midwest,A lot,Yes,Yes,Yes,Yes,No,Yes,Yes,Yes,Yes,Yes,No,Yes,Yes,No,No,Yes,No,No,No,No,Male,30-44,"$100,000 - $149,999",Associate or bachelor degree,44870,East North Central
3122094496.0,The South,Some,Yes,Yes,Yes,Yes,Yes,Yes,Yes,No,No,Yes,No,Yes,No,No,No,No,No,No,No,No,Female,> 60,"$50,000 - $99,999",Graduate degree,33852,South Atlantic
3122831805.0,Midwest,A lot,Yes,Yes,Yes,Yes,Yes,No,No,Yes,No,Yes,No,Yes,No,No,No,No,No,No,No,No,Female,> 60,"$150,000+",Graduate degree,60540,East North Central
3122423051.0,The South,Not at all,Yes,Yes,No,No,Yes,Yes,Yes,No,No,Yes,No,Yes,No,No,No,No,No,Yes,No,No,Male,18-29,"$0 - $24,999",Associate or bachelor degree,37748,East South Central
3122504233.0,Midwest,Some,Yes,Yes,No,No,No,No,No,No,No,Yes,No,No,No,No,Yes,No,No,No,No,No,Female,18-29,"$50,000 - $99,999",Graduate degree,46237,East North Central
3123078546.0,Virginia,Some,No,No,Yes,Yes,No,Yes,Yes,Yes,Yes,No,Yes,Yes,Yes,Yes,No,Yes,No,No,Yes,No,Male,18-29,"$25,000 - $49,999",Less than high school degree,75601,East North Central
3123728130.0,Midwest,A lot,Yes,Yes,Yes,Yes,Yes,Yes,No,No,No,No,Yes,Yes,No,Yes,No,No,No,No,No,No,Female,45-60,"$150,000+",Associate or bachelor degree,53012,East North Central
3123516285.0,Northern New England,Not at all,No,Yes,No,Yes,No,No,No,Yes,Yes,No,Yes,No,No,Yes,No,Yes,No,No,Yes,Yes,Female,30-44,"$25,000 - $49,999",Some college,4427,New England
3124917482.0,Southern Rocky Mountains,Not at all,Yes,Yes,Yes,No,Yes,No,Yes,No,No,Yes,No,Yes,No,No,No,No,No,No,No,No,Male,> 60,"$50,000 - $99,999",Graduate degree,80918,Mountain
3122768487.0,west,Not at all,Yes,Yes,Yes,No,Yes,No,No,No,No,Yes,No,Yes,Yes,No,Yes,No,No,No,No,No,Male,45-60,"$50,000 - $99,999",Some college,59601,Mountain
3124380651.0,"The South, Mid-South, actually.",Not at all,Yes,Yes,Yes,No,Yes,Yes,No,No,No,Yes,No,No,No,No,Yes,No,No,No,No,No,Male,18-29,"$150,000+",Associate or bachelor degree,37917,East South Central
3122993947.0,Midwest,Some,Yes,Yes,Yes,Yes,Yes,Yes,Yes,Yes,No,Yes,No,Yes,No,No,Yes,No,Yes,Yes,No,No,Female,18-29,"$150,000+",Graduate degree,44406,East North Central
3120895564.0,West coast,Not at all,Yes,No,Yes,Yes,No,Yes,Yes,Yes,Yes,No,Yes,Yes,Yes,No,No,Yes,No,No,No,No,Female,45-60,"$100,000 - $149,999",Associate or bachelor degree,91702,Pacific
3122244813.0,Midwest,A lot,Yes,Yes,Yes,No,Yes,Yes,No,No,No,Yes,No,Yes,No,No,No,No,No,No,No,No,Female,18-29,"$25,000 - $49,999",Graduate degree,53711,East North Central
3120840298.0,Midwest,Some,Yes,Yes,Yes,Yes,No,No,Yes,Yes,No,No,No,No,No,No,No,No,No,No,No,No,Female,45-60,"$150,000+",Some college,63038,West North Central
3122875428.0,North East,Not at all,No,No,Yes,Yes,No,No,Yes,Yes,No,No,Yes,No,Yes,No,No,Yes,No,No,No,No,Male,30-44,"$100,000 - $149,999",Some college,19518,Middle Atlantic
3123668248.0,Midwest,A lot,Yes,No,Yes,Yes,No,Yes,Yes,Yes,Yes,No,Yes,Yes,Yes,Yes,Yes,No,No,No,Yes,Yes,Female,> 60,"$50,000 - $99,999",High school degree,68128,West North Central
3125117261.0,tri-state,Some,Yes,Yes,Yes,No,Yes,Yes,No,No,No,Yes,No,Yes,No,No,Yes,No,No,No,No,No,Male,45-60,"$150,000+",Associate or bachelor degree,19317,Middle Atlantic
3123937578.0,Mid West,A lot,Yes,No,No,Yes,Yes,No,Yes,No,No,Yes,No,No,Yes,No,No,Yes,No,No,No,No,Male,45-60,"$50,000 - $99,999",Some college,65251,West North Central
3123013522.0,northeast,Not at all,No,No,No,No,No,Yes,No,No,No,Yes,No,No,No,No,No,No,No,No,No,No,Female,45-60,"$50,000 - $99,999",Graduate degree,18444,Middle Atlantic
3122432588.0,Colorado!,Not much,Yes,Yes,Yes,Yes,Yes,Yes,No,Yes,Yes,Yes,Yes,Yes,No,No,No,No,No,No,No,No,Female,18-29,"$50,000 - $99,999",Associate or bachelor degree,80111,Mountain
3123801443.0,Midwest,Some,Yes,Yes,Yes,No,Yes,No,No,No,No,Yes,No,No,No,No,Yes,No,Yes,Yes,No,Yes,Female,18-29,"$150,000+",Associate or bachelor degree,45458,East North Central
3122387305.0,Midwest. the frozen tundra,A lot,Yes,Yes,Yes,No,Yes,No,No,No,No,Yes,No,Yes,No,No,No,No,No,No,No,No,Female,> 60,"$50,000 - $99,999",Some college,60445,East North Central
3122427463.0,midwest,A lot,Yes,Yes,No,No,Yes,No,No,Yes,No,Yes,No,No,No,No,No,No,No,No,No,No,Male,45-60,"$50,000 - $99,999",Graduate degree,45420,East North Central
3123664988.0,Mid atlantic,Not at all,Yes,Yes,No,No,Yes,Yes,No,No,No,Yes,No,Yes,No,No,No,No,No,No,No,No,Male,45-60,"$150,000+",Associate or bachelor degree,23221,South Atlantic
3122820916.0,Beautiful Montana!,Not at all,Yes,Yes,No,No,Yes,Yes,No,No,No,No,No,Yes,No,No,No,No,No,No,No,No,Female,30-44,"$25,000 - $49,999",Associate or bachelor degree,59601,Mountain
3124010684.0,North west,Some,Yes,No,Yes,No,No,Yes,No,Yes,Yes,Yes,Yes,Yes,No,Yes,No,No,No,No,Yes,Yes,Male,45-60,"$150,000+",Some college,97306,Pacific
3123600376.0,mid-south,A lot,Yes,Yes,Yes,Yes,Yes,Yes,Yes,No,Yes,No,Yes,Yes,No,No,No,No,No,No,No,No,Female,45-60,"$25,000 - $49,999",Associate or bachelor degree,71909,West South Central
3121009122.0,hawaii,A lot,Yes,Yes,Yes,Yes,Yes,Yes,Yes,Yes,Yes,Yes,Yes,Yes,Yes,Yes,Yes,Yes,No,No,Yes,Yes,Male,30-44,"$150,000+",Graduate degree,96814,Pacific
3121394715.0,Small town,Not at all,No,Yes,Yes,Yes,No,No,Yes,Yes,Yes,Yes,Yes,Yes,Yes,Yes,Yes,Yes,No,No,Yes,Yes,Male,30-44,"$100,000 - $149,999",Associate or bachelor degree,29301,South Atlantic
3121522184.0,Midwest,A lot,Yes,Yes,No,No,Yes,Yes,No,No,No,Yes,No,Yes,No,No,Yes,No,No,No,No,No,Female,45-60,"$50,000 - $99,999",Associate or bachelor degree,48009,East North Central
3123117534.0,Midwest,Not much,Yes,Yes,Yes,Yes,Yes,Yes,Yes,Yes,Yes,Yes,Yes,Yes,No,No,No,No,No,No,No,No,Female,45-60,"$0 - $24,999",Associate or bachelor degree,61080,East North Central
3120825808.0,Midwest,Some,Yes,Yes,Yes,Yes,Yes,Yes,Yes,Yes,Yes,Yes,Yes,Yes,No,No,No,Yes,No,No,No,No,Female,18-29,"$0 - $24,999",Associate or bachelor degree,55406,West North Central
3122947918.0,"The Washington, DC Metro area",Not at all,Yes,Yes,Yes,Yes,No,Yes,Yes,Yes,Yes,No,Yes,Yes,No,No,No,Yes,No,No,No,No,Male,45-60,"$25,000 - $49,999",Graduate degree,20906,South Atlantic
3122792783.0,Eastern,Not at all,Yes,Yes,Yes,Yes,Yes,No,Yes,Yes,Yes,Yes,Yes,Yes,No,No,No,Yes,No,No,No,No,Female,> 60,"$50,000 - $99,999",Graduate degree,16803,Middle Atlantic
3122438417.0,The Great Lakes,Some,Yes,Yes,Yes,Yes,Yes,Yes,Yes,Yes,No,Yes,No,Yes,No,No,No,No,No,No,No,No,Male,45-60,"$50,000 - $99,999",Graduate degree,49453,East North Central
3123279985.0,Midwest,A lot,Yes,Yes,Yes,Yes,Yes,Yes,Yes,No,No,Yes,No,Yes,No,No,No,No,No,No,No,No,Female,18-29,"$100,000 - $149,999",Associate or bachelor degree,63139,West North Central
3121647135.0,Southwest,Not at all,Yes,No,No,No,No,Yes,No,No,No,No,No,Yes,No,No,No,No,No,No,No,No,Female,30-44,"$150,000+",Graduate degree,87505,Mountain
3125181547.0,mid west,Some,Yes,Yes,Yes,Yes,Yes,Yes,Yes,No,No,Yes,Yes,Yes,No,No,No,No,No,No,No,No,Male,45-60,"$50,000 - $99,999",Some college,44070,East North Central
3121701987.0,Jersey Shore,Not at all,Yes,Yes,Yes,Yes,Yes,Yes,Yes,Yes,Yes,Yes,Yes,Yes,No,No,No,No,No,No,No,Yes,Female,> 60,"$150,000+",Graduate degree,8087,Middle Atlantic
3122241667.0,Southeast,Not at all,Yes,Yes,Yes,Yes,No,No,Yes,Yes,No,Yes,Yes,No,No,No,No,Yes,No,No,No,Yes,Female,45-60,"$50,000 - $99,999",Some college,70124,West South Central
3123934726.0,south west suburban,Not at all,Yes,No,Yes,Yes,No,Yes,Yes,Yes,Yes,No,Yes,Yes,No,Yes,No,Yes,No,No,No,No,Male,> 60,"$0 - $24,999",High school degree,85119,Mountain
3123138325.0,Land of Opportunity,Not at all,No,Yes,Yes,No,No,Yes,No,Yes,No,No,No,No,No,No,No,No,No,No,Yes,Yes,Female,30-44,"$0 - $24,999",Some college,92126,Pacific
3123357918.0,Bad,Not at all,No,No,No,No,No,No,No,No,No,Yes,No,No,No,No,No,No,No,No,No,No,Male,45-60,"$0 - $24,999",High school degree,95023,Pacific
3122726246.0,West,Not at all,Yes,No,Yes,Yes,No,Yes,Yes,Yes,Yes,No,Yes,No,No,No,No,Yes,No,No,No,No,Male,> 60,"$50,000 - $99,999",Associate or bachelor degree,84096,Mountain
3124326492.0,PACIFIC NORTH WEST,Not at all,No,No,Yes,Yes,Yes,Yes,Yes,Yes,Yes,No,Yes,No,No,No,No,No,No,No,No,No,Male,45-60,"$150,000+",Some college,98908,Pacific
3123992076.0,North East,Not at all,Yes,Yes,Yes,Yes,Yes,Yes,Yes,Yes,Yes,Yes,Yes,Yes,No,No,No,No,No,No,Yes,No,Female,30-44,"$25,000 - $49,999",Some college,15228,Middle Atlantic
3125673633.0,The South,Not at all,Yes,Yes,Yes,Yes,No,Yes,Yes,Yes,Yes,No,Yes,Yes,No,No,Yes,Yes,No,No,No,No,Male,18-29,"$25,000 - $49,999",Some college,27502,South Atlantic
3121964611.0,midwest,Not at all,Yes,Yes,Yes,No,Yes,No,Yes,No,No,Yes,No,Yes,No,No,Yes,No,No,No,No,No,Male,18-29,"$100,000 - $149,999",Associate or bachelor degree,44074,East North Central
3120725742.0,Midwest,A lot,Yes,Yes,Yes,Yes,No,No,No,Yes,No,No,No,No,No,No,No,No,No,No,No,No,Female,45-60,"$25,000 - $49,999",Some college,60004,East North Central
3125223598.0,missiouri,Some,Yes,No,Yes,Yes,Yes,Yes,Yes,No,Yes,No,Yes,Yes,Yes,No,Yes,No,No,No,No,No,Male,18-29,"$150,000+",Some college,65807,West North Central
3122495988.0,west coast,A lot,Yes,Yes,Yes,Yes,Yes,Yes,Yes,No,No,Yes,No,Yes,Yes,No,Yes,No,No,No,No,No,Female,45-60,"$150,000+",Some college,95116,Pacific
3122504167.0,Pacific NW,Some,Yes,Yes,Yes,No,No,No,Yes,No,No,No,No,No,No,No,Yes,No,No,No,No,No,Male,> 60,"$150,000+",Some college,98021,Pacific
3122401385.0,Midwest,Some,Yes,Yes,Yes,No,Yes,Yes,No,No,Yes,Yes,Yes,Yes,No,No,No,No,No,No,No,No,Female,30-44,"$150,000+",Associate or bachelor degree,60543,East North Central
3122656709.0,sonoran desert,Some,Yes,Yes,Yes,Yes,Yes,Yes,Yes,Yes,No,Yes,No,Yes,No,No,No,No,No,No,No,No,Male,45-60,"$100,000 - $149,999",Associate or bachelor degree,85004,Mountain
3121931410.0,midwest,Not at all,Yes,Yes,Yes,Yes,Yes,Yes,Yes,Yes,No,Yes,No,Yes,Yes,No,No,No,No,No,No,No,Female,30-44,"$150,000+",Graduate degree,60657,East North Central
3121713129.0,Midwest,Not much,Yes,Yes,Yes,Yes,Yes,Yes,Yes,No,No,Yes,No,Yes,No,No,No,No,No,No,No,No,Male,> 60,"$150,000+",Graduate degree,43221,Middle Atlantic
3122011216.0,Midwest,A lot,Yes,Yes,Yes,No,Yes,Yes,Yes,Yes,Yes,Yes,No,Yes,No,No,No,No,No,No,No,No,Female,> 60,"$50,000 - $99,999",Graduate degree,43035,East North Central
3123220310.0,God' Country,Not much,Yes,Yes,Yes,Yes,Yes,Yes,Yes,Yes,No,Yes,No,Yes,No,No,No,No,No,No,No,No,Female,> 60,"$0 - $24,999",Graduate degree,28106,South Atlantic
3122731181.0,Midwest,A lot,Yes,Yes,Yes,No,No,Yes,No,No,No,Yes,No,Yes,No,No,No,No,No,No,No,No,Female,> 60,"$50,000 - $99,999",Graduate degree,61201,East North Central
3122276206.0,north central,Some,No,Yes,No,Yes,No,No,Yes,No,Yes,No,Yes,No,No,Yes,No,Yes,No,No,Yes,No,Male,30-44,"$50,000 - $99,999",Some college,26150,South Atlantic
3124501010.0,MidWest,Not at all,Yes,Yes,Yes,Yes,No,Yes,Yes,No,No,Yes,No,Yes,Yes,No,Yes,Yes,No,No,No,No,Female,30-44,"$150,000+",Some college,63102,West North Central
3122292393.0,Upper Midwest,A lot,Yes,Yes,Yes,No,Yes,Yes,No,No,No,Yes,No,Yes,No,No,No,No,No,No,No,No,Female,> 60,"$50,000 - $99,999",Some college,49525,East North Central
3120730189.0,west coast,Not much,No,No,No,No,No,No,No,No,No,No,No,No,No,Yes,No,No,No,No,No,No,Female,45-60,"$25,000 - $49,999",Graduate degree,91941,Pacific
3122678911.0,?,Not at all,No,No,No,No,No,No,No,No,No,No,No,No,No,No,No,No,No,No,Yes,No,Male,30-44,"$0 - $24,999",High school degree,79928,West South Central
3123019001.0,The Buckeye state,A lot,No,No,No,No,No,No,No,No,No,Yes,No,No,No,No,No,No,No,No,No,No,Male,> 60,"$25,000 - $49,999",High school degree,45002,East North Central
3122465539.0,Northeast,Not at all,No,No,No,No,Yes,No,No,No,No,No,No,No,No,No,No,Yes,Yes,No,No,No,Male,18-29,"$150,000+",Some college,19810,South Atlantic
3122725874.0,The south,Not at all,Yes,Yes,Yes,Yes,Yes,Yes,Yes,No,No,No,No,Yes,Yes,No,No,Yes,No,No,No,No,Female,30-44,"$100,000 - $149,999",Some college,34240,South Atlantic
3121761065.0,Mid Atlantic,Not at all,Yes,Yes,Yes,Yes,Yes,Yes,Yes,No,No,Yes,No,Yes,No,No,No,No,No,No,No,No,Female,45-60,"$150,000+",Some college,22181,South Atlantic
3121975799.0,southwest,Not at all,No,No,Yes,Yes,No,No,Yes,Yes,Yes,No,Yes,No,Yes,No,No,Yes,No,No,No,No,Female,> 60,"$150,000+",Associate or bachelor degree,85373,Mountain
3122478573.0,Southern Illinois,A lot,Yes,Yes,Yes,Yes,Yes,Yes,Yes,Yes,No,Yes,No,Yes,Yes,No,No,No,No,No,No,No,Female,18-29,"$25,000 - $49,999",Associate or bachelor degree,62816,East North Central
3120673134.0,midwest,A lot,Yes,Yes,Yes,Yes,Yes,Yes,Yes,Yes,Yes,Yes,Yes,Yes,No,No,No,No,No,No,No,No,Male,18-29,"$50,000 - $99,999",Associate or bachelor degree,55104,West North Central
3124043891.0,Midwest,A lot,Yes,No,Yes,Yes,No,No,Yes,Yes,No,Yes,No,No,Yes,No,No,Yes,No,No,No,No,Female,30-44,"$50,000 - $99,999",Some college,64117,West North Central
3124175767.0,the midwest,A lot,Yes,Yes,Yes,Yes,No,Yes,Yes,Yes,Yes,Yes,Yes,No,No,No,No,Yes,No,No,No,No,Female,30-44,"$100,000 - $149,999",Graduate degree,68502,West North Central
3121828036.0,midwest,Some,Yes,Yes,Yes,Yes,No,No,Yes,No,No,No,No,No,Yes,No,Yes,Yes,No,No,No,No,Female,30-44,"$25,000 - $49,999",High school degree,63401,West North Central
3120897112.0,great,Not at all,Yes,Yes,No,No,No,Yes,No,No,No,No,No,Yes,No,No,No,No,No,No,No,No,Female,18-29,"$0 - $24,999",Some college,60429,East North Central
3122877353.0,Northeast,Not much,Yes,No,No,No,Yes,No,No,No,No,Yes,No,No,No,No,Yes,No,No,No,No,No,Female,30-44,"$25,000 - $49,999",Associate or bachelor degree,16421,Middle Atlantic
3122610317.0,East,Not at all,No,No,No,No,No,No,No,No,No,No,No,No,No,No,No,No,No,Yes,No,No,Male,18-29,"$150,000+",Less than high school degree,11358,Middle Atlantic
3123025021.0,Fly over,A lot,No,No,Yes,Yes,No,No,Yes,Yes,Yes,Yes,Yes,No,Yes,Yes,No,Yes,No,No,No,Yes,Male,> 60,"$150,000+",Associate or bachelor degree,73703,West South Central
3123165201.0,Northwest country,Not at all,No,No,Yes,Yes,No,No,No,Yes,Yes,Yes,Yes,No,Yes,Yes,Yes,Yes,No,No,Yes,Yes,Female,> 60,"$50,000 - $99,999",Some college,97754,Pacific
3120973626.0,California,Not at all,Yes,No,Yes,No,No,Yes,Yes,No,No,No,No,Yes,No,No,No,No,No,No,No,No,Female,18-29,"$150,000+",Some college,94531,Pacific
3124196634.0,Mid west,Some,Yes,Yes,Yes,Yes,No,Yes,Yes,Yes,No,Yes,No,No,Yes,Yes,No,Yes,No,No,No,Yes,Female,45-60,"$150,000+",Some college,65758,West North Central
3122706330.0,Midwest/Eastern.  Just East of the Mississippi should be  Mideastern.,A lot,No,No,Yes,Yes,No,Yes,Yes,Yes,No,No,No,No,No,No,No,No,No,No,Yes,Yes,Male,45-60,"$50,000 - $99,999",High school degree,60148,East North Central
3124212354.0,west coast,Not at all,No,No,No,No,No,No,No,No,No,No,No,No,No,Yes,No,Yes,No,No,No,No,Male,30-44,"$50,000 - $99,999",Associate or bachelor degree,91710,Pacific
3120910065.0,northeast,A lot,No,No,No,Yes,No,No,Yes,No,Yes,No,Yes,No,Yes,No,No,No,No,No,No,No,Female,30-44,"$50,000 - $99,999",High school degree,45693,East North Central
3126712195.0,Midwest,A lot,Yes,Yes,Yes,No,Yes,Yes,No,No,No,No,No,Yes,No,No,No,No,No,No,No,No,Male,30-44,"$100,000 - $149,999",High school degree,60123,East North Central
3123044929.0,out of touch,Not at all,Yes,Yes,Yes,No,No,No,Yes,Yes,Yes,No,No,No,Yes,Yes,Yes,Yes,No,No,Yes,No,Female,45-60,"$25,000 - $49,999",Some college,72335,West South Central
3125023744.0,Midwest,A lot,Yes,Yes,Yes,No,Yes,Yes,Yes,Yes,No,Yes,No,Yes,No,No,No,No,No,No,No,No,Male,18-29,"$150,000+",Some college,53561,East North Central
3124552857.0,midwest,A lot,Yes,Yes,Yes,Yes,Yes,Yes,Yes,Yes,No,Yes,No,Yes,Yes,No,Yes,Yes,Yes,No,No,No,Female,30-44,"$100,000 - $149,999",Some college,46060,East North Central
3120731664.0,Midwest,Not much,No,No,No,Yes,No,No,No,Yes,Yes,No,Yes,No,No,No,No,Yes,No,No,No,Yes,Female,30-44,"$25,000 - $49,999",Graduate degree,73071,West South Central
3123254708.0,Midwest,A lot,Yes,No,Yes,Yes,Yes,Yes,Yes,Yes,Yes,No,Yes,Yes,No,No,No,No,No,No,No,No,Male,45-60,"$150,000+",Some college,55009,West North Central
3123040751.0,South-Midwest,Some,Yes,Yes,No,Yes,Yes,No,No,Yes,Yes,No,Yes,No,No,Yes,No,Yes,No,No,No,No,Female,30-44,"$50,000 - $99,999",Some college,73034,West South Central
3124556962.0,nidwest,A lot,Yes,No,Yes,Yes,No,Yes,Yes,Yes,No,No,Yes,Yes,No,No,No,No,No,No,No,No,Male,30-44,"$150,000+",Some college,50161,West North Central
3123096861.0,South,Not much,Yes,Yes,Yes,Yes,Yes,Yes,Yes,Yes,No,Yes,No,Yes,Yes,No,No,No,No,No,No,No,Female,> 60,"$100,000 - $149,999",Graduate degree,78750,West South Central
3121259959.0,northeast,Not at all,No,No,Yes,Yes,No,Yes,Yes,Yes,Yes,No,Yes,Yes,Yes,Yes,Yes,Yes,No,No,Yes,Yes,Male,45-60,"$100,000 - $149,999",Some college,19149,Middle Atlantic
3125188414.0,Rocky Mountain,A lot,No,No,Yes,Yes,No,No,Yes,Yes,Yes,No,Yes,No,No,No,No,No,No,No,No,No,Male,45-60,"$150,000+",Associate or bachelor degree,80301,Mountain
3124212792.0,"In the sticks, in the south",Not at all,No,No,Yes,Yes,No,No,Yes,Yes,No,No,No,No,No,Yes,No,No,No,No,No,No,Female,45-60,"$50,000 - $99,999",Graduate degree,72802,West South Central
3123290052.0,west coast,Not at all,Yes,Yes,Yes,Yes,Yes,Yes,No,No,No,No,No,Yes,No,No,No,No,No,No,No,No,Male,45-60,"$150,000+",Graduate degree,90245,Pacific
3122149073.0,Eastern,Not at all,Yes,Yes,Yes,Yes,No,No,Yes,Yes,No,Yes,No,No,Yes,No,Yes,Yes,No,No,No,No,Female,18-29,"$150,000+",Associate or bachelor degree,18954,Middle Atlantic
3122254956.0,Great Lakes Region.,A lot,Yes,Yes,Yes,Yes,Yes,Yes,Yes,Yes,Yes,Yes,Yes,Yes,No,No,No,No,No,No,No,No,Female,18-29,"$25,000 - $49,999",Graduate degree,53140,East North Central
3123649176.0,"CENTRAL LAWTON,OKLAHOM",Some,No,No,No,No,No,No,No,No,No,No,No,No,No,No,No,Yes,No,No,No,No,Female,45-60,"$100,000 - $149,999",Graduate degree,73507,West South Central
3125187550.0,Northeast,Not at all,Yes,Yes,Yes,Yes,Yes,Yes,Yes,Yes,No,Yes,No,Yes,Yes,No,Yes,Yes,No,No,No,No,Male,> 60,"$100,000 - $149,999",Some college,18901,Middle Atlantic
3125482745.0,North east mid west,A lot,Yes,Yes,No,No,Yes,Yes,Yes,No,Yes,Yes,Yes,Yes,No,No,No,No,Yes,No,No,No,Male,45-60,"$150,000+",Graduate degree,48706,East North Central
3123704638.0,the midwest,Not much,Yes,Yes,Yes,No,Yes,Yes,Yes,No,No,Yes,No,Yes,No,No,Yes,No,No,No,No,No,Female,18-29,"$25,000 - $49,999",Graduate degree,47715,East North Central
3124745848.0,midwest,A lot,Yes,Yes,Yes,Yes,Yes,Yes,Yes,Yes,No,Yes,No,Yes,Yes,Yes,No,Yes,No,No,No,No,Male,> 60,"$50,000 - $99,999",Some college,64118,West North Central
3123220479.0,USA,Not at all,No,No,No,No,No,No,No,Yes,No,No,No,No,No,No,No,No,No,No,No,No,Male,45-60,"$50,000 - $99,999",Some college,50320,West North Central
3120981495.0,San Francisco Bay Area,Not much,Yes,Yes,Yes,Yes,Yes,Yes,Yes,No,No,Yes,No,Yes,No,Yes,No,No,No,No,Yes,Yes,Female,30-44,"$150,000+",Graduate degree,94129,Pacific
3121767563.0,midwest,A lot,Yes,Yes,Yes,Yes,No,No,Yes,Yes,No,No,No,No,No,No,No,Yes,No,No,No,No,Male,> 60,"$50,000 - $99,999",Graduate degree,68025,West North Central
3122630319.0,Northwest,A lot,Yes,Yes,Yes,Yes,Yes,Yes,Yes,Yes,Yes,Yes,Yes,Yes,No,No,No,No,No,No,No,No,Female,30-44,"$100,000 - $149,999",Some college,98042,Pacific
3124207269.0,great plains,Not at all,No,No,Yes,Yes,No,Yes,Yes,Yes,Yes,No,Yes,No,Yes,No,No,Yes,No,No,No,No,Female,45-60,"$25,000 - $49,999",Some college,67211,West North Central
3122724573.0,Southeastern United States of America,Not much,No,No,No,Yes,No,No,No,Yes,Yes,No,Yes,No,No,Yes,No,No,No,No,Yes,Yes,Male,30-44,"$100,000 - $149,999",Some college,31021,South Atlantic
3122092178.0,East coast,Not at all,No,No,Yes,Yes,No,No,No,Yes,No,No,No,No,Yes,No,No,Yes,No,No,No,No,Female,> 60,"$50,000 - $99,999",Some college,19135,Middle Atlantic
3122592931.0,Midwest,Not at all,No,No,Yes,Yes,No,Yes,Yes,Yes,Yes,No,Yes,No,Yes,No,No,Yes,No,No,Yes,Yes,Male,> 60,"$25,000 - $49,999",Graduate degree,66441,West North Central
3122389287.0,Midwest,Not at all,No,No,No,No,No,No,No,Yes,Yes,No,Yes,No,No,Yes,No,No,No,No,Yes,Yes,Female,30-44,"$100,000 - $149,999",Associate or bachelor degree,80002,Mountain
3121572876.0,MidWest,A lot,Yes,Yes,Yes,No,Yes,No,No,No,No,Yes,No,Yes,No,No,Yes,No,Yes,Yes,No,No,Male,30-44,"$100,000 - $149,999",Associate or bachelor degree,44333,East North Central
3123233201.0,"Mid-Atlantic half the year, Texas the other half",Not at all,Yes,Yes,Yes,Yes,Yes,Yes,Yes,Yes,Yes,Yes,Yes,Yes,No,No,No,No,No,No,No,No,Male,18-29,"$0 - $24,999",Some college,78380/20015,West South Central
3123094609.0,Midwest,A lot,Yes,Yes,Yes,Yes,Yes,Yes,Yes,Yes,No,Yes,No,Yes,No,No,No,No,No,No,No,No,Female,45-60,"$150,000+",Graduate degree,60601,East North Central
3124930362.0,East,Not at all,No,Yes,Yes,No,No,No,Yes,No,No,Yes,No,No,No,No,Yes,No,No,No,No,No,Male,30-44,"$100,000 - $149,999",Graduate degree,20110,South Atlantic
3122107048.0,trashy and racist,Not at all,Yes,Yes,Yes,Yes,Yes,Yes,Yes,Yes,Yes,Yes,Yes,Yes,Yes,Yes,Yes,Yes,Yes,Yes,Yes,Yes,Female,45-60,"$25,000 - $49,999",Some college,14616,Middle Atlantic
3123615317.0,Good place to live .,Some,No,Yes,Yes,No,No,No,No,No,No,No,No,Yes,Yes,Yes,No,Yes,No,No,No,Yes,Female,45-60,"$150,000+",Associate or bachelor degree,44233,East North Central
3122997240.0,Sunny Southern California,Not at all,Yes,No,Yes,No,No,No,Yes,Yes,No,No,No,No,No,Yes,No,Yes,No,No,Yes,Yes,Female,45-60,"$150,000+",Some college,90242,Pacific
3123752728.0,East Coast,Not at all,Yes,Yes,Yes,Yes,Yes,Yes,Yes,Yes,Yes,Yes,Yes,Yes,Yes,No,No,Yes,No,No,No,No,Female,18-29,"$50,000 - $99,999",Associate or bachelor degree,18109,Middle Atlantic
3122261307.0,Midwest,Some,Yes,Yes,No,No,Yes,Yes,Yes,No,No,Yes,No,Yes,No,No,No,No,No,No,No,No,Female,30-44,"$150,000+",Some college,48623,East North Central
3122269111.0,Midwest,A lot,Yes,Yes,Yes,Yes,Yes,Yes,Yes,Yes,No,Yes,No,Yes,No,No,No,No,No,No,No,No,Female,30-44,"$50,000 - $99,999",Graduate degree,45243,East North Central
3123294477.0,Tri-state area.,Not at all,No,No,Yes,Yes,No,No,Yes,Yes,No,No,No,No,Yes,Yes,No,Yes,No,No,No,Yes,Female,18-29,"$150,000+",Graduate degree,18052,Middle Atlantic
3126769963.0,midewest,A lot,Yes,Yes,Yes,No,No,No,No,No,No,Yes,No,No,No,No,No,No,No,Yes,No,No,Male,18-29,"$50,000 - $99,999",Associate or bachelor degree,45040,East North Central
3122294785.0,midwest,A lot,Yes,Yes,Yes,No,No,No,Yes,No,No,No,No,Yes,No,No,No,No,No,No,No,No,Female,30-44,"$150,000+",Associate or bachelor degree,61526,East North Central
3123827153.0,Central Southern,Not much,No,No,Yes,Yes,No,No,No,No,No,No,No,No,No,No,No,No,No,No,No,No,Female,> 60,"$100,000 - $149,999",Associate or bachelor degree,72903,West South Central
3122704348.0,south west,Not much,No,No,No,No,No,No,No,No,No,No,No,No,No,Yes,No,Yes,No,No,Yes,Yes,Male,45-60,"$0 - $24,999",Some college,76541,West South Central
3126756635.0,Midwest,Some,Yes,Yes,Yes,Yes,Yes,No,Yes,Yes,Yes,Yes,Yes,No,Yes,No,Yes,No,No,No,No,No,Male,30-44,"$150,000+",Associate or bachelor degree,61422,East North Central
3121969222.0,mid atlantic,Not at all,Yes,No,No,Yes,Yes,No,Yes,Yes,No,No,No,No,No,No,No,No,No,No,No,No,Female,> 60,"$100,000 - $149,999",Graduate degree,19152,Middle Atlantic
3123016573.0,California,Not at all,Yes,Yes,Yes,No,Yes,Yes,No,No,No,Yes,No,Yes,No,No,No,No,No,No,No,No,Male,18-29,"$25,000 - $49,999",Associate or bachelor degree,65305,New England
3123671172.0,south central kentucky,Not at all,No,No,Yes,Yes,No,Yes,Yes,Yes,No,No,No,No,No,No,No,No,No,No,No,No,Male,> 60,"$50,000 - $99,999",Associate or bachelor degree,42103,East South Central
3124721993.0,Midwest,Some,Yes,Yes,Yes,No,Yes,No,Yes,No,No,Yes,No,Yes,No,No,No,No,No,No,No,No,Male,18-29,"$25,000 - $49,999",Some college,60642,East North Central
3122903698.0,Midwest,A lot,Yes,Yes,No,No,Yes,No,No,No,No,Yes,No,Yes,No,No,No,No,No,No,No,No,Female,30-44,"$50,000 - $99,999",Some college,49505,East North Central
3123681316.0,cold,Some,Yes,No,Yes,Yes,No,No,Yes,Yes,No,No,No,No,No,No,No,No,No,No,No,No,Female,45-60,"$25,000 - $49,999",High school degree,52601,West North Central
3124643231.0,the Midwest,A lot,No,No,Yes,Yes,No,No,Yes,Yes,Yes,No,Yes,No,No,No,No,No,No,No,No,No,Female,> 60,"$50,000 - $99,999",Graduate degree,68164,West North Central
3123044147.0,Midwest,A lot,Yes,Yes,No,No,Yes,No,No,No,Yes,Yes,Yes,Yes,No,No,No,No,No,No,No,No,Female,18-29,"$50,000 - $99,999",Associate or bachelor degree,48170,East North Central
3122318802.0,Midwest,A lot,Yes,Yes,Yes,No,Yes,Yes,Yes,No,No,Yes,No,Yes,No,No,No,No,No,No,No,No,Female,> 60,"$25,000 - $49,999",Graduate degree,60640,East North Central
3122851642.0,South East,A lot,Yes,Yes,Yes,No,Yes,Yes,Yes,Yes,Yes,Yes,Yes,Yes,No,No,No,Yes,No,No,No,No,Male,> 60,"$50,000 - $99,999",Associate or bachelor degree,23236,South Atlantic
3122235038.0,Northeast,Not at all,No,Yes,No,Yes,No,No,No,No,No,Yes,No,Yes,No,No,No,No,No,No,No,No,Male,30-44,"$25,000 - $49,999",Associate or bachelor degree,18407,Middle Atlantic
3121791742.0,SoCal,Not much,No,No,No,Yes,No,No,No,Yes,No,No,Yes,No,No,Yes,No,No,No,No,No,Yes,Female,30-44,"$100,000 - $149,999",Some college,92223,Pacific
3121602717.0,"Left coast, high taxes, corrupt government, illegal aliens",Not at all,Yes,Yes,Yes,Yes,Yes,No,No,No,No,Yes,No,No,No,No,No,No,No,No,No,No,Male,> 60,"$150,000+",Associate or bachelor degree,92122,Pacific
3123097666.0,Northeast,Not much,Yes,Yes,Yes,Yes,No,Yes,Yes,Yes,Yes,No,Yes,No,Yes,No,No,Yes,No,No,Yes,Yes,Female,> 60,"$25,000 - $49,999",Graduate degree,44081,East North Central
3122678131.0,New England,Not much,Yes,Yes,Yes,No,Yes,No,Yes,No,No,Yes,No,Yes,Yes,No,Yes,No,No,Yes,No,No,Male,45-60,"$150,000+",Graduate degree,2536,New England
3120944367.0,northwest,Some,Yes,Yes,Yes,Yes,Yes,Yes,Yes,Yes,No,Yes,No,Yes,No,No,No,No,Yes,Yes,No,No,Male,30-44,"$50,000 - $99,999",Associate or bachelor degree,97006,Pacific
3122278979.0,mid states,Some,No,No,Yes,Yes,No,No,No,Yes,No,No,Yes,No,No,No,No,No,No,No,No,No,Female,> 60,"$50,000 - $99,999",High school degree,68106,West North Central
3122522489.0,The Southeast,Not at all,No,No,Yes,Yes,Yes,No,Yes,Yes,Yes,No,Yes,No,No,No,No,Yes,No,No,No,No,Female,> 60,"$150,000+",Graduate degree,34209,South Atlantic
3124431567.0,Mid west,Some,Yes,Yes,No,Yes,Yes,Yes,Yes,No,No,Yes,No,No,No,No,No,No,No,No,No,No,Male,30-44,?,?,63132,West North Central
3123281575.0,Pacific northwest,A lot,Yes,Yes,Yes,Yes,No,No,Yes,Yes,Yes,No,Yes,No,No,No,No,No,No,No,No,No,Male,30-44,"$150,000+",Associate or bachelor degree,97007,Pacific
3121536242.0,Midwest,Some,Yes,Yes,Yes,Yes,Yes,Yes,Yes,No,No,Yes,No,Yes,No,No,No,No,No,No,No,No,Male,30-44,"$50,000 - $99,999",Some college,60640,East North Central
3121813780.0,Northeast,Not at all,No,Yes,Yes,No,Yes,Yes,Yes,No,No,Yes,No,No,No,No,No,No,No,No,No,No,Male,> 60,"$150,000+",Some college,10708 Survey Flawed In Rankings Section Cannot Do!!!!!,Middle Atlantic
3120886338.0,South,Not at all,No,No,Yes,Yes,No,No,Yes,No,Yes,No,Yes,Yes,Yes,No,No,Yes,No,No,Yes,Yes,Female,18-29,"$25,000 - $49,999",Some college,29620,South Atlantic
3122193541.0,Midwest,A lot,Yes,Yes,Yes,Yes,Yes,No,No,No,No,Yes,No,Yes,No,No,No,No,No,No,No,No,Male,> 60,"$150,000+",Associate or bachelor degree,60302,East North Central
3124224065.0,Mid west,A lot,Yes,No,Yes,No,Yes,Yes,Yes,No,Yes,No,Yes,Yes,No,No,No,No,No,No,No,No,Male,> 60,"$50,000 - $99,999",Some college,53575,East North Central
3122577896.0,Midwest,A lot,Yes,Yes,Yes,Yes,No,No,Yes,No,No,Yes,No,No,No,No,Yes,No,No,No,No,No,Male,18-29,"$25,000 - $49,999",Associate or bachelor degree,64801,West North Central
3122705795.0,Eastern,A lot,No,No,No,No,Yes,No,No,No,No,No,No,No,No,No,No,No,No,No,No,No,Male,> 60,"$150,000+",Associate or bachelor degree,48315,East North Central
3122214976.0,The Midwest,Some,Yes,Yes,Yes,Yes,Yes,Yes,Yes,Yes,No,Yes,No,Yes,No,No,Yes,No,No,No,No,No,Male,> 60,"$100,000 - $149,999",Graduate degree,53207,East North Central
3123253535.0,Big Sky Country,A lot,No,No,Yes,Yes,No,Yes,Yes,Yes,Yes,No,Yes,No,No,Yes,No,No,No,No,Yes,Yes,Male,30-44,"$50,000 - $99,999",Graduate degree,59405,Mountain
3122511204.0,mid-east,Some,Yes,Yes,Yes,Yes,Yes,Yes,Yes,Yes,Yes,Yes,Yes,Yes,Yes,No,Yes,Yes,No,No,Yes,Yes,Female,18-29,"$100,000 - $149,999",Associate or bachelor degree,40220,East South Central
3123371447.0,I live out in the west.,Not at all,No,No,Yes,Yes,No,Yes,Yes,Yes,Yes,No,Yes,No,Yes,Yes,No,Yes,No,No,Yes,Yes,Male,> 60,"$25,000 - $49,999",Graduate degree,93602,Pacific
3123929797.0,Midwest,A lot,Yes,Yes,No,No,Yes,No,No,No,No,Yes,No,No,No,No,Yes,No,Yes,Yes,No,No,Female,> 60,"$150,000+",Graduate degree,45701,East North Central
3122487369.0,The Heartland,A lot,Yes,Yes,Yes,Yes,Yes,Yes,Yes,Yes,Yes,Yes,Yes,Yes,No,No,No,No,No,No,No,No,Male,30-44,"$150,000+",Associate or bachelor degree,48917,East North Central
3123528382.0,mid atlantic,Not at all,Yes,No,Yes,Yes,Yes,Yes,Yes,Yes,Yes,Yes,Yes,Yes,No,No,No,No,No,No,No,No,Female,> 60,"$150,000+",Graduate degree,21012,South Atlantic
3120705634.0,New England,Not at all,Yes,Yes,Yes,No,Yes,Yes,Yes,No,No,Yes,No,No,No,No,No,No,No,No,No,No,Female,30-44,"$150,000+",Graduate degree,4101,New England
3122084387.0,Mid Wst,Not much,Yes,Yes,Yes,No,Yes,Yes,No,No,No,Yes,No,Yes,No,No,No,No,No,No,No,No,Male,> 60,"$100,000 - $149,999",Associate or bachelor degree,48198,East North Central
3123342656.0,The greatest aka NYC!,Not at all,Yes,Yes,Yes,No,Yes,Yes,Yes,Yes,Yes,No,No,No,No,No,No,No,No,No,No,No,Male,30-44,"$150,000+",Associate or bachelor degree,10003,Middle Atlantic
3122258887.0,Mid Atlantic,Some,Yes,Yes,Yes,No,No,Yes,Yes,Yes,No,Yes,No,Yes,No,No,No,No,No,No,No,No,Male,45-60,"$100,000 - $149,999",Associate or bachelor degree,20151,Middle Atlantic
3122548844.0,New England,Not at all,Yes,Yes,Yes,Yes,Yes,No,No,Yes,No,Yes,No,No,Yes,No,No,Yes,No,No,No,No,Male,> 60,"$150,000+",Graduate degree,6042,New England
3122453620.0,MIdwest,Some,No,No,No,No,No,Yes,No,No,Yes,No,Yes,No,No,No,No,No,No,No,Yes,No,Female,> 60,"$150,000+",Graduate degree,58201,West North Central
3124723486.0,In the county,Not at all,No,No,No,Yes,No,No,No,Yes,Yes,No,Yes,No,No,Yes,No,Yes,No,No,Yes,Yes,Male,30-44,"$25,000 - $49,999",Some college,38821,East South Central
3122338441.0,mid-west,Some,No,No,No,Yes,No,No,Yes,Yes,No,No,No,No,Yes,Yes,No,Yes,No,No,No,No,Female,45-60,"$50,000 - $99,999",Some college,67401,West North Central
3122840918.0,mid atlantic,Not much,Yes,Yes,No,No,No,No,No,No,No,No,No,Yes,No,No,No,No,No,No,No,No,Male,45-60,"$50,000 - $99,999",Graduate degree,16403,Middle Atlantic
3121960736.0,The west coast,Not at all,No,No,No,Yes,No,No,No,No,No,No,No,No,No,Yes,No,No,No,No,No,Yes,Female,18-29,"$25,000 - $49,999",Some college,93422,Pacific
3121730195.0,Midwest,A lot,Yes,No,Yes,No,No,Yes,No,Yes,Yes,No,Yes,Yes,No,No,No,No,No,No,No,No,Female,30-44,"$150,000+",Graduate degree,55113,West North Central
3126015205.0,Midwest,A lot,Yes,Yes,Yes,Yes,Yes,Yes,Yes,Yes,Yes,Yes,Yes,Yes,No,No,No,No,No,No,No,No,Male,18-29,"$0 - $24,999",Associate or bachelor degree,54956,East North Central
3122639560.0,Midwest,A lot,Yes,No,Yes,No,No,Yes,Yes,Yes,Yes,No,Yes,Yes,No,No,No,Yes,No,No,No,No,Female,30-44,"$50,000 - $99,999",Associate or bachelor degree,50501,West North Central
3121555878.0,Southeast,Some,Yes,Yes,Yes,Yes,Yes,Yes,Yes,Yes,No,Yes,No,Yes,No,No,Yes,Yes,No,No,No,No,Male,> 60,"$150,000+",Graduate degree,32653,South Atlantic
3126557220.0,Mid-atlantic,Not at all,Yes,Yes,Yes,Yes,Yes,Yes,Yes,Yes,Yes,Yes,Yes,Yes,No,Yes,No,No,No,No,No,Yes,Male,30-44,"$100,000 - $149,999",High school degree,19030,Middle Atlantic
3122801876.0,western mid atlantic,Not at all,Yes,Yes,Yes,Yes,Yes,Yes,Yes,Yes,Yes,Yes,Yes,Yes,Yes,No,Yes,Yes,No,No,No,No,Female,> 60,"$150,000+",Associate or bachelor degree,24333,South Atlantic
3120779948.0,West,Not at all,Yes,No,Yes,No,Yes,Yes,Yes,No,No,No,No,Yes,Yes,No,No,Yes,No,No,No,No,Male,> 60,"$150,000+",Associate or bachelor degree,80231,Mountain
3125165329.0,Midwest,Some,Yes,Yes,Yes,Yes,Yes,No,Yes,Yes,No,Yes,No,No,No,No,No,Yes,No,No,No,No,Male,18-29,"$50,000 - $99,999",Associate or bachelor degree,73034,West South Central
3123688342.0,The Midwest,A lot,Yes,Yes,Yes,No,Yes,Yes,Yes,No,No,Yes,No,Yes,No,No,No,No,No,No,No,No,Male,18-29,"$150,000+",Some college,46703,East North Central
3123124328.0,Midwest,Some,Yes,Yes,Yes,No,Yes,No,Yes,No,No,No,No,Yes,No,No,No,No,No,No,No,No,Female,30-44,"$50,000 - $99,999",Graduate degree,60140,East North Central
3122337318.0,Midwest,A lot,Yes,Yes,Yes,No,Yes,Yes,No,No,No,Yes,No,Yes,No,No,No,No,No,No,No,No,Male,45-60,"$150,000+",Graduate degree,60527,East North Central
3122545692.0,The Midwest,A lot,Yes,Yes,Yes,No,Yes,Yes,Yes,No,No,Yes,No,Yes,No,No,No,No,No,No,No,No,Male,30-44,"$25,000 - $49,999",Associate or bachelor degree,53593,East North Central
3125690751.0,The Midwest,A lot,No,No,No,Yes,No,No,No,No,No,No,No,No,No,No,No,No,No,No,No,No,Male,18-29,"$150,000+",High school degree,112345,West North Central
3122789617.0,Upper midwest,A lot,Yes,Yes,Yes,Yes,Yes,Yes,No,Yes,Yes,Yes,Yes,Yes,No,No,No,No,No,Yes,No,No,Male,30-44,"$50,000 - $99,999",Associate or bachelor degree,54720,East North Central
3121909114.0,Mid Atlantic/North East,Not at all,No,No,Yes,Yes,No,No,Yes,Yes,Yes,No,Yes,No,Yes,No,No,Yes,No,No,No,No,Male,18-29,"$150,000+",Some college,18069,Middle Atlantic
3121960520.0,North central America,Not at all,No,No,No,No,No,No,No,No,No,No,No,No,No,Yes,No,No,No,No,No,Yes,Female,45-60,"$0 - $24,999",Some college,55051,West North Central
3122248251.0,South,Not at all,No,Yes,No,Yes,Yes,No,Yes,No,Yes,Yes,Yes,Yes,No,No,Yes,No,No,No,No,No,Female,30-44,"$0 - $24,999",Associate or bachelor degree,71901,West South Central
3122401353.0,southeast,Not at all,No,No,Yes,Yes,No,No,Yes,Yes,No,No,Yes,No,No,No,No,Yes,No,No,No,Yes,Male,30-44,"$50,000 - $99,999",High school degree,32114,South Atlantic
3123783100.0,north east,Not at all,No,Yes,Yes,Yes,No,No,Yes,Yes,Yes,No,No,No,Yes,No,No,Yes,No,No,Yes,Yes,Female,18-29,"$50,000 - $99,999",Associate or bachelor degree,14026,Middle Atlantic
3121630702.0,Northeast,Not at all,Yes,Yes,Yes,No,Yes,Yes,Yes,No,No,No,No,Yes,No,No,No,No,No,No,No,No,Female,30-44,"$50,000 - $99,999",Graduate degree,12401,Middle Atlantic
3120837766.0,midwest,A lot,Yes,No,Yes,Yes,Yes,Yes,Yes,Yes,Yes,Yes,Yes,No,No,Yes,No,Yes,No,No,No,No,Female,18-29,"$0 - $24,999",Some college,66801,West North Central
3123199280.0,Midwest,A lot,Yes,Yes,Yes,Yes,Yes,No,Yes,No,No,Yes,No,Yes,No,No,No,No,No,No,No,No,Male,> 60,"$50,000 - $99,999",Associate or bachelor degree,60473,East North Central
3122300299.0,New England,Not at all,Yes,Yes,Yes,Yes,Yes,No,Yes,Yes,No,Yes,No,No,No,No,No,No,No,No,No,No,Female,> 60,?,Associate or bachelor degree,1534,New England
3121931710.0,Central united States,Some,No,No,No,Yes,No,No,No,Yes,Yes,No,Yes,No,No,Yes,No,Yes,No,No,No,Yes,Female,45-60,"$25,000 - $49,999",Some college,65753,West North Central
3120721774.0,New York,Not at all,No,No,No,Yes,No,Yes,Yes,No,No,No,No,No,Yes,No,No,Yes,No,No,No,No,Female,18-29,"$50,000 - $99,999",Some college,11228,Middle Atlantic
3122326522.0,South,Not at all,Yes,No,No,Yes,Yes,Yes,Yes,Yes,Yes,Yes,Yes,Yes,No,Yes,No,Yes,No,No,Yes,Yes,Female,45-60,"$50,000 - $99,999",Associate or bachelor degree,32129,South Atlantic
3124079296.0,mountains south west,Not at all,No,No,No,Yes,No,No,Yes,No,No,Yes,Yes,No,Yes,No,Yes,Yes,No,No,No,No,Male,> 60,"$50,000 - $99,999",Some college,92036,Pacific
3123188937.0,Cold small town,Not at all,Yes,Yes,Yes,Yes,Yes,Yes,Yes,Yes,Yes,Yes,Yes,Yes,No,Yes,No,Yes,No,No,Yes,Yes,Female,18-29,"$0 - $24,999",Associate or bachelor degree,49504,East North Central
3122285164.0,NORTH CENTRAL TEXAS,A lot,Yes,No,Yes,Yes,No,No,No,Yes,No,No,No,No,No,No,No,Yes,No,No,No,No,Male,> 60,"$100,000 - $149,999",Some college,76354,West South Central
3122416805.0,midwest,Some,Yes,Yes,Yes,No,Yes,Yes,Yes,No,No,Yes,No,Yes,No,No,No,No,No,No,No,No,Male,45-60,"$150,000+",Graduate degree,60053,East North Central
3122931605.0,NORTHEAST,Not at all,No,No,No,Yes,No,No,No,No,Yes,No,Yes,No,Yes,Yes,No,Yes,No,No,Yes,Yes,Female,> 60,"$25,000 - $49,999",High school degree,19604,Middle Atlantic
3122928269.0,Southwest,Some,Yes,No,Yes,No,No,Yes,No,Yes,No,No,No,Yes,No,No,No,No,No,No,No,No,Female,> 60,"$150,000+",Graduate degree,92020,Pacific
3122178355.0,One of the best places in te entire world,Not at all,No,No,Yes,Yes,No,No,No,No,No,No,No,No,No,No,No,No,No,No,Yes,No,Male,18-29,"$150,000+",High school degree,77089,West South Central
3122711900.0,Mid-north,Some,No,Yes,Yes,No,No,No,No,No,Yes,Yes,No,No,No,Yes,No,No,No,No,No,No,Female,30-44,"$50,000 - $99,999",Some college,53589,East North Central
3121915037.0,Northern midwest,Some,Yes,Yes,Yes,No,No,Yes,No,Yes,No,No,Yes,Yes,No,No,No,No,No,No,No,No,Female,45-60,"$150,000+",Some college,56297,West North Central
3122398400.0,Northeast,Not at all,Yes,Yes,Yes,No,No,Yes,No,Yes,No,Yes,No,Yes,No,No,No,No,No,No,No,No,Female,> 60,"$50,000 - $99,999",Associate or bachelor degree,15327,Middle Atlantic
3123279219.0,the gulf coast,Not at all,No,No,No,Yes,No,No,No,Yes,No,No,No,No,No,Yes,No,Yes,No,No,No,Yes,Female,> 60,"$25,000 - $49,999",High school degree,33763,South Atlantic
3124078186.0,Southern clifornia,Not at all,No,No,No,No,No,No,No,No,No,No,No,No,No,Yes,No,Yes,No,No,No,Yes,Male,45-60,"$25,000 - $49,999",High school degree,92324,Pacific
3121669750.0,mid-Atlantic state,Not at all,Yes,Yes,Yes,Yes,No,No,Yes,No,No,Yes,Yes,No,No,No,Yes,No,No,No,No,No,Female,> 60,"$100,000 - $149,999",Graduate degree,15044,Middle Atlantic
3122799529.0,Midwest,A lot,Yes,Yes,Yes,Yes,No,No,Yes,Yes,No,Yes,No,No,No,No,Yes,Yes,No,No,No,No,Female,45-60,"$150,000+",Graduate degree,46226,East North Central
3125857851.0,Canada,Not at all,Yes,No,Yes,No,Yes,Yes,No,Yes,No,No,No,Yes,No,No,No,No,No,No,Yes,No,Male,> 60,"$150,000+",High school degree,544,East North Central
3126519281.0,Midwest,Some,Yes,No,Yes,Yes,Yes,Yes,No,Yes,Yes,No,Yes,Yes,No,No,No,Yes,No,No,Yes,No,Male,18-29,"$0 - $24,999",Graduate degree,55305,West North Central
3123814652.0,Midwest,A lot,Yes,No,Yes,No,No,Yes,No,No,Yes,No,Yes,Yes,No,No,No,No,No,No,No,No,Male,> 60,"$100,000 - $149,999",Some college,55008,West North Central
3123716495.0,the Midwest,A lot,Yes,Yes,No,No,Yes,No,No,No,No,Yes,No,No,No,No,Yes,No,No,No,No,No,Female,45-60,"$100,000 - $149,999",High school degree,46562,East North Central
3123211149.0,"Mojave Desert, California",Not at all,No,No,Yes,Yes,No,No,Yes,Yes,No,No,No,No,Yes,No,No,Yes,No,No,No,No,Female,30-44,"$25,000 - $49,999",High school degree,93534,Pacific
3126072611.0,A Midwest city,A lot,Yes,Yes,Yes,No,Yes,Yes,No,No,No,Yes,No,Yes,No,No,No,No,No,No,No,No,Male,30-44,"$0 - $24,999",Some college,49503,East North Central
3123305377.0,east north central,Some,Yes,Yes,Yes,No,Yes,Yes,No,Yes,Yes,Yes,Yes,Yes,No,No,No,No,No,No,No,No,Male,30-44,"$25,000 - $49,999",Some college,43616,East North Central
3124273923.0,Midwest,A lot,Yes,Yes,No,Yes,No,No,Yes,No,No,No,No,Yes,No,No,No,No,No,No,No,No,Female,> 60,"$50,000 - $99,999",Some college,63348,West North Central
3123230343.0,Texas,Not at all,Yes,Yes,No,No,Yes,No,No,No,No,Yes,No,Yes,No,No,No,No,No,No,No,No,Male,18-29,"$150,000+",Graduate degree,77054,West South Central
3122174071.0,new england,Not much,Yes,Yes,Yes,Yes,No,No,No,Yes,No,Yes,No,No,Yes,No,Yes,No,No,No,No,No,Female,45-60,"$150,000+",Graduate degree,6013,New England
3123336216.0,the West Coast,Not at all,Yes,Yes,Yes,No,Yes,Yes,Yes,Yes,Yes,Yes,Yes,Yes,No,Yes,No,No,No,No,Yes,No,Female,45-60,"$150,000+",Associate or bachelor degree,91604,Pacific
3126737786.0,The Upper Midwest,Some,Yes,Yes,Yes,No,Yes,Yes,No,No,No,Yes,No,Yes,No,No,No,No,No,No,No,No,Male,18-29,"$100,000 - $149,999",High school degree,60202,West North Central
3122766671.0,new england,Not at all,Yes,Yes,Yes,Yes,Yes,Yes,Yes,Yes,Yes,Yes,Yes,Yes,No,No,No,No,No,No,No,No,Male,45-60,"$100,000 - $149,999",Graduate degree,1730,South Atlantic
3123135286.0,The midwest,A lot,Yes,Yes,Yes,No,Yes,Yes,Yes,No,No,Yes,No,Yes,No,No,No,No,No,No,No,No,Female,30-44,"$50,000 - $99,999",Associate or bachelor degree,60527,East North Central
3122911706.0,Border state between N & S,Not at all,Yes,No,Yes,Yes,Yes,Yes,Yes,No,No,No,No,Yes,Yes,No,No,No,No,No,No,No,Female,> 60,"$25,000 - $49,999",Associate or bachelor degree,40213,East South Central
3124167481.0,Usa,A lot,Yes,Yes,Yes,Yes,Yes,Yes,Yes,Yes,Yes,Yes,Yes,Yes,No,No,No,No,No,No,No,No,Female,45-60,"$25,000 - $49,999",High school degree,44429,East North Central
3122467376.0,"Texas where everything is bigger, better, and more friendly than most states.",Some,No,No,No,Yes,No,No,No,Yes,Yes,Yes,Yes,No,Yes,Yes,Yes,Yes,No,No,Yes,Yes,Male,> 60,"$50,000 - $99,999",Associate or bachelor degree,76063,West South Central
3126128574.0,A mix of urban and rural,A lot,Yes,Yes,Yes,No,No,No,No,No,No,Yes,No,No,No,No,Yes,No,No,No,No,No,Male,18-29,"$25,000 - $49,999",High school degree,46238,East North Central
3121637709.0,North Central,Some,Yes,Yes,No,No,Yes,Yes,No,No,No,Yes,No,Yes,No,No,No,No,No,No,No,No,Male,> 60,"$50,000 - $99,999",Associate or bachelor degree,48356,East North Central
3125558390.0,midwest,Some,Yes,No,Yes,No,Yes,No,No,No,No,Yes,No,Yes,No,No,No,No,No,No,No,No,Male,> 60,"$150,000+",Graduate degree,48302,East North Central
3124123515.0,Midwest,Some,Yes,Yes,No,Yes,No,No,Yes,Yes,No,Yes,No,Yes,Yes,Yes,Yes,Yes,No,No,No,No,Female,30-44,"$150,000+",High school degree,63385,West North Central
3122895536.0,midwest,A lot,Yes,Yes,Yes,No,Yes,Yes,No,Yes,Yes,Yes,Yes,Yes,Yes,No,No,No,No,No,No,No,Female,18-29,"$150,000+",Some college,43351,East North Central
3124661028.0,the midwest,Some,Yes,No,No,Yes,No,No,Yes,No,No,No,No,No,No,No,No,No,No,No,No,No,Female,30-44,"$0 - $24,999",Some college,63049,West North Central
3124817190.0,Midwest,A lot,Yes,Yes,No,No,Yes,No,No,No,No,Yes,No,Yes,No,No,No,No,No,No,No,No,Male,> 60,"$150,000+",Graduate degree,60202,East North Central
3122860998.0,The Northeast,Not at all,No,Yes,Yes,Yes,No,No,Yes,Yes,No,Yes,No,No,Yes,No,No,No,No,No,No,No,Female,45-60,"$50,000 - $99,999",Some college,8340,Middle Atlantic
3122110040.0,midwest,Some,Yes,Yes,Yes,Yes,Yes,No,Yes,No,No,Yes,No,Yes,No,No,No,No,No,No,No,No,Female,> 60,"$50,000 - $99,999",Associate or bachelor degree,60305,East North Central
3120817541.0,"Midwest, great lakes",A lot,Yes,Yes,Yes,No,Yes,Yes,Yes,No,No,Yes,No,Yes,No,No,Yes,No,No,No,No,No,Female,30-44,"$25,000 - $49,999",Some college,49111,East North Central
3123143325.0,midwest,Not at all,Yes,Yes,Yes,Yes,No,No,Yes,Yes,No,Yes,No,No,No,No,No,Yes,No,No,No,No,Female,30-44,"$150,000+",Associate or bachelor degree,45840,East North Central
3122885195.0,The Midwest,A lot,Yes,Yes,No,Yes,No,No,Yes,Yes,No,No,No,No,No,No,No,Yes,No,No,No,No,Female,45-60,"$150,000+",Associate or bachelor degree,66209,West North Central
3120712922.0,mid West Rocky mountains,Some,No,No,No,No,No,No,No,Yes,No,No,No,No,No,Yes,No,No,No,No,Yes,Yes,Female,30-44,"$100,000 - $149,999",Some college,80138,Mountain
3122331176.0,The Northeast,Not at all,No,Yes,Yes,Yes,No,Yes,Yes,Yes,Yes,No,Yes,No,Yes,Yes,No,Yes,No,No,Yes,Yes,Male,18-29,"$50,000 - $99,999",Some college,21701,South Atlantic
3121637218.0,Eastern,Not at all,Yes,Yes,Yes,Yes,Yes,Yes,Yes,No,Yes,No,Yes,Yes,Yes,Yes,No,Yes,No,No,Yes,Yes,Male,18-29,"$150,000+",Graduate degree,15203,Middle Atlantic
3124135115.0,Midwest.,A lot,Yes,Yes,Yes,No,Yes,Yes,Yes,No,No,Yes,No,Yes,No,No,No,No,No,No,No,No,Male,30-44,"$150,000+",Graduate degree,44105,East North Central
3123720906.0,midwest,A lot,Yes,No,Yes,No,No,Yes,No,No,No,Yes,No,Yes,No,No,No,No,No,No,No,No,Female,45-60,"$50,000 - $99,999",Some college,52172,West North Central
3124685399.0,Southwest,Not at all,Yes,Yes,No,No,Yes,No,No,No,No,Yes,No,Yes,No,No,No,No,No,No,No,No,Male,18-29,"$50,000 - $99,999",Some college,79938,West South Central
3123300505.0,Midwest,A lot,Yes,Yes,Yes,No,No,No,Yes,No,No,No,No,Yes,No,No,Yes,No,No,No,No,No,Female,45-60,"$25,000 - $49,999",High school degree,61701,East North Central
3121694012.0,Midwest,Some,Yes,No,Yes,No,No,Yes,No,No,No,No,No,Yes,No,No,No,No,No,No,No,No,Male,45-60,"$150,000+",Some college,53221,East North Central
3121710256.0,Pennsyltucky,Not much,Yes,Yes,Yes,Yes,Yes,Yes,Yes,Yes,No,Yes,No,Yes,Yes,No,No,No,No,No,No,No,Male,30-44,"$100,000 - $149,999",Graduate degree,16803,Middle Atlantic
3122635166.0,North East,Not at all,Yes,Yes,Yes,Yes,Yes,Yes,No,No,Yes,Yes,Yes,Yes,No,No,No,Yes,No,No,No,No,Female,18-29,"$150,000+",Some college,5452,Middle Atlantic
3123699005.0,Midwest,Some,Yes,Yes,Yes,No,Yes,Yes,Yes,No,No,Yes,No,Yes,Yes,No,No,No,No,No,No,No,Female,30-44,"$50,000 - $99,999",Associate or bachelor degree,49088,East North Central
3121706525.0,Midwest,Some,Yes,Yes,Yes,No,Yes,Yes,Yes,No,No,Yes,No,Yes,No,No,No,No,No,No,No,No,Male,45-60,"$25,000 - $49,999",Some college,60076,East North Central
3123471168.0,Sourheast,Not at all,No,No,Yes,Yes,No,No,Yes,Yes,No,No,No,No,No,No,No,No,No,No,No,No,Female,> 60,"$100,000 - $149,999",High school degree,34219,South Atlantic
3122552246.0,Midwest rural,A lot,Yes,Yes,Yes,Yes,No,Yes,Yes,Yes,Yes,No,Yes,Yes,No,No,No,No,No,No,No,No,Female,> 60,"$150,000+",Associate or bachelor degree,50588,West North Central
3122194555.0,West,Not at all,Yes,Yes,Yes,No,Yes,Yes,No,No,Yes,Yes,Yes,Yes,No,No,No,No,No,No,No,No,Female,30-44,"$150,000+",Graduate degree,85042,Mountain
3122636680.0,A community with a Bird Sanctuary that is on the outskirts of Denver.,A lot,No,No,No,No,No,No,No,Yes,No,No,No,No,No,Yes,No,Yes,No,No,Yes,Yes,Female,30-44,"$150,000+",Graduate degree,80033,Mountain
3122897054.0,South,Not much,Yes,No,Yes,No,No,Yes,Yes,Yes,Yes,No,Yes,Yes,No,No,No,Yes,No,No,No,No,Male,> 60,"$50,000 - $99,999",Graduate degree,40513,East South Central
3122008022.0,"awful, flat, ugly",Not much,No,Yes,No,No,Yes,No,No,No,No,Yes,No,No,No,No,Yes,No,Yes,No,No,No,Female,30-44,"$50,000 - $99,999",Associate or bachelor degree,43416,East North Central
3126053872.0,Midwest,Some,Yes,Yes,Yes,Yes,Yes,Yes,No,Yes,Yes,No,Yes,Yes,No,No,No,Yes,No,No,No,No,Male,30-44,"$150,000+",Graduate degree,55364,West North Central
3122091894.0,The Southeast,Not at all,Yes,Yes,Yes,Yes,No,Yes,Yes,Yes,No,Yes,No,Yes,Yes,No,No,Yes,No,No,No,No,Male,18-29,"$150,000+",Some college,29349,South Atlantic
3125654391.0,East,A lot,Yes,Yes,No,No,Yes,Yes,No,No,No,Yes,No,Yes,No,No,No,No,No,No,No,No,Male,> 60,"$50,000 - $99,999",Associate or bachelor degree,18078,Middle Atlantic
3123277143.0,Cold,A lot,Yes,Yes,Yes,No,No,Yes,Yes,No,No,Yes,No,Yes,No,No,No,No,No,No,No,No,Female,18-29,"$150,000+",Some college,60008,East North Central
3122346418.0,Rocky Mountain foothills/ Midwest,Some,No,No,No,Yes,No,Yes,Yes,Yes,Yes,No,Yes,No,Yes,Yes,No,Yes,No,No,No,Yes,Female,18-29,"$25,000 - $49,999",Associate or bachelor degree,81007,Mountain
3121577863.0,rural,A lot,No,No,Yes,Yes,No,Yes,Yes,Yes,Yes,No,Yes,Yes,No,No,No,No,No,No,Yes,Yes,Female,> 60,"$100,000 - $149,999",Associate or bachelor degree,57401,West North Central
3124415195.0,New England,Not at all,Yes,Yes,Yes,Yes,Yes,Yes,Yes,Yes,Yes,Yes,Yes,No,Yes,No,Yes,Yes,No,No,Yes,Yes,Male,18-29,"$25,000 - $49,999",Associate or bachelor degree,5482,New England
3121706002.0,"picturesque, brutal winter this year.",Not much,Yes,Yes,Yes,No,Yes,Yes,Yes,Yes,Yes,Yes,Yes,Yes,No,No,No,No,No,No,No,No,Male,> 60,"$25,000 - $49,999",Some college,48507,East North Central
3124091048.0,midwest,Not much,Yes,Yes,Yes,Yes,Yes,Yes,Yes,Yes,No,Yes,No,Yes,No,No,No,No,No,No,Yes,Yes,Male,30-44,"$150,000+",Associate or bachelor degree,48306,East North Central
3122321265.0,"New York City, a city-state a la Athens. For people who don't know what that means, I'd say Mid-Atlantic",Not at all,Yes,Yes,No,No,Yes,No,No,No,No,Yes,No,No,No,No,No,No,No,No,No,No,Male,30-44,"$50,000 - $99,999",Some college,11209,Middle Atlantic
3122509512.0,mountan states,A lot,Yes,Yes,Yes,Yes,Yes,Yes,No,Yes,Yes,No,Yes,Yes,No,No,No,No,No,No,No,No,Female,30-44,"$0 - $24,999",Associate or bachelor degree,80205,Mountain
3122660115.0,EAST,Not much,No,Yes,Yes,Yes,No,No,No,Yes,No,No,No,Yes,Yes,Yes,No,Yes,No,No,No,Yes,Male,45-60,"$0 - $24,999",High school degree,18252,Middle Atlantic
3122266005.0,midwest,A lot,Yes,Yes,No,Yes,Yes,Yes,Yes,Yes,Yes,Yes,Yes,Yes,Yes,No,No,Yes,No,No,Yes,Yes,Female,18-29,"$50,000 - $99,999",Some college,74055,West South Central
3123094592.0,Southeast,Some,No,Yes,Yes,Yes,Yes,Yes,Yes,Yes,No,No,No,Yes,No,No,No,Yes,No,No,No,No,Male,18-29,"$50,000 - $99,999",Graduate degree,27295,South Atlantic
3122818500.0,the mitten state,A lot,Yes,Yes,Yes,No,Yes,Yes,No,No,No,Yes,No,Yes,No,No,No,No,No,No,No,No,Male,30-44,"$50,000 - $99,999",Some college,49504,East North Central
3121665409.0,midwest,Some,Yes,Yes,Yes,Yes,Yes,Yes,Yes,Yes,No,No,No,No,Yes,No,No,No,No,No,No,No,Female,45-60,"$150,000+",Some college,64060,West North Central
3123177468.0,Southeast,Not at all,Yes,No,Yes,No,Yes,Yes,No,No,No,Yes,No,Yes,No,No,No,No,No,No,No,No,Female,> 60,"$25,000 - $49,999",Some college,32803,South Atlantic
3125516975.0,Midwest,Some,Yes,Yes,Yes,No,Yes,Yes,No,No,No,Yes,No,Yes,No,No,No,No,No,No,No,No,Male,18-29,"$50,000 - $99,999",Some college,49506,East North Central
3126292528.0,Mid Atlantic,Not much,No,Yes,Yes,Yes,No,Yes,Yes,Yes,No,No,No,Yes,No,No,No,Yes,No,No,No,Yes,Male,18-29,"$25,000 - $49,999",Graduate degree,15218,Middle Atlantic
3125242420.0,home,Not at all,No,No,No,Yes,No,No,No,No,No,No,No,No,Yes,No,Yes,No,No,No,No,No,Male,18-29,"$25,000 - $49,999",Associate or bachelor degree,10467,Middle Atlantic
3124873241.0,Midwest,Some,Yes,Yes,No,No,Yes,Yes,No,No,No,Yes,No,Yes,No,No,No,No,No,No,No,No,Male,18-29,"$150,000+",High school degree,44105,East North Central
3122569402.0,"Boring, hilly, cold, the Nasty Nati",Not much,Yes,Yes,No,No,Yes,No,Yes,No,No,Yes,No,No,No,No,Yes,No,No,Yes,No,No,Male,18-29,"$0 - $24,999",High school degree,41076,East South Central
3126087938.0,Limiting.,Not at all,Yes,Yes,No,No,Yes,No,No,No,No,Yes,No,No,No,No,No,No,No,No,No,No,Male,18-29,"$0 - $24,999",Associate or bachelor degree,16802,Middle Atlantic
3123677257.0,Upper Midwest,Some,Yes,Yes,Yes,Yes,Yes,Yes,No,Yes,Yes,Yes,Yes,Yes,No,No,No,No,No,No,No,No,Male,45-60,"$150,000+",Graduate degree,55406,West North Central
3125980148.0,Midwest,Some,Yes,No,Yes,Yes,Yes,Yes,Yes,Yes,Yes,No,Yes,Yes,No,No,No,Yes,No,No,Yes,Yes,Male,30-44,"$25,000 - $49,999",Some college,55427,West North Central
3122315718.0,The midatlantic,Some,Yes,Yes,Yes,Yes,Yes,No,Yes,Yes,Yes,Yes,Yes,Yes,No,No,No,No,No,No,No,No,Male,45-60,"$50,000 - $99,999",Graduate degree,15012,Middle Atlantic
3122084078.0,midwest,Some,Yes,Yes,Yes,No,Yes,Yes,No,No,No,Yes,No,Yes,No,No,No,No,No,No,No,No,Male,45-60,"$50,000 - $99,999",Graduate degree,49525,East North Central
3121405418.0,Midwest,A lot,No,Yes,Yes,No,Yes,Yes,No,Yes,Yes,No,Yes,No,No,No,No,No,No,No,No,No,Female,45-60,"$100,000 - $149,999",Associate or bachelor degree,60194,East North Central
3122124111.0,midwesr,A lot,No,No,No,No,No,Yes,No,No,Yes,No,Yes,Yes,No,No,No,No,No,No,No,No,Male,> 60,"$25,000 - $49,999",Some college,56215,West North Central
3122637458.0,west,A lot,No,No,No,Yes,Yes,No,No,No,No,Yes,No,No,No,No,No,No,No,No,No,No,Male,18-29,"$100,000 - $149,999",Some college,95758,Pacific
3124982791.0,Great weather here in Southern California,Some,Yes,Yes,Yes,No,Yes,Yes,No,No,Yes,Yes,Yes,Yes,No,No,No,No,No,No,No,No,Male,> 60,"$50,000 - $99,999",Some college,77399,East North Central
3125188710.0,Northeastern,Not much,No,No,No,No,No,No,No,Yes,No,No,No,No,No,Yes,No,Yes,No,No,No,No,Male,45-60,"$150,000+",High school degree,17315,Middle Atlantic
3123043036.0,the midwest,A lot,Yes,Yes,Yes,No,Yes,Yes,No,No,No,Yes,No,Yes,No,No,No,No,No,No,No,No,Male,18-29,"$100,000 - $149,999",High school degree,60632,East North Central
3123139503.0,Northern us,Some,No,No,No,No,No,Yes,Yes,No,No,No,No,No,No,No,No,No,No,No,No,No,Female,45-60,"$100,000 - $149,999",Graduate degree,49341,East North Central
3125223179.0,Midwest,Some,Yes,Yes,Yes,No,Yes,Yes,Yes,Yes,No,Yes,No,Yes,No,No,No,No,No,No,No,No,Male,18-29,"$50,000 - $99,999",Some college,60172,East North Central
3125818086.0,North Carolina,A lot,Yes,Yes,Yes,No,Yes,Yes,No,No,No,Yes,No,Yes,No,Yes,Yes,No,No,No,Yes,No,Male,18-29,"$50,000 - $99,999",Associate or bachelor degree,28227,South Atlantic
3122478055.0,Florida,Not at all,Yes,Yes,Yes,No,Yes,Yes,No,No,No,No,No,Yes,No,No,No,No,No,No,No,No,Female,> 60,"$50,000 - $99,999",Graduate degree,33624,South Atlantic
3121729749.0,Coastal New England,Not at all,Yes,No,Yes,Yes,Yes,Yes,No,No,No,Yes,No,Yes,No,No,No,No,No,No,No,No,Female,45-60,"$150,000+",Associate or bachelor degree,2852,New England
3123177733.0,South-Central Midwest,A lot,No,No,Yes,Yes,No,No,Yes,Yes,No,Yes,No,No,Yes,No,No,Yes,No,No,No,No,Female,> 60,"$150,000+",Associate or bachelor degree,64772,West North Central
3123681729.0,Delaware Valley in the Northeast,Not at all,Yes,Yes,Yes,Yes,No,No,Yes,Yes,No,No,No,No,No,No,No,Yes,No,No,No,No,Female,45-60,"$50,000 - $99,999",High school degree,19064,Middle Atlantic
3122940719.0,Mid-west/Great Lakes,A lot,Yes,Yes,Yes,No,Yes,Yes,No,Yes,No,Yes,No,Yes,No,No,No,No,No,No,No,No,Male,> 60,"$100,000 - $149,999",Graduate degree,48380,East North Central
3122305743.0,Midwest,A lot,Yes,Yes,No,No,Yes,No,No,No,No,Yes,No,Yes,No,No,No,No,No,No,No,No,Female,30-44,"$50,000 - $99,999",Associate or bachelor degree,48184,East North Central
3122966789.0,South Central,Some,No,No,No,Yes,No,No,Yes,No,No,No,No,No,Yes,No,No,Yes,No,No,No,No,Female,30-44,"$50,000 - $99,999",Associate or bachelor degree,72120,West South Central
3121613786.0,best part of us,Not at all,Yes,Yes,Yes,Yes,No,Yes,Yes,Yes,Yes,No,Yes,No,Yes,Yes,No,Yes,No,No,Yes,Yes,Male,> 60,"$0 - $24,999",Less than high school degree,42129,East South Central
3125058466.0,midwest,Some,Yes,Yes,Yes,No,Yes,Yes,No,No,No,Yes,No,Yes,No,No,No,No,No,No,No,No,Male,45-60,"$50,000 - $99,999",High school degree,48088,East North Central
3124600786.0,A rural farming area,A lot,Yes,Yes,Yes,Yes,Yes,Yes,Yes,Yes,Yes,Yes,Yes,Yes,Yes,Yes,No,Yes,No,No,Yes,Yes,Male,> 60,"$150,000+",Associate or bachelor degree,52320,West North Central
3122715130.0,Midwest,A lot,Yes,Yes,Yes,No,Yes,Yes,No,No,No,Yes,No,Yes,No,No,Yes,No,No,No,No,No,Female,> 60,"$50,000 - $99,999",Associate or bachelor degree,48017,East North Central
3123875381.0,southwest,A lot,No,No,No,No,No,No,Yes,No,No,No,No,No,No,No,No,No,No,No,No,No,Female,> 60,"$150,000+",High school degree,65608,West North Central
3122295168.0,west,Some,Yes,Yes,Yes,Yes,Yes,Yes,Yes,Yes,No,Yes,No,Yes,No,No,No,No,Yes,No,No,No,Female,45-60,?,?,59803,Mountain
3123084963.0,The northeast,Not at all,No,No,Yes,Yes,Yes,Yes,Yes,Yes,No,Yes,No,Yes,Yes,No,No,Yes,No,No,No,Yes,Male,30-44,"$150,000+",Graduate degree,15208,Middle Atlantic
3122692434.0,Central Eastern,Not at all,Yes,No,No,Yes,No,Yes,Yes,Yes,Yes,No,Yes,Yes,Yes,Yes,No,Yes,No,No,Yes,Yes,Male,18-29,"$150,000+",Associate or bachelor degree,40503,East South Central
3122190270.0,not sure,Some,No,No,No,No,No,No,No,No,No,Yes,No,No,No,No,No,No,No,No,No,No,Female,18-29,"$25,000 - $49,999",High school degree,43232,East North Central
3125619828.0,Interior west,Not at all,Yes,Yes,Yes,No,Yes,Yes,Yes,Yes,No,Yes,No,Yes,No,No,No,Yes,No,No,No,No,Male,30-44,"$50,000 - $99,999",Graduate degree,80203,Mountain
3122269419.0,Southwest,Some,Yes,Yes,Yes,Yes,Yes,Yes,Yes,No,No,Yes,No,Yes,No,No,No,No,No,No,No,No,Male,45-60,"$150,000+",Graduate degree,73632,West South Central
3123134151.0,Midwest,A lot,Yes,No,No,No,Yes,Yes,No,No,No,No,No,Yes,No,No,No,No,No,No,No,No,Female,18-29,"$0 - $24,999",Some college,54724,East North Central
3123199821.0,Midwest,A lot,Yes,Yes,Yes,No,Yes,Yes,Yes,No,Yes,No,Yes,Yes,No,No,No,No,No,No,No,No,Male,30-44,"$150,000+",Associate or bachelor degree,55079,West North Central
3122102092.0,Mid-eastern appalachia,Not at all,No,No,No,Yes,No,No,No,Yes,No,No,No,No,No,Yes,No,No,No,No,No,Yes,Female,30-44,"$50,000 - $99,999",Associate or bachelor degree,41240,East South Central
3122156269.0,south,Not much,No,No,No,No,No,No,No,No,No,No,No,No,No,Yes,No,No,No,No,No,No,Female,45-60,"$50,000 - $99,999",Associate or bachelor degree,72015,West South Central
3122012915.0,midwest,A lot,No,No,Yes,No,No,Yes,No,Yes,Yes,No,Yes,Yes,No,No,No,No,No,No,No,No,Female,> 60,"$50,000 - $99,999",Associate or bachelor degree,55337,West North Central
3125601248.0,Midwest,Not much,Yes,Yes,Yes,Yes,No,Yes,Yes,Yes,No,Yes,No,Yes,No,No,No,Yes,No,No,No,No,Male,30-44,"$150,000+",Associate or bachelor degree,61821,East North Central
3123915217.0,Midwest,A lot,Yes,Yes,Yes,No,Yes,Yes,No,No,No,Yes,No,Yes,No,No,No,No,No,No,No,No,Male,45-60,"$150,000+",Associate or bachelor degree,60102,East North Central
3125881581.0,Northeast,Not much,No,No,No,No,No,No,No,No,Yes,No,No,No,No,No,No,No,No,No,No,No,Male,18-29,"$50,000 - $99,999",Associate or bachelor degree,11040,Middle Atlantic
3123603795.0,midwest,A lot,Yes,Yes,Yes,Yes,Yes,Yes,Yes,No,No,Yes,No,Yes,No,No,Yes,No,No,No,No,No,Female,30-44,"$50,000 - $99,999",Graduate degree,46220,East North Central
3122214526.0,Inland Northwest,Not at all,Yes,Yes,Yes,No,Yes,Yes,Yes,Yes,No,Yes,No,Yes,No,No,No,No,No,No,No,No,Male,45-60,"$150,000+",Associate or bachelor degree,89338,Pacific
3121569431.0,Wet but beautiful when the sun comes out,Not at all,No,Yes,Yes,Yes,No,Yes,No,Yes,Yes,No,Yes,No,No,No,No,No,No,No,No,No,Female,45-60,"$100,000 - $149,999",Some college,98226,Pacific
3122806543.0,Mid-sized Southern city,Not at all,Yes,Yes,Yes,Yes,No,No,Yes,Yes,No,No,No,No,No,No,No,Yes,No,No,Yes,No,Female,> 60,"$50,000 - $99,999",Associate or bachelor degree,27104,South Atlantic
3123018534.0,Cape Cod,Not at all,No,No,No,Yes,No,No,No,Yes,No,No,No,No,Yes,Yes,No,Yes,No,No,No,Yes,Female,> 60,"$150,000+",Some college,2633,New England
3122721572.0,Texas,Not much,Yes,Yes,Yes,Yes,Yes,Yes,Yes,Yes,Yes,Yes,No,Yes,No,Yes,Yes,No,No,Yes,Yes,Yes,Male,30-44,"$100,000 - $149,999",Some college,75703,West South Central
3120998235.0,south,Not at all,No,No,No,Yes,No,No,Yes,Yes,No,No,No,No,No,No,Yes,Yes,No,No,No,No,Female,30-44,"$25,000 - $49,999",High school degree,71049,West South Central
3121415220.0,Midwest,Not much,Yes,Yes,Yes,Yes,Yes,No,Yes,Yes,No,Yes,No,Yes,Yes,No,No,Yes,No,No,No,No,Female,30-44,"$150,000+",Associate or bachelor degree,45241,East North Central
3121580325.0,Midwest,A lot,Yes,Yes,No,No,Yes,Yes,No,No,No,Yes,No,Yes,No,No,No,No,No,No,No,No,Male,> 60,"$150,000+",Graduate degree,48640,East North Central
3123177166.0,Northwest,Not at all,Yes,Yes,Yes,Yes,Yes,Yes,Yes,Yes,Yes,Yes,Yes,Yes,No,No,No,Yes,No,No,No,No,Female,> 60,"$25,000 - $49,999",Some college,97202,Pacific
3121814631.0,Northeast US,Not at all,Yes,No,Yes,Yes,No,Yes,Yes,Yes,Yes,No,Yes,Yes,Yes,No,No,Yes,No,No,No,No,Male,> 60,"$150,000+",Graduate degree,4530,New England
3122962239.0,Mid Atlantic region,Not at all,Yes,Yes,Yes,Yes,Yes,Yes,Yes,Yes,Yes,Yes,Yes,Yes,No,No,No,Yes,No,No,No,No,Female,18-29,"$25,000 - $49,999",Graduate degree,19038,Middle Atlantic
3124020637.0,midwest,A lot,Yes,Yes,Yes,No,Yes,No,No,No,No,No,No,Yes,No,No,No,No,No,No,No,No,Female,> 60,"$100,000 - $149,999",Some college,60202,East North Central
3124676956.0,n central,Some,Yes,Yes,Yes,No,Yes,No,No,No,No,Yes,No,Yes,No,No,No,No,Yes,No,No,No,Female,> 60,"$50,000 - $99,999",Associate or bachelor degree,54313,East North Central
3121710711.0,East Coast,Not at all,Yes,Yes,Yes,Yes,No,No,Yes,Yes,No,Yes,No,No,No,No,No,No,No,No,No,No,Female,30-44,"$150,000+",Associate or bachelor degree,19426,Middle Atlantic
3124516238.0,Northern Midwest,Not much,Yes,Yes,No,No,Yes,No,No,No,No,Yes,No,Yes,No,No,Yes,No,No,No,No,No,Female,> 60,"$150,000+",Associate or bachelor degree,45069,East North Central
3122717494.0,Pacific Northwest,Not at all,Yes,Yes,Yes,Yes,No,Yes,Yes,Yes,Yes,No,Yes,Yes,No,Yes,No,No,No,No,Yes,Yes,Male,30-44,?,Associate or bachelor degree,98115,Pacific
3122238658.0,the west,Not at all,Yes,Yes,Yes,Yes,Yes,No,Yes,Yes,Yes,Yes,Yes,Yes,Yes,No,No,Yes,No,No,No,No,Male,45-60,"$150,000+",Associate or bachelor degree,80501,Mountain
3125445535.0,Midwest,A lot,Yes,Yes,Yes,No,Yes,No,Yes,No,No,Yes,No,Yes,No,No,No,No,No,No,No,No,Male,45-60,"$100,000 - $149,999",Associate or bachelor degree,48069,East North Central
3123898417.0,Midwest,A lot,Yes,No,Yes,Yes,Yes,Yes,Yes,Yes,Yes,No,Yes,Yes,No,No,No,No,No,No,No,No,Female,> 60,"$50,000 - $99,999",Some college,56377,West North Central
3123273234.0,mideast,Some,No,No,Yes,No,No,Yes,Yes,No,Yes,No,Yes,Yes,Yes,No,Yes,No,No,No,Yes,Yes,Male,30-44,"$25,000 - $49,999",Graduate degree,33614,South Atlantic
3124600727.0,Midwest,Not much,Yes,Yes,No,No,Yes,Yes,No,No,No,Yes,No,Yes,No,No,No,No,No,No,No,No,Male,45-60,"$150,000+",Graduate degree,46703,East North Central
3121791336.0,Midwest,A lot,Yes,No,Yes,Yes,No,Yes,No,Yes,Yes,No,Yes,Yes,No,Yes,No,No,No,No,No,No,Male,30-44,"$50,000 - $99,999",Some college,68136,West North Central
3122488217.0,"Northeast, lived in Nebraska for 25 years.",Some,Yes,Yes,Yes,Yes,Yes,Yes,Yes,Yes,Yes,Yes,Yes,Yes,No,Yes,No,Yes,No,No,No,No,Female,> 60,"$50,000 - $99,999",Associate or bachelor degree,13332,Middle Atlantic
3120655067.0,Northeast,Not at all,No,Yes,Yes,Yes,No,No,No,Yes,No,No,No,Yes,No,No,No,Yes,No,No,No,No,Female,30-44,"$0 - $24,999",Graduate degree,19130,Middle Atlantic
3125639982.0,northern midwest,A lot,Yes,Yes,Yes,Yes,Yes,Yes,Yes,Yes,Yes,Yes,Yes,Yes,Yes,Yes,Yes,Yes,No,Yes,Yes,Yes,Male,45-60,"$50,000 - $99,999",Some college,55303,West North Central
3122145352.0,Midwest,Some,Yes,Yes,Yes,Yes,Yes,No,Yes,No,No,Yes,No,Yes,No,No,No,No,No,No,No,No,Female,30-44,"$100,000 - $149,999",Associate or bachelor degree,49506,East North Central
3126448363.0,mid west,A lot,Yes,Yes,No,No,Yes,Yes,No,No,No,Yes,No,Yes,No,No,No,No,Yes,No,No,No,Male,30-44,"$0 - $24,999",Associate or bachelor degree,45056,East North Central
3121769739.0,North east,Not at all,Yes,No,No,Yes,Yes,Yes,Yes,Yes,Yes,Yes,Yes,Yes,No,Yes,No,No,No,No,No,No,Female,30-44,"$25,000 - $49,999",Some college,6112,New England
3120844968.0,Northeast,Not at all,No,Yes,No,No,No,No,No,Yes,No,No,No,No,Yes,No,No,No,No,No,No,No,Female,18-29,"$0 - $24,999",Some college,2127,New England
3123866595.0,"Beautiful country, but can be extremely cold and extremely hot.",A lot,Yes,Yes,Yes,Yes,Yes,Yes,Yes,Yes,No,No,No,Yes,No,No,No,No,No,No,No,No,Female,> 60,"$50,000 - $99,999",High school degree,62305,East North Central
3122573943.0,eastern pennsylvania,Not at all,No,Yes,Yes,Yes,No,No,No,Yes,Yes,Yes,Yes,No,No,No,No,Yes,No,No,No,Yes,Male,45-60,"$50,000 - $99,999",Some college,18011,Middle Atlantic
3122262573.0,Midwest,Some,Yes,Yes,Yes,Yes,Yes,Yes,No,No,No,Yes,No,Yes,No,No,No,No,No,No,No,No,Female,45-60,"$100,000 - $149,999",Associate or bachelor degree,60102,East North Central
3123231125.0,MidWest,A lot,Yes,Yes,No,No,Yes,No,No,No,No,Yes,No,Yes,No,No,Yes,No,Yes,Yes,No,No,Male,45-60,"$50,000 - $99,999",Some college,43162,East North Central
3121033626.0,Bay Area,A lot,No,Yes,Yes,No,No,Yes,Yes,No,Yes,No,No,No,No,No,Yes,Yes,No,No,Yes,Yes,Male,30-44,"$150,000+",Some college,94544,Pacific
3120657061.0,South,Not at all,Yes,Yes,No,Yes,No,No,No,Yes,No,No,No,No,No,No,No,No,No,No,No,No,Female,30-44,"$50,000 - $99,999",Associate or bachelor degree,72837,West South Central
3126807211.0,Southern,Not much,No,No,No,No,No,No,No,No,No,No,No,No,No,Yes,No,No,No,No,No,No,Male,18-29,"$50,000 - $99,999",High school degree,74070,West South Central
3123849003.0,Central,Not at all,Yes,No,Yes,Yes,No,Yes,Yes,Yes,No,No,Yes,Yes,Yes,No,No,Yes,No,No,No,No,Male,> 60,"$50,000 - $99,999",High school degree,55103,West North Central
3122884086.0,New England,Not at all,Yes,Yes,No,Yes,No,No,Yes,Yes,No,No,No,No,No,No,No,No,No,No,No,No,Female,> 60,"$25,000 - $49,999",Associate or bachelor degree,5770,New England
3122882240.0,Northeast,Not at all,No,Yes,Yes,Yes,No,No,Yes,Yes,No,Yes,No,No,No,No,No,Yes,No,No,No,No,Female,> 60,"$100,000 - $149,999",Graduate degree,10302,Middle Atlantic
3122164693.0,The West,Not at all,Yes,Yes,Yes,Yes,No,No,Yes,Yes,Yes,Yes,Yes,No,No,Yes,No,Yes,No,No,Yes,Yes,Female,30-44,"$25,000 - $49,999",Associate or bachelor degree,92021,Pacific
3125745700.0,northeast,Not at all,No,No,No,Yes,No,No,No,No,Yes,No,No,Yes,No,No,No,No,Yes,No,No,No,Male,18-29,"$150,000+",Some college,17777,Middle Atlantic
3122562710.0,The South,Not much,Yes,Yes,Yes,Yes,No,Yes,No,No,No,Yes,No,Yes,No,No,No,Yes,No,No,No,No,Female,> 60,"$150,000+",Some college,29405,South Atlantic
3122057889.0,unstable,Not at all,No,No,Yes,No,No,No,Yes,Yes,Yes,No,Yes,No,Yes,Yes,No,No,No,No,Yes,Yes,Male,30-44,"$25,000 - $49,999",High school degree,48082,East North Central
3123272082.0,Cold,A lot,Yes,Yes,Yes,No,Yes,Yes,No,Yes,Yes,No,Yes,Yes,No,No,No,Yes,No,No,Yes,Yes,Male,30-44,"$0 - $24,999",Some college,44240,East North Central
3121956648.0,Atlantic region,Not much,Yes,Yes,No,Yes,Yes,Yes,No,No,Yes,Yes,Yes,Yes,Yes,No,No,Yes,No,No,No,Yes,Male,30-44,"$50,000 - $99,999",Associate or bachelor degree,16415,Middle Atlantic
3121795727.0,North East USA,Not at all,Yes,Yes,Yes,Yes,No,No,Yes,Yes,No,No,No,Yes,No,Yes,Yes,Yes,No,No,No,Yes,Female,45-60,"$0 - $24,999",Some college,7960,Middle Atlantic
3122914225.0,The West,Some,Yes,Yes,Yes,No,Yes,Yes,No,No,No,Yes,No,Yes,No,No,No,No,No,No,No,No,Female,30-44,"$0 - $24,999",Associate or bachelor degree,80210,Mountain
3122586389.0,North,Not much,No,No,Yes,No,Yes,Yes,No,No,Yes,No,Yes,Yes,No,No,No,No,No,No,No,No,Female,> 60,"$150,000+",Associate or bachelor degree,55304,West North Central
3123170866.0,"Pretty scenery, filled with trashy shitty minded idiots.",Not at all,No,No,No,Yes,No,No,No,Yes,No,No,No,No,No,Yes,No,Yes,No,No,No,Yes,Female,18-29,"$25,000 - $49,999",High school degree,71832,West South Central
3122392530.0,Southwest,Not at all,Yes,Yes,Yes,Yes,Yes,Yes,Yes,Yes,No,No,No,No,No,No,Yes,Yes,No,No,Yes,Yes,Female,30-44,"$25,000 - $49,999",Associate or bachelor degree,78704,West South Central
3122030597.0,The west,Not much,Yes,Yes,Yes,Yes,No,No,Yes,Yes,No,No,No,No,No,No,No,Yes,No,No,No,No,Male,45-60,"$25,000 - $49,999",Associate or bachelor degree,83644,Mountain
3122075310.0,Midwest,A lot,Yes,Yes,Yes,Yes,Yes,Yes,Yes,Yes,Yes,Yes,No,Yes,No,No,No,No,No,No,No,No,Male,45-60,"$100,000 - $149,999",Graduate degree,47401,East North Central
3123726776.0,North East,Not at all,Yes,Yes,Yes,Yes,No,Yes,Yes,Yes,Yes,No,Yes,Yes,No,Yes,Yes,Yes,No,No,Yes,Yes,Female,18-29,"$50,000 - $99,999",Associate or bachelor degree,17740,Middle Atlantic
3123115882.0,Mid-West.,A lot,Yes,No,Yes,No,No,Yes,Yes,Yes,Yes,No,Yes,Yes,No,No,No,No,No,No,No,No,Female,> 60,"$150,000+",Graduate degree,50265,West North Central
3123986526.0,Central plains,Some,No,No,Yes,Yes,No,No,No,Yes,Yes,No,Yes,No,No,No,No,Yes,No,No,No,No,Male,45-60,"$150,000+",Associate or bachelor degree,76502,West North Central
3124023076.0,Midwest,Some,Yes,Yes,No,No,Yes,Yes,Yes,No,No,Yes,No,Yes,No,No,No,No,No,No,No,No,Female,45-60,"$50,000 - $99,999",Some college,48045,East North Central
3122035910.0,The midwest.,Some,Yes,No,Yes,Yes,Yes,Yes,Yes,Yes,Yes,No,Yes,Yes,Yes,Yes,No,No,No,No,No,No,Female,> 60,"$100,000 - $149,999",Some college,64468,West North Central
3121942353.0,east,Not at all,Yes,Yes,Yes,Yes,Yes,No,Yes,No,No,No,No,No,No,No,No,Yes,No,No,No,No,Female,45-60,"$150,000+",Graduate degree,15236,Middle Atlantic
3125584277.0,Midwest,A lot,Yes,Yes,Yes,Yes,Yes,Yes,Yes,Yes,No,No,Yes,Yes,No,No,No,No,No,No,No,No,Male,45-60,"$150,000+",Associate or bachelor degree,63005,West North Central
3122432077.0,Upper Midwest,A lot,Yes,No,Yes,No,No,Yes,Yes,Yes,Yes,No,Yes,Yes,No,No,No,No,No,No,No,No,Female,> 60,"$50,000 - $99,999",Some college,55408,West North Central
3120838033.0,midwest,A lot,No,No,Yes,No,No,Yes,No,Yes,No,No,Yes,Yes,No,No,No,No,No,No,No,No,Male,> 60,"$50,000 - $99,999",Associate or bachelor degree,55123,West North Central
3123256960.0,"The dirty ""mitten"" akaMichigan",A lot,Yes,Yes,No,No,Yes,Yes,No,No,No,Yes,No,Yes,No,No,No,No,No,No,No,No,Female,30-44,"$100,000 - $149,999",Associate or bachelor degree,49014,East North Central
3122005633.0,Midwest,Some,Yes,Yes,Yes,No,Yes,Yes,No,Yes,No,Yes,No,Yes,No,No,No,No,Yes,No,No,No,Female,45-60,"$100,000 - $149,999",Graduate degree,44107,East North Central
3123112767.0,"Safe, mild expenses",Not much,Yes,No,No,Yes,No,No,Yes,No,No,No,Yes,No,Yes,Yes,Yes,No,No,No,No,Yes,Male,18-29,"$150,000+",High school degree,22152,South Atlantic
3122797869.0,texas,Not at all,No,Yes,Yes,No,Yes,Yes,No,No,No,No,No,Yes,No,No,No,No,No,No,No,No,Female,45-60,"$0 - $24,999",Associate or bachelor degree,77803,West South Central
3126034454.0,North Eastern Kentucky,Not at all,Yes,Yes,Yes,Yes,Yes,Yes,Yes,Yes,Yes,No,Yes,No,Yes,Yes,No,Yes,No,No,Yes,Yes,Male,18-29,"$150,000+",Some college,41175,East South Central
3122744224.0,Upper midwest,A lot,Yes,Yes,No,No,Yes,Yes,No,No,No,Yes,No,Yes,No,No,No,No,No,No,No,No,Male,30-44,"$50,000 - $99,999",Associate or bachelor degree,49504,East North Central
3123089620.0,Central New York,Not at all,No,Yes,Yes,Yes,No,No,Yes,Yes,No,No,No,No,No,No,No,No,No,No,No,No,Female,30-44,"$50,000 - $99,999",Some college,14882,Middle Atlantic
3121354553.0,Midwest,A lot,Yes,No,Yes,Yes,Yes,Yes,Yes,Yes,Yes,Yes,Yes,Yes,No,No,No,No,No,No,No,No,Female,45-60,"$150,000+",Graduate degree,55024,West North Central
3125002587.0,The Southeast.,Not at all,Yes,Yes,Yes,Yes,Yes,Yes,Yes,Yes,No,Yes,Yes,Yes,No,Yes,No,Yes,No,No,Yes,Yes,Male,30-44,"$50,000 - $99,999",Graduate degree,30309,South Atlantic
3122779430.0,Central to the united states .,Not at all,No,No,No,No,No,No,No,No,No,No,No,No,Yes,No,No,No,No,No,No,No,Female,> 60,"$150,000+",Some college,78665,West South Central
3124746790.0,Desert Southwest,Not at all,Yes,Yes,Yes,Yes,Yes,Yes,Yes,Yes,Yes,Yes,Yes,Yes,No,No,No,No,No,No,No,No,Male,30-44,"$25,000 - $49,999",Some college,85392,Mountain
3125164346.0,Rocky Mountain West,Some,Yes,Yes,Yes,Yes,Yes,Yes,Yes,Yes,Yes,Yes,Yes,Yes,No,No,No,Yes,No,No,No,No,Male,45-60,"$50,000 - $99,999",Some college,80634,Mountain
3122891444.0,A taxpayers hell,A lot,Yes,Yes,Yes,No,Yes,Yes,No,No,No,No,No,Yes,No,No,No,No,No,No,No,No,Female,30-44,"$150,000+",Some college,53074,East North Central
3124049564.0,"Boulder, CO",Not much,No,No,No,Yes,No,No,No,Yes,Yes,No,Yes,No,No,Yes,No,Yes,No,No,Yes,Yes,Female,30-44,"$25,000 - $49,999",Some college,80302,Mountain
3122233542.0,USA,Not at all,No,Yes,Yes,Yes,Yes,No,No,Yes,Yes,Yes,No,Yes,No,Yes,Yes,Yes,No,No,Yes,Yes,Male,30-44,"$25,000 - $49,999",Associate or bachelor degree,19147,Middle Atlantic
3121833555.0,Northeast,Not at all,Yes,Yes,Yes,Yes,Yes,Yes,Yes,Yes,Yes,No,Yes,Yes,Yes,Yes,Yes,Yes,No,No,Yes,Yes,Female,30-44,"$100,000 - $149,999",Graduate degree,8520,Middle Atlantic
3122862537.0,Southwest or Rocky Mountains,Not at all,Yes,Yes,Yes,Yes,Yes,Yes,Yes,Yes,No,Yes,No,Yes,No,No,No,Yes,No,No,No,No,Female,45-60,"$100,000 - $149,999",Graduate degree,81303,Mountain
3120825453.0,Middle east,Not much,No,No,No,Yes,No,No,Yes,Yes,No,No,No,Yes,Yes,No,No,Yes,No,No,Yes,Yes,Female,30-44,"$150,000+",Associate or bachelor degree,40220,East South Central
3121717092.0,South,Not at all,Yes,Yes,Yes,Yes,No,No,Yes,Yes,No,Yes,No,No,No,No,No,No,No,No,No,No,Male,45-60,"$50,000 - $99,999",Associate or bachelor degree,39327,East South Central
3122770376.0,I would call it the South to Southwest.,Not much,Yes,No,Yes,Yes,No,No,Yes,Yes,No,No,No,No,No,No,No,No,No,No,No,No,Male,30-44,"$100,000 - $149,999",Graduate degree,76126,West South Central
3122778673.0,midwest,A lot,No,No,No,No,No,No,No,No,No,No,No,Yes,No,No,No,No,No,No,No,No,Male,30-44,"$50,000 - $99,999",Some college,53704,East North Central
3121611906.0,Midwest,A lot,Yes,Yes,Yes,No,Yes,Yes,No,No,Yes,No,Yes,Yes,No,No,No,No,No,No,No,No,Male,45-60,?,Some college,55447,West North Central
3122086415.0,Rocky Mountain Region,Not at all,Yes,Yes,Yes,Yes,Yes,Yes,Yes,Yes,Yes,Yes,Yes,Yes,Yes,No,No,Yes,No,Yes,No,Yes,Female,45-60,"$150,000+",Graduate degree,80223,Mountain
3126728553.0,South Central,Some,Yes,Yes,Yes,Yes,Yes,Yes,Yes,Yes,Yes,Yes,Yes,Yes,Yes,No,No,No,No,No,No,No,Male,30-44,"$50,000 - $99,999",Associate or bachelor degree,73109,West South Central
3123866465.0,Upper MIdwest,A lot,Yes,Yes,Yes,Yes,Yes,Yes,Yes,Yes,Yes,Yes,Yes,Yes,No,No,No,Yes,No,No,No,No,Male,30-44,"$150,000+",Some college,55425,West North Central
3122209127.0,Southeast,A lot,Yes,Yes,Yes,Yes,Yes,Yes,Yes,Yes,No,Yes,No,Yes,No,No,Yes,No,No,Yes,No,No,Female,18-29,"$25,000 - $49,999",Associate or bachelor degree,29201,South Atlantic
3123239400.0,The best evn climate. Not to hot or not to cold.,Not at all,No,Yes,Yes,No,No,No,No,Yes,No,Yes,No,No,No,No,No,No,No,No,No,No,Male,45-60,"$150,000+",Some college,98296,Pacific
3124577163.0,midwest,A lot,Yes,Yes,Yes,Yes,Yes,Yes,Yes,Yes,No,Yes,No,Yes,No,No,No,No,Yes,No,No,No,Female,30-44,"$25,000 - $49,999",Associate or bachelor degree,44074,East North Central
3123057392.0,The Great Lakes State.,A lot,Yes,Yes,Yes,No,Yes,Yes,No,Yes,Yes,Yes,Yes,Yes,No,No,No,No,No,No,No,No,Male,30-44,"$50,000 - $99,999",Graduate degree,49001,East North Central
3122453400.0,West Coast,A lot,Yes,Yes,Yes,Yes,Yes,Yes,Yes,Yes,Yes,Yes,Yes,Yes,No,No,No,Yes,No,No,No,No,Female,> 60,"$0 - $24,999",Graduate degree,95336,Pacific
3124015874.0,Minnesota,Not at all,Yes,No,Yes,No,Yes,Yes,No,Yes,Yes,No,Yes,Yes,No,No,No,No,No,No,No,No,Female,30-44,"$50,000 - $99,999",Graduate degree,55122,West North Central
3121982001.0,midwest united states,A lot,No,No,No,Yes,No,No,Yes,No,No,No,No,No,Yes,No,No,Yes,No,No,No,No,Female,> 60,"$50,000 - $99,999",High school degree,74105,West South Central
3120823109.0,cold,Not at all,Yes,Yes,Yes,Yes,Yes,Yes,No,Yes,Yes,No,Yes,Yes,No,No,No,No,No,No,Yes,Yes,Female,30-44,"$50,000 - $99,999",Graduate degree,2125,New England
3122479150.0,Midwest,A lot,Yes,Yes,No,No,Yes,No,No,No,No,Yes,No,Yes,No,No,No,No,No,No,No,No,Male,45-60,"$150,000+",Associate or bachelor degree,60439,East North Central
3123026024.0,Northeastern Pennsylvania,Not at all,Yes,Yes,Yes,Yes,Yes,No,No,Yes,No,Yes,No,Yes,No,No,No,No,No,No,No,No,Female,45-60,"$100,000 - $149,999",Associate or bachelor degree,18801,Middle Atlantic
3123012306.0,midwest,A lot,Yes,Yes,Yes,No,Yes,No,Yes,No,No,No,No,Yes,No,No,No,No,No,No,No,No,Female,45-60,"$50,000 - $99,999",Some college,60517,East North Central
3123184466.0,DC Metro area,Not at all,Yes,Yes,Yes,No,Yes,Yes,Yes,No,No,Yes,No,Yes,No,No,No,No,No,No,No,No,Female,45-60,"$150,000+",Graduate degree,20854,South Atlantic
3122154082.0,in a mess,Not at all,No,No,No,No,No,No,No,Yes,No,No,No,No,No,Yes,No,No,No,No,No,Yes,Female,> 60,"$25,000 - $49,999",High school degree,70131,West South Central
3123839222.0,Suburban,Not much,Yes,Yes,Yes,No,Yes,Yes,Yes,No,No,Yes,No,Yes,No,No,No,No,No,No,No,No,Female,> 60,"$50,000 - $99,999",Some college,60130,East North Central
3122317223.0,The Heartland,A lot,Yes,No,Yes,Yes,No,No,Yes,Yes,Yes,No,Yes,No,Yes,Yes,No,Yes,No,No,No,No,Female,45-60,?,?,73034,West South Central
3122086896.0,Southwest,Not at all,Yes,Yes,Yes,No,Yes,Yes,No,Yes,No,Yes,No,Yes,No,No,No,No,No,No,No,No,Male,45-60,"$100,000 - $149,999",Graduate degree,79602,West South Central
3122808148.0,Midwest,Some,Yes,Yes,Yes,No,Yes,Yes,No,No,No,Yes,Yes,Yes,No,No,No,No,No,No,No,No,Male,45-60,"$150,000+",Some college,49424,East North Central
3122842997.0,Gulf Coast,Not at all,Yes,Yes,Yes,No,Yes,Yes,Yes,No,No,Yes,No,Yes,No,No,No,No,No,No,No,No,Female,> 60,"$100,000 - $149,999",Graduate degree,77084,West South Central
3122987823.0,TEXAS!,Not at all,Yes,Yes,No,No,Yes,Yes,No,Yes,No,Yes,No,Yes,No,No,No,No,No,No,No,No,Female,45-60,"$50,000 - $99,999",Graduate degree,77071,West South Central
3123757211.0,Midwest,A lot,Yes,Yes,Yes,No,No,No,No,No,No,No,No,No,No,No,Yes,No,No,No,No,No,Female,45-60,"$25,000 - $49,999",Some college,60126,East North Central
3122332755.0,Upper Midwest,Some,Yes,Yes,Yes,Yes,Yes,Yes,No,Yes,Yes,Yes,Yes,Yes,No,No,No,No,No,No,No,No,Female,45-60,"$50,000 - $99,999",Associate or bachelor degree,43056,East North Central
3123198619.0,West,A lot,Yes,No,Yes,No,Yes,Yes,No,Yes,Yes,Yes,Yes,Yes,No,No,No,No,No,No,No,No,Female,18-29,"$100,000 - $149,999",Associate or bachelor degree,80301,Mountain
3126337827.0,Midwest,Not much,Yes,Yes,Yes,Yes,No,No,No,No,No,No,No,No,No,No,Yes,No,No,No,No,No,Male,18-29,"$0 - $24,999",Some college,47581,East North Central
3123076305.0,Midwest,A lot,Yes,Yes,Yes,No,Yes,Yes,Yes,No,No,Yes,No,Yes,No,No,Yes,No,No,No,Yes,No,Male,30-44,"$50,000 - $99,999",Associate or bachelor degree,49307,East North Central
3123208283.0,Midwest,A lot,Yes,Yes,Yes,No,Yes,Yes,Yes,No,No,Yes,No,Yes,No,No,No,Yes,No,No,No,No,Female,45-60,"$150,000+",Associate or bachelor degree,52403,West North Central
3123683830.0,northern,Not much,No,No,No,No,No,No,No,Yes,Yes,No,Yes,No,Yes,Yes,No,Yes,No,No,Yes,Yes,Female,45-60,"$150,000+",Some college,17267,Middle Atlantic
3122820953.0,Upstate NY,Not much,Yes,Yes,Yes,Yes,Yes,Yes,Yes,Yes,Yes,No,Yes,Yes,No,No,No,No,No,No,No,No,Male,> 60,"$50,000 - $99,999",Graduate degree,14623,Middle Atlantic
3122709026.0,Midwest,Some,Yes,Yes,Yes,Yes,Yes,Yes,No,Yes,No,Yes,No,Yes,No,No,No,No,No,No,No,No,Male,45-60,"$100,000 - $149,999",Graduate degree,48858,East North Central
3123252222.0,America's Heartland,Not much,No,No,No,No,No,No,Yes,No,No,No,No,No,Yes,No,No,Yes,No,No,No,No,Female,18-29,"$0 - $24,999",Some college,42071,East South Central
3121253592.0,South central,Some,Yes,Yes,Yes,Yes,No,No,Yes,No,No,No,No,No,No,No,No,Yes,No,No,No,No,Male,45-60,"$100,000 - $149,999",Some college,40241,East South Central
3121865065.0,"Rural, hickish crap.",Some,Yes,Yes,Yes,No,Yes,Yes,Yes,No,No,Yes,No,Yes,No,No,No,No,No,No,No,No,Male,30-44,"$25,000 - $49,999",Less than high school degree,49646,East North Central
3121820961.0,Mid West,Some,Yes,Yes,Yes,No,Yes,No,Yes,No,No,Yes,No,Yes,No,No,No,No,Yes,No,No,No,Female,45-60,"$150,000+",Graduate degree,49046,East North Central
3122680573.0,midwest,Some,No,No,No,Yes,No,No,Yes,No,No,No,No,No,Yes,Yes,No,Yes,No,No,No,No,Female,45-60,"$25,000 - $49,999",Some college,74801,West South Central
3122860447.0,Northeast,Not at all,Yes,Yes,Yes,Yes,No,No,Yes,Yes,No,Yes,No,Yes,Yes,No,Yes,Yes,No,No,No,No,Male,30-44,"$150,000+",Some college,6801,New England
3122926865.0,northeast,Not at all,Yes,Yes,Yes,Yes,Yes,No,No,No,No,Yes,No,Yes,No,No,No,No,No,No,No,No,Male,30-44,"$150,000+",Graduate degree,19038,Middle Atlantic
3124057741.0,Midwest,Not at all,Yes,Yes,Yes,Yes,Yes,Yes,No,Yes,No,Yes,No,Yes,No,No,No,No,No,No,No,No,Male,> 60,"$100,000 - $149,999",Graduate degree,48187,East North Central
3123276801.0,South Florida where the sun always shines,Some,Yes,Yes,Yes,No,No,No,No,Yes,No,No,No,No,Yes,No,No,No,No,No,No,No,Female,45-60,"$25,000 - $49,999",Associate or bachelor degree,33460,South Atlantic
3122633633.0,West Coast,Not at all,No,Yes,Yes,Yes,No,No,Yes,Yes,No,Yes,No,No,No,No,No,No,No,No,No,No,Male,30-44,"$100,000 - $149,999",Associate or bachelor degree,90803,Pacific
3121693052.0,Northeastern,Some,No,No,No,No,No,No,No,No,No,Yes,No,No,No,No,No,No,No,No,No,No,Female,45-60,"$150,000+",?,45424,East North Central
3124095125.0,West,Some,Yes,Yes,Yes,Yes,No,No,Yes,Yes,No,No,No,No,No,No,No,No,No,No,No,No,Female,30-44,"$50,000 - $99,999",Some college,80537,Mountain
3122982573.0,Southwest coastal,Not at all,Yes,Yes,Yes,Yes,Yes,Yes,Yes,Yes,Yes,No,Yes,Yes,No,No,No,Yes,No,No,No,No,Female,> 60,"$100,000 - $149,999",Associate or bachelor degree,92123,Pacific
3123157406.0,Midwest,A lot,Yes,Yes,Yes,Yes,No,Yes,Yes,Yes,No,Yes,No,Yes,No,No,No,Yes,No,No,No,No,Female,45-60,"$25,000 - $49,999",Some college,64776,West North Central
3123203759.0,Midwest,A lot,Yes,Yes,Yes,No,Yes,Yes,No,Yes,Yes,Yes,Yes,Yes,Yes,No,Yes,No,No,Yes,No,No,Male,45-60,"$100,000 - $149,999",Some college,43224,East North Central
3122696184.0,South Atlantic,Not at all,No,No,Yes,No,No,No,Yes,Yes,No,No,No,No,No,Yes,No,Yes,No,No,Yes,No,Female,> 60,"$0 - $24,999",Some college,33417,South Atlantic
3122924446.0,Midwest,A lot,Yes,Yes,Yes,Yes,Yes,Yes,Yes,Yes,No,Yes,No,Yes,No,No,No,No,No,No,No,No,Female,> 60,"$0 - $24,999",Graduate degree,65203,West North Central
3122980358.0,The west,Some,Yes,No,Yes,Yes,No,Yes,Yes,Yes,No,No,No,Yes,No,No,No,No,No,No,No,No,Male,30-44,"$50,000 - $99,999",Graduate degree,82435,Mountain
3123820726.0,South Central,Not at all,No,No,No,No,No,No,No,No,No,No,No,No,No,Yes,No,No,No,No,Yes,Yes,Female,18-29,"$25,000 - $49,999",Associate or bachelor degree,73401,West South Central
3123286557.0,Southwest,Not at all,No,No,No,No,No,No,No,No,No,No,No,No,Yes,Yes,No,Yes,No,No,No,Yes,Male,30-44,"$50,000 - $99,999",Some college,79913,West South Central
3120890774.0,Southern California,Not at all,No,No,Yes,No,Yes,No,No,Yes,No,Yes,No,No,No,Yes,No,No,No,No,Yes,Yes,Female,> 60,"$25,000 - $49,999",Some college,92083,Pacific
3120695309.0,Sunshine State,Not at all,No,No,No,No,No,No,Yes,Yes,No,No,No,Yes,No,Yes,No,Yes,No,No,Yes,Yes,Female,30-44,"$100,000 - $149,999",Associate or bachelor degree,33186,South Atlantic
3122660461.0,Mountain states.,A lot,Yes,Yes,Yes,Yes,No,No,Yes,Yes,No,Yes,No,No,Yes,No,No,Yes,No,No,No,No,Male,45-60,"$150,000+",Associate or bachelor degree,83713,Mountain
3122515656.0,VERY CHANGEABLE,A lot,Yes,Yes,Yes,Yes,Yes,Yes,Yes,Yes,No,Yes,No,Yes,No,No,Yes,Yes,No,No,No,No,Female,> 60,"$150,000+",Some college,61254,East North Central
3122048525.0,Expensive and Entertainment Country.,Some,No,No,No,Yes,No,No,Yes,No,No,No,No,No,No,No,No,No,No,No,No,No,Female,18-29,"$0 - $24,999",Less than high school degree,63105,West North Central
3121694738.0,Northeast,Not at all,Yes,Yes,Yes,Yes,No,Yes,Yes,Yes,No,No,Yes,Yes,No,No,No,No,No,No,No,No,Female,30-44,"$50,000 - $99,999",Associate or bachelor degree,15665,Middle Atlantic
3122506370.0,Mid-Atlantic,Some,Yes,Yes,Yes,Yes,Yes,Yes,Yes,No,No,Yes,No,Yes,No,No,No,No,No,No,No,No,Female,> 60,"$50,000 - $99,999",Associate or bachelor degree,19119,Middle Atlantic
3122721434.0,The Midwest,A lot,No,No,No,Yes,No,No,Yes,Yes,Yes,No,Yes,No,Yes,No,No,Yes,No,No,Yes,No,Male,18-29,"$25,000 - $49,999",Some college,74834,West South Central
3122786001.0,midwest,Not much,No,No,No,No,Yes,No,No,No,No,No,No,No,No,No,No,No,No,No,No,No,Female,> 60,?,Some college,48327,East North Central
3121722222.0,Texas,Not at all,Yes,Yes,Yes,No,Yes,No,No,No,No,Yes,No,Yes,No,No,No,No,No,No,No,No,Male,> 60,"$100,000 - $149,999",Graduate degree,78233,West South Central
3122636993.0,Midwest,A lot,Yes,Yes,Yes,Yes,Yes,No,No,No,No,Yes,No,Yes,No,No,No,No,No,No,No,No,Female,> 60,"$50,000 - $99,999",Associate or bachelor degree,60016,East North Central
3122579371.0,Midwest,Some,Yes,No,No,No,No,No,Yes,No,No,No,No,No,No,No,No,No,No,No,No,No,Female,45-60,"$50,000 - $99,999",Graduate degree,63011,West South Central
3122500779.0,The Deep South,Not at all,No,No,No,Yes,No,No,Yes,Yes,No,No,No,Yes,No,Yes,No,Yes,No,No,No,Yes,Male,30-44,?,Graduate degree,70605,West South Central
3121730269.0,Texas,Not at all,No,No,No,Yes,No,No,No,Yes,Yes,No,Yes,No,No,Yes,No,No,No,No,Yes,Yes,Male,45-60,"$100,000 - $149,999",Associate or bachelor degree,77355,West South Central
3122792505.0,Country outside of Baltimoe,Some,Yes,Yes,Yes,No,Yes,Yes,No,No,No,No,No,Yes,No,No,No,No,No,No,No,No,Male,> 60,"$100,000 - $149,999",Associate or bachelor degree,21131,South Atlantic
3122356730.0,North coast,Not much,Yes,Yes,Yes,Yes,No,Yes,Yes,Yes,No,No,No,No,No,No,No,No,No,No,No,No,Female,45-60,"$50,000 - $99,999",Graduate degree,44109,East North Central
3122791477.0,New Jersey,Not at all,Yes,Yes,Yes,Yes,No,Yes,Yes,Yes,No,Yes,No,Yes,No,No,No,No,No,No,No,No,Male,30-44,"$150,000+",Graduate degree,8844,Middle Atlantic
3120776993.0,Central Florida,Not at all,No,Yes,No,Yes,No,No,No,No,No,No,Yes,Yes,Yes,Yes,Yes,Yes,No,No,Yes,Yes,Female,45-60,"$0 - $24,999",Some college,32824,South Atlantic
3120988002.0,Southern California,Not at all,Yes,Yes,Yes,Yes,No,No,No,Yes,No,Yes,No,No,No,No,No,No,No,No,No,No,Female,45-60,"$50,000 - $99,999",Graduate degree,92107,Pacific
3122801306.0,Midwest,A lot,Yes,Yes,Yes,Yes,Yes,Yes,No,No,No,Yes,No,Yes,No,No,No,No,No,No,No,No,Male,45-60,"$100,000 - $149,999",Graduate degree,53546,East North Central
3123054076.0,Southern california,Not at all,Yes,Yes,Yes,Yes,No,Yes,Yes,Yes,Yes,No,Yes,Yes,Yes,No,No,Yes,No,No,Yes,Yes,Female,45-60,"$150,000+",Graduate degree,92782,Pacific
3125834929.0,The South,Not at all,No,Yes,Yes,Yes,No,No,Yes,Yes,No,Yes,No,Yes,No,No,No,Yes,No,No,No,No,Male,18-29,"$100,000 - $149,999",High school degree,30030,South Atlantic
3122839962.0,Pacific Northwest,Not at all,No,No,No,Yes,Yes,Yes,No,Yes,No,No,No,No,No,No,No,Yes,No,No,No,No,Male,> 60,"$100,000 - $149,999",Graduate degree,97132,Pacific
3123122472.0,the midwest,Some,Yes,No,No,No,No,No,No,No,No,No,No,No,No,No,No,No,No,No,No,No,Female,18-29,"$25,000 - $49,999",Associate or bachelor degree,60613,East North Central
3122187903.0,high desert,Not at all,No,Yes,Yes,Yes,No,No,Yes,Yes,No,Yes,No,Yes,No,No,No,No,No,No,No,No,Female,> 60,"$25,000 - $49,999",Some college,89523,Mountain
3122067956.0,Vermont is beautiful during all seasons.,Not at all,Yes,Yes,Yes,No,Yes,Yes,Yes,No,No,Yes,No,Yes,No,No,No,No,No,No,No,No,Female,18-29,"$25,000 - $49,999",Some college,5495,New England
3123273926.0,Southeast Idaho,Some,Yes,No,Yes,Yes,No,Yes,Yes,Yes,Yes,No,Yes,Yes,Yes,Yes,No,Yes,No,No,Yes,Yes,Male,30-44,"$0 - $24,999",Graduate degree,83201,Mountain
3121689214.0,South,Not much,Yes,Yes,No,No,Yes,No,Yes,No,No,Yes,No,No,No,No,Yes,Yes,No,No,No,No,Female,30-44,"$0 - $24,999",Some college,77056,West South Central
3120724255.0,Southern America,Not at all,No,Yes,Yes,No,No,Yes,No,Yes,Yes,Yes,Yes,Yes,No,Yes,No,Yes,No,No,No,Yes,Female,30-44,"$150,000+",Associate or bachelor degree,77007,West South Central
3126064064.0,Midwest,A lot,No,No,No,No,No,Yes,No,No,No,No,No,No,No,No,No,No,No,No,No,No,Male,30-44,"$50,000 - $99,999",Some college,55444,West North Central
3125212568.0,Midwest,Some,Yes,Yes,No,Yes,No,Yes,No,Yes,Yes,No,Yes,Yes,No,No,No,No,No,No,No,No,Male,30-44,"$25,000 - $49,999",Graduate degree,56502,West North Central
3122864652.0,Far West,Some,Yes,Yes,Yes,Yes,Yes,Yes,Yes,Yes,Yes,No,Yes,Yes,Yes,No,Yes,Yes,No,No,No,No,Male,> 60,"$150,000+",Graduate degree,92130,Pacific
3123003878.0,Rural,Not at all,No,No,No,No,No,No,No,Yes,Yes,No,Yes,Yes,No,Yes,No,Yes,No,No,Yes,No,Female,18-29,"$50,000 - $99,999",Associate or bachelor degree,12010,Middle Atlantic
3123008564.0,Midwest,Some,Yes,Yes,Yes,No,Yes,Yes,Yes,No,No,Yes,No,Yes,No,No,No,No,No,No,No,No,Female,18-29,"$0 - $24,999",Some college,49345,East North Central
3123115810.0,the Mid-Atlantic region,Not much,Yes,Yes,Yes,No,Yes,Yes,Yes,No,Yes,Yes,Yes,Yes,No,No,No,No,No,No,No,No,Female,> 60,"$150,000+",Associate or bachelor degree,21207,South Atlantic
3122633406.0,New England,Not at all,Yes,Yes,Yes,Yes,Yes,Yes,Yes,Yes,Yes,Yes,Yes,Yes,Yes,Yes,Yes,Yes,Yes,Yes,Yes,Yes,Male,18-29,"$150,000+",High school degree,5495,New England
3122661617.0,Mid Atlantic,Not at all,Yes,Yes,Yes,Yes,No,No,Yes,Yes,No,No,No,No,Yes,No,No,Yes,No,No,No,No,Female,45-60,"$25,000 - $49,999",Some college,17566,Middle Atlantic
3122517020.0,The Midwest,Not much,Yes,Yes,Yes,No,Yes,Yes,Yes,No,Yes,Yes,No,Yes,No,No,No,Yes,Yes,No,Yes,No,Male,18-29,"$150,000+",High school degree,47167,East North Central
3122814185.0,Northeast,Not at all,Yes,Yes,Yes,Yes,Yes,Yes,Yes,Yes,Yes,Yes,Yes,Yes,Yes,No,Yes,Yes,No,No,No,Yes,Male,18-29,"$100,000 - $149,999",Some college,19043,Middle Atlantic
3123752094.0,Midwest,A lot,Yes,Yes,Yes,Yes,Yes,Yes,Yes,Yes,No,Yes,No,Yes,No,No,No,No,No,No,No,No,Female,18-29,"$100,000 - $149,999",Associate or bachelor degree,49341,East North Central
3120714364.0,Midwest North America,Not at all,No,No,Yes,Yes,No,No,Yes,Yes,No,No,Yes,No,No,No,No,No,No,No,No,No,Female,45-60,"$50,000 - $99,999",Some college,50265,West North Central
3124127306.0,mountain west,Not at all,Yes,Yes,Yes,No,Yes,Yes,No,No,No,Yes,No,Yes,No,No,No,No,No,No,No,No,Male,45-60,"$50,000 - $99,999",Graduate degree,80015,Mountain
3124022695.0,Midwest,A lot,Yes,No,Yes,Yes,No,No,Yes,Yes,No,No,No,No,No,No,No,No,No,No,No,No,Female,45-60,"$150,000+",High school degree,64624,West North Central
3122933914.0,Midwest,Some,Yes,Yes,Yes,No,Yes,Yes,Yes,No,No,Yes,No,Yes,No,No,No,No,No,No,No,No,Female,18-29,"$0 - $24,999",Some college,47401,East North Central
3122668250.0,Midwest,Some,Yes,Yes,No,No,Yes,No,No,No,No,No,No,Yes,No,No,No,No,No,No,No,No,Female,30-44,"$150,000+",Associate or bachelor degree,60020,East North Central
3123048920.0,Great lakes region,Not much,Yes,Yes,Yes,Yes,Yes,Yes,Yes,Yes,Yes,Yes,Yes,Yes,Yes,Yes,Yes,Yes,No,No,Yes,Yes,Female,30-44,"$50,000 - $99,999",Graduate degree,44221,East North Central
3123111390.0,Midwest,Some,No,Yes,No,No,Yes,No,No,No,No,Yes,No,No,No,No,No,No,Yes,No,No,No,Male,> 60,"$100,000 - $149,999",Graduate degree,15237,Middle Atlantic
3120768210.0,The Midwest.,Some,No,No,Yes,No,No,Yes,No,No,Yes,No,Yes,Yes,No,No,No,No,No,No,No,No,Female,> 60,"$50,000 - $99,999",Associate or bachelor degree,55944,West North Central
3123804136.0,midwest,A lot,Yes,Yes,No,No,Yes,Yes,No,No,No,No,No,Yes,No,No,No,No,No,No,No,No,Male,45-60,"$150,000+",Some college,53511,East North Central
3122381662.0,Midwest,Not much,No,No,Yes,Yes,No,Yes,Yes,Yes,Yes,No,Yes,Yes,No,No,No,Yes,No,No,No,No,Female,> 60,"$50,000 - $99,999",Graduate degree,66614,West North Central
3121755752.0,East Coast,Not at all,Yes,Yes,Yes,Yes,Yes,Yes,Yes,Yes,Yes,Yes,Yes,Yes,No,No,No,Yes,No,No,No,Yes,Female,30-44,"$100,000 - $149,999",Graduate degree,21214,South Atlantic
3120953137.0,Midwest,A lot,Yes,Yes,Yes,Yes,Yes,Yes,Yes,Yes,Yes,Yes,Yes,Yes,No,No,No,No,No,No,No,No,Female,45-60,"$50,000 - $99,999",Graduate degree,53534,East North Central
3121796873.0,Upstate New York,Some,Yes,Yes,Yes,Yes,Yes,Yes,Yes,Yes,Yes,Yes,No,Yes,Yes,No,Yes,Yes,No,No,No,No,Female,45-60,"$150,000+",Graduate degree,14125,Middle Atlantic
3121861309.0,Upper Midwest,A lot,Yes,Yes,Yes,No,Yes,Yes,No,No,No,Yes,No,Yes,No,No,No,No,No,No,No,No,Male,> 60,"$100,000 - $149,999",Associate or bachelor degree,54403,East North Central
3123290320.0,colorado,Some,Yes,Yes,Yes,Yes,Yes,No,Yes,Yes,Yes,No,Yes,No,No,No,No,Yes,No,No,No,No,Male,45-60,"$25,000 - $49,999",Some college,80923,Mountain
3125020402.0,severely broken,Not at all,Yes,No,Yes,Yes,No,No,Yes,Yes,No,No,Yes,No,No,No,No,Yes,No,No,No,No,Male,> 60,"$150,000+",Graduate degree,48844,East North Central
3122568491.0,Midwest,Some,Yes,Yes,Yes,No,Yes,No,Yes,No,No,Yes,No,Yes,No,No,Yes,No,No,No,No,No,Female,30-44,"$50,000 - $99,999",Graduate degree,46235,East North Central
3122856163.0,South east,Not at all,No,No,Yes,Yes,Yes,Yes,Yes,Yes,Yes,No,Yes,Yes,Yes,Yes,No,Yes,No,No,Yes,No,Male,45-60,"$25,000 - $49,999",Associate or bachelor degree,24151,South Atlantic
3126374946.0,Mid-west,A lot,Yes,Yes,Yes,No,Yes,Yes,Yes,No,No,No,No,Yes,No,No,No,No,No,No,No,No,Male,18-29,"$50,000 - $99,999",Some college,60187,East North Central
3122504163.0,Appalachia,Not at all,No,No,Yes,Yes,No,Yes,Yes,Yes,No,No,No,No,No,No,No,Yes,No,No,No,No,Male,45-60,"$25,000 - $49,999",Associate or bachelor degree,41522,East South Central
3120837967.0,Very rural and peaceful,Not much,No,Yes,No,No,No,No,No,No,No,No,No,No,No,No,No,No,No,No,No,No,Female,> 60,"$50,000 - $99,999",Some college,75686,West South Central
3123234312.0,Upstate NY,Not at all,Yes,Yes,Yes,No,No,No,No,No,No,No,No,No,No,No,Yes,No,No,No,No,No,Male,18-29,"$100,000 - $149,999",Some college,14477,Middle Atlantic
3125662855.0,midwest,A lot,Yes,Yes,No,No,Yes,No,No,No,No,Yes,No,No,No,No,No,No,No,No,No,No,Male,45-60,"$0 - $24,999",Some college,48021,East North Central
3125050728.0,Midwest,Not much,Yes,Yes,Yes,Yes,Yes,Yes,Yes,Yes,Yes,Yes,Yes,Yes,No,No,No,No,No,No,No,No,Male,45-60,"$150,000+",Associate or bachelor degree,44115,Middle Atlantic
3122818818.0,South,Not at all,No,No,Yes,Yes,No,No,No,Yes,Yes,No,Yes,No,No,Yes,No,Yes,No,No,Yes,Yes,Female,30-44,"$100,000 - $149,999",Associate or bachelor degree,27896,South Atlantic
3123066117.0,midwest,A lot,No,No,No,No,No,No,Yes,No,No,No,No,No,No,No,No,No,No,No,No,No,Male,45-60,"$150,000+",Associate or bachelor degree,64506,West North Central
3123879560.0,northeast,Not at all,Yes,Yes,Yes,Yes,No,No,Yes,Yes,No,Yes,No,No,No,No,Yes,No,No,No,No,No,Male,45-60,"$100,000 - $149,999",High school degree,13030,Middle Atlantic
3121736326.0,Chicago,Not at all,Yes,Yes,Yes,Yes,Yes,Yes,Yes,Yes,Yes,Yes,Yes,Yes,No,No,No,No,No,No,No,No,Female,18-29,"$50,000 - $99,999",Associate or bachelor degree,60647,East North Central
3121381654.0,Southern US,Not at all,Yes,No,No,Yes,No,No,Yes,No,No,No,No,No,No,No,No,Yes,No,No,No,No,Female,45-60,"$150,000+",Graduate degree,37203,East South Central
3120771033.0,the most beautiful place in the world,Not at all,Yes,Yes,Yes,Yes,No,No,No,Yes,No,Yes,No,Yes,No,No,No,No,No,No,No,No,Female,> 60,"$50,000 - $99,999",Associate or bachelor degree,95531,Pacific
3122886637.0,Midwest,A lot,Yes,Yes,Yes,Yes,No,No,Yes,Yes,No,Yes,No,No,No,No,No,No,No,No,No,No,Female,18-29,"$50,000 - $99,999",Associate or bachelor degree,64014,West North Central
3122232033.0,Northeast,Not at all,Yes,Yes,No,Yes,No,No,Yes,Yes,No,Yes,No,No,No,No,No,No,No,No,No,No,Male,> 60,"$25,000 - $49,999",Associate or bachelor degree,11372,Middle Atlantic
3122854788.0,Mid-west,A lot,Yes,Yes,Yes,Yes,Yes,Yes,Yes,Yes,No,Yes,No,Yes,No,No,Yes,Yes,No,No,No,No,Male,> 60,"$150,000+",Associate or bachelor degree,63128,West North Central
3122722726.0,mid-west,Not at all,Yes,Yes,Yes,No,Yes,Yes,Yes,No,No,Yes,No,Yes,No,No,No,No,No,No,No,No,Male,> 60,"$50,000 - $99,999",Graduate degree,60610,East North Central
3124797455.0,Southwest,Not at all,Yes,Yes,Yes,Yes,Yes,Yes,No,Yes,Yes,Yes,Yes,Yes,Yes,No,No,Yes,No,No,Yes,Yes,Male,18-29,?,Some college,85282,Mountain
3122697129.0,West,Not at all,No,No,No,Yes,No,No,No,Yes,No,No,Yes,No,No,No,No,No,No,No,Yes,No,Female,30-44,"$50,000 - $99,999",Graduate degree,79762,West South Central
3123736802.0,northeast,Not at all,Yes,Yes,Yes,No,Yes,Yes,No,Yes,Yes,Yes,Yes,Yes,No,No,No,No,No,No,Yes,No,Female,18-29,"$0 - $24,999",Graduate degree,6037,New England
3122383851.0,South,Not much,No,No,No,Yes,No,No,No,Yes,No,No,No,No,No,Yes,No,Yes,No,No,No,Yes,Female,30-44,"$100,000 - $149,999",Some college,40502,East South Central
3123762136.0,midewest/south,Not much,Yes,Yes,Yes,Yes,Yes,No,Yes,No,No,Yes,No,Yes,No,No,Yes,Yes,No,No,No,No,Female,18-29,"$150,000+",Some college,47711,East North Central
3121910886.0,The South,Not much,No,Yes,No,Yes,No,No,No,Yes,No,No,No,Yes,No,No,No,Yes,Yes,Yes,No,Yes,Male,45-60,"$150,000+",Some college,39401,East South Central
3122182877.0,The beautiful Northwest of the United States.,Not at all,No,No,No,Yes,No,No,No,Yes,No,No,No,No,Yes,Yes,No,Yes,No,No,No,Yes,Female,> 60,"$0 - $24,999",Some college,97402,Pacific
3122664346.0,midwest,Some,Yes,Yes,Yes,Yes,Yes,Yes,No,Yes,Yes,Yes,Yes,Yes,No,No,No,No,No,No,No,No,Male,45-60,"$150,000+",Graduate degree,55013,West North Central
3122530862.0,west coast,Not at all,Yes,Yes,Yes,Yes,No,Yes,Yes,Yes,Yes,No,Yes,No,No,No,No,No,No,No,No,No,Female,45-60,"$100,000 - $149,999",Some college,93063,Pacific
3122391019.0,northeast,Not at all,Yes,Yes,Yes,No,No,No,Yes,No,No,Yes,No,No,No,No,Yes,No,No,No,No,No,Female,> 60,"$150,000+",Associate or bachelor degree,18017,Middle Atlantic
3124160666.0,Southern California,Not at all,Yes,Yes,Yes,No,Yes,Yes,Yes,Yes,No,Yes,No,Yes,No,No,No,No,No,No,No,No,Male,45-60,"$50,000 - $99,999",Associate or bachelor degree,92260,Pacific
3121522140.0,Upper midwest,Some,No,No,Yes,Yes,No,Yes,Yes,Yes,Yes,No,Yes,No,No,Yes,No,No,No,No,Yes,Yes,Male,30-44,"$100,000 - $149,999",Graduate degree,58102,West North Central
3122829655.0,North,Not at all,Yes,No,No,No,No,Yes,No,No,No,No,No,No,No,No,No,No,No,No,No,No,Male,30-44,"$0 - $24,999",?,27560,South Atlantic
3126508214.0,Midwest,Some,No,Yes,Yes,No,Yes,Yes,No,Yes,Yes,Yes,Yes,Yes,No,No,No,No,No,No,No,No,Male,30-44,"$100,000 - $149,999",Graduate degree,55426,West North Central
3122513528.0,Hell,A lot,Yes,Yes,Yes,No,Yes,Yes,Yes,No,No,Yes,No,Yes,No,No,No,No,No,No,No,No,Male,45-60,"$150,000+",Some college,60477,East North Central
3122812358.0,Upper mid-west,Some,No,No,No,No,No,Yes,No,No,No,No,No,No,No,No,No,No,No,No,No,No,Female,30-44,"$25,000 - $49,999",Some college,55113,West North Central
3121969343.0,mid-atlantic,A lot,Yes,Yes,Yes,Yes,Yes,No,Yes,No,No,No,No,Yes,No,No,No,Yes,No,No,No,No,Female,30-44,"$150,000+",Graduate degree,17402,Middle Atlantic
3123143161.0,Northeast,Not at all,Yes,Yes,Yes,No,No,No,Yes,Yes,Yes,Yes,Yes,Yes,No,No,No,Yes,No,No,Yes,Yes,Female,18-29,"$50,000 - $99,999",Associate or bachelor degree,17745,Middle Atlantic
