Applicable_Manufacturer_or_Applicable_GPO_Making_Payment_Name,Dispute_Status_for_Publication,Name_of_Associated_Covered_Device_or_Medical_Supply1,Name_of_Associated_Covered_Drug_or_Biological1,Physician_Specialty,status
Amgen Inc.,No,,,Podiatric Medicine & Surgery Service Providers|Podiatrist|Foot & Ankle Surgery,disallowed
Ferring Pharmaceuticals Inc.,No,,FIRMAGON,Allopathic & Osteopathic Physicians|Internal Medicine,disallowed
Boston Scientific Corporation,No,KIDNEY STONE DISEASE,,Allopathic & Osteopathic Physicians|Internal Medicine,disallowed
"Grifols USA, LLC",No,,Gamunex-C,Allopathic & Osteopathic Physicians|Internal Medicine|Addiction Medicine,disallowed
Septodont Inc.,No,,ARTICAINESEPTOCAINE,Dental Providers|Dentist|Periodontics,disallowed
"Genentech USA, Inc.",No,,Actemra,Allopathic & Osteopathic Physicians|Hospitalist,disallowed
"Elekta, Inc.",No,ELEKTA ONCOLOGY INFO SYSTEM,,Dental Providers|Dentist|General Practice,disallowed
"EMD Serono, Inc.",No,,Gonal-f,Physician Assistants & Advanced Practice Nursing Providers|Advanced Practice Midwife,disallowed
"Penumbra, Inc.",No,,,Dental Providers|Dentist|General Practice,disallowed
Roche Diagnostics Corporation,No,PD - CD Lab Operations,,,disallowed
Luitpold Pharmaceuticals Inc,No,Sprix,Sprix,Podiatric Medicine & Surgery Service Providers|Podiatrist|Primary Podiatric Medicine,disallowed
bioMerieux,No,PCT,,Allopathic & Osteopathic Physicians|Surgery|Surgical Critical Care,disallowed
"Genentech, Inc.",No,,Perjeta,Allopathic & Osteopathic Physicians|Internal Medicine,disallowed
Cook Incorporated,No,PI - Self-Expanding Stent,,Allopathic & Osteopathic Physicians|Internal Medicine|Pulmonary Disease,disallowed
Exelixis Inc.,No,,COMETRIQ,Allopathic & Osteopathic Physicians|Pathology|Clinical Pathology/Laboratory Medicine,disallowed
"180 Medical, Inc.",No,UROLOGICAL SUPPLIES,,Allopathic & Osteopathic Physicians|Neurological Surgery,disallowed
CLARITY MEDICAL SYSTEM,No,HOLOS INTRA OP,,Allopathic & Osteopathic Physicians|Ophthalmology,disallowed
"Galderma Research & Development, LLC",No,,,Allopathic & Osteopathic Physicians|Dermatology|MOHS-Micrographic Surgery,disallowed
"K2M, Inc.",No,RAVINE,,Allopathic & Osteopathic Physicians|Orthopaedic Surgery|Orthopaedic Surgery of the Spine,disallowed
"AngioScore, Inc.",No,,,Physician Assistants & Advanced Practice Nursing Providers|Physician Assistant,disallowed
Covidien Sales LLC,No,Synthetic Mesh,,Allopathic & Osteopathic Physicians|Internal Medicine,disallowed
Merit Medical Systems Inc,No,Radiology,,Allopathic & Osteopathic Physicians|Radiology|Vascular & Interventional Radiology,disallowed
Novo Nordisk Inc,No,,Levemir,Allopathic & Osteopathic Physicians|Orthopaedic Surgery|Foot and Ankle Surgery,disallowed
"W. L. Gore & Associates, Inc.",No,DUALMESH  Biomaterial,,Allopathic & Osteopathic Physicians|Surgery,disallowed
"RTI Surgical, Inc.",No,Allograft,,Allopathic & Osteopathic Physicians|Surgery,disallowed
Arthrosurface Incorporated,No,Puni,,Other Service Providers|Specialist,disallowed
"EMD Serono, Inc.",No,,,Allopathic & Osteopathic Physicians|Psychiatry & Neurology|Psychiatry,disallowed
"SurgiQuest, Inc.",No,Air-Seal,Air-Seal,Allopathic & Osteopathic Physicians|Hospitalist,disallowed
DENTSPLY Mexico SA de CV,No,Endodontic Dentistry,,Dental Providers|Dentist|Endodontics,disallowed
"Siemens Medical Solutions USA, Inc.",No,MI - Molecular Imaging,,,allowed
"Impax Laboratories, Inc.",No,,ZOMIG,Allopathic & Osteopathic Physicians|Psychiatry & Neurology|Neuromuscular Medicine,disallowed
DePuy Synthes Sales Inc.,No,Neurovascular,,Allopathic & Osteopathic Physicians|Surgery,disallowed
Amgen Inc.,No,,Neulasta,Allopathic & Osteopathic Physicians|Internal Medicine|Medical Oncology,allowed
"GlaxoSmithKline, LLC.",No,,SORILUX,Allopathic & Osteopathic Physicians|Dermatology,disallowed
Stryker Corporation,No,ARTHROSCOPY,,,disallowed
Dendreon Corporation,No,,PROVENGE,Allopathic & Osteopathic Physicians|Obstetrics & Gynecology|Female Pelvic Medicine and Reconstructive Surgery,disallowed
"RTI Surgical, Inc.",No,Streamline OCT,,Allopathic & Osteopathic Physicians|Neurological Surgery,disallowed
Shire US Holdings,No,DERMAGRAFT,,Allopathic & Osteopathic Physicians|Preventive Medicine|Public Health & General Preventive Medicine,disallowed
"BioHorizons Implant Systems, Inc.",No,DENTAL IMPLANTS,,Dental Providers|Dentist,disallowed
"Becton, Dickinson and Company",No,Medical,,Allopathic & Osteopathic Physicians|Internal Medicine,disallowed
"Biomet Microfixation, LLC",No,MICROFIXATION - THORACIC,,Allopathic & Osteopathic Physicians|Surgery,disallowed
Shire US Holdings,No,,VYVANSE,Allopathic & Osteopathic Physicians|Pathology|Anatomic Pathology & Clinical Pathology,disallowed
Dental Material Gesellschaft mbH,No,Honigum,,Dental Providers|Dentist|Pediatric Dentistry,disallowed
Stryker Corporation,No,COMMUNICATIONS,,Allopathic & Osteopathic Physicians|Orthopaedic Surgery|Orthopaedic Surgery of the Spine,disallowed
UCB SA,No,,Keppra,Allopathic & Osteopathic Physicians|Psychiatry & Neurology|Neurology,disallowed
DePuy Orthopaedics Inc.,No,,,Allopathic & Osteopathic Physicians|Internal Medicine|Critical Care Medicine,disallowed
Genzyme Corporation,No,,CEREZYME,Allopathic & Osteopathic Physicians|Emergency Medicine,disallowed
"Ellex, Inc",No,TANGO SLT/ND:YAG COMBINATION LASER SYSTEM,,,disallowed
"GlaxoSmithKline, LLC.",No,,,Allopathic & Osteopathic Physicians|Internal Medicine|Adolescent Medicine,disallowed
"COMSORT, Inc",No,,MK-0822,Allopathic & Osteopathic Physicians|Physical Medicine & Rehabilitation,disallowed
Johnson and Johnson International,No,Energy Harmonic,,Podiatric Medicine & Surgery Service Providers|Podiatrist,disallowed
"Medtronic Xomed, Inc.",No,Autotransfusion and Diagnostics,,Allopathic & Osteopathic Physicians|Emergency Medicine|Emergency Medical Services,disallowed
"Biomet Microfixation, LLC",No,MICROFIXATION - THORACIC,,Allopathic & Osteopathic Physicians|Radiology|Pediatric Radiology,disallowed
Covidien Sales LLC,No,Synthetic Mesh,,Allopathic & Osteopathic Physicians|Anesthesiology,disallowed
"Taro Pharmaceuticals USA, Inc.",No,,Topicort,Allopathic & Osteopathic Physicians|Radiology|Diagnostic Radiology,disallowed
Stryker Corporation,No,,,Allopathic & Osteopathic Physicians|Radiology|Diagnostic Radiology,disallowed
Baxter Healthcare,No,,BioTherapeutics - GAMMAGARD-KIOVIG,Allopathic & Osteopathic Physicians|Urology,disallowed
"LILLY USA, LLC",No,,HUMALOG,Allopathic & Osteopathic Physicians|Physical Medicine & Rehabilitation|Pain Medicine,disallowed
Philips Electronics North America Corporation,No,Philips Oral Healthcare,,Allopathic & Osteopathic Physicians|Urology,disallowed
"Penumbra, Inc.",No,,,Allopathic & Osteopathic Physicians|Internal Medicine|Interventional Cardiology,disallowed
"COMSORT, Inc",No,,GARDASIL,Allopathic & Osteopathic Physicians|Psychiatry & Neurology|Psychiatry,disallowed
"SI-Bone, Inc.",No,iFuse Implant,,Chiropractic Providers|Chiropractor|Orthopedic,disallowed
Sorin Group USA Inc.,No,ATS Machines,,Allopathic & Osteopathic Physicians|Thoracic Surgery (Cardiothoracic Vascular Surgery),disallowed
Quidel Corporation,No,AmpliVue,,Allopathic & Osteopathic Physicians|Pathology|Anatomic Pathology,disallowed
Reckitt Benckiser Pharmaceuticals Inc.,No,,SUBOXONE SUBLINGUAL FILM,Allopathic & Osteopathic Physicians|Emergency Medicine,disallowed
"Cyberonics, Inc.",No,VNS Therapy,,Allopathic & Osteopathic Physicians|Radiology|Neuroradiology,disallowed
"Medtronic USA, Inc.",No,Spinal Cord Neurostimulation - ST,,Other Service Providers|Specialist,disallowed
Novartis Pharmaceuticals Corporation,No,,AFINITOR,Dental Providers|Dentist|General Practice,disallowed
SANOFI-AVENTIS U.S. LLC,No,,MOZOBIL,Allopathic & Osteopathic Physicians|Pathology|Anatomic Pathology & Clinical Pathology,disallowed
Novo Nordisk Inc,No,,Victoza,Allopathic & Osteopathic Physicians|Internal Medicine|Hematology,disallowed
"AbbVie, Inc.",No,,Creon,Allopathic & Osteopathic Physicians|Psychiatry & Neurology|Geriatric Psychiatry,disallowed
B. Braun Medical Inc.,No,Pain Control,,Allopathic & Osteopathic Physicians|Psychiatry & Neurology|Neurology,disallowed
Cook Incorporated,No,Interventional Radiology,,Allopathic & Osteopathic Physicians|Surgery,disallowed
SANOFI-AVENTIS U.S. LLC,No,Osteoarthritis of the knee,,Allopathic & Osteopathic Physicians|Physical Medicine & Rehabilitation|Sports Medicine,disallowed
Baxter Healthcare,No,,BioSurgery - TISSEEL,Allopathic & Osteopathic Physicians|Orthopaedic Surgery|Sports Medicine,disallowed
"AMAG Pharmaceuticals, Inc.",No,,Feraheme,Allopathic & Osteopathic Physicians|Internal Medicine|Hematology,disallowed
Systagenix Wound Management Inc.,No,Advanced Wound Dressings,,Allopathic & Osteopathic Physicians|Internal Medicine|Cardiovascular Disease,disallowed
Astellas Pharma US Inc,No,,Myrbetriq,Allopathic & Osteopathic Physicians|Pediatrics|Pediatric Emergency Medicine,disallowed
"Visualase, Inc.",No,MRI-compatible Trochar,,Allopathic & Osteopathic Physicians|Psychiatry & Neurology|Neurology with Special Qualifications in Child Neurology,disallowed
Novartis Pharmaceuticals Corporation,No,,ZORTRESS,Allopathic & Osteopathic Physicians|Urology,disallowed
"Biomet Orthopedics, LLC",No,ORTHO - KNEES,,Allopathic & Osteopathic Physicians|Pediatrics,disallowed
"DJO, LLC",No,Orthoses  Prefab  non-custom,,Allopathic & Osteopathic Physicians|Obstetrics & Gynecology,disallowed
"Boehringer Ingelheim Pharmaceuticals, Inc.",No,,SPIRIVA,Allopathic & Osteopathic Physicians|Pediatrics,disallowed
"Pinnacle, Inc",No,ALL ARTHREX PRODUCT LINES,,Allopathic & Osteopathic Physicians|Orthopaedic Surgery,disallowed
"Aptalis Pharma US, Inc",No,,,Allopathic & Osteopathic Physicians|Pediatrics,disallowed
"Janssen Pharmaceuticals, Inc",No,,Invega Sustenna,Allopathic & Osteopathic Physicians|Internal Medicine|Hematology,disallowed
NOVARTIS PHARMACEUTICALS CORPORATION,No,,MIDOSTAURIN,Allopathic & Osteopathic Physicians|Internal Medicine|Hematology,disallowed
Baxter Healthcare,No,,BioSurgery - PERI-STRIPS,Allopathic & Osteopathic Physicians|General Practice,disallowed
"Janssen Pharmaceuticals, Inc",No,,Nucynta,Allopathic & Osteopathic Physicians|Physical Medicine & Rehabilitation|Pain Medicine,disallowed
Stryker Corporation,No,INTERBODY DEVICE,,Allopathic & Osteopathic Physicians|Orthopaedic Surgery|Pediatric Orthopaedic Surgery,disallowed
"Janssen Biotech, Inc.",No,,No Product,Allopathic & Osteopathic Physicians|Internal Medicine|Medical Oncology,disallowed
"Janssen Pharmaceuticals, Inc",No,,Invega Sustenna,Allopathic & Osteopathic Physicians|Psychiatry & Neurology|Child & Adolescent Psychiatry,disallowed
Valeant Pharmaceuticals North America LLC,No,,,Allopathic & Osteopathic Physicians|Allergy & Immunology|Allergy,disallowed
SHIONOGI INC,No,,Osphena,Allopathic & Osteopathic Physicians|Surgery|Vascular Surgery,disallowed
"E.R. Squibb & Sons, L.L.C.",No,,IXEMPRA,Allopathic & Osteopathic Physicians|Plastic Surgery,disallowed
Merck Sharp & Dohme Corporation,No,,ZETIA,Allopathic & Osteopathic Physicians|Otolaryngology,disallowed
Convatec Inc.,No,WOUND THERAPEUTICS,,Allopathic & Osteopathic Physicians|Surgery|Surgical Oncology,disallowed
Hollister Incorporated,No,One Piece and two pieces ostomy pounching system,,,disallowed
Monteris Medical Corporation,No,Neuroblate,,Physician Assistants & Advanced Practice Nursing Providers|Nurse Practitioner|Gerontology,disallowed
Aqua Pharmaceuticals,No,,CORDRAN LOTION,Other Service Providers|Legal Medicine,disallowed
Novartis Pharmaceuticals Corporation,No,,EXFORGE,Allopathic & Osteopathic Physicians|Dermatology,disallowed
Covidien Sales LLC,No,Vessel Sealing and Dissection,,Allopathic & Osteopathic Physicians|Internal Medicine,disallowed
"Medline Industries, Inc.",No,,,Allopathic & Osteopathic Physicians|Orthopaedic Surgery,disallowed
"Medtronic Xomed, Inc.",No,Advanced Energy Cutting Device,,Allopathic & Osteopathic Physicians|Neurological Surgery,disallowed
"US WorldMeds, LLC",No,,,Allopathic & Osteopathic Physicians|Obstetrics & Gynecology,disallowed
Medartis Inc.,No,Aptus,,Allopathic & Osteopathic Physicians|Orthopaedic Surgery,disallowed
Implant Direct International LLC,No,Dental Implant,,"Student, Health Care|Student in an Organized Health Care Education/Training Program",disallowed
"Janssen Pharmaceuticals, Inc",No,,No Product,Allopathic & Osteopathic Physicians|Internal Medicine|Addiction Medicine,disallowed
Eisai Inc.,No,,Belviq,Allopathic & Osteopathic Physicians|Nuclear Medicine|Nuclear Cardiology,disallowed
"E.R. Squibb & Sons, L.L.C.",No,,KOMBIGLYZE XR,Allopathic & Osteopathic Physicians|Internal Medicine|Cardiovascular Disease,disallowed
American Medical Systems Inc.,No,AMS Ambicor,,Allopathic & Osteopathic Physicians|Urology,disallowed
"Actelion Pharmaceuticals US, Inc.",No,,VENTAVIS ILOPROST,Allopathic & Osteopathic Physicians|Internal Medicine|Clinical Cardiac Electrophysiology,disallowed
"RTI Surgical, Inc.",No,Fortiva,,"Student, Health Care|Student in an Organized Health Care Education/Training Program",disallowed
Orthofix International N.V.,No,BioStim,,Allopathic & Osteopathic Physicians|Orthopaedic Surgery|Sports Medicine,disallowed
Mylan Specialty L.P.,No,,Perforomist,Allopathic & Osteopathic Physicians|Neuromusculoskeletal Medicine & OMM,disallowed
Merck Sharp & Dohme Corporation,No,,ZETIA,Allopathic & Osteopathic Physicians|Pediatrics|Pediatric Cardiology,disallowed
Covidien Sales LLC,No,CVI,,Other Service Providers|Specialist,disallowed
Orthofix International N.V.,No,BioStim,,Allopathic & Osteopathic Physicians|Orthopaedic Surgery|Orthopaedic Trauma,disallowed
"Diagnostica Stago, Inc",No,STA Liatest D-Di,,"Other Service Providers|Medical Genetics, Ph.D. Medical Genetics",disallowed
CONMED Corporation,No,Orthopedic Surgery and Surgical Visualization,,Allopathic & Osteopathic Physicians|Internal Medicine,disallowed
Wockhardt USA LLC,Yes,,Bromfed DM 4 oz. bottle,Allopathic & Osteopathic Physicians|Orthopaedic Surgery|Pediatric Orthopaedic Surgery,disallowed
Cordis Corporation,No,Cardiovascular,,Allopathic & Osteopathic Physicians|Surgery,disallowed
Boehringer Ingelheim RCV GmbH & Co KG,No,,,Allopathic & Osteopathic Physicians|Pediatrics|Pediatric Hematology-Oncology,disallowed
Mylan Specialty L.P.,No,,EpiPen,Allopathic & Osteopathic Physicians|Otolaryngology|Plastic Surgery within the Head & Neck,disallowed
"Smith & Nephew, Inc.",No,Core Advanced Wound Care,,Allopathic & Osteopathic Physicians|Preventive Medicine|Undersea and Hyperbaric Medicine,disallowed
"Takeda Pharmaceuticals U.S.A., Inc.",No,,Nesina,Allopathic & Osteopathic Physicians|Obstetrics & Gynecology,disallowed
Alcon Laboratories Inc,No,,Ciprodex,Allopathic & Osteopathic Physicians|Internal Medicine|Infectious Disease,disallowed
Aqua Pharmaceuticals,No,,CORDRAN CREAM,Other Service Providers|Specialist,disallowed
"Medtronic, Inc.",No,,,Allopathic & Osteopathic Physicians|Internal Medicine|Infectious Disease,disallowed
Amgen Inc.,No,,Sensipar,Dental Providers|Dentist|General Practice,disallowed
"Medtronic Vascular, Inc.",No,Pacemakers,,Allopathic & Osteopathic Physicians|Pediatrics,disallowed
"E.R. Squibb & Sons, L.L.C.",No,,SPRYCEL,Allopathic & Osteopathic Physicians|Radiology|Vascular & Interventional Radiology,disallowed
United Therapeutics Corporation,No,,TYVASO,Allopathic & Osteopathic Physicians|Surgery,disallowed
Novartis Pharmaceuticals Corporation,No,,EXELON PATCH,Allopathic & Osteopathic Physicians|Internal Medicine|Interventional Cardiology,disallowed
Bioventus LLC,No,Exogen,,Allopathic & Osteopathic Physicians|Orthopaedic Surgery|Orthopaedic Surgery of the Spine,disallowed
Baxter Healthcare,No,,,Allopathic & Osteopathic Physicians|Internal Medicine|Infectious Disease,disallowed
Lung Biotechnology Corp,No,,REMODULIN,Allopathic & Osteopathic Physicians|Internal Medicine|Rheumatology,disallowed
Shire US Holdings,No,,VYVANSE,"Student, Health Care|Student in an Organized Health Care Education/Training Program",disallowed
"FOREST PHARMACEUTICALS, INC.",No,,NAMENDA XR,Allopathic & Osteopathic Physicians|Internal Medicine|Adolescent Medicine,disallowed
Ethicon Endo-Surgery Inc.,No,Sedation,,Allopathic & Osteopathic Physicians|Internal Medicine|Infectious Disease,disallowed
"NUVASIVE, INC.",No,Integrated Operative Solutions,,"Student, Health Care|Student in an Organized Health Care Education/Training Program",disallowed
Zimmer Holding Inc,No,Knee,DeNovo NT,Allopathic & Osteopathic Physicians|Orthopaedic Surgery|Orthopaedic Trauma,disallowed
Teleflex Medical Incorporated,No,Hem-O-Lok,,Allopathic & Osteopathic Physicians|Surgery,disallowed
Cubist Pharmaceuticals Inc,No,,ENTEREG,Group|Single Specialty,disallowed
Cook Incorporated,No,AI - Accessories,,Allopathic & Osteopathic Physicians|Radiology|Vascular & Interventional Radiology,disallowed
Mallinckrodt LLC,No,,Sumavel DosePro,Allopathic & Osteopathic Physicians|Hospitalist,disallowed
Orthofix International N.V.,No,BioStim,,Allopathic & Osteopathic Physicians|Orthopaedic Surgery|Hand Surgery,disallowed
"Otsuka America Pharmaceutical, Inc.",No,,ABILIFY TABLET,Allopathic & Osteopathic Physicians|Radiology|Neuroradiology,disallowed
"Medtronic USA, Inc.",No,Drug Infusion Systems,,Allopathic & Osteopathic Physicians|Pain Medicine|Interventional Pain Medicine,disallowed
PFIZER INC.,No,,,Allopathic & Osteopathic Physicians|Internal Medicine|Pulmonary Disease,disallowed
"Acclarent, Inc",No,Rhinology,,Allopathic & Osteopathic Physicians|Otolaryngology,allowed
Gilead Sciences Inc,No,,Letairis,Allopathic & Osteopathic Physicians|Radiology|Diagnostic Radiology,disallowed
Ethicon Inc.,No,Synthetics,,Allopathic & Osteopathic Physicians|Obstetrics & Gynecology,disallowed
"Par Pharmaceutical, Inc.",No,,MEGACE ES MEGESTROL ACETATE,Allopathic & Osteopathic Physicians|Internal Medicine,disallowed
"UCB, Inc.",No,,Cimzia,Allopathic & Osteopathic Physicians|Surgery|Surgical Oncology,disallowed
"Bard International, Inc.",No,Oncology,,Allopathic & Osteopathic Physicians|Surgery|Surgical Critical Care,disallowed
Bacterin International Inc,No,OsteoSelect DBM Putty,hMatrix Fascia,Allopathic & Osteopathic Physicians|Emergency Medicine|Emergency Medical Services,disallowed
Merck Sharp & Dohme Corporation,No,,NON-PRODUCT,Allopathic & Osteopathic Physicians|Physical Medicine & Rehabilitation|Hospice and Palliative Medicine,disallowed
Promius Pharma LLC,No,,ZENATANE,Allopathic & Osteopathic Physicians|Radiology|Diagnostic Radiology,disallowed
Stryker Corporation,No,HIPS,,Allopathic & Osteopathic Physicians|Surgery,disallowed
Stryker Corporation,No,STENTS,,Allopathic & Osteopathic Physicians|Radiology|Diagnostic Radiology,disallowed
Cook Incorporated,No,PI - Not Applicable,,Hospitals|General Acute Care Hospital|Critical Access,disallowed
PSS World Medical Inc.,No,,,Allopathic & Osteopathic Physicians|Emergency Medicine,disallowed
Merck Sharp & Dohme Corporation,No,,ZOLINZA,Allopathic & Osteopathic Physicians|Internal Medicine,allowed
Dentaurum Incorporated,No,,,Dental Providers|Dentist|Orthodontics and Dentofacial Orthopedics,disallowed
CSL Behring,No,,Kcentra,Allopathic & Osteopathic Physicians|Pediatrics|Pediatric Critical Care Medicine,disallowed
"Medimetriks Pharmaceuticals, Inc.",No,,Sumadan Kit,Allopathic & Osteopathic Physicians|Dermatology,disallowed
"Electromed, Inc.",No,HFCWO,HFCWO,Allopathic & Osteopathic Physicians|Internal Medicine,disallowed
KADMON PHARMACEUTICALS LLC,No,,Ribapak-Ribasphere Tablets,Ambulatory Health Care Facilities|Clinic/Center|Community Health,disallowed
Hutchinson Technology Inc.,No,InSpectra Model 300 Spot Check,,Allopathic & Osteopathic Physicians|General Practice,disallowed
"Vertical Pharmaceuticals, LLC",No,,OB Complete Petite,Allopathic & Osteopathic Physicians|Obstetrics & Gynecology|Reproductive Endocrinology,disallowed
"Takeda Pharmaceuticals America, Inc.",No,,Edarbyclor,Ambulatory Health Care Facilities|Clinic/Center|Prison Health,disallowed
Cardiovascular Systems Inc.,No,Atherectomy Device,,Allopathic & Osteopathic Physicians|Radiology|Nuclear Radiology,disallowed
Purdue Pharma L.P.,No,,,Allopathic & Osteopathic Physicians|Family Medicine|Geriatric Medicine,disallowed
KLS Martin L.P.,No,Distraction and Tissue Molding,,Dental Providers|Dentist|Orthodontics and Dentofacial Orthopedics,disallowed
"Medtronic USA, Inc.",No,Spinal Cord Neurostimulation - Neuro,,Allopathic & Osteopathic Physicians|Physical Medicine & Rehabilitation|Sports Medicine,disallowed
"Takeda Pharmaceuticals America, Inc.",No,,Nesina,Allopathic & Osteopathic Physicians|Ophthalmology,disallowed
Covidien Sales LLC,No,Endo Stapling,,Other Service Providers|Specialist,disallowed
"Onset Dermatolology, Inc",Yes,,,Allopathic & Osteopathic Physicians|Dermatology,disallowed
Ethicon Inc.,No,Energy# Harmonic,,Allopathic & Osteopathic Physicians|Internal Medicine|Pulmonary Disease,disallowed
Biogen Idec Inc.,No,,TYSABRI,Dental Providers|Dentist|General Practice,disallowed
DePuy Orthopaedics Inc.,No,Spine,,Allopathic & Osteopathic Physicians|Orthopaedic Surgery|Pediatric Orthopaedic Surgery,disallowed
"Medtronic USA, Inc.",No,Drug Infusion Systems - Neuro,,Allopathic & Osteopathic Physicians|Anesthesiology|Pain Medicine,allowed
Boston Scientific Corporation,No,CLINICAL TRIAL PRODUCT,,Podiatric Medicine & Surgery Service Providers|Podiatrist|Foot Surgery,disallowed
"Biomet Orthopedics, LLC",No,Foot and Ankle,,Podiatric Medicine & Surgery Service Providers|Podiatrist,disallowed
"Meda Pharmaceuticals, Inc.",No,,Dymista,Allopathic & Osteopathic Physicians|Internal Medicine|Nephrology,disallowed
Cook Incorporated,No,PI - Filters,,Allopathic & Osteopathic Physicians|Radiology|Body Imaging,disallowed
DePuy Synthes Sales Inc.,No,Spine,,Allopathic & Osteopathic Physicians|Orthopaedic Surgery|Adult Reconstructive Orthopaedic Surgery,disallowed
"FOREST PHARMACEUTICALS, INC.",No,,NAMENDA XR,Allopathic & Osteopathic Physicians|Orthopaedic Surgery,disallowed
Pfizer Inc.,No,,SUTENT,Allopathic & Osteopathic Physicians|Pathology|Anatomic Pathology & Clinical Pathology,disallowed
Hollister Incorporated,No,Advance Plus,,Allopathic & Osteopathic Physicians|Urology,disallowed
"PDP Holdings, LLC",No,,,Allopathic & Osteopathic Physicians|Orthopaedic Surgery,disallowed
DETNSPLY DeTrey GmbH,No,Consumable Dentistry,,,allowed
"Auxilium Pharmaceuticals, Inc.",No,,TESTIM,Allopathic & Osteopathic Physicians|Physical Medicine & Rehabilitation,disallowed
"Aegis Spine, Inc.",No,,,Allopathic & Osteopathic Physicians|Orthopaedic Surgery,allowed
Ethicon Endo-Surgery Inc.,No,Energy Enseal,,Allopathic & Osteopathic Physicians|Pediatrics,disallowed
CSL Behring,No,,Kcentra,Other Service Providers|Specialist,disallowed
"Medtronic Xomed, Inc.",No,Advanced Energy Cutting Device,,Allopathic & Osteopathic Physicians|Family Medicine,disallowed
"PIVOT MEDICAL, INC.",No,JOINT PRESERVATION,,Allopathic & Osteopathic Physicians|Orthopaedic Surgery|Orthopaedic Surgery of the Spine,disallowed
"Otsuka America Pharmaceutical, Inc.",No,BREATHTEK,,Allopathic & Osteopathic Physicians|Emergency Medicine,disallowed
"Janssen Research & Development, LLC",No,,No Product,Allopathic & Osteopathic Physicians|Internal Medicine|Hematology,disallowed
Novo Nordisk Inc,No,,Levemir,Allopathic & Osteopathic Physicians|Preventive Medicine|Public Health & General Preventive Medicine,disallowed
"EBI Medical Systems, LLC",No,BSBHT - BGS BHS STIMULATORS,,Allopathic & Osteopathic Physicians|Psychiatry & Neurology|Neuromuscular Medicine,disallowed
Boston Scientific Corporation,No,INTRAVASCULAR ULTRASOUND,,Allopathic & Osteopathic Physicians|Allergy & Immunology,disallowed
"GlaxoSmithKline, LLC.",No,,VIANI,Allopathic & Osteopathic Physicians|Internal Medicine|Nephrology,allowed
Lundbeck LLC,No,,XENAZINE,Allopathic & Osteopathic Physicians|Family Medicine|Geriatric Medicine,disallowed
"Janssen Pharmaceuticals, Inc",No,,Invega,Allopathic & Osteopathic Physicians|Family Medicine,disallowed
"AbbVie, Inc.",No,,Synthroid,Allopathic & Osteopathic Physicians|Family Medicine|Geriatric Medicine,disallowed
Covidien Sales LLC,No,Vessel Sealing,,Allopathic & Osteopathic Physicians|Internal Medicine|Pulmonary Disease,disallowed
"Teva Pharmaceuticals USA, Inc.",No,,AZILECT,Allopathic & Osteopathic Physicians|Pediatrics,disallowed
Merck Sharp & Dohme Corporation,No,,GARDASIL,Allopathic & Osteopathic Physicians|Independent Medical Examiner,disallowed
HOLOGIC INC,No,SureSwab,,Allopathic & Osteopathic Physicians|Obstetrics & Gynecology|Gynecology,disallowed
SANOFI-AVENTIS U.S. LLC,No,,APIDRA,Allopathic & Osteopathic Physicians|Internal Medicine|Hematology & Oncology,disallowed
"E.R. Squibb & Sons, L.L.C.",No,,ABILIFY,Allopathic & Osteopathic Physicians|General Practice,disallowed
"Mid-Atlantic Surgical Systems, LLC",No,ARTHREX PRODUCT LINE DISTAL EXTREMITY ARTHROSCOPY,,Other Service Providers|Specialist,disallowed
"Ivoclar Vivadent, Inc.",No,"Multilink Primer Refill A 3 g, Multilink Primer Refill B 3 g",,Dental Providers|Dentist|General Practice,disallowed
"Vascular Solutions, Inc.",No,Pronto,,Allopathic & Osteopathic Physicians|Radiology|Diagnostic Radiology,disallowed
Shire US Holdings,No,,VYVANSE,Behavioral Health & Social Service Providers|Clinical Neuropsychologist,disallowed
"Janssen Biotech, Inc.",No,,Procrit,Allopathic & Osteopathic Physicians|Internal Medicine,disallowed
"Hospira Worldwide, Inc.",No,TheraDoc,,Other Service Providers|Specialist,disallowed
Merck Sharp & Dohme Corporation,No,,MK-7622,Allopathic & Osteopathic Physicians|Internal Medicine|Geriatric Medicine,disallowed
"Medline Industries, Inc.",No,Dermatology and Wound Care,,Allopathic & Osteopathic Physicians|Internal Medicine|Geriatric Medicine,disallowed
"MAQUET Cardiovascular U.S. Sales, L.L.C.",No,Cardiac Assist,,Allopathic & Osteopathic Physicians|Hospitalist,disallowed
Cook Incorporated,No,,,Allopathic & Osteopathic Physicians|Internal Medicine|Interventional Cardiology,disallowed
SANOFI-AVENTIS U.S. LLC,No,,LANTUS,Allopathic & Osteopathic Physicians|Internal Medicine|Hematology & Oncology,disallowed
"AbbVie, Inc.",No,,Elagolix,Allopathic & Osteopathic Physicians|Internal Medicine,disallowed
"AKRIMAX PHARMACEUTICALS, LLC",No,,INNOPRAN XL,Allopathic & Osteopathic Physicians|Internal Medicine|Clinical Cardiac Electrophysiology,disallowed
"Janssen Pharmaceuticals, Inc",No,,Invokana,Allopathic & Osteopathic Physicians|Pediatrics|Pediatric Allergy/Immunology,disallowed
AstraZeneca Pharmaceuticals LP,No,,CRESTOR,Dental Providers|Dentist,disallowed
SANOFI-AVENTIS U.S. LLC,No,,TAXOTERE,,allowed
"Medtronic Vascular, Inc.",No,Leads,,Allopathic & Osteopathic Physicians|Anesthesiology,disallowed
"Braintree Laboratories, Inc.",No,,SUPREP,Other Service Providers|Specialist,disallowed
Pfizer Inc.,No,,CELEBREX,Allopathic & Osteopathic Physicians|Thoracic Surgery (Cardiothoracic Vascular Surgery),disallowed
AstraZeneca Pharmaceuticals LP,No,,SYMBICORT,Podiatric Medicine & Surgery Service Providers|Podiatrist,disallowed
"AbbVie, Inc.",No,,Androgel,Allopathic & Osteopathic Physicians|Family Medicine|Hospice and Palliative Medicine,disallowed
Boston Scientific Corporation,No,PAIN MANAGEMENT,,Chiropractic Providers|Chiropractor|Neurology,disallowed
Allergan Inc.,No,,COMBIGAN,Allopathic & Osteopathic Physicians|Surgery|Plastic and Reconstructive Surgery,disallowed
"Janssen Pharmaceuticals, Inc",No,,No Product,Group|Single Specialty,disallowed
"ALK-Abello, Inc",No,,,,disallowed
AstraZeneca Pharmaceuticals LP,No,,BYDUREON WEEKLY,Allopathic & Osteopathic Physicians|Family Medicine|Hospice and Palliative Medicine,disallowed
Cook Biotech Incorporated,No,Surgery,,Allopathic & Osteopathic Physicians|Obstetrics & Gynecology,disallowed
Reckitt Benckiser Pharmaceuticals Inc.,No,,SUBOXONE SUBLINGUAL FILM,Allopathic & Osteopathic Physicians|Psychiatry & Neurology|Addiction Medicine,disallowed
"Entellus Medical, Inc.",No,XprESS Multi-Sinus Dilation Tool,,Allopathic & Osteopathic Physicians|Otolaryngology|Otolaryngic Allergy,disallowed
AstraZeneca Pharmaceuticals LP,No,,,Allopathic & Osteopathic Physicians|Pediatrics,disallowed
ViroPharma Incorporated,No,,Cinryze HUMAN C1-ESTERASE INHIBITOR,Allopathic & Osteopathic Physicians|Hospitalist,disallowed
"New York Blood Center, Inc.",No,,,Allopathic & Osteopathic Physicians|Internal Medicine|Hematology & Oncology,disallowed
"MRI Interventions, Inc.",No,ClearPoint System,,Other Service Providers|Specialist,disallowed
"Life Spine, Inc.",No,Iris,,Allopathic & Osteopathic Physicians|Neurological Surgery,disallowed
"BIOMET 3I, LLC",No,3I - DENTAL,,Allopathic & Osteopathic Physicians|Anesthesiology,disallowed
Merck Sharp & Dohme Corporation,No,,ZETIA,Allopathic & Osteopathic Physicians|Clinical Pharmacology,disallowed
Boston Scientific Corporation,No,BRONCHIAL THERMOPLASTY,,Dental Providers|Dentist,disallowed
DePuy Synthes Sales Inc.,No,Sports Medicine,,Allopathic & Osteopathic Physicians|Orthopaedic Surgery,disallowed
"Avanir Pharmaceuticals, Inc.",No,,Nuedexta,Allopathic & Osteopathic Physicians|Orthopaedic Surgery|Orthopaedic Surgery of the Spine,disallowed
"Cumberland Pharmaceuticals, Inc.",No,,Caldolor,Dental Providers|Dentist|Oral and Maxillofacial Surgery,disallowed
"FOREST PHARMACEUTICALS, INC.",No,,NAMENDA XR,Allopathic & Osteopathic Physicians|General Practice,disallowed
DMG AMERICA LLC,No,"ICON, LUXATEMP",,,disallowed
Convatec Inc.,No,CONTINENCE AND CRITICAL CARE,,Allopathic & Osteopathic Physicians|Orthopaedic Surgery,disallowed
"BTG International, Inc.",No,,CROFAB,Allopathic & Osteopathic Physicians|Pediatrics|Pediatric Endocrinology,disallowed
Covidien Sales LLC,No,Endo Stapling,,,disallowed
VERTEX PHARMACEUTICALS INCORPORATED,No,,INCIVEK,Allopathic & Osteopathic Physicians|Internal Medicine|Medical Oncology,disallowed
"INTERNATIONAL REHABILITATIVE SCIENCES, INC",No,RS-LFS,,Allopathic & Osteopathic Physicians|Physical Medicine & Rehabilitation|Spinal Cord Injury Medicine,disallowed
"Nippon Boehringer Ingelheim Co., Ltd.",No,,,Allopathic & Osteopathic Physicians|Pathology|Anatomic Pathology,disallowed
"BioHorizons Implant Systems, Inc.",No,,,Dental Providers|Dentist|General Practice,disallowed
"Boehringer Ingelheim Pharmaceuticals, Inc.",No,,COMBIVENT RESPIMAT,Allopathic & Osteopathic Physicians|Pediatrics,disallowed
Merck Sharp & Dohme Corporation,No,,ZIOPTAN,Eye and Vision Services Providers|Optometrist|Low Vision Rehabilitation,disallowed
Novartis Vaccines and Diagnostics Inc,No,,Menveo,Managed Care Organizations|Health Maintenance Organization,disallowed
"Cryo Specialty Medical, LLC",No,IceEdge-Rod Sphere Cryoablation Needles,,Allopathic & Osteopathic Physicians|Pediatrics,disallowed
LifeCell Corporation,No,AlloDerm,,Allopathic & Osteopathic Physicians|Neurological Surgery,disallowed
"Medtronic Xomed, Inc.",No,Advanced Energy Hemostatic Device,,Allopathic & Osteopathic Physicians|Family Medicine,disallowed
Allergan Inc.,No,,RESTASIS,Ambulatory Health Care Facilities|Clinic/Center|Student Health,disallowed
"Par Pharmaceutical, Inc.",No,,MEGACE ES MEGESTROL ACETATE,Allopathic & Osteopathic Physicians|Psychiatry & Neurology|Neurology,disallowed
"FOREST PHARMACEUTICALS, INC.",No,,TUDORZA,Allopathic & Osteopathic Physicians|Orthopaedic Surgery,disallowed
Arthrosurface Incorporated,No,DF,,Podiatric Medicine & Surgery Service Providers|Podiatrist,disallowed
Astellas Scientific and Medical Affairs,No,,ASTAGRAF XL,Allopathic & Osteopathic Physicians|Internal Medicine|Infectious Disease,disallowed
3M Company,No,Dental Adhesives,,Allopathic & Osteopathic Physicians|Emergency Medicine,disallowed
"Takeda Pharmaceuticals America, Inc.",No,,Edarbyclor,"Other Service Providers|Medical Genetics, Ph.D. Medical Genetics",disallowed
"Horizon Pharma USA, Inc.",No,,DUEXIS-800mg Ibuprofen- 26.6mg Famotidine,,allowed
"Cardinal Health 414, LLC",No,,,Allopathic & Osteopathic Physicians|Radiology|Radiation Oncology,disallowed
"Geistlich Pharma, North America, Inc.",No,Bio Materials,,Allopathic & Osteopathic Physicians|Anesthesiology,disallowed
"IsoTis OrthoBioligics, Inc.",No,Ortho-Bone Grafts,,Allopathic & Osteopathic Physicians|Orthopaedic Surgery|Foot and Ankle Surgery,disallowed
Novo Nordisk Inc,No,,Victoza,Allopathic & Osteopathic Physicians|Allergy & Immunology|Allergy,disallowed
"AngioDynamics, Inc.",No,,,Allopathic & Osteopathic Physicians|Surgery|Trauma Surgery,disallowed
3M Company,No,Dental Adhesives,,Allopathic & Osteopathic Physicians|Anesthesiology,disallowed
"GlaxoSmithKline, LLC.",No,,BIO WT1 AS15 BRS,,allowed
"Smith & Nephew, Inc.",No,,Regranex,Allopathic & Osteopathic Physicians|Obstetrics & Gynecology|Gynecologic Oncology,disallowed
"AbbVie, Inc.",No,,Depakote,Behavioral Health & Social Service Providers|Clinical Neuropsychologist,disallowed
"Takeda Pharmaceuticals America, Inc.",No,,Amitiza,Allopathic & Osteopathic Physicians|Internal Medicine|Sleep Medicine,disallowed
3M Company,No,Dental Impression Materials,,Behavioral Health & Social Service Providers|Marriage & Family Therapist,disallowed
"Genentech USA, Inc.",No,,,Allopathic & Osteopathic Physicians|Internal Medicine|Hematology & Oncology,disallowed
Baxter Healthcare,No,,Specialty Pharmaceuticals - ANESTHESIA SUPRANE,Allopathic & Osteopathic Physicians|Internal Medicine|Cardiovascular Disease,disallowed
"Genentech, Inc.",No,,Actemra,,allowed
Novartis Pharmaceuticals Corporation,No,,NON_BRAND,Hospitals|General Acute Care Hospital|Critical Access,disallowed
Allergan Inc.,No,LAP-BAND,,Allopathic & Osteopathic Physicians|Preventive Medicine|Undersea and Hyperbaric Medicine,disallowed
Bayer HealthCare Pharmaceuticals Inc.,No,,Xofigo,Allopathic & Osteopathic Physicians|Radiology|Body Imaging,disallowed
Warner Chilcott LLC,No,,LO LOESTRIN,Allopathic & Osteopathic Physicians|Plastic Surgery,disallowed
SANOFI-AVENTIS U.S. LLC,No,Osteoarthritis of the knee,,Allopathic & Osteopathic Physicians|Family Medicine,disallowed
"U.S.S.C. Puerto Rico, Inc.",No,,,Allopathic & Osteopathic Physicians|Anesthesiology,disallowed
"Medtronic USA, Inc.",No,Spinal Cord Neurostimulation - Neuro,,Allopathic & Osteopathic Physicians|Surgery|Surgical Critical Care,disallowed
Baxter Healthcare,No,Renal - PD,,Allopathic & Osteopathic Physicians|Internal Medicine|Rheumatology,disallowed
Bayer HealthCare Pharmaceuticals Inc.,No,,Xofigo,Allopathic & Osteopathic Physicians|Nuclear Medicine|Nuclear Cardiology,disallowed
"E.R. Squibb & Sons, L.L.C.",No,,SYMLIN,Allopathic & Osteopathic Physicians|Internal Medicine|Gastroenterology,disallowed
"Salix Pharmaceuticals, Ltd",No,,SOLESTA,Allopathic & Osteopathic Physicians|Surgery|Surgical Critical Care,disallowed
"Spine View, Inc.",No,enSpire Cervical Discectomy system,,Allopathic & Osteopathic Physicians|Pain Medicine|Interventional Pain Medicine,disallowed
"Meda Pharmaceuticals, Inc.",No,,Dymista,Allopathic & Osteopathic Physicians|Physical Medicine & Rehabilitation|Pain Medicine,disallowed
"LILLY USA, LLC",No,,EFFIENT,Allopathic & Osteopathic Physicians|Family Medicine,disallowed
XenoPort Inc.,No,,Horizant,Allopathic & Osteopathic Physicians|Preventive Medicine|Undersea and Hyperbaric Medicine,disallowed
"Takeda Pharmaceuticals America, Inc.",No,,Uloric,Allopathic & Osteopathic Physicians|Family Medicine|Adult Medicine,disallowed
"Millennium Pharmaceuticals, Inc.",No,,VELCADE,Allopathic & Osteopathic Physicians|Obstetrics & Gynecology,disallowed
"Otsuka America Pharmaceutical, Inc.",No,,SAMSCA,Allopathic & Osteopathic Physicians|Internal Medicine|Rheumatology,disallowed
Covidien Sales LLC,No,Compression,,Allopathic & Osteopathic Physicians|Internal Medicine|Pulmonary Disease,disallowed
"AbbVie, Inc.",No,,Humira,Allopathic & Osteopathic Physicians|Internal Medicine|Rheumatology,disallowed
"Toshiba America Medical Systems, Inc.",No,UL,,Allopathic & Osteopathic Physicians|Radiology|Pediatric Radiology,disallowed
Novartis Vaccines and Diagnostics Inc,No,,Menveo,Allopathic & Osteopathic Physicians|Preventive Medicine|Occupational Medicine,disallowed
ViroPharma Incorporated,No,,Cinryze HUMAN C1-ESTERASE INHIBITOR,,disallowed
Baxter Healthcare,No,,Hemophilia - Non Product Related,,disallowed
Dux Industries Inc,No,,,Dental Providers|Dentist|Oral and Maxillofacial Surgery,disallowed
"Hospira Worldwide, Inc.",No,,Dexmedetomidine Hydrochloride Injection Precedex 100 mcg,Allopathic & Osteopathic Physicians|Radiology|Neuroradiology,allowed
"Janssen Pharmaceuticals, Inc",No,,Invega Sustenna,Allopathic & Osteopathic Physicians|Obstetrics & Gynecology|Maternal & Fetal Medicine,disallowed
Monaghan Medical Corporation,No,AeroChamber,,,disallowed
"Ellipse Technologies, Inc.",No,MAGEC,,Allopathic & Osteopathic Physicians|Orthopaedic Surgery|Orthopaedic Surgery of the Spine,disallowed
"ACell, Inc.",No,,,Allopathic & Osteopathic Physicians|Family Medicine|Hospice and Palliative Medicine,disallowed
"AbbVie, Inc.",No,,Creon,Allopathic & Osteopathic Physicians|Surgery,disallowed
TERUMO MEDICAL CORPORATION,No,INTERVENTIONAL PRODUCT,,Allopathic & Osteopathic Physicians|Pediatrics|Pediatric Cardiology,disallowed
"Medtronic Xomed, Inc.",No,Image Guided Surgery Products,,Allopathic & Osteopathic Physicians|Otolaryngology|Otology & Neurotology,disallowed
Merck Sharp & Dohme Corporation,No,,VYTORIN,Allopathic & Osteopathic Physicians|Internal Medicine|Medical Oncology,disallowed
DePuy Synthes Products LLC,No,,,Allopathic & Osteopathic Physicians|Internal Medicine,disallowed
Ethicon Inc.,No,BioPatch,,Allopathic & Osteopathic Physicians|Internal Medicine|Infectious Disease,disallowed
"FOREST PHARMACEUTICALS, INC.",No,,TUDORZA,"Allopathic & Osteopathic Physicians|Internal Medicine|Endocrinology, Diabetes & Metabolism",disallowed
Novartis Pharmaceuticals Corporation,No,,ARCAPTA NEOHALER,Allopathic & Osteopathic Physicians|Internal Medicine|Pulmonary Disease,allowed
"Genentech, Inc.",No,,,Allopathic & Osteopathic Physicians|Plastic Surgery,disallowed
AstraZeneca Pharmaceuticals LP,No,,SEROQUEL XR,Allopathic & Osteopathic Physicians|Obstetrics & Gynecology|Hospice and Palliative Medicine,disallowed
Fisher & Paykel Healthcare Inc,No,OSA,,Physician Assistants & Advanced Practice Nursing Providers|Physician Assistant,disallowed
Sunovion Pharmaceuticals Inc.,No,,Alvesco,Allopathic & Osteopathic Physicians|Internal Medicine|Pulmonary Disease,disallowed
"Lantheus Medical Imaging, Inc.",No,,Definity,Allopathic & Osteopathic Physicians|Internal Medicine|Clinical Cardiac Electrophysiology,disallowed
"Onyx Pharmaceuticals, Inc., an Amgen subsidiary",No,,Nexavar,Allopathic & Osteopathic Physicians|Internal Medicine|Gastroenterology,disallowed
"Apollo Surgical Group, LLC",No,ALL ARTHREX PRODUCT LINES,,Allopathic & Osteopathic Physicians|Orthopaedic Surgery|Orthopaedic Trauma,disallowed
AstraZeneca Pharmaceuticals LP,No,,FASLODEX,Allopathic & Osteopathic Physicians|Orthopaedic Surgery|Hand Surgery,disallowed
"LILLY USA, LLC",No,,ALIMTA,Allopathic & Osteopathic Physicians|Family Medicine,disallowed
"Medtronic USA, Inc.",No,Deep Brain Neurostimulation,,Allopathic & Osteopathic Physicians|Anesthesiology,disallowed
ViiV Healthcare Company,No,,SELZENTRY,Allopathic & Osteopathic Physicians|Internal Medicine|Hepatology,allowed
SANOFI-AVENTIS U.S. LLC,No,,ZALTRAP,Allopathic & Osteopathic Physicians|Internal Medicine|Medical Oncology,allowed
"Hu-Friedy Mfg. Co., LLC",No,Surgical,,Dental Providers|Dentist,disallowed
Cubist Pharmaceuticals Inc,No,,Anti-Bacterial,Allopathic & Osteopathic Physicians|Surgery|Plastic and Reconstructive Surgery,disallowed
United Therapeutics Corporation,No,,ADCIRCA,Other Service Providers|Specialist,disallowed
"Janssen Pharmaceuticals, Inc",No,,Zytiga,Emergency Medical Service Providers|Personal Emergency Response Attendant,disallowed
Merck Sharp & Dohme Corporation,No,,NON-PRODUCT,Eye and Vision Services Providers|Optometrist,disallowed
Ranbaxy Inc.,No,,,Allopathic & Osteopathic Physicians|Dermatology|Procedural Dermatology,disallowed
"Par Pharmaceutical, Inc.",No,,MEGACE ES MEGESTROL ACETATE,Allopathic & Osteopathic Physicians|Family Medicine|Geriatric Medicine,disallowed
Celgene Corporation,No,,,Allopathic & Osteopathic Physicians|Otolaryngology,disallowed
Novo Nordisk AS,No,,Victoza,Allopathic & Osteopathic Physicians|Internal Medicine,allowed
Jubilant HollisterStier LLC,No,,STANDARDIZED MITE DERMATOPHAGOIDES PTERONYSSINUS SCRATCH OR BULK 30000 AU PER ML,Allopathic & Osteopathic Physicians|Otolaryngology|Otolaryngic Allergy,disallowed
Biogen Idec Inc.,No,,TECFIDERA,Other Service Providers|Specialist,disallowed
"FOREST PHARMACEUTICALS, INC.",No,,LINZESS,Other Service Providers|Contractor,disallowed
Novartis Pharmaceuticals Corporation,No,,TYZEKA,Allopathic & Osteopathic Physicians|Family Medicine,disallowed
Endo Pharmaceuticals Inc.,No,,SUPPRELIN LA,"Student, Health Care|Student in an Organized Health Care Education/Training Program",disallowed
"BIOMET SPINE, LLC",No,BSBHT - IMPLANTABLE STIMULATORS,,Allopathic & Osteopathic Physicians|Neurological Surgery,disallowed
"Salix Pharmaceuticals, Ltd",No,,DEFLUX,Allopathic & Osteopathic Physicians|Pediatrics,disallowed
"Esaote North America, Inc.",No,Mylab Twice,,,disallowed
Perrigo Company plc,No,,,Allopathic & Osteopathic Physicians|Internal Medicine|Rheumatology,disallowed
"LIPOSCIENCE, INC.",No,NMR LipoProfile Test,,,allowed
Pfizer Inc.,No,,ZYVOX,Allopathic & Osteopathic Physicians|Pathology|Anatomic Pathology & Clinical Pathology,disallowed
Novo Nordisk Inc,No,,NovoLog,Allopathic & Osteopathic Physicians|Obstetrics & Gynecology,disallowed
Novartis Pharmaceuticals Corporation,No,,AFINITOR,Allopathic & Osteopathic Physicians|Radiology|Diagnostic Radiology,disallowed
Bioventus LLC,No,,,Allopathic & Osteopathic Physicians|Orthopaedic Surgery,disallowed
Flowonix Medical Incorporated,No,,,Allopathic & Osteopathic Physicians|Physical Medicine & Rehabilitation|Pain Medicine,disallowed
PFIZER INTERNATIONAL LLC,No,,,Allopathic & Osteopathic Physicians|Internal Medicine|Hematology,disallowed
Merck Sharp & Dohme Corporation,No,,ZETIA Cardiovascular,Allopathic & Osteopathic Physicians|Internal Medicine|Interventional Cardiology,disallowed
Novartis Pharmaceuticals Corporation,No,,MYFORTIC,Allopathic & Osteopathic Physicians|Pediatrics,disallowed
Allergan Inc.,No,NATRELLE,,Allopathic & Osteopathic Physicians|Surgery|Plastic and Reconstructive Surgery,allowed
"Teva Pharmaceuticals USA, Inc.",No,,FILGRASTIM,Physician Assistants & Advanced Practice Nursing Providers|Physician Assistant,disallowed
DePuy Synthes Sales Inc.,No,Neurovascular,,Allopathic & Osteopathic Physicians|Internal Medicine,disallowed
Daiichi Sankyo Inc.,No,,Tribenzor,Allopathic & Osteopathic Physicians|Obstetrics & Gynecology|Gynecology,disallowed
Genzyme Corporation,No,,AUBAGIO,Allopathic & Osteopathic Physicians|Psychiatry & Neurology|Neurology with Special Qualifications in Child Neurology,disallowed
Merck Sharp & Dohme Corporation,No,,NASONEX,Dental Providers|Dentist,disallowed
"Genentech USA, Inc.",No,,Erivedge,Allopathic & Osteopathic Physicians|Pathology|Anatomic Pathology & Clinical Pathology,disallowed
Merck Sharp & Dohme Corporation,No,,EMEND,Allopathic & Osteopathic Physicians|Internal Medicine|Adolescent Medicine,disallowed
Sunovion Pharmaceuticals Inc.,No,,Zetonna,Allopathic & Osteopathic Physicians|Psychiatry & Neurology|Psychosomatic Medicine,disallowed
Valeant Pharmaceuticals North America LLC,No,,ARESTIN,Dental Providers|Dentist,allowed
Stryker Corporation,No,NEURO SPINE ENT,,Allopathic & Osteopathic Physicians|Orthopaedic Surgery|Orthopaedic Surgery of the Spine,disallowed
Cook Medical LLC,No,PI - Self-Expanding Stent,,Allopathic & Osteopathic Physicians|Internal Medicine|Interventional Cardiology,disallowed
Novartis Pharmaceuticals Corporation,No,,SANDOSTATIN,Allopathic & Osteopathic Physicians|Internal Medicine|Medical Oncology,allowed
Novartis Pharmaceuticals Corporation,No,,ILARIS,Allopathic & Osteopathic Physicians|Medical Genetics|Clinical Genetics (M.D.),disallowed
Skeletal Kinetics LLC,No,SKAFFOLD,,Allopathic & Osteopathic Physicians|Orthopaedic Surgery|Sports Medicine,disallowed
"Janssen Pharmaceuticals, Inc",No,,Xarelto,Dental Providers|Dentist|General Practice,disallowed
Covidien LP,No,Biosurgery Hemostats,Biosurgery Hemostats,Allopathic & Osteopathic Physicians|Thoracic Surgery (Cardiothoracic Vascular Surgery),allowed
"Merz North America, Inc.",No,Radiesse,Xeomin,Allopathic & Osteopathic Physicians|Pediatrics|Adolescent Medicine,disallowed
Cook Medical LLC,No,SUR - SIS,,Allopathic & Osteopathic Physicians|Surgery|Surgical Oncology,disallowed
Pfizer Inc.,No,,PRISTIQ,Allopathic & Osteopathic Physicians|Internal Medicine|Addiction Medicine,disallowed
HOLOGIC INC,No,THS,,,disallowed
Amgen Inc.,No,,Neulasta,Allopathic & Osteopathic Physicians|Emergency Medicine|Emergency Medical Services,disallowed
Amgen Inc.,No,,Prolia,Allopathic & Osteopathic Physicians|Obstetrics & Gynecology|Gynecology,disallowed
NOVARTIS PHARMACEUTICALS CORPORATION,No,,ZORTRESS,Allopathic & Osteopathic Physicians|Internal Medicine,disallowed
Integra  LifeSciences Sales LLC,No,Recon-Skin and Wound,,Other Service Providers|Specialist,disallowed
"Otsuka America Pharmaceutical, Inc.",No,,ABILIFY TABLET,Allopathic & Osteopathic Physicians|Preventive Medicine|Public Health & General Preventive Medicine,disallowed
Genzyme Corporation,No,,LUMIZYME,Allopathic & Osteopathic Physicians|Psychiatry & Neurology|Neurology,disallowed
"Avanir Pharmaceuticals, Inc.",No,,Nuedexta,Physician Assistants & Advanced Practice Nursing Providers|Nurse Practitioner|Primary Care,disallowed
Amgen Inc.,No,,Prolia,Allopathic & Osteopathic Physicians|Thoracic Surgery (Cardiothoracic Vascular Surgery),disallowed
Merck Sharp & Dohme Corporation,No,,JANUVIA,Allopathic & Osteopathic Physicians|Family Medicine|Addiction Medicine,disallowed
Luitpold Pharmaceuticals Inc,No,,BETAMETHASONE SOD PHOS,Dental Providers|Dentist|Endodontics,disallowed
Actavis Pharma Inc,No,,GELNIQUE,Allopathic & Osteopathic Physicians|Obstetrics & Gynecology,disallowed
Wilson Cook Medical Incorporated,No,ESC - Dilation - Non-Biliary,,Other Service Providers|Specialist,disallowed
Eisai Inc.,No,,Belviq,Managed Care Organizations|Exclusive Provider Organization,disallowed
Incyte Corporation,No,,JAKAFI,Allopathic & Osteopathic Physicians|Anesthesiology,disallowed
"LILLY USA, LLC",No,,HUMALOG,,disallowed
"ACell, Inc.",No,,,Allopathic & Osteopathic Physicians|Internal Medicine|Gastroenterology,disallowed
Promius Pharma LLC,No,,ZENATANE,Allopathic & Osteopathic Physicians|Dermatology|Procedural Dermatology,disallowed
Allergan Inc.,No,,BOTOX,Allopathic & Osteopathic Physicians|Physical Medicine & Rehabilitation|Spinal Cord Injury Medicine,disallowed
"Toshiba America Medical Systems, Inc.",No,XR,,Allopathic & Osteopathic Physicians|Surgery|Vascular Surgery,disallowed
Allergan Inc.,No,,,Allopathic & Osteopathic Physicians|Obstetrics & Gynecology|Gynecologic Oncology,disallowed
Stryker Corporation,No,New Product Development,,Allopathic & Osteopathic Physicians|Thoracic Surgery (Cardiothoracic Vascular Surgery),disallowed
"BIomet 3i, LLC",No,3I - DENTAL,,Allopathic & Osteopathic Physicians|Hospitalist,disallowed
"Veran Medical Technologies, Inc.",No,Spin,,Allopathic & Osteopathic Physicians|Internal Medicine|Critical Care Medicine,disallowed
Covidien Sales LLC,No,Patient Monitoring,,,disallowed
Pfizer Inc.,No,,SPIRIVA,Allopathic & Osteopathic Physicians|Internal Medicine|Cardiovascular Disease,disallowed
"UCB, Inc.",No,,Cimzia,Allopathic & Osteopathic Physicians|Dermatology,disallowed
Cook Incorporated,No,AI - AAA,,Allopathic & Osteopathic Physicians|Emergency Medicine,disallowed
"Medtronic Sofamor Danek USA, Inc.",No,Cervical -Trauma Therapies,,Allopathic & Osteopathic Physicians|Pathology|Anatomic Pathology & Clinical Pathology,disallowed
"Wright Medical Technology, Inc.",No,,Foot and Ankle,Allopathic & Osteopathic Physicians|Neuromusculoskeletal Medicine & OMM,disallowed
Amgen Inc.,No,,Prolia,Allopathic & Osteopathic Physicians|Internal Medicine|Addiction Medicine,disallowed
"BTG International, Inc.",No,,VORAXAZE,Allopathic & Osteopathic Physicians|Hospitalist,disallowed
"Cardinal Health 200, LLC",No,,,Allopathic & Osteopathic Physicians|Internal Medicine|Cardiovascular Disease,disallowed
Astellas Pharma US Inc,No,,Myrbetriq,Allopathic & Osteopathic Physicians|Orthopaedic Surgery|Hand Surgery,disallowed
"Eisai Co., Ltd.",No,,Halaven,,allowed
"Genentech USA, Inc.",No,,Erivedge,Other Service Providers|Specialist,disallowed
"Genentech USA, Inc.",No,,Xolair,Ambulatory Health Care Facilities|Clinic/Center|Prison Health,disallowed
Amarin Pharma Inc.,No,,Vascepa,Allopathic & Osteopathic Physicians|Thoracic Surgery (Cardiothoracic Vascular Surgery),disallowed
The Medicines Company,No,,CLEVIPREX,Allopathic & Osteopathic Physicians|Family Medicine,disallowed
"ECR Pharmaceuticals Co., Inc.",No,,Bupap,Allopathic & Osteopathic Physicians|Internal Medicine|Infectious Disease,disallowed
Zimmer Holding Inc,No,Trauma,,Allopathic & Osteopathic Physicians|Surgery|Trauma Surgery,disallowed
"Medical Engineering and Development Institute, Inc.",No,,,,disallowed
Merit Medical Systems Inc,No,Surgery,,Allopathic & Osteopathic Physicians|Surgery|Vascular Surgery,disallowed
Thoratec Corporation,No,HeartMate II,,Allopathic & Osteopathic Physicians|Surgery,disallowed
"Pinnacle, Inc",No,ARTHREX PRODUCT LINE SHOULDER & ELBOW ARTHROSCOPY,,Allopathic & Osteopathic Physicians|Orthopaedic Surgery|Sports Medicine,disallowed
"Bard Peripheral Vascular, Inc.",No,Oncology,,Allopathic & Osteopathic Physicians|Thoracic Surgery (Cardiothoracic Vascular Surgery),disallowed
"Hospira Worldwide, Inc.",No,,Precedex Dexmedetomidine HCl in 0.9 percent Sodium Chloride Injec,Allopathic & Osteopathic Physicians|Internal Medicine|Pulmonary Disease,disallowed
Stryker Corporation,No,ORTHOBIOLOGICS,,"Allopathic & Osteopathic Physicians|Neuromusculoskeletal Medicine, Sports Medicine",disallowed
"FOREST PHARMACEUTICALS, INC.",No,,,Allopathic & Osteopathic Physicians|Urology,disallowed
Alpha Orthopedic Systems,No,ARTHREX PRODUCT LINE KNEE & HIP ARTHROSCOPY,,Allopathic & Osteopathic Physicians|Orthopaedic Surgery|Sports Medicine,disallowed
"Genentech, Inc.",No,,Esbriet,,allowed
PFIZER INC.,No,,TIKOSYN,Allopathic & Osteopathic Physicians|Internal Medicine|Cardiovascular Disease,disallowed
"Teva Pharmaceuticals USA, Inc.",No,,FILGRASTIM,Allopathic & Osteopathic Physicians|Internal Medicine|Medical Oncology,disallowed
Boston Scientific Corporation,No,PAIN MANAGEMENT,,Ambulatory Health Care Facilities|Clinic/Center|Prison Health,disallowed
"Salix Pharmaceuticals, Ltd",No,,Xifaxan 550 mg,Allopathic & Osteopathic Physicians|Internal Medicine|Pulmonary Disease,disallowed
Galil Medical Inc.,No,Cryoablation products,Cryoablation products,Allopathic & Osteopathic Physicians|Urology,disallowed
Merck Sharp & Dohme Corporation,No,,ZEMURON,Allopathic & Osteopathic Physicians|Emergency Medicine,disallowed
"Salix Pharmaceuticals, Ltd",No,,Relistor,Allopathic & Osteopathic Physicians|Pain Medicine|Pain Medicine,disallowed
Bayer HealthCare Pharmaceuticals Inc.,No,Essure,Mirena,Allopathic & Osteopathic Physicians|Obstetrics & Gynecology|Reproductive Endocrinology,disallowed
Procedural Orthopedics Inc,No,ALL ARTHREX PRODUCT LINES,,Allopathic & Osteopathic Physicians|Orthopaedic Surgery,disallowed
"Genentech USA, Inc.",No,,Xolair,Allopathic & Osteopathic Physicians|Family Medicine|Geriatric Medicine,disallowed
"DJO Global, Inc.",No,Orthoses  Prefab  non-custom,,Allopathic & Osteopathic Physicians|Orthopaedic Surgery,disallowed
"Chugai Pharmaceutical Co., Ltd.",No,,Herceptin,Allopathic & Osteopathic Physicians|Internal Medicine|Hematology & Oncology,disallowed
AstraZeneca Pharmaceuticals LP,No,,,Behavioral Health & Social Service Providers|Psychologist|Clinical Child & Adolescent,disallowed
Gilead Sciences Inc,No,,Stribild,Allopathic & Osteopathic Physicians|Family Medicine|Adolescent Medicine,disallowed
Purdue Pharma L.P.,No,,,Allopathic & Osteopathic Physicians|Physical Medicine & Rehabilitation|Pain Medicine,disallowed
"Janssen Research & Development, LLC",No,,Invokana,Allopathic & Osteopathic Physicians|Pediatrics|Pediatric Endocrinology,disallowed
SANOFI-AVENTIS U.S. LLC,No,,,Other Service Providers|Specialist,disallowed
"Mercedes Medical, LLC",No,Strip Micral Roche 30 BTL,,Allopathic & Osteopathic Physicians|Internal Medicine,disallowed
"BTG International, Inc.",No,,CROFAB,Allopathic & Osteopathic Physicians|Surgery,disallowed
"FOREST PHARMACEUTICALS, INC.",No,,TUDORZA,Allopathic & Osteopathic Physicians|Internal Medicine|Geriatric Medicine,disallowed
Pfizer Inc.,No,,VIAGRA,Allopathic & Osteopathic Physicians|Internal Medicine|Magnetic Resonance Imaging (MRI),disallowed
SHIONOGI INC,No,,Osphena,Allopathic & Osteopathic Physicians|Colon & Rectal Surgery,disallowed
Crosstex International Inc.,No,Sure-Check,,Dental Providers|Dentist,disallowed
"Devicor Medical Products, Inc.",No,Elite,,Allopathic & Osteopathic Physicians|Radiology|Diagnostic Radiology,disallowed
"Medtronic Vascular, Inc.",No,Cardiac Resynchronization Therapy - CRT,,Allopathic & Osteopathic Physicians|Pediatrics|Pediatric Cardiology,disallowed
"Depomed, Inc.",No,,Gralise and Zipsor,Podiatric Medicine & Surgery Service Providers|Podiatrist,disallowed
Boston Scientific Corporation,No,CLINICAL TRIAL PRODUCT,,Allopathic & Osteopathic Physicians|Radiology|Diagnostic Radiology,disallowed
"GlaxoSmithKline, LLC.",No,,ARRANON,Allopathic & Osteopathic Physicians|Pediatrics|Pediatric Hematology-Oncology,allowed
"LILLY USA, LLC",No,,HUMULIN,"Allopathic & Osteopathic Physicians|Internal Medicine|Endocrinology, Diabetes & Metabolism",disallowed
"AbbVie, Inc.",No,,Depakote,Allopathic & Osteopathic Physicians|Psychiatry & Neurology|Clinical Neurophysiology,disallowed
"Medtronic MiniMed, Inc.",No,,,Allopathic & Osteopathic Physicians|Obstetrics & Gynecology|Maternal & Fetal Medicine,disallowed
"Grifols USA, LLC",No,,Thrombate III,Allopathic & Osteopathic Physicians|Internal Medicine|Cardiovascular Disease,disallowed
3M Company,No,Dental UV Curing Light,,Dental Providers|Dentist,disallowed
Sunovion Pharmaceuticals Inc.,No,,Zetonna,Allopathic & Osteopathic Physicians|Family Medicine|Adult Medicine,disallowed
Cook Incorporated,No,Aortic Intervention,,Allopathic & Osteopathic Physicians|Internal Medicine|Interventional Cardiology,disallowed
"Janssen Scientific Affairs, LLC",No,,Xarelto,Allopathic & Osteopathic Physicians|Anesthesiology,disallowed
SANOFI-AVENTIS U.S. LLC,No,,AUVIQ,Allopathic & Osteopathic Physicians|Pediatrics,disallowed
EKOS Corporation,No,EKOSONIC,,Allopathic & Osteopathic Physicians|Obstetrics & Gynecology,disallowed
Cook Incorporated,No,PI - Catheters,,Allopathic & Osteopathic Physicians|Internal Medicine,disallowed
SANOFI-AVENTIS U.S. LLC,No,,LANTUS SOLOSTAR,Allopathic & Osteopathic Physicians|Emergency Medicine,disallowed
Sanofi Pasteur Inc.,No,,DAPTACEL,Allopathic & Osteopathic Physicians|Pediatrics|Pediatric Hematology-Oncology,disallowed
"LDR SPINE USA, INC",No,Spinal Implant,,Allopathic & Osteopathic Physicians|Anesthesiology,disallowed
"MedImmune, LLC",No,,,Allopathic & Osteopathic Physicians|Obstetrics & Gynecology|Gynecology,disallowed
"Merz North America, Inc.",No,Belotero,Xeomin,Allopathic & Osteopathic Physicians|Otolaryngology|Otolaryngology/Facial Plastic Surgery,disallowed
"Grifols USA, LLC",No,,Gamunex-C,Allopathic & Osteopathic Physicians|Pediatrics|Pediatric Allergy/Immunology,disallowed
"QIAGEN Sciences, LLC",No,,,Allopathic & Osteopathic Physicians|Internal Medicine|Hematology & Oncology,allowed
"Renaissance Pharma, Inc.",No,,DENAVIR,Allopathic & Osteopathic Physicians|Dermatology|Pediatric Dermatology,disallowed
Aesculap Akademie GmbH,No,Neuro,,Allopathic & Osteopathic Physicians|Neurological Surgery,disallowed
"Hospira Worldwide, Inc.",No,,Dexmedetomidine Hydrochloride Injection Precedex 100 mcg,Allopathic & Osteopathic Physicians|Orthopaedic Surgery|Orthopaedic Surgery of the Spine,disallowed
"Medimetriks Pharmaceuticals, Inc.",No,,Morgidox 1x100,Allopathic & Osteopathic Physicians|Dermatology,disallowed
Merck Sharp & Dohme Corporation,No,,PRINIVIL,Allopathic & Osteopathic Physicians|Pediatrics|Pediatric Endocrinology,allowed
Hollister Incorporated,No,Endoform Dermal Template,,Podiatric Medicine & Surgery Service Providers|Podiatrist|Primary Podiatric Medicine,disallowed
"Intuitive Surgical Operations, Inc.",No,Da Vinci Surgical System,,Allopathic & Osteopathic Physicians|Colon & Rectal Surgery,disallowed
Amgen Inc.,No,,Prolia,Allopathic & Osteopathic Physicians|Physical Medicine & Rehabilitation|Neuromuscular Medicine,disallowed
"E.R. Squibb & Sons, L.L.C.",No,,ERBITUX,Allopathic & Osteopathic Physicians|Dermatology|Dermatopathology,disallowed
Exelixis Inc.,No,,COMETRIQ,Allopathic & Osteopathic Physicians|Dermatology|Dermatopathology,disallowed
Olympus Medical Systems Corporation,No,Endoscopy Products,,Allopathic & Osteopathic Physicians|Internal Medicine|Pulmonary Disease,allowed
"KCI USA, Inc",No,Dermal Tissue Matrix,,Podiatric Medicine & Surgery Service Providers|Podiatrist|Foot Surgery,disallowed
APO-PHARMA INC.,No,,APO805K1,,allowed
ACUMED LLC,No,Shoulder,,Allopathic & Osteopathic Physicians|Orthopaedic Surgery,disallowed
"Bard Access Systems, Inc.",No,Oncology,,Allopathic & Osteopathic Physicians|Radiology|Pediatric Radiology,disallowed
"Actelion Pharmaceuticals US, Inc.",No,,OPSUMIT MACITENTAN,Allopathic & Osteopathic Physicians|Psychiatry & Neurology|Neurology,disallowed
Septodont Inc.,No,,,Dental Providers|Dentist|Endodontics,disallowed
Philips Electronics North America Corporation,No,IS Undivided,,Allopathic & Osteopathic Physicians|Radiology|Diagnostic Ultrasound,disallowed
Orthofix International N.V.,No,,Biologics,"Student, Health Care|Student in an Organized Health Care Education/Training Program",disallowed
"Auxilium Pharmaceuticals, Inc.",No,,TESTIM,Laboratories|Clinical Medical Laboratory,disallowed
Coloplast Corp,No,PELVIC FLOOR REPAIR,,Allopathic & Osteopathic Physicians|Obstetrics & Gynecology,disallowed
"Wavetec Vision Systems, Inc.",No,ORA System,,,disallowed
AstraZeneca Pharmaceuticals LP,No,,SYMBICORT,Allopathic & Osteopathic Physicians|Pain Medicine|Interventional Pain Medicine,disallowed
"Takeda Pharmaceuticals U.S.A., Inc.",No,,Uloric,Allopathic & Osteopathic Physicians|Internal Medicine|Geriatric Medicine,disallowed
SHIONOGI INC,No,,Osphena,Other Service Providers|Specialist,disallowed
DePuy Synthes Sales Inc.,No,Neurosurgery,,Allopathic & Osteopathic Physicians|Psychiatry & Neurology|Neurology,disallowed
Kerr Corporation,No,Endodontics,,Dental Providers|Dentist|Prosthodontics,disallowed
Incyte Corporation,No,,JAKAFI,Allopathic & Osteopathic Physicians|Surgery|Surgical Oncology,disallowed
"Horizon Pharma USA, Inc.",No,,DUEXIS-800mg Ibuprofen- 26.6mg Famotidine,Allopathic & Osteopathic Physicians|Dermatology,disallowed
Stryker Corporation,No,ORTHOBIOLOGICS,,Allopathic & Osteopathic Physicians|Internal Medicine|Cardiovascular Disease,disallowed
"DJO Global, Inc.",No,Orthoses  Off-The-Shelf,,Podiatric Medicine & Surgery Service Providers|Podiatrist,disallowed
American Medical Systems Inc.,No,AMS 800 Urinary Control System,,Other Service Providers|Specialist,disallowed
"Vascular Solutions, Inc.",No,Pronto,,Other Service Providers|Specialist,disallowed
Amgen Inc.,No,,Prolia,Podiatric Medicine & Surgery Service Providers|Podiatrist|Foot & Ankle Surgery,disallowed
"Spine View, Inc.",No,enSpire Interventional Discectomy System,,Allopathic & Osteopathic Physicians|Radiology|Diagnostic Radiology,disallowed
"Supernus Pharmaceuticals, Inc.",No,,TROKENDI XR,Allopathic & Osteopathic Physicians|Family Medicine|Adolescent Medicine,disallowed
"Alexion Pharmaceuticals, Inc.",No,,SOLIRIS,Allopathic & Osteopathic Physicians|Internal Medicine|Hematology & Oncology,disallowed
GE Healthcare,No,X-RAY,,Allopathic & Osteopathic Physicians|Surgery,disallowed
Covidien Sales LLC,No,Procedural Support and Other,,Allopathic & Osteopathic Physicians|Radiology|Vascular & Interventional Radiology,disallowed
Astellas Pharma US Inc,No,,Lexiscan,Allopathic & Osteopathic Physicians|Surgery,disallowed
"Merz North America, Inc.",No,Belotero,,Allopathic & Osteopathic Physicians|Otolaryngology|Pediatric Otolaryngology,disallowed
INSULET CORPORATION,No,OMNIPODINSULINMANAGEMENTSYSTEM,,Allopathic & Osteopathic Physicians|Orthopaedic Surgery,disallowed
"LILLY USA, LLC",No,,HUMALOG,Allopathic & Osteopathic Physicians|Internal Medicine|Medical Oncology,disallowed
Pfizer Inc.,No,,ZYVOX,Allopathic & Osteopathic Physicians|Internal Medicine|Geriatric Medicine,disallowed
Merck Sharp & Dohme Corporation,No,,NUVARING,Allopathic & Osteopathic Physicians|General Practice,disallowed
"Meda Pharmaceuticals, Inc.",No,,Dymista,Allopathic & Osteopathic Physicians|Internal Medicine|Critical Care Medicine,disallowed
"Trifective Medical, LLC",No,ALL ARTHREX PRODUCT LINES,,Allopathic & Osteopathic Physicians|Orthopaedic Surgery,disallowed
Ethicon Inc.,No,Sutures,,Allopathic & Osteopathic Physicians|Surgery|Surgical Critical Care,disallowed
"BTG International, Inc.",No,,CROFAB,"Emergency Medical Service Providers|Emergency Medical Technician, Intermediate",disallowed
"Medtronic Xomed, Inc.",No,Advanced Energy Cutting Device,,Allopathic & Osteopathic Physicians|General Practice,disallowed
"Tornier, Inc.",No,DEV - Compression Staple System,,Podiatric Medicine & Surgery Service Providers|Podiatrist|Foot & Ankle Surgery,allowed
Desert Mountain Medical,No,ARTHREX PRODUCT LINE ARTHROPLASTY,,Allopathic & Osteopathic Physicians|Orthopaedic Surgery,disallowed
Eisai Inc.,No,,Halaven,Allopathic & Osteopathic Physicians|Hospitalist,disallowed
"E.R. Squibb & Sons, L.L.C.",No,,SYMLIN,Allopathic & Osteopathic Physicians|Family Medicine,disallowed
"Tosoh Bioscience, Inc.",No,Hemolysis Wash Solution,,Allopathic & Osteopathic Physicians|Internal Medicine,disallowed
Mentor Worldwide LLC,No,Augmentation,,Allopathic & Osteopathic Physicians|Anesthesiology,disallowed
"Genentech USA, Inc.",No,,Pulmozyme,Allopathic & Osteopathic Physicians|Family Medicine,disallowed
Pacira Pharmaceuticals Incorporated,No,,Exparel,Allopathic & Osteopathic Physicians|Obstetrics & Gynecology|Female Pelvic Medicine and Reconstructive Surgery,disallowed
"W. L. Gore & Associates, Inc.",No,Product in Development,,Allopathic & Osteopathic Physicians|Radiology|Vascular & Interventional Radiology,disallowed
"Genentech USA, Inc.",No,,Nutropin AQ,Eye and Vision Services Providers|Optometrist,disallowed
KLS Martin L.P.,No,,,Allopathic & Osteopathic Physicians|Surgery|Plastic and Reconstructive Surgery,disallowed
Altatec GmbH,No,Camlog Implants and Accessories,,Dental Providers|Dentist|General Practice,disallowed
Novartis Pharmaceuticals Corporation,No,,UTIBRON,Allopathic & Osteopathic Physicians|Allergy & Immunology,disallowed
Covidien Sales LLC,No,Airway,,Allopathic & Osteopathic Physicians|Urology,disallowed
American Medical Systems Inc.,No,BioArc,,Other Service Providers|Specialist,disallowed
"Lupin Pharmaceuticals, Inc",No,,Suprax,Allopathic & Osteopathic Physicians|Family Medicine|Sports Medicine,disallowed
CSL Behring,No,,Zemaira,Allopathic & Osteopathic Physicians|Dermatology,disallowed
Kadmon Corporation LLC,No,,,Allopathic & Osteopathic Physicians|Pediatrics|Pediatric Allergy/Immunology,disallowed
Novartis Pharmaceuticals Corporation,No,,EXELON PATCH,Behavioral Health & Social Service Providers|Counselor,disallowed
PFIZER INTERNATIONAL LLC,No,,GENOTROPIN,Allopathic & Osteopathic Physicians|Pediatrics,disallowed
"Lupin Pharmaceuticals, Inc",No,,Suprax,Allopathic & Osteopathic Physicians|Internal Medicine|Hematology & Oncology,disallowed
"W. L. Gore & Associates, Inc.",No,VIATORR TIPS Endoprosthesis,,Other Service Providers|Specialist,disallowed
Celgene Corporation,No,,Istodax,Allopathic & Osteopathic Physicians|Internal Medicine|Hematology & Oncology,allowed
"Janssen Research & Development, LLC",No,,Xarelto,Dental Providers|Dentist|General Practice,allowed
"COMSORT, Inc",No,,MK-0822,Allopathic & Osteopathic Physicians|Obstetrics & Gynecology|Hospice and Palliative Medicine,disallowed
Olympus Corporation of the Americas,No,Surgical Endoscopy Products,,Allopathic & Osteopathic Physicians|Colon & Rectal Surgery,disallowed
"Medline Industries, Inc.",No,Neurology,,Allopathic & Osteopathic Physicians|Psychiatry & Neurology|Neurology,disallowed
Genzyme Corporation,No,,,Allopathic & Osteopathic Physicians|Surgery|Surgical Oncology,disallowed
"D4D TECHNOLOGIES, LLC",No,,,Dental Providers|Dentist|Oral and Maxillofacial Surgery,disallowed
Warner Chilcott LLC,No,,ATELVIA,"Student, Health Care|Student in an Organized Health Care Education/Training Program",disallowed
Mylan Specialty L.P.,No,,EpiPen,Allopathic & Osteopathic Physicians|Psychiatry & Neurology|Neurology,disallowed
Alcon Laboratories Inc,No,,Patanase,Allopathic & Osteopathic Physicians|Otolaryngology,disallowed
BTG International Canada Inc.,No,THERASPHERE - BIO,,,disallowed
"HeartWare, Inc.",No,HeartWare Ventricular Assist System,,Hospitals|General Acute Care Hospital|Critical Access,disallowed
"SYNCARDIA SYSTEMS, INC",No,SYNCARDIA TEMPORARY TOTAL ARTIFICIAL HEART,,Allopathic & Osteopathic Physicians|Pediatrics|Pediatric Cardiology,disallowed
AstraZeneca Pharmaceuticals LP,No,,BRILINTA,Allopathic & Osteopathic Physicians|Pediatrics|Pediatric Critical Care Medicine,disallowed
Baxter Healthcare,No,,BioTherapeutics - Non Product Related,Allopathic & Osteopathic Physicians|Preventive Medicine|Preventive Medicine/Occupational Environmental Medicine,disallowed
F. Hoffmann-La Roche AG,No,,Perjeta,Allopathic & Osteopathic Physicians|Internal Medicine|Medical Oncology,disallowed
Merck Sharp & Dohme Corporation,No,,NON-PRODUCT,Allopathic & Osteopathic Physicians|Plastic Surgery|Plastic Surgery Within the Head and Neck,disallowed
Gilead Sciences Inc,No,,Genvoya,Allopathic & Osteopathic Physicians|Internal Medicine,allowed
"SeaSpine, Inc.",No,Spine-Minimally Invasive,,Allopathic & Osteopathic Physicians|Orthopaedic Surgery,disallowed
Merck Sharp & Dohme Corporation,No,,GARDASIL,Allopathic & Osteopathic Physicians|Internal Medicine|Infectious Disease,disallowed
Endo Pharmaceuticals Inc.,No,,FORTESTA,Allopathic & Osteopathic Physicians|Internal Medicine|Nephrology,disallowed
Mallinckrodt LLC,No,,Exalgo,Allopathic & Osteopathic Physicians|Obstetrics & Gynecology|Gynecology,disallowed
"E.R. Squibb & Sons, L.L.C.",No,,SUSTIVA,"Allopathic & Osteopathic Physicians|Internal Medicine|Endocrinology, Diabetes & Metabolism",disallowed
Biogen Idec Inc.,No,,TECFIDERA,,allowed
3M Company,No,Dental Cavity Varnish,Clinpro 5000 Toothpaste-Vanilla Mint,Dental Providers|Dentist|Prosthodontics,disallowed
Novartis Pharmaceuticals Corporation,No,,NON BRAND,Allopathic & Osteopathic Physicians|Pathology|Hematology,disallowed
"Arthrex, Inc.",No,,,Allopathic & Osteopathic Physicians|Orthopaedic Surgery|Orthopaedic Trauma,disallowed
INSULET CORPORATION,No,OMNIPODINSULINMANAGEMENTSYSTEM,,Allopathic & Osteopathic Physicians|Internal Medicine|Pulmonary Disease,disallowed
"Teva Pharmaceuticals USA, Inc.",No,,NUVIGIL,Allopathic & Osteopathic Physicians|Psychiatry & Neurology|Clinical Neurophysiology,disallowed
"AbbVie, Inc.",No,,Synthroid,Allopathic & Osteopathic Physicians|Family Medicine|Sports Medicine,disallowed
"Teva Pharmaceuticals USA, Inc.",No,,NUVIGIL,Allopathic & Osteopathic Physicians|Obstetrics & Gynecology,disallowed
Merck Sharp & Dohme Corporation,No,,NON-PRODUCT,Allopathic & Osteopathic Physicians|Radiology|Radiation Oncology,disallowed
"AbbVie, Inc.",No,,Depakote,Allopathic & Osteopathic Physicians|Psychiatry & Neurology|Vascular Neurology,disallowed
"Janssen Pharmaceuticals, Inc",No,,Aciphex,Allopathic & Osteopathic Physicians|Nuclear Medicine,disallowed
ZOLL Services LLC (A/K/A ZOLL LifeCor Corp),No,LifeVest,,Allopathic & Osteopathic Physicians|Pediatrics|Pediatric Cardiology,disallowed
Sanofi Pasteur Inc.,No,,FLUZONE QIV,Allopathic & Osteopathic Physicians|Orthopaedic Surgery,disallowed
SANOFI-AVENTIS U.S. LLC,No,,AFLIBERCEPT,"Student, Health Care|Student in an Organized Health Care Education/Training Program",disallowed
"FOREST PHARMACEUTICALS, INC.",No,,TUDORZA,Allopathic & Osteopathic Physicians|Preventive Medicine|Sports Medicine,disallowed
Mylan Specialty L.P.,No,,EpiPen,Allopathic & Osteopathic Physicians|Obstetrics & Gynecology|Gynecology,disallowed
"Santarus, Inc",No,,Uceris,Allopathic & Osteopathic Physicians|Family Medicine|Sports Medicine,disallowed
Allergan Inc.,No,,BOTOX,Allopathic & Osteopathic Physicians|Physical Medicine & Rehabilitation|Pain Medicine,disallowed
Vidara Therapeutics Inc.,No,,Actimmune,Allopathic & Osteopathic Physicians|Pediatrics|Pediatric Infectious Diseases,disallowed
"Arthrex, Inc.",No,ALL ARTHREX PRODUCT LINES,,Podiatric Medicine & Surgery Service Providers|Podiatrist|Foot & Ankle Surgery,disallowed
Cardiovascular Systems Inc.,No,Atherectomy Device,,"Allopathic & Osteopathic Physicians|Internal Medicine|Endocrinology, Diabetes & Metabolism",disallowed
Boston Scientific Corporation,No,BILIARY DEVICES,,Dental Providers|Dentist,disallowed
CSL Behring,No,,Kcentra Beriplex,Allopathic & Osteopathic Physicians|Internal Medicine,disallowed
Merck Sharp & Dohme Corporation,No,,ZOSTAVAX,Allopathic & Osteopathic Physicians|Otolaryngology,disallowed
"SYNCARDIA SYSTEMS, INC",No,SYNCARDIA TEMPORARY TOTAL ARTIFICIAL HEART,,Allopathic & Osteopathic Physicians|Transplant Surgery,disallowed
"Auxilium Pharmaceuticals, Inc.",No,,XIAFLEX,Allopathic & Osteopathic Physicians|Pediatrics|Adolescent Medicine,disallowed
"AbbVie, Inc.",No,,Humira,Emergency Medical Service Providers|Personal Emergency Response Attendant,disallowed
DePuy Synthes Sales Inc.,No,CMF,,Allopathic & Osteopathic Physicians|Obstetrics & Gynecology,disallowed
"Fresenius USA Marketing, Inc.",No,2008K At Home,Venofer,Allopathic & Osteopathic Physicians|Internal Medicine,disallowed
Premier Dental Products Company,No,2PRO Angle Soft Short Purple  144,,Dental Providers|Dentist,disallowed
"Electromed, Inc.",No,HFCWO,HFCWO,Allopathic & Osteopathic Physicians|Internal Medicine|Critical Care Medicine,disallowed
Edwards Lifesciences Corporation,No,Cardiac Cannulae,,Allopathic & Osteopathic Physicians|Thoracic Surgery (Cardiothoracic Vascular Surgery),disallowed
Amneal Pharmaceuticals LLC,No,,Methylphenidate Hydrochloride ER Suspension,,allowed
AstraZeneca Pharmaceuticals LP,No,,SYMBICORT,Allopathic & Osteopathic Physicians|Family Medicine|Addiction Medicine,disallowed
Novartis Pharmaceuticals Corporation,No,,ARCAPTA NEOHALER,Allopathic & Osteopathic Physicians|Emergency Medicine,disallowed
Philips Electronics North America Corporation,No,Philips Oral Healthcare,,Allopathic & Osteopathic Physicians|Radiology|Radiation Oncology,disallowed
"Vascular Solutions, Inc.",No,CARDIOVASCULAR PRODUCTS,,Allopathic & Osteopathic Physicians|Thoracic Surgery (Cardiothoracic Vascular Surgery),disallowed
LEO Pharma Inc.,No,,TACLONEX,Allopathic & Osteopathic Physicians|Pediatrics,disallowed
Olympus America Inc.,No,Urology & Gynecology Products,,,disallowed
Abbott Laboratories,No,Molecular Diagnostics,,Allopathic & Osteopathic Physicians|Pathology|Forensic Pathology,disallowed
LSI SOLUTIONS INC,No,COR-KNOT,,Allopathic & Osteopathic Physicians|Surgery,disallowed
Novartis Pharmaceuticals Corporation,No,,ARCAPTA NEOHALER,Allopathic & Osteopathic Physicians|Family Medicine|Addiction Medicine,disallowed
3M Company,No,Dental Adhesives,Clinpro 5000 Toothpaste-Vanilla Mint,Dental Providers|Dentist|General Practice,disallowed
Cook Incorporated,No,PI - Catheters,,Allopathic & Osteopathic Physicians|Obstetrics & Gynecology,disallowed
Corcept Therapeutics,No,,Korlym,Allopathic & Osteopathic Physicians|Internal Medicine|Rheumatology,disallowed
Medartis Inc.,No,Aptus,,Allopathic & Osteopathic Physicians|Surgery|Surgery of the Hand,disallowed
Novadaq Technologies Inc.,No,PINPOINT,,Physician Assistants & Advanced Practice Nursing Providers|Nurse Practitioner|Critical Care Medicine,disallowed
US Endoscopy,No,Care & Cleaning,,Allopathic & Osteopathic Physicians|Internal Medicine|Gastroenterology,disallowed
Stryker Corporation,No,JOINT PRESERVATION,,Allopathic & Osteopathic Physicians|Neuromusculoskeletal Medicine & OMM,disallowed
"Dexcom, Inc.",No,Dexcom CGM,Dexcom CGM,,allowed
Shire US Holdings,No,,VPRIV,Allopathic & Osteopathic Physicians|Psychiatry & Neurology|Neurology,disallowed
"Navidea Biopharmaceuticals, Inc.",No,,NAV4694,,allowed
SANOFI-AVENTIS U.S. LLC,No,,,Allopathic & Osteopathic Physicians|Internal Medicine|Gastroenterology,disallowed
Astellas Pharma US Inc,No,,Lexiscan,Allopathic & Osteopathic Physicians|Pathology|Pediatric Pathology,disallowed
Olympus America Inc.,No,ENT Products,,Other Service Providers|Specialist,disallowed
The Medicines Company,No,,,Allopathic & Osteopathic Physicians|Thoracic Surgery (Cardiothoracic Vascular Surgery),disallowed
"FOREST PHARMACEUTICALS, INC.",No,,LINZESS,Emergency Medical Service Providers|Personal Emergency Response Attendant,disallowed
Sanofi Pasteur Inc.,No,,SKLICE,Allopathic & Osteopathic Physicians|Preventive Medicine|Preventive Medicine/Occupational Environmental Medicine,disallowed
Novo Nordisk AS,No,,Victoza,,allowed
Merck Sharp & Dohme Corporation,No,,MK-5172,Allopathic & Osteopathic Physicians|Anesthesiology|Pain Medicine,allowed
Sunovion Pharmaceuticals Inc.,No,,Brovana,Allopathic & Osteopathic Physicians|Allergy & Immunology|Allergy,disallowed
Teleflex Medical Incorporated,No,vista,,Allopathic & Osteopathic Physicians|Urology,disallowed
Cook Incorporated,No,URO - Incontinence,,Allopathic & Osteopathic Physicians|Anesthesiology,disallowed
Jazz Pharmaceuticals Inc.,No,,Xyrem,Allopathic & Osteopathic Physicians|Otolaryngology|Pediatric Otolaryngology,disallowed
Reverse Medical Corporation,No,,,Allopathic & Osteopathic Physicians|Neurological Surgery,disallowed
"GlaxoSmithKline, LLC.",No,,,Allopathic & Osteopathic Physicians|Preventive Medicine|Public Health & General Preventive Medicine,disallowed
"FOREST PHARMACEUTICALS, INC.",No,,TUDORZA,Allopathic & Osteopathic Physicians|Internal Medicine|Sports Medicine,disallowed
"Janssen Pharmaceuticals, Inc",No,,Zytiga,Allopathic & Osteopathic Physicians|Surgery|Pediatric Surgery,disallowed
"Santarus, Inc",No,,Cycloset,Allopathic & Osteopathic Physicians|Internal Medicine|Pulmonary Disease,disallowed
"Genentech USA, Inc.",No,,Lucentis,Dental Providers|Dentist|Pediatric Dentistry,disallowed
Mylan Specialty L.P.,No,,EpiPen,Allopathic & Osteopathic Physicians|Pediatrics|Pediatric Nephrology,disallowed
"AbbVie, Inc.",No,,Lupron,Allopathic & Osteopathic Physicians|Obstetrics & Gynecology|Hospice and Palliative Medicine,disallowed
"Alphatec Spine, Inc",No,Xenon,,Allopathic & Osteopathic Physicians|Orthopaedic Surgery|Orthopaedic Surgery of the Spine,disallowed
"Siemens Medical Solutions USA, Inc.",No,HS - incl. all products and services,,Other Service Providers|Acupuncturist,disallowed
"UCB, Inc.",No,,,Allopathic & Osteopathic Physicians|Neuromusculoskeletal Medicine & OMM,disallowed
Novartis Pharmaceuticals Corporation,No,,EXJADE,Allopathic & Osteopathic Physicians|Internal Medicine|Nephrology,allowed
"Boehringer Ingelheim Pharmaceuticals, Inc.",No,,AGGRENOX,Allopathic & Osteopathic Physicians|Ophthalmology,disallowed
Ethicon Inc.,No,Advanced Wound Care,,Allopathic & Osteopathic Physicians|Surgery|Trauma Surgery,disallowed
Shire US Holdings,No,DERMAGRAFT,,Allopathic & Osteopathic Physicians|Obstetrics & Gynecology,disallowed
"Santarus, Inc",No,,Glumetza,Allopathic & Osteopathic Physicians|Psychiatry & Neurology|Psychiatry,disallowed
"Arbor Pharmaceuticals, Inc.",No,,CARDIOVASCULAR,Allopathic & Osteopathic Physicians|Emergency Medicine|Sports Medicine,disallowed
Astellas Pharma US Inc,No,,Protopic,Allopathic & Osteopathic Physicians|Internal Medicine|Rheumatology,disallowed
Bayer HealthCare Pharmaceuticals Inc.,No,,Nexavar,Allopathic & Osteopathic Physicians|Transplant Surgery,disallowed
LifeCell Corporation,No,Strattice    Laparoscopic,,Allopathic & Osteopathic Physicians|Surgery|Surgical Oncology,disallowed
"AbbVie, Inc.",No,,,Allopathic & Osteopathic Physicians|Internal Medicine|Interventional Cardiology,disallowed
"Radiometer America, Inc.",No,,,Other Service Providers|Specialist,disallowed
"Medtronic Vascular, Inc.",No,Implantable Cardioverter Defibrillators - ICDs,,Allopathic & Osteopathic Physicians|Surgery,disallowed
"AbbVie, Inc.",No,,Androgel,Allopathic & Osteopathic Physicians|Anesthesiology,disallowed
AstraZeneca Pharmaceuticals LP,No,,PULMICORT TURBUHALER,Allopathic & Osteopathic Physicians|Family Medicine,disallowed
Cook Incorporated,No,IR - Liver Access,,Allopathic & Osteopathic Physicians|Radiology|Vascular & Interventional Radiology,disallowed
Amgen Inc.,No,,Neulasta,Allopathic & Osteopathic Physicians|Pathology|Anatomic Pathology,disallowed
"Janssen Scientific Affairs, LLC",No,,Simponi,Allopathic & Osteopathic Physicians|Anesthesiology,disallowed
Covidien Sales LLC,No,Dialysis_Vascular Access,,Allopathic & Osteopathic Physicians|Internal Medicine|Interventional Cardiology,disallowed
"FUJIFILM SonoSite, Inc.",No,SONOSITE EDGE ULTRASOUND SYSTEM,,Allopathic & Osteopathic Physicians|Pediatrics|Pediatric Critical Care Medicine,disallowed
"Genentech, Inc.",No,,Activase,,allowed
BIOVENTUS LLC,No,Diagnostic Ultrasound,,Allopathic & Osteopathic Physicians|Physical Medicine & Rehabilitation|Sports Medicine,disallowed
Ethicon Endo-Surgery Inc.,No,Energy# Other,,Allopathic & Osteopathic Physicians|Surgery,disallowed
The Spectranetics Corporation,No,TURBOELITE,,Allopathic & Osteopathic Physicians|Emergency Medicine,disallowed
"Janssen Pharmaceuticals, Inc",No,,Xarelto,Behavioral Health & Social Service Providers|Counselor|Mental Health,disallowed
Desert Mountain Medical,No,ARTHREX PRODUCT LINE DISTAL EXTREMITY ARTHROSCOPY,,Allopathic & Osteopathic Physicians|Orthopaedic Surgery,disallowed
Biogen Idec Inc.,No,,TYSABRI,Allopathic & Osteopathic Physicians|Internal Medicine|Infectious Disease,disallowed
"Janssen Pharmaceuticals, Inc",No,,Zytiga,Allopathic & Osteopathic Physicians|Nuclear Medicine|Nuclear Imaging & Therapy,disallowed
AstraZeneca Pharmaceuticals LP,No,,BRILINTA,Allopathic & Osteopathic Physicians|Colon & Rectal Surgery,disallowed
Pfizer Inc.,No,,,Allopathic & Osteopathic Physicians|Preventive Medicine|Occupational Medicine,disallowed
Aqua Pharmaceuticals,Yes,,CORDRAN LOTION,Allopathic & Osteopathic Physicians|Dermatology,disallowed
American Medical Systems Inc.,No,,,Allopathic & Osteopathic Physicians|Internal Medicine|Interventional Cardiology,disallowed
Covidien LP,No,Coils,,Allopathic & Osteopathic Physicians|Internal Medicine|Nephrology,disallowed
The Medicines Company,No,,CLEVIPREX,Behavioral Health & Social Service Providers|Clinical Neuropsychologist,disallowed
Stryker Corporation,No,STRYKER PERFORMANCE SOLUTIONS,,"Podiatric Medicine & Surgery Service Providers|Assistant, Podiatric",disallowed
DePuy Orthopaedics Inc.,No,Sports Medicine,,Allopathic & Osteopathic Physicians|Emergency Medicine,disallowed
Pfizer Inc.,No,,VIAGRA,Allopathic & Osteopathic Physicians|Orthopaedic Surgery|Orthopaedic Surgery of the Spine,disallowed
"US WorldMeds, LLC",No,,,Allopathic & Osteopathic Physicians|Psychiatry & Neurology|Psychiatry,allowed
Covidien Sales LLC,No,Medical Supplies,,Allopathic & Osteopathic Physicians|Internal Medicine|Pulmonary Disease,disallowed
Covidien Sales LLC,No,Pulse Ox Sensors,,Allopathic & Osteopathic Physicians|Anesthesiology,disallowed
"KCI USA, Inc",No,Dermal Tissue Matrix,,Suppliers|Durable Medical Equipment & Medical Supplies|Customized Equipment,disallowed
"Ironwood Pharmaceuticals, Inc",No,,LINZESS 145 mcg,Hospitals|General Acute Care Hospital|Critical Access,disallowed
"Bard Peripheral Vascular, Inc.",No,Oncology,,Allopathic & Osteopathic Physicians|Radiology|Radiation Oncology,disallowed
Daiichi Sankyo Inc.,No,,Zelboraf,Allopathic & Osteopathic Physicians|Internal Medicine|Hematology,disallowed
"W. L. Gore & Associates, Inc.",No,TAG  Thoracic Endoprosthesis,,Allopathic & Osteopathic Physicians|Internal Medicine|Interventional Cardiology,disallowed
"Becton, Dickinson and Company",No,,,Allopathic & Osteopathic Physicians|Orthopaedic Surgery|Orthopaedic Surgery of the Spine,disallowed
"FOREST PHARMACEUTICALS, INC.",No,,NAMENDA XR,Allopathic & Osteopathic Physicians|Internal Medicine|Pulmonary Disease,disallowed
"Arbor Pharmaceuticals, Inc.",No,,CARDIOVASCULAR,Allopathic & Osteopathic Physicians|Pediatrics|Pediatric Infectious Diseases,disallowed
"Medtronic, Inc.",No,Ablation,,Allopathic & Osteopathic Physicians|Internal Medicine,disallowed
Covidien Sales LLC,No,Procedural Support and Other,,Allopathic & Osteopathic Physicians|Radiology|Diagnostic Radiology,disallowed
United Therapeutics Corporation,No,,REMODULIN,Allopathic & Osteopathic Physicians|Pediatrics|Pediatric Critical Care Medicine,disallowed
Novartis Pharmaceuticals Corporation,No,,FANAPT,Allopathic & Osteopathic Physicians|Internal Medicine|Pulmonary Disease,disallowed
Warner Chilcott LLC,No,,ATELVIA,Allopathic & Osteopathic Physicians|Neuromusculoskeletal Medicine & OMM,disallowed
BIOVENTUS LLC,No,Ultrasound Bone Healing,,Allopathic & Osteopathic Physicians|Pain Medicine|Pain Medicine,disallowed
Baxter Healthcare,No,,,,disallowed
Aqua Pharmaceuticals,No,,,Allopathic & Osteopathic Physicians|Allergy & Immunology,disallowed
Daiichi Sankyo Inc.,No,,Welchol,Allopathic & Osteopathic Physicians|Internal Medicine|Nephrology,disallowed
CAS Medical Systems Inc.,No,FORE-SIGHT,,Allopathic & Osteopathic Physicians|Pediatrics,disallowed
VERTEX PHARMACEUTICALS INCORPORATED,No,,,Allopathic & Osteopathic Physicians|Pathology|Anatomic Pathology & Clinical Pathology,disallowed
"Tosoh Bioscience, Inc.",Yes,ST AIA-PACK BTO,,Allopathic & Osteopathic Physicians|Internal Medicine,disallowed
"Intuitive Surgical Operations, Inc.",No,Da Vinci Surgical System,,Chiropractic Providers|Chiropractor,disallowed
"Chiesi USA, Inc.",No,,CARDENE IV 40mg  Sodium Chloride,Allopathic & Osteopathic Physicians|Orthopaedic Surgery,disallowed
Biogen Idec Inc.,No,,AVONEX,"Other Service Providers|Sleep Specialist, PhD",disallowed
"Millennium Pharmaceuticals, Inc.",No,,,,allowed
Coltene Whaledent Inc.,No,PRES. RB SGL  106ML,,,disallowed
"Carl Zeiss Meditec, Inc.",No,VISULAS 532s,,Allopathic & Osteopathic Physicians|Ophthalmology,disallowed
Mazor Robotics Inc.,No,,,Allopathic & Osteopathic Physicians|Psychiatry & Neurology|Neurology,disallowed
Ethicon Inc.,No,Mesh,,"Student, Health Care|Student in an Organized Health Care Education/Training Program",disallowed
American Medical Systems Inc.,No,Topas,,Allopathic & Osteopathic Physicians|Obstetrics & Gynecology,allowed
"Vascular Solutions, Inc.",No,VASCBAND,,Allopathic & Osteopathic Physicians|Internal Medicine,disallowed
Allergan Inc.,No,,BOTOX,Other Service Providers|Specialist,allowed
Emergent BioSolutions Inc.,No,Episil,,Allopathic & Osteopathic Physicians|Physical Medicine & Rehabilitation,disallowed
Allergan Inc.,No,,LASTACAFT,Allopathic & Osteopathic Physicians|Physical Medicine & Rehabilitation,disallowed
"QIAGEN Sciences, LLC",No,DIGENE HC2 HPV,,Allopathic & Osteopathic Physicians|Pathology|Cytopathology,disallowed
"Actelion Pharmaceuticals US, Inc.",No,,TRACLEER BOSENTAN,Allopathic & Osteopathic Physicians|Pediatrics|Pediatric Rheumatology,disallowed
Amgen Inc.,No,,Aranesp,Allopathic & Osteopathic Physicians|Internal Medicine|Pulmonary Disease,disallowed
Warner Chilcott LLC,No,,ENABLEX,Allopathic & Osteopathic Physicians|Urology|Female Pelvic Medicine and Reconstructive Surgery,disallowed
"Vertical Pharmaceuticals, LLC",No,,OB Complete Petite,Allopathic & Osteopathic Physicians|Internal Medicine|Rheumatology,disallowed
Sanofi Pasteur Inc.,No,,MENACTRA,Allopathic & Osteopathic Physicians|Allergy & Immunology,allowed
"Aptalis Pharma US, Inc",No,,ZENPEP,Allopathic & Osteopathic Physicians|Colon & Rectal Surgery,disallowed
Genzyme Corporation,No,,CEREZYME,Allopathic & Osteopathic Physicians|Medical Genetics|Clinical Genetics (M.D.),disallowed
"Genentech USA, Inc.",No,,Tarceva,Allopathic & Osteopathic Physicians|Pathology|Cytopathology,disallowed
"Onyx Pharmaceuticals, Inc., an Amgen subsidiary",No,,Nexavar,Allopathic & Osteopathic Physicians|Radiology|Diagnostic Radiology,disallowed
"Biomet Microfixation, LLC",No,Microfixation - Oral and Maxillofacial,,,allowed
"Cadence Pharmaceuticals, Inc.",No,,OFIRMEV,Allopathic & Osteopathic Physicians|Internal Medicine|Nephrology,disallowed
"AbbVie, Inc.",No,,Creon,Allopathic & Osteopathic Physicians|Internal Medicine|Cardiovascular Disease,disallowed
Purdue Pharma L.P.,No,,,Allopathic & Osteopathic Physicians|Pediatrics|Hospice and Palliative Medicine,disallowed
"BioMimetic Therapeutics, LLC",No,R&D BIOLOGICS,,Podiatric Medicine & Surgery Service Providers|Podiatrist|Foot & Ankle Surgery,disallowed
"LifeScan, Inc.",No,Meters,Invokana,Allopathic & Osteopathic Physicians|Allergy & Immunology,disallowed
"Penumbra, Inc.",No,Penumbra Coil 400,,Allopathic & Osteopathic Physicians|Radiology|Neuroradiology,disallowed
Eisai Inc.,No,,Belviq,Allopathic & Osteopathic Physicians|General Practice,disallowed
GENZYME CORPORATION,No,,AUBAGIO,Allopathic & Osteopathic Physicians|Radiology|Pediatric Radiology,disallowed
Novartis Pharmaceuticals Corporation,No,,SANDOSTATIN,Allopathic & Osteopathic Physicians|Family Medicine,disallowed
Osteomed LLC,No,SBO-Extremifuse,,Allopathic & Osteopathic Physicians|Orthopaedic Surgery|Foot and Ankle Surgery,disallowed
"Carestream Dental, LLC",No,,,Allopathic & Osteopathic Physicians|Otolaryngology,disallowed
"W. L. Gore & Associates, Inc.",No,PROPATEN Vascular Graft,,Allopathic & Osteopathic Physicians|Surgery|Vascular Surgery,disallowed
GE Healthcare,No,MAGNETIC RESONANCE,,Podiatric Medicine & Surgery Service Providers|Podiatrist|Foot & Ankle Surgery,disallowed
Cook Incorporated,No,PI - Wire Guides,,Other Service Providers|Specialist,disallowed
"Cyberonics, Inc.",No,VNS Therapy,,Allopathic & Osteopathic Physicians|Internal Medicine|Addiction Medicine,disallowed
"Medtronic USA, Inc.",No,Spinal Cord Neurostim - Neuro,,Allopathic & Osteopathic Physicians|Orthopaedic Surgery|Orthopaedic Surgery of the Spine,allowed
Dental Imaging Technologies Corp.,No,Dental Tools and Equipment,,Dental Providers|Dentist,disallowed
"Takeda Pharmaceuticals America, Inc.",No,,Dexilant,Hospitals|General Acute Care Hospital|Critical Access,disallowed
"LeMaitre Vascular, Inc.",No,ANASTOCLIP,,Allopathic & Osteopathic Physicians|Surgery|Vascular Surgery,disallowed
Promius Pharma LLC,No,PROMISEB,,Allopathic & Osteopathic Physicians|Ophthalmology,disallowed
Agfa HealthCare Corporation,No,Impax Test Environment,,,disallowed
DePuy Synthes Sales Inc.,No,Orthovisc,,Allopathic & Osteopathic Physicians|Physical Medicine & Rehabilitation|Sports Medicine,disallowed
Stryker Corporation,No,CERVICAL,,,allowed
"TriVascular, Inc.",No,AAA Stent Grafts,,Allopathic & Osteopathic Physicians|Surgery|Vascular Surgery,disallowed
"Ivoclar Vivadent, Inc.",No,"Tetric EvoCeram Ref. 20x0.2 g B1, IPS e.max CAD CERECinLab HT A2 C145",,Dental Providers|Dentist|General Practice,disallowed
"Exactech, Inc.",No,Novation,Novation,Other Service Providers|Specialist,disallowed
"Janssen Pharmaceuticals, Inc",No,,Invega Sustenna,Behavioral Health & Social Service Providers|Psychologist,disallowed
Sanofi Pasteur Inc.,No,,FLUZONE INTRADERMAL,Allopathic & Osteopathic Physicians|Emergency Medicine,disallowed
"Smith & Nephew, Inc.",No,,Santyl,Podiatric Medicine & Surgery Service Providers|Podiatrist|Sports Medicine,disallowed
"Neuro Kinetics, Inc.",No,nystagmograph,,Other Service Providers|Specialist,disallowed
Warner Chilcott LLC,No,,ATELVIA,Allopathic & Osteopathic Physicians|Internal Medicine|Adolescent Medicine,disallowed
"Genentech USA, Inc.",No,,Avastin,Allopathic & Osteopathic Physicians|General Practice,disallowed
MEDACTA USA,No,KNEE,,Allopathic & Osteopathic Physicians|Orthopaedic Surgery,disallowed
"Medtronic, Inc.",No,Advanced Energy Cutting Device,,Allopathic & Osteopathic Physicians|Surgery|Surgical Oncology,disallowed
"Bio Products Laboratory, Inc.",Yes,,Gammaplex,,allowed
"AbbVie, Inc.",No,,Androgel,Allopathic & Osteopathic Physicians|Internal Medicine|Hospice and Palliative Medicine,disallowed
"Medimetriks Pharmaceuticals, Inc.",No,,,Allopathic & Osteopathic Physicians|Plastic Surgery,disallowed
Novartis Pharmaceuticals Corporation,No,,TASIGNA,Allopathic & Osteopathic Physicians|Internal Medicine|Hematology,allowed
Premier Dental Products Company,No,E4D Ellipsoidal ABS 270 325 mesh,,Dental Providers|Dentist,disallowed
"Penumbra, Inc.",No,Penumbra System,,"Student, Health Care|Student in an Organized Health Care Education/Training Program",disallowed
ELI LILLY EXPORT S.A. PUERTO RICO BRANCH,No,,FORTEO,Allopathic & Osteopathic Physicians|Obstetrics & Gynecology,allowed
Merck Sharp & Dohme Corporation,No,,IMPLANON,Other Service Providers|Specialist,allowed
"Takeda Development Center Americas, Inc.",No,,Metformin,Allopathic & Osteopathic Physicians|Internal Medicine|Allergy & Immunology,allowed
SANOFI-AVENTIS U.S. LLC,No,Surgical Adhesion Barrier,,Allopathic & Osteopathic Physicians|Surgery|Plastic and Reconstructive Surgery,disallowed
Astellas Pharma US Inc,No,,MYCAMINE,Allopathic & Osteopathic Physicians|Internal Medicine|Sleep Medicine,disallowed
Animas Corporation,No,,Invokana,Allopathic & Osteopathic Physicians|Internal Medicine,disallowed
Allergan Inc.,No,,BOTOX,Allopathic & Osteopathic Physicians|Physical Medicine & Rehabilitation,disallowed
"AbbVie, Inc.",No,,Creon,Allopathic & Osteopathic Physicians|Pediatrics,disallowed
"FOREST PHARMACEUTICALS, INC.",No,,NAMENDA,Allopathic & Osteopathic Physicians|Family Medicine,disallowed
The Medicines Company,No,,RECOTHROM,Allopathic & Osteopathic Physicians|Surgery|Trauma Surgery,disallowed
Daiichi Sankyo Inc.,No,,Welchol,"Dietary & Nutritional Service Providers|Dietitian, Registered",disallowed
"Endocare, Inc.",No,Cryo Probe,,Allopathic & Osteopathic Physicians|Surgery,disallowed
"E.R. Squibb & Sons, L.L.C.",No,,BYDUREON,Allopathic & Osteopathic Physicians|Family Medicine,disallowed
Purdue Pharma L.P.,No,,INTERMEZZO,Allopathic & Osteopathic Physicians|Family Medicine,disallowed
"MAQUET Cardiovascular U.S. Sales, L.L.C.",No,Surgical Assist Systems,,Allopathic & Osteopathic Physicians|Internal Medicine|Pulmonary Disease,disallowed
Pfizer Inc.,No,,SUTENT,,disallowed
Skeletal Dynamics LLC,No,GEMINUS,,Chiropractic Providers|Chiropractor,disallowed
"Medline Industries, Inc.",No,Medical Supplies,,Other Service Providers|Legal Medicine,disallowed
"FOREST PHARMACEUTICALS, INC.",No,,TEFLARO,Allopathic & Osteopathic Physicians|Surgery|Surgical Critical Care,disallowed
Novartis Pharmaceuticals Corporation,No,,ARCAPTA NEOHALER,Allopathic & Osteopathic Physicians|Internal Medicine,allowed
Covidien Sales LLC,No,Interventional Lung Solutions,,Allopathic & Osteopathic Physicians|Internal Medicine|Medical Oncology,disallowed
"Genentech USA, Inc.",No,,Rituxan,Allopathic & Osteopathic Physicians|Anesthesiology,disallowed
Abbott Laboratories,No,Non-covered,,Allopathic & Osteopathic Physicians|Emergency Medicine,disallowed
"Young PS Acquisitions, LLC",No,Dental Devices,,Dental Providers|Dentist|General Practice,disallowed
"AngioDynamics, Inc.",No,,EVLT,Allopathic & Osteopathic Physicians|Surgery|Vascular Surgery,disallowed
Applied Medical Resources Corporation,No,GELPOINT,,Allopathic & Osteopathic Physicians|Colon & Rectal Surgery,disallowed
Zimmer Holding Inc,No,Dental,,Allopathic & Osteopathic Physicians|Obstetrics & Gynecology,disallowed
Sandoz Inc.,No,,OMNITROPE,Allopathic & Osteopathic Physicians|Pediatrics|Sports Medicine,disallowed
"Varian Medical Systems, Inc.",No,ARIA,,Other Service Providers|Specialist,disallowed
"DUSA Pharmaceuticals, Inc.",No,,Levulan Kerastick,Allopathic & Osteopathic Physicians|Plastic Surgery|Plastic Surgery Within the Head and Neck,disallowed
Zimmer Holding Inc,No,Knee,,Allopathic & Osteopathic Physicians|Internal Medicine|Gastroenterology,disallowed
Bacterin International Inc,No,OsteoSelect DBM Putty,,Allopathic & Osteopathic Physicians|Orthopaedic Surgery|Foot and Ankle Surgery,disallowed
Merck Sharp & Dohme Corporation,No,,ISENTRESS Infectious Disease,Allopathic & Osteopathic Physicians|Internal Medicine|Hepatology,disallowed
Gilead Sciences Inc,No,,Viread-HBV,Allopathic & Osteopathic Physicians|Otolaryngology,disallowed
Abbott Laboratories,No,,,Allopathic & Osteopathic Physicians|Internal Medicine,disallowed
"GlaxoSmithKline, LLC.",No,,FLUARIX,Allopathic & Osteopathic Physicians|Pediatrics|Pediatric Endocrinology,disallowed
"FOREST LABORATORIES, INC.",No,,,Allopathic & Osteopathic Physicians|Psychiatry & Neurology|Geriatric Psychiatry,disallowed
"E.R. Squibb & Sons, L.L.C.",No,,ERBITUX,Allopathic & Osteopathic Physicians|Family Medicine,disallowed
"ProStrakan, Inc.",No,,PIPELINE,Allopathic & Osteopathic Physicians|Internal Medicine|Hematology,disallowed
"Surefire Medical, Inc.",No,,,Allopathic & Osteopathic Physicians|Radiology|Diagnostic Radiology,disallowed
Ferring Pharmaceuticals Inc.,No,,BRAVELLE,Other Service Providers|Specialist,disallowed
Modern Orthopedic Consultants,No,,ARTHREX PRODUCT LINE BIOLOGICS,"Allopathic & Osteopathic Physicians|Neuromusculoskeletal Medicine, Sports Medicine",disallowed
"DJO Global, Inc.",No,Orthoses  Prefab  non-custom,,Allopathic & Osteopathic Physicians|Orthopaedic Surgery|Foot and Ankle Surgery,disallowed
"Genentech, Inc.",No,,Actemra,Allopathic & Osteopathic Physicians|Pediatrics|Pediatric Rheumatology,disallowed
"AngioDynamics, Inc.",No,VenaCure EVLT System,,Other Service Providers|Specialist,disallowed
Celleration_Inc,No,MIST Therapy,MIST Therapy,Allopathic & Osteopathic Physicians|Obstetrics & Gynecology,disallowed
Celgene Corporation,No,,Istodax,Allopathic & Osteopathic Physicians|Dermatology,allowed
"AbbVie, Inc.",No,,Duodopa,Allopathic & Osteopathic Physicians|Psychiatry & Neurology|Neurology,allowed
Johnson and Johnson International,No,Mapping and Navigation Systems # Accessories,,Allopathic & Osteopathic Physicians|Internal Medicine|Interventional Cardiology,disallowed
Ferring Pharmaceuticals Inc.,No,,BRAVELLE,Allopathic & Osteopathic Physicians|Obstetrics & Gynecology|Gynecology,disallowed
Bioventus LLC,No,Exogen,,Allopathic & Osteopathic Physicians|Orthopaedic Surgery|Pediatric Orthopaedic Surgery,disallowed
Merge Healthcare Incorporated,No,Merge PACS,,Allopathic & Osteopathic Physicians|Radiology|Neuroradiology,disallowed
Novartis Pharmaceuticals Corporation,No,,EXELON PATCH,"Technologists, Technicians & Other Technical Service Providers|Specialist/Technologist, Other|Electroneurodiagnostic",disallowed
Merit Medical Systems Inc,No,Pulmonary,,Allopathic & Osteopathic Physicians|Internal Medicine|Critical Care Medicine,disallowed
"W. L. Gore & Associates, Inc.",No,SEAMGUARD Bioabsorbable Staple,,Allopathic & Osteopathic Physicians|Transplant Surgery,disallowed
Lundbeck LLC,No,,ONFI,Allopathic & Osteopathic Physicians|Pediatrics,disallowed
Edge Endo LLC,No,,EdgeFile X3 with FireWire 30.06 (C3) 25 mm,Dental Providers|Dentist|General Practice,disallowed
"E.R. Squibb & Sons, L.L.C.",No,,ELIQUIS,Allopathic & Osteopathic Physicians|Family Medicine|Sports Medicine,disallowed
"Medtronic USA, Inc.",No,Sacral Nerve Stimulation - Neuro,,Ambulatory Health Care Facilities|Clinic/Center|Ambulatory Family Planning Facility,disallowed
"FOREST PHARMACEUTICALS, INC.",No,,NAMENDA,Allopathic & Osteopathic Physicians|Family Medicine|Adult Medicine,disallowed
"Teva Pharmaceuticals USA, Inc.",No,,NUVIGIL,Allopathic & Osteopathic Physicians|Internal Medicine|Hepatology,disallowed
"Teva Pharmaceuticals USA, Inc.",No,,NUVIGIL,Allopathic & Osteopathic Physicians|Pediatrics|Pediatric Pulmonology,disallowed
Mallinckrodt LLC,No,,Pennsaid Topical Solution,Allopathic & Osteopathic Physicians|Anesthesiology,disallowed
"AbbVie, Inc.",No,,,Allopathic & Osteopathic Physicians|Family Medicine|Geriatric Medicine,disallowed
"E.R. Squibb & Sons, L.L.C.",No,,ONGLYZA,Eye and Vision Services Providers|Optometrist,disallowed
Pfizer Inc.,No,,TOVIAZ,Podiatric Medicine & Surgery Service Providers|Podiatrist,disallowed
Daiichi Sankyo Inc.,No,,Zelboraf,Physician Assistants & Advanced Practice Nursing Providers|Nurse Practitioner|Acute Care,disallowed
Astellas Scientific and Medical Affairs,No,,XTANDI,Allopathic & Osteopathic Physicians|Urology,disallowed
VERTEX PHARMACEUTICALS INCORPORATED,No,,,Other Service Providers|Contractor,disallowed
OPTIMER PHARMACEUTICALS INC,No,,Dificid,Allopathic & Osteopathic Physicians|Family Medicine|Geriatric Medicine,disallowed
Amgen Inc.,No,,Prolia,Managed Care Organizations|Preferred Provider Organization,disallowed
"AbbVie, Inc.",No,,Humira,Allopathic & Osteopathic Physicians|Family Medicine|Geriatric Medicine,disallowed
NOVARTIS PHARMACEUTICALS CORPORATION,No,,BUPARLISIB,Allopathic & Osteopathic Physicians|Radiology|Vascular & Interventional Radiology,disallowed
Celleration_Inc,No,MIST Therapy,MIST Therapy,Allopathic & Osteopathic Physicians|Internal Medicine|Infectious Disease,disallowed
Merz Pharmaceuticals GmbH,No,,Xeomin,Allopathic & Osteopathic Physicians|Surgery,disallowed
Ethicon Inc.,No,Other#NA,,Allopathic & Osteopathic Physicians|Urology,disallowed
Small Bone Innovations Inc.,No,Wrist&PreciseSD Uhead,,Allopathic & Osteopathic Physicians|Orthopaedic Surgery,disallowed
Sanofi Pasteur Inc.,No,,FLUZONE INTRADERMAL,Allopathic & Osteopathic Physicians|Orthopaedic Surgery,disallowed
"Boehringer Ingelheim Pharmaceuticals, Inc.",No,,PRADAXA,"Allopathic & Osteopathic Physicians|Internal Medicine|Endocrinology, Diabetes & Metabolism",disallowed
Pfizer Inc.,No,,TYGACIL,Allopathic & Osteopathic Physicians|Surgery|Trauma Surgery,disallowed
Actavis Pharma Inc,No,,TRELSTAR,Physician Assistants & Advanced Practice Nursing Providers|Physician Assistant|Surgical Technologist,disallowed
LSI SOLUTIONS INC,No,,,,disallowed
"Medline Industries, Inc.",No,Urology,,Allopathic & Osteopathic Physicians|Internal Medicine,disallowed
"Grifols USA, LLC",No,,Gamunex-C,Allopathic & Osteopathic Physicians|Pediatrics,disallowed
"Ivoclar Vivadent, Inc.",No,"IPS Empress Univ. GlazeStaining Liq., IPS Empress Universal Glaze , IPS EMPRESS CAD FOR E4D LT A2 C",,Dental Providers|Dentist|General Practice,disallowed
ZOLL Lifecor Corporation,No,LifeVest,,Allopathic & Osteopathic Physicians|Pain Medicine|Interventional Pain Medicine,disallowed
"ARGON MEDICAL DEVICES, INC.",No,Option,,Allopathic & Osteopathic Physicians|Internal Medicine|Nephrology,disallowed
Zimmer Holding Inc,No,Spine,,,allowed
"Lanx, Inc.",No,Spinal Fusion Device,,,allowed
"SYNCARDIA SYSTEMS, INC",No,SYNCARDIA TEMPORARY TOTAL ARTIFICIAL HEART,,Allopathic & Osteopathic Physicians|Emergency Medicine,disallowed
Boehringer Ingelheim Pharma GmbH & Co.KG,No,,,,disallowed
"Entellus Medical, Inc.",No,XprESS Multi-Sinus Dilation Tool,,Allopathic & Osteopathic Physicians|Radiology|Diagnostic Radiology,disallowed
Boston Scientific Corporation,No,CLINICAL TRIAL PRODUCT,,Allopathic & Osteopathic Physicians|Surgery,disallowed
Pfizer Inc.,No,,FLECTOR PATCH,Allopathic & Osteopathic Physicians|Internal Medicine|Rheumatology,disallowed
Allergan Inc.,No,,ALPHAGAN P,Allopathic & Osteopathic Physicians|Ophthalmology,disallowed
Eisai Inc.,No,,Aloxi,Allopathic & Osteopathic Physicians|Radiology|Body Imaging,disallowed
Boston Scientific Corporation,No,CROSSING TECHNOLOGY,,Allopathic & Osteopathic Physicians|Internal Medicine,disallowed
"Aptus Endosystems, Inc.",No,HELI-FX,,Allopathic & Osteopathic Physicians|Internal Medicine,disallowed
"DUSA Pharmaceuticals, Inc.",No,,Levulan Kerastick,Allopathic & Osteopathic Physicians|Allergy & Immunology|Allergy,disallowed
Merck Sharp & Dohme Corporation,No,,NUVARING,Allopathic & Osteopathic Physicians|Obstetrics & Gynecology|Female Pelvic Medicine and Reconstructive Surgery,disallowed
SANOFI-AVENTIS U.S. LLC,No,,LANTUS-VIAL,Allopathic & Osteopathic Physicians|Internal Medicine,disallowed
"Rapid Pathogen Screening, Inc.",No,InflammaDry,,Allopathic & Osteopathic Physicians|Ophthalmology,allowed
AlloSource,No,AlloFuse,,Allopathic & Osteopathic Physicians|Orthopaedic Surgery|Orthopaedic Surgery of the Spine,disallowed
"Sigma-Tau Pharmaceuticals, Inc.",No,,Oncaspar,Allopathic & Osteopathic Physicians|Internal Medicine|Hematology,disallowed
Bayer HealthCare Pharmaceuticals Inc.,No,,Stivarga,Allopathic & Osteopathic Physicians|Plastic Surgery,disallowed
SANOFI US SERVICES INC.,No,,,Allopathic & Osteopathic Physicians|Anesthesiology,allowed
Synapse Biomedical Inc,No,NeuRx DPS,,,disallowed
"MedImmune, LLC",No,,,Allopathic & Osteopathic Physicians|Pediatrics|Pediatric Critical Care Medicine,disallowed
Edwards Lifesciences Corporation,No,Investigational Devices,,Allopathic & Osteopathic Physicians|Thoracic Surgery (Cardiothoracic Vascular Surgery),disallowed
Cook Incorporated,No,PI - Catheters,,Allopathic & Osteopathic Physicians|Anesthesiology,disallowed
Covidien Sales LLC,No,Vessel Sealing,,Allopathic & Osteopathic Physicians|Otolaryngology|Otolaryngology/Facial Plastic Surgery,disallowed
"AngioScore, Inc.",No,,,Allopathic & Osteopathic Physicians|Pathology|Anatomic Pathology & Clinical Pathology,disallowed
"Braemar Manufacturing, LLC",No,Cardiac Monitoring Suite,,Allopathic & Osteopathic Physicians|Family Medicine,disallowed
"Johnson & Johnson Medical Devices & Diagnostics Group - Latin America, L.L.C.",No,Endoscopy Endocutters,,Allopathic & Osteopathic Physicians|Thoracic Surgery (Cardiothoracic Vascular Surgery),disallowed
Allergan Inc.,No,,,Allopathic & Osteopathic Physicians|Pediatrics|Pediatric Cardiology,disallowed
"U.S.S.C. Puerto Rico, Inc.",No,,,Allopathic & Osteopathic Physicians|Pediatrics|Pediatric Gastroenterology,disallowed
SHIONOGI INC,No,,Naprelan,Allopathic & Osteopathic Physicians|Internal Medicine|Nephrology,disallowed
"E.R. Squibb & Sons, L.L.C.",No,,BYDUREON,Allopathic & Osteopathic Physicians|Colon & Rectal Surgery,disallowed
Convergent Dental Inc.,No,Solea,,Dental Providers|Dentist|General Practice,disallowed
Systagenix Wound Management Inc.,No,Advanced Wound Dressings,,Allopathic & Osteopathic Physicians|Orthopaedic Surgery|Orthopaedic Surgery of the Spine,disallowed
Teratech Corporation,No,,,Allopathic & Osteopathic Physicians|Physical Medicine & Rehabilitation,disallowed
Pfizer Inc.,No,,PREVNAR  13,Allopathic & Osteopathic Physicians|Internal Medicine|Critical Care Medicine,disallowed
"Medtronic Vascular, Inc.",No,Ablation,,Allopathic & Osteopathic Physicians|Internal Medicine|Clinical Cardiac Electrophysiology,allowed
"GlaxoSmithKline, LLC.",No,,ZYGARA,Allopathic & Osteopathic Physicians|Internal Medicine|Pulmonary Disease,allowed
Allergan Inc.,No,,LUMIGAN,Eye and Vision Services Providers|Optometrist|Sports Vision,disallowed
"GlaxoSmithKline, LLC.",No,,FLUARIX,Allopathic & Osteopathic Physicians|Surgery,disallowed
Philips Electronics North America Corporation,No,Interventional X-Ray,,Allopathic & Osteopathic Physicians|Radiology|Pediatric Radiology,disallowed
Covidien LP,No,Peripheral Vascular Stents,Peripheral Vascular Stents,Allopathic & Osteopathic Physicians|Surgery|Vascular Surgery,allowed
"Navidea Biopharmaceuticals, Inc.",No,,Manoscept,Allopathic & Osteopathic Physicians|Nuclear Medicine,disallowed
Sandoz Inc.,No,,OMNITROPE,Allopathic & Osteopathic Physicians|Pediatrics|Pediatric Endocrinology,disallowed
Bayer HealthCare Pharmaceuticals Inc.,No,,Betaseron,Allopathic & Osteopathic Physicians|Pain Medicine|Interventional Pain Medicine,disallowed
"Takeda Pharmaceuticals America, Inc.",No,,Edarbyclor,Allopathic & Osteopathic Physicians|Neuromusculoskeletal Medicine & OMM,disallowed
American Medical Systems Inc.,No,,,Other Service Providers|Specialist,allowed
Covidien Sales LLC,No,Instruments and Ligation,,Dental Providers|Dentist|Endodontics,disallowed
"Sorin Group USA, Inc",No,Cannulae,,Allopathic & Osteopathic Physicians|Thoracic Surgery (Cardiothoracic Vascular Surgery),disallowed
American Medical Systems Inc.,No,Elevate Anterior and Apical,,Allopathic & Osteopathic Physicians|Obstetrics & Gynecology|Female Pelvic Medicine and Reconstructive Surgery,allowed
"AKRIMAX PHARMACEUTICALS, LLC",No,,INNOPRAN XL,Allopathic & Osteopathic Physicians|Family Medicine|Geriatric Medicine,disallowed
Stryker Corporation,No,NAVIGATION,,Allopathic & Osteopathic Physicians|Ophthalmology,disallowed
LifeCell Corporation,No,Strattice Lap,,Allopathic & Osteopathic Physicians|Surgery|Trauma Surgery,disallowed
"Otsuka America Pharmaceutical, Inc.",No,,ABILIFY MAINTENA,Allopathic & Osteopathic Physicians|Psychiatry & Neurology|Addiction Medicine,disallowed
"Arthrex, Inc.",No,,,Allopathic & Osteopathic Physicians|Orthopaedic Surgery|Sports Medicine,disallowed
TriReme Medical LLC,No,Chocolate PTA Balloon Catheter,Chocolate PTA Balloon Catheter,Podiatric Medicine & Surgery Service Providers|Podiatrist|Foot & Ankle Surgery,disallowed
Warner Chilcott LLC,No,,DORYX,Allopathic & Osteopathic Physicians|Anesthesiology,disallowed
Cook Incorporated,No,PI - Angioplasty,,Allopathic & Osteopathic Physicians|Internal Medicine,disallowed
"Santarus, Inc",No,,Uceris,Allopathic & Osteopathic Physicians|Internal Medicine|Pulmonary Disease,disallowed
Phadia US Inc.,No,SDG-IDD-Autoimmune,,Allopathic & Osteopathic Physicians|Neuromusculoskeletal Medicine & OMM,disallowed
DePuy Orthopaedics Inc.,No,Knee,,Allopathic & Osteopathic Physicians|Orthopaedic Surgery|Adult Reconstructive Orthopaedic Surgery,disallowed
Reckitt Benckiser Pharmaceuticals Inc.,No,,SUBOXONE SUBLINGUAL FILM,Allopathic & Osteopathic Physicians|Pain Medicine|Pain Medicine,disallowed
Merck Sharp & Dohme Corporation,No,,V503,Allopathic & Osteopathic Physicians|Family Medicine,disallowed
Novartis Pharmaceuticals Corporation,No,,GLEEVEC,Allopathic & Osteopathic Physicians|Otolaryngology,disallowed
"St. Jude Medical, Inc.",No,Neuro-Chronic Pain,,Chiropractic Providers|Chiropractor|Orthopedic,disallowed
Covidien LP,No,GI Solutions,,Allopathic & Osteopathic Physicians|Surgery|Surgical Oncology,disallowed
"Genentech, Inc.",No,,Tarceva,,allowed
Lundbeck LLC,No,,ABILIFY DEPOT,Allopathic & Osteopathic Physicians|Psychiatry & Neurology|Forensic Psychiatry,disallowed
Pfizer Inc.,No,,RAPAMUNE,Allopathic & Osteopathic Physicians|Surgery,disallowed
"AbbVie, Inc.",No,,,"Allopathic & Osteopathic Physicians|Neuromusculoskeletal Medicine, Sports Medicine",disallowed
GENZYME CORPORATION,No,,CEREZYME,"Other Service Providers|Medical Genetics, Ph.D. Medical Genetics",disallowed
"Janssen Biotech, Inc.",No,,Prezista,Allopathic & Osteopathic Physicians|Internal Medicine|Cardiovascular Disease,disallowed
Sandoz Inc.,No,,OMNITROPE,,allowed
Atrium Medical Corporation,No,Vascular,,Allopathic & Osteopathic Physicians|Radiology|Diagnostic Radiology,disallowed
"E.R. Squibb & Sons, L.L.C.",No,,,Allopathic & Osteopathic Physicians|Hospitalist,disallowed
Roche Products Limited,No,,Non-Covered Product,Allopathic & Osteopathic Physicians|Pathology|Anatomic Pathology & Clinical Pathology,disallowed
Baxter Healthcare,No,,Hemophilia - Research - Development,,disallowed
Volcano Corporation,No,FFR,,Allopathic & Osteopathic Physicians|Surgery|Vascular Surgery,disallowed
Cornerstone Therapeutics Inc.,No,,BETHKIS 300MG_56 AMP,Allopathic & Osteopathic Physicians|Pediatrics|Pediatric Allergy/Immunology,disallowed
"ARGON MEDICAL DEVICES, INC.",No,Option,,Allopathic & Osteopathic Physicians|Radiology|Diagnostic Radiology,disallowed
PFIZER PHARMACEUTICALS LLC,No,,REBIF,Allopathic & Osteopathic Physicians|Psychiatry & Neurology|Neurology,disallowed
Lundbeck LLC,No,,ONFI,Allopathic & Osteopathic Physicians|Pediatrics|Sleep Medicine,disallowed
"Medtronic MiniMed, Inc.",No,Diabetes Management Software - CareLink,,Allopathic & Osteopathic Physicians|Pediatrics,disallowed
"ARIAD Pharmaceuticals, Inc.",No,,Iclusig,Allopathic & Osteopathic Physicians|Dermatology,disallowed
The Spectranetics Corporation,No,LLD,,Allopathic & Osteopathic Physicians|Internal Medicine|Interventional Cardiology,disallowed
"Sunquest Information Systems, Inc.",No,,,Allopathic & Osteopathic Physicians|Pathology|Anatomic Pathology & Clinical Pathology,disallowed
Merck Sharp & Dohme Corporation,No,,MK-8237,Allopathic & Osteopathic Physicians|Pediatrics,allowed
CSL Behring,No,,Kcentra Beriplex,Physician Assistants & Advanced Practice Nursing Providers|Physician Assistant|Medical,disallowed
"LifeScan, Inc.",No,Meters,Invokana,Other Service Providers|Specialist,disallowed
DePuy Synthes Sales Inc.,No,Vertebral Body Augmentation,,Allopathic & Osteopathic Physicians|Orthopaedic Surgery,disallowed
Merck Sharp & Dohme Corporation,No,,TEMODAR Oncology,Allopathic & Osteopathic Physicians|Psychiatry & Neurology|Pain Medicine,disallowed
"FOREST PHARMACEUTICALS, INC.",No,,,Other Service Providers|Specialist,disallowed
Baxter Healthcare,No,,BioTherapeutics - GLASSIA,Allopathic & Osteopathic Physicians|Otolaryngology|Otolaryngic Allergy,disallowed
"E.R. Squibb & Sons, L.L.C.",No,,IXEMPRA,Allopathic & Osteopathic Physicians|Radiology|Radiation Oncology,disallowed
"Everett Laboratories, Inc",No,,Vitafol,Allopathic & Osteopathic Physicians|Obstetrics & Gynecology|Gynecology,disallowed
"Janssen Research & Development, LLC",No,,JNJ-42160443-AAA,Allopathic & Osteopathic Physicians|Family Medicine,disallowed
Aqua Pharmaceuticals,No,,,Allopathic & Osteopathic Physicians|General Practice,disallowed
"FOREST PHARMACEUTICALS, INC.",No,,TEFLARO,Allopathic & Osteopathic Physicians|Anesthesiology|Pain Medicine,disallowed
Stryker Corporation,No,INTERVENTIONAL SPINE,,"Other Service Providers|Medical Genetics, Ph.D. Medical Genetics",disallowed
"GlaxoSmithKline, LLC.",No,,,Allopathic & Osteopathic Physicians|Internal Medicine|Nephrology,disallowed
"EMD Serono, Inc.",No,,Gonal-f,Dental Providers|Dentist|Prosthodontics,disallowed
Boston Scientific Corporation,No,OTHER,,Allopathic & Osteopathic Physicians|Orthopaedic Surgery|Orthopaedic Surgery of the Spine,disallowed
PFIZER INTERNATIONAL LLC,No,,TYGACIL,Allopathic & Osteopathic Physicians|Surgery,disallowed
GE Healthcare,No,INTERVENTIONAL RADIOLOGY,,Allopathic & Osteopathic Physicians|Pediatrics|Pediatric Cardiology,disallowed
"Janssen Scientific Affairs, LLC",No,,Invokana,Allopathic & Osteopathic Physicians|Internal Medicine|Gastroenterology,disallowed
Pfizer Pharmaceuticals LLC,No,,ELIQUIS,Allopathic & Osteopathic Physicians|Internal Medicine|Cardiovascular Disease,disallowed
Applied Medical Resources Corporation,No,GELPOINT MINI,,Allopathic & Osteopathic Physicians|Surgery|Pediatric Surgery,disallowed
Lundbeck LLC,No,,ONFI,Allopathic & Osteopathic Physicians|Psychiatry & Neurology|Pain Medicine,disallowed
"Spine Wave, Inc.",No,Interbody Device,,Allopathic & Osteopathic Physicians|Neurological Surgery,disallowed
"R&M Distributing, LLC",No,ARTHREX PRODUCT LINE KNEE & HIP ARTHROSCOPY,,Allopathic & Osteopathic Physicians|Orthopaedic Surgery|Sports Medicine,disallowed
Covidien Sales LLC,No,CVI,,Allopathic & Osteopathic Physicians|Radiology|Nuclear Radiology,disallowed
Johnson & Johnson Health Care Systems Inc.,No,,Invokana,Allopathic & Osteopathic Physicians|Internal Medicine|Nephrology,disallowed
Covidien Sales LLC,No,CVI,,Other Service Providers|Naturopath,disallowed
LifeCell Corporation,No,Strattice,,Allopathic & Osteopathic Physicians|Internal Medicine|Critical Care Medicine,disallowed
"Salix Pharmaceuticals, Ltd",No,,OSMOPREP,Allopathic & Osteopathic Physicians|Internal Medicine|Gastroenterology,disallowed
Boston Scientific Corporation,No,POLYPECTOMY,,Allopathic & Osteopathic Physicians|Internal Medicine|Gastroenterology,disallowed
"DFINE, Inc",No,StabiliT,,Allopathic & Osteopathic Physicians|Internal Medicine|Interventional Cardiology,disallowed
Alcon Laboratories Inc,No,,Simbrinza,Eye and Vision Services Providers|Optometrist|Occupational Vision,disallowed
Stryker Corporation,No,LAPAROSCOPY,,Other Service Providers|Specialist,disallowed
"Biomet Orthopedics, LLC",No,ORTHO - GENERAL,,Podiatric Medicine & Surgery Service Providers|Podiatrist,disallowed
"FOREST PHARMACEUTICALS, INC.",No,,TUDORZA,Allopathic & Osteopathic Physicians|Psychiatry & Neurology|Neurology,disallowed
Covidien LP,No,GI Solutions,,Allopathic & Osteopathic Physicians|Ophthalmology,disallowed
US Endoscopy,No,BioVac,,Other Service Providers|Specialist,disallowed
"Par Pharmaceutical, Inc.",No,,"NASCOBAL CYANOCOBALAMIN, USP",Allopathic & Osteopathic Physicians|Surgery|Vascular Surgery,disallowed
Novartis Pharmaceuticals Corporation,No,,FANAPT,Behavioral Health & Social Service Providers|Counselor|Pastoral,disallowed
Novartis Pharmaceuticals Corporation,No,,MYFORTIC,Allopathic & Osteopathic Physicians|Urology,disallowed
The Spectranetics Corporation,No,TURBOELITE,,Allopathic & Osteopathic Physicians|Internal Medicine|Interventional Cardiology,disallowed
GLAUKOS CORPORATION,No,ISTENT TRABECULAR MICRO-BYPASS STENT SYSTEM,,"Student, Health Care|Student in an Organized Health Care Education/Training Program",disallowed
"Merz North America, Inc.",No,,,,disallowed
"E.R. Squibb & Sons, L.L.C.",No,,,Allopathic & Osteopathic Physicians|Internal Medicine,disallowed
Pacira Pharmaceuticals Incorporated,No,,Exparel,Allopathic & Osteopathic Physicians|Orthopaedic Surgery|Orthopaedic Trauma,disallowed
"Takeda Pharmaceuticals U.S.A., Inc.",No,,Nesina,Allopathic & Osteopathic Physicians|Internal Medicine,disallowed
Merck Sharp & Dohme Corporation,No,,MK-8175A,Allopathic & Osteopathic Physicians|Obstetrics & Gynecology|Reproductive Endocrinology,allowed
"Takeda Pharmaceutical Company, Limited",No,,,Allopathic & Osteopathic Physicians|Urology,disallowed
"Electromed, Inc.",No,HFCWO,HFCWO,Allopathic & Osteopathic Physicians|Psychiatry & Neurology|Neurology with Special Qualifications in Child Neurology,disallowed
Pfizer Inc.,No,,ZYVOX,,disallowed
Cook Incorporated,No,CC - Percutaneous Tracheostomy,,Allopathic & Osteopathic Physicians|Internal Medicine|Critical Care Medicine,disallowed
"Boehringer Ingelheim Pharmaceuticals, Inc.",No,,Pradaxa,Allopathic & Osteopathic Physicians|Preventive Medicine|Occupational Medicine,disallowed
Baxter Healthcare,No,,BioTherapeutics - GLASSIA,Allopathic & Osteopathic Physicians|Otolaryngology|Facial Plastic Surgery,disallowed
Novartis Pharmaceuticals Corporation,No,,FANAPT,Allopathic & Osteopathic Physicians|Family Medicine|Geriatric Medicine,disallowed
"QIAGEN Sciences, LLC",No,QUANTIFERON - TB GOLD QFT,,Allopathic & Osteopathic Physicians|Internal Medicine|Rheumatology,disallowed
Novartis Pharmaceuticals Corporation,No,,TEKTURNA,Allopathic & Osteopathic Physicians|Pediatrics|Adolescent Medicine,disallowed
Organogenesis Inc.,No,,Apligraf,Allopathic & Osteopathic Physicians|Orthopaedic Surgery|Foot and Ankle Surgery,disallowed
"Genentech USA, Inc.",No,,Xolair,Allopathic & Osteopathic Physicians|Internal Medicine|Infectious Disease,disallowed
"Dexcom, Inc.",No,Dexcom CGM,Dexcom CGM,Allopathic & Osteopathic Physicians|Surgery,disallowed
"NeuroPace, Inc.",Yes,RNS System,,,allowed
SANOFI-AVENTIS U.S. LLC,No,,LANTUS,Allopathic & Osteopathic Physicians|Internal Medicine|Cardiovascular Disease,disallowed
"BIomet 3i, LLC",No,3I - DENTAL,,Dental Providers|Dentist|Periodontics,allowed
Encision Inc,No,AEM Monitors,,Allopathic & Osteopathic Physicians|Surgery,disallowed
Purdue Pharma L.P.,No,,OXYCONTIN,Allopathic & Osteopathic Physicians|Neuromusculoskeletal Medicine & OMM,disallowed
GE Healthcare,No,Computed Tomography CT,,,allowed
Cook Incorporated,No,OHNS - Extractors,,Allopathic & Osteopathic Physicians|Otolaryngology,disallowed
CareFusion Corporation,No,,,Allopathic & Osteopathic Physicians|Pediatrics,disallowed
"DJO, LLC",No,Orthoses  Off-The-Shelf,,Allopathic & Osteopathic Physicians|Emergency Medicine|Sports Medicine,disallowed
Shire US Holdings,No,,VYVANSE,Allopathic & Osteopathic Physicians|Pediatrics|Sleep Medicine,disallowed
Cook Medical LLC,No,Interventional Radiology,,Allopathic & Osteopathic Physicians|Radiology|Diagnostic Radiology,disallowed
Covidien LP,No,,,Allopathic & Osteopathic Physicians|Internal Medicine|Gastroenterology,disallowed
DePuy Synthes Products LLC,No,Neurovascular,,,allowed
DePuy Orthopaedics Inc.,No,Neurovascular,,Allopathic & Osteopathic Physicians|Anesthesiology,disallowed
Ethicon Endo-Surgery Inc.,No,Energy Harmonic,,Allopathic & Osteopathic Physicians|Surgery|Plastic and Reconstructive Surgery,disallowed
"Merz North America, Inc.",No,Radiesse,Asclera,Allopathic & Osteopathic Physicians|Plastic Surgery,disallowed
"Genentech USA, Inc.",No,,,Dental Providers|Dentist,disallowed
"E.R. Squibb & Sons, L.L.C.",No,,ONGLYZA,Allopathic & Osteopathic Physicians|Internal Medicine|Medical Oncology,disallowed
PFIZER INC.,No,,ZYVOX,Allopathic & Osteopathic Physicians|Surgery|Surgical Critical Care,disallowed
ZOLL Lifecor Corporation,No,LifeVest,,Hospitals|Special Hospital,disallowed
"Geistlich Pharma, North America, Inc.",No,Bio Materials,,Dental Providers|Dentist|Endodontics,disallowed
"Medtronic USA, Inc.",No,Spinal Cord Neurostimulation - Neuro,,Allopathic & Osteopathic Physicians|Surgery|Surgical Oncology,disallowed
Stryker Corporation,No,HIPS,,Hospitals|General Acute Care Hospital|Critical Access,disallowed
Cook Incorporated,No,OHNS - Biodesign,,Allopathic & Osteopathic Physicians|Otolaryngology,disallowed
DePuy Synthes Sales Inc.,No,Early Intervention,,Allopathic & Osteopathic Physicians|Dermatology,disallowed
"Fresenius USA Marketing, Inc.",No,Critline  Monitors,,Allopathic & Osteopathic Physicians|Preventive Medicine|Public Health & General Preventive Medicine,disallowed
"Taro Pharmaceuticals USA, Inc.",No,,Adapalene and Benzolyl Peroxide Gel,,allowed
"Boehringer Ingelheim Pharmaceuticals, Inc.",No,,TRADJENTA,Allopathic & Osteopathic Physicians|Internal Medicine|Infectious Disease,disallowed
Boston Scientific Corporation,No,GUIDEWIRES,,Allopathic & Osteopathic Physicians|Internal Medicine|Nephrology,disallowed
"Teva Pharmaceuticals USA, Inc.",No,,NUVIGIL,Allopathic & Osteopathic Physicians|Surgery|Vascular Surgery,disallowed
HOLOGIC INC,No,Aptima,,Allopathic & Osteopathic Physicians|Obstetrics & Gynecology,disallowed
Allergan Inc.,No,,BOTOX,"Ambulatory Health Care Facilities|Clinic/Center|Radiology, Mammography",disallowed
Novartis Pharmaceuticals Corporation,No,,NON_BRAND,Allopathic & Osteopathic Physicians|Dermatology,disallowed
Shire US Holdings,No,,,Allopathic & Osteopathic Physicians|Medical Genetics|Clinical Genetics (M.D.),disallowed
"LeMaitre Vascular, Inc.",No,TAPE,,Allopathic & Osteopathic Physicians|Surgery|Vascular Surgery,disallowed
"EMD Serono, Inc.",No,,Gonal-f,Hospitals|General Acute Care Hospital|Critical Access,disallowed
"Everett Laboratories, Inc",No,,Strovite ONE Caplet,Allopathic & Osteopathic Physicians|Obstetrics & Gynecology,disallowed
Biogen Idec Inc.,No,,TYSABRI,Allopathic & Osteopathic Physicians|Psychiatry & Neurology|Addiction Medicine,disallowed
Zimmer Holding Inc,No,Knee,,Other Service Providers|Legal Medicine,disallowed
Allergan Inc.,No,,ACZONE,Allopathic & Osteopathic Physicians|Family Medicine,disallowed
DePuy Orthopaedics Inc.,No,CMF-Cranial Reconstruction/Fixation,,Allopathic & Osteopathic Physicians|Plastic Surgery,disallowed
"COMSORT, Inc",No,,GRASTEK,Other Service Providers|Specialist,disallowed
Mentor Worldwide LLC,No,Augmentation,,Allopathic & Osteopathic Physicians|Internal Medicine,allowed
"Merz North America, Inc.",No,,Xeomin,Allopathic & Osteopathic Physicians|Internal Medicine|Sports Medicine,disallowed
Volcano Corporation,No,Prestige Plus  with Acusense,,Allopathic & Osteopathic Physicians|Internal Medicine|Cardiovascular Disease,disallowed
"DUSA Pharmaceuticals, Inc.",Yes,,Levulan Kerastick,Other Service Providers|Specialist,disallowed
"Medimetriks Pharmaceuticals, Inc.",No,,Genadur Kit,Podiatric Medicine & Surgery Service Providers|Podiatrist,disallowed
The Medicines Company,No,,,Allopathic & Osteopathic Physicians|Anesthesiology,disallowed
Genzyme Corporation,No,,FABRAZYME,Allopathic & Osteopathic Physicians|Neurological Surgery,disallowed
Teleflex Medical Incorporated,No,Surgical,,Allopathic & Osteopathic Physicians|Colon & Rectal Surgery,disallowed
Allergan Inc.,No,,BOTOX,Other Service Providers|Specialist,disallowed
Novartis Pharmaceuticals Corporation,No,,EXFORGE,Allopathic & Osteopathic Physicians|Internal Medicine|Rheumatology,disallowed
ZOLL Lifecor Corporation,No,LifeVest,,Allopathic & Osteopathic Physicians|Pediatrics|Pediatric Hematology-Oncology,disallowed
"Takeda Pharmaceuticals America, Inc.",No,,Amitiza,Allopathic & Osteopathic Physicians|Internal Medicine|Adolescent Medicine,disallowed
"ARGON MEDICAL DEVICES, INC.",No,Atrieve,,Allopathic & Osteopathic Physicians|Internal Medicine|Interventional Cardiology,disallowed
"Genentech USA, Inc.",No,,Actemra,Allopathic & Osteopathic Physicians|Emergency Medicine,disallowed
Stryker Corporation,No,TRAUMA & EXTREMITIES,,Allopathic & Osteopathic Physicians|Hospitalist,disallowed
Merck Sharp & Dohme Corporation,No,,NON-PRODUCT,Allopathic & Osteopathic Physicians|Internal Medicine,disallowed
"NuVasive, Inc.",No,Integrated Operative Solutions,,"Technologists, Technicians & Other Technical Service Providers|Technician, Other|Clinical Laboratory Director, Non-physician",disallowed
CSL Behring,No,,Kcentra,Allopathic & Osteopathic Physicians|Internal Medicine,disallowed
"BTG International, Inc.",No,,DIGIFAB,Allopathic & Osteopathic Physicians|Emergency Medicine,disallowed
"Genentech USA, Inc.",No,,Erivedge,Allopathic & Osteopathic Physicians|Emergency Medicine,disallowed
Allergan Inc.,No,,OZURDEX,Eye and Vision Services Providers|Optometrist|Vision Therapy,disallowed
Stryker Corporation,No,JOINT PRESERVATION,,,disallowed
Novartis Pharma AG,No,,INC424B,Allopathic & Osteopathic Physicians|Radiology|Diagnostic Radiology,allowed
"Ipsen Biopharmaceuticals, Inc",No,,Somatuline Depot 120mg.5ml,Allopathic & Osteopathic Physicians|Obstetrics & Gynecology,disallowed
"Salix Pharmaceuticals, Ltd",No,,RELISTOR,Allopathic & Osteopathic Physicians|Internal Medicine|Sleep Medicine,disallowed
Biocomposites Inc,No,Stimulan,,Allopathic & Osteopathic Physicians|Orthopaedic Surgery|Sports Medicine,disallowed
"CVRx, Inc.",No,Barostim Neo System,,Allopathic & Osteopathic Physicians|Pain Medicine|Pain Medicine,disallowed
"Nautilus Neurosciences, Inc.",No,,Cambia,Allopathic & Osteopathic Physicians|Physical Medicine & Rehabilitation,disallowed
Actavis Pharma Inc,No,,RAPAFLO,Allopathic & Osteopathic Physicians|Surgery|Surgical Critical Care,disallowed
"Janssen Pharmaceuticals, Inc",No,,Invokana,Allopathic & Osteopathic Physicians|Internal Medicine|Allergy & Immunology,disallowed
"Therakos, Inc.",No,Cellex Photopheresis System,,Allopathic & Osteopathic Physicians|Thoracic Surgery (Cardiothoracic Vascular Surgery),disallowed
AstraZeneca Pharmaceuticals LP,No,,ONGLYZA,Allopathic & Osteopathic Physicians|Anesthesiology,disallowed
Ethicon Inc.,No,Biologics,,Allopathic & Osteopathic Physicians|Pediatrics|Neonatal-Perinatal Medicine,disallowed
"Onyx Pharmaceuticals, Inc., an Amgen subsidiary",No,,Kyprolis,,disallowed
"Takeda Pharmaceuticals America, Inc.",No,,Nesina,"Student, Health Care|Student in an Organized Health Care Education/Training Program",disallowed
SANOFI-AVENTIS U.S. LLC,No,,AFLIBERCEPT,Allopathic & Osteopathic Physicians|Surgery,disallowed
Astellas Pharma US Inc,No,,VESIcare,Allopathic & Osteopathic Physicians|Surgery,disallowed
Celgene Corporation,No,,Istodax,Allopathic & Osteopathic Physicians|Internal Medicine|Gastroenterology,disallowed
Novartis Vaccines and Diagnostics Inc,No,,Menveo,Dental Providers|Dentist|Orthodontics and Dentofacial Orthopedics,disallowed
"Hansen Medical, Inc.",No,,Magellan 9Fr Robotic Catheter,Allopathic & Osteopathic Physicians|Internal Medicine|Cardiovascular Disease,disallowed
"FUJIFILM SonoSite, Inc.",No,SONOSITE EDGE ULTRASOUND SYSTEM,,Allopathic & Osteopathic Physicians|Physical Medicine & Rehabilitation|Pain Medicine,disallowed
Stereotaxis Inc,No,Niobe,,Allopathic & Osteopathic Physicians|Internal Medicine|Hematology,disallowed
Helsinn Healthcare SA,No,,Anamorelin,"Allopathic & Osteopathic Physicians|Internal Medicine|Endocrinology, Diabetes & Metabolism",disallowed
"Intuitive Surgical, Inc.",No,Da Vinci Surgical System,,Allopathic & Osteopathic Physicians|Surgery|Surgical Oncology,disallowed
"Chiesi USA, Inc.",No,,CARDENE IV 40mg  Sodium Chloride,Allopathic & Osteopathic Physicians|Neurological Surgery,disallowed
Baxter Healthcare,No,,BioTherapeutics - Non Product Related,Allopathic & Osteopathic Physicians|Pathology|Anatomic Pathology & Clinical Pathology,disallowed
"Boehringer Ingelheim Pharmaceuticals, Inc.",No,,GILOTRIF,Allopathic & Osteopathic Physicians|Radiology|Diagnostic Radiology,disallowed
"Biomet Trauma, LLC",No,ORTHO - TRAUMA,,Allopathic & Osteopathic Physicians|Neuromusculoskeletal Medicine & OMM,disallowed
"AbbVie, Inc.",No,,Depakote,Allopathic & Osteopathic Physicians|Internal Medicine|Sleep Medicine,disallowed
Cornerstone Therapeutics Inc.,No,,BETHKIS 300MG_56 AMP,Allopathic & Osteopathic Physicians|Pediatrics|Adolescent Medicine,disallowed
"Smith & Nephew, Inc.",No,Infection Management,,Allopathic & Osteopathic Physicians|Internal Medicine,disallowed
"RTI Surgical, Inc.",No,RTI Product,,Allopathic & Osteopathic Physicians|Orthopaedic Surgery|Sports Medicine,disallowed
"ZILA, INC.",No,Dental Lasers,Atridox,Dental Providers|Dentist,disallowed
"DentalEZ, Inc.",No,MTA Replacement,,Dental Providers|Dentist,disallowed
"DUSA Pharmaceuticals, Inc.",No,,Levulan Kerastick,Allopathic & Osteopathic Physicians|Plastic Surgery,disallowed
Olympus Corporation of the Americas,No,,,Other Service Providers|Specialist,disallowed
Alcon Laboratories Inc,No,,Cataract Equipment,Allopathic & Osteopathic Physicians|Family Medicine|Adolescent Medicine,disallowed
"Boehringer Ingelheim Pharmaceuticals, Inc.",No,,Pradaxa,Allopathic & Osteopathic Physicians|Family Medicine,disallowed
Aqua Pharmaceuticals,No,,"VERDESO DESONIDE FOAM, 0.05percent",Allopathic & Osteopathic Physicians|Obstetrics & Gynecology,disallowed
"Takeda Pharmaceuticals America, Inc.",No,,Nesina,Allopathic & Osteopathic Physicians|Pediatrics|Pediatric Allergy/Immunology,disallowed
Coloplast Corp,No,CONTINENCE CARE,,Allopathic & Osteopathic Physicians|Anesthesiology,disallowed
Covidien Sales LLC,No,GI Solutions,,Allopathic & Osteopathic Physicians|Surgery,disallowed
"Galderma Laboratories, L.P.",No,,PLIAGLIS,Allopathic & Osteopathic Physicians|Dermatology,disallowed
"Acorda Therapeutics, Inc",No,,AMPYRA,Allopathic & Osteopathic Physicians|Internal Medicine|Cardiovascular Disease,disallowed
"Smith & Nephew, Inc.",No,Exudate Management,,"Student, Health Care|Student in an Organized Health Care Education/Training Program",disallowed
HOLOGIC INC,No,Securview,,Allopathic & Osteopathic Physicians|Radiology|Diagnostic Radiology,disallowed
Biogen Idec Inc.,No,,TYSABRI,Allopathic & Osteopathic Physicians|Psychiatry & Neurology|Neuromuscular Medicine,disallowed
SANOFI-AVENTIS U.S. LLC,No,,CABAZITAXEL,Allopathic & Osteopathic Physicians|Obstetrics & Gynecology|Gynecologic Oncology,disallowed
"Oticon Medical, LLC",No,PONTO BONE ANCHORED HEARING SYSTEM,,Allopathic & Osteopathic Physicians|Otolaryngology|Otology & Neurotology,disallowed
American Medical Systems Inc.,No,GreenLight Laser Therapy,,Other Service Providers|Specialist,allowed
"W. L. Gore & Associates, Inc.",No,C3 Delivery System,,Allopathic & Osteopathic Physicians|Internal Medicine|Gastroenterology,disallowed
Roche Products Limited,No,,Non-Covered Product,Allopathic & Osteopathic Physicians|Internal Medicine,disallowed
Covidien Sales LLC,No,Open Stapling,,Other Service Providers|Specialist,disallowed
"Janssen Pharmaceuticals, Inc",No,,Xarelto,Allopathic & Osteopathic Physicians|Urology,disallowed
NOVARTIS PHARMACEUTICALS CORPORATION,No,,MAVOGLURANT,Allopathic & Osteopathic Physicians|Psychiatry & Neurology|Psychiatry,disallowed
Covidien Sales LLC,No,Endo Stapling,,Allopathic & Osteopathic Physicians|Ophthalmology,disallowed
"Salix Pharmaceuticals, Ltd",No,,APRISO,Allopathic & Osteopathic Physicians|Pathology|Anatomic Pathology & Clinical Pathology,disallowed
"Auxilium Pharmaceuticals, Inc.",No,,XIAFLEX,Allopathic & Osteopathic Physicians|Orthopaedic Surgery|Orthopaedic Surgery of the Spine,disallowed
"GlaxoSmithKline, LLC.",No,,JALYN,Allopathic & Osteopathic Physicians|Family Medicine,disallowed
"NDI Medical, LLC",No,Checkpoint Stimulator,,Dental Providers|Dentist|Oral and Maxillofacial Pathology,disallowed
"Janssen Pharmaceuticals, Inc",No,,Xarelto,Ambulatory Health Care Facilities|Clinic/Center|Prison Health,disallowed
Stryker Corporation,No,TRAUMA and EXTREMITIES,,Allopathic & Osteopathic Physicians|Hospitalist,disallowed
"KCI USA, Inc",No,VAC Therapy,,Allopathic & Osteopathic Physicians|Internal Medicine,disallowed
"Janssen Pharmaceuticals, Inc",No,,Invega Sustenna,Allopathic & Osteopathic Physicians|Pediatrics,disallowed
"Depomed, Inc.",No,,Gralise and Zipsor,Allopathic & Osteopathic Physicians|Anesthesiology|Pain Medicine,disallowed
"Kedrion Biopharma, Inc.",No,,KAMRAB,,allowed
"OMNIlife science, Inc",No,Apex Modular Hip System,,Allopathic & Osteopathic Physicians|Orthopaedic Surgery|Adult Reconstructive Orthopaedic Surgery,allowed
Amgen Inc.,No,,Neulasta,Allopathic & Osteopathic Physicians|Internal Medicine|Interventional Cardiology,disallowed
Celgene Corporation,No,,Abraxane,Physician Assistants & Advanced Practice Nursing Providers|Nurse Practitioner|Critical Care Medicine,disallowed
"Medtronic Vascular, Inc.",No,Stents,,Allopathic & Osteopathic Physicians|Internal Medicine|Geriatric Medicine,disallowed
"Janssen Pharmaceuticals, Inc",No,,Invega Sustenna,Physician Assistants & Advanced Practice Nursing Providers|Nurse Practitioner|Primary Care,disallowed
Mylan Specialty L.P.,No,,EpiPen,Allopathic & Osteopathic Physicians|Pediatrics,disallowed
"Auxilium Pharmaceuticals, Inc.",No,,TESTOPEL,Dental Providers|Dentist,disallowed
Aqua Pharmaceuticals,No,,VERDESO,Allopathic & Osteopathic Physicians|Internal Medicine,disallowed
Edwards Lifesciences Corporation,No,Transcatheter Heart Valves,,Allopathic & Osteopathic Physicians|Internal Medicine|Interventional Cardiology,disallowed
"Depomed, Inc.",No,,Gralise,Allopathic & Osteopathic Physicians|Family Medicine|Adult Medicine,disallowed
"FOREST RESEARCH INSTITUTE, INC.",No,,TUDORZA,Allopathic & Osteopathic Physicians|Internal Medicine|Pulmonary Disease,allowed
Hollister Incorporated,No,SS and Pocket,,Allopathic & Osteopathic Physicians|Urology,disallowed
Endo Pharmaceuticals Inc.,No,,VOLTAREN Gel,Allopathic & Osteopathic Physicians|Psychiatry & Neurology|Psychiatry,disallowed
Phadia US Inc.,No,SDG-IDD-Allergy,,Allopathic & Osteopathic Physicians|Pediatrics|Pediatric Gastroenterology,disallowed
Olympus America Inc.,No,Urology & Gynecology Products,,Allopathic & Osteopathic Physicians|Internal Medicine,disallowed
"Aptalis Pharma US, Inc",No,,RECTIV,"Ambulatory Health Care Facilities|Clinic/Center|Family Planning, Non-Surgical",disallowed
SANOFI-AVENTIS U.S. LLC,No,,JEVTANA,Dental Providers|Dentist,disallowed
Mallinckrodt LLC,No,,Exalgo,Ambulatory Health Care Facilities|Clinic/Center|Infusion Therapy,disallowed
Merck Sharp & Dohme Corporation,No,,NON-PRODUCT,Allopathic & Osteopathic Physicians|Pathology|Blood Banking & Transfusion Medicine,disallowed
Philips Electronics North America Corporation,No,Research,,,allowed
Volcano Corporation,No,PV.035,,Allopathic & Osteopathic Physicians|Internal Medicine|Pulmonary Disease,disallowed
TERUMO MEDICAL CORPORATION,No,INTERVENTIONAL PRODUCT,,Agencies|Nursing Care,disallowed
"Takeda Pharmaceuticals America, Inc.",No,,DEXILANT,Podiatric Medicine & Surgery Service Providers|Podiatrist|Foot & Ankle Surgery,disallowed
"FOREST PHARMACEUTICALS, INC.",No,,TUDORZA,Allopathic & Osteopathic Physicians|Pediatrics|Pediatric Pulmonology,disallowed
"Medtronic Sofamor Danek USA, Inc.",No,Interventional Therapies,,Allopathic & Osteopathic Physicians|Nuclear Medicine,disallowed
Bayer HealthCare LLC,No,Angiojet,,Allopathic & Osteopathic Physicians|Neurological Surgery,disallowed
Novartis Pharmaceuticals Corporation,No,,NON_BRAND,Allopathic & Osteopathic Physicians|Surgery|Surgical Critical Care,disallowed
"FOREST PHARMACEUTICALS, INC.",No,,BYSTOLIC,Allopathic & Osteopathic Physicians|Family Medicine|Addiction Medicine,disallowed
"Pierre Fabre Pharmaceuticals, Inc.",No,,Hemangeol,Allopathic & Osteopathic Physicians|Pediatrics|Pediatric Hematology-Oncology,disallowed
"Takeda Development Center Americas, Inc.",No,,,Other Service Providers|Specialist,disallowed
"GlaxoSmithKline, LLC.",No,,TYVERB,Allopathic & Osteopathic Physicians|Internal Medicine|Medical Oncology,allowed
DENTSPLY IH Inc.,No,Implant Dentistry,,Allopathic & Osteopathic Physicians|Physical Medicine & Rehabilitation,disallowed
DMG AMERICA LLC,No,LUXATEMP,,Dental Providers|Dentist|General Practice,disallowed
"Otsuka America Pharmaceutical, Inc.",No,,ABILIFY TABLET,Allopathic & Osteopathic Physicians|Psychiatry & Neurology|Psychiatry,disallowed
"E.R. Squibb & Sons, L.L.C.",No,,SPRYCEL,Allopathic & Osteopathic Physicians|Family Medicine,disallowed
"Medtronic Xomed, Inc.",No,Advanced Energy Cutting Device,,Allopathic & Osteopathic Physicians|Urology,disallowed
"ProStrakan, Inc.",No,,FARESTON,Allopathic & Osteopathic Physicians|Dermatology|Dermatopathology,disallowed
Eisai Inc.,No,,Aloxi,Allopathic & Osteopathic Physicians|Internal Medicine|Infectious Disease,disallowed
DePuy Orthopaedics Inc.,No,,,Podiatric Medicine & Surgery Service Providers|Podiatrist|Foot & Ankle Surgery,disallowed
"LeMaitre Vascular, Inc.",No,REDDICK,,Allopathic & Osteopathic Physicians|Surgery,disallowed
"Bard Peripheral Vascular, Inc.",No,Vascular,,Allopathic & Osteopathic Physicians|Radiology|Diagnostic Radiology,allowed
"Ivoclar Vivadent, Inc.",No,"IPS e.max CAD CERECinLab LT A2 I125, IPS e.max CAD CERECinLab LT A1 C145, IPS e.max CAD CERECinLab",,Dental Providers|Dentist|General Practice,disallowed
"Onyx Pharmaceuticals, Inc., an Amgen subsidiary",No,,Kyprolis,Other Service Providers|Military Health Care Provider,disallowed
Alcon Laboratories Inc,No,,Tobradex St,Allopathic & Osteopathic Physicians|Ophthalmology,disallowed
Daiichi Sankyo Inc.,No,,,Other Service Providers|Specialist,disallowed
"TransMedics, Inc.",No,Organ Care System,,Allopathic & Osteopathic Physicians|Internal Medicine|Cardiovascular Disease,allowed
GENZYME CORPORATION,No,"Gene Expression Classifier Thyroid FNA Analysis,",,Allopathic & Osteopathic Physicians|Surgery,disallowed
"E.R. Squibb & Sons, L.L.C.",No,,ORENCIA,Allopathic & Osteopathic Physicians|Internal Medicine|Pulmonary Disease,disallowed
"E.R. Squibb & Sons, L.L.C.",No,,VIDEX,Allopathic & Osteopathic Physicians|Family Medicine,disallowed
Merge Healthcare Incorporated,No,,,Allopathic & Osteopathic Physicians|Radiology|Vascular & Interventional Radiology,disallowed
"Hansen Medical, Inc.",No,,Magellan 9Fr Robotic Catheter,Allopathic & Osteopathic Physicians|Surgery|Vascular Surgery,disallowed
"Janssen Pharmaceuticals, Inc",No,,Xarelto,Eye and Vision Services Providers|Optometrist,disallowed
"Optos, Inc.",No,scanning laser ophthalmoscope,,Eye and Vision Services Providers|Optometrist,disallowed
NOVARTIS PHARMACEUTICALS CORPORATION,No,,ZORTRESS,Allopathic & Osteopathic Physicians|Surgery|Vascular Surgery,disallowed
Novartis Pharmaceuticals Corporation,No,,NON BRAND,Allopathic & Osteopathic Physicians|Family Medicine|Adult Medicine,disallowed
NOVARTIS PHARMACEUTICALS CORPORATION,No,,Cosentyx,Allopathic & Osteopathic Physicians|Internal Medicine|Rheumatology,allowed
PFIZER INTERNATIONAL LLC,No,,PREVNAR - 13,Allopathic & Osteopathic Physicians|Internal Medicine|Infectious Disease,disallowed
Purdue Pharma L.P.,No,,OXYCONTIN,Allopathic & Osteopathic Physicians|Emergency Medicine,disallowed
Baxter Healthcare,No,,BioSurgery - TISSEEL,Allopathic & Osteopathic Physicians|Radiology|Diagnostic Radiology,disallowed
"Teva Pharmaceuticals USA, Inc.",No,,AMRIX,Allopathic & Osteopathic Physicians|Internal Medicine|Pulmonary Disease,disallowed
Coloplast Corp,No,MALE INCONTINENCE,,Other Service Providers|Specialist,disallowed
"AbbVie, Inc.",No,,,Physician Assistants & Advanced Practice Nursing Providers|Physician Assistant|Medical,disallowed
Vansen Pharma Inc.,No,,Prednisolone 25,Allopathic & Osteopathic Physicians|Pediatrics|Pediatric Pulmonology,disallowed
HOLOGIC INC,No,SXCH SYS 3086,,Allopathic & Osteopathic Physicians|General Practice,disallowed
"Arbor Pharmaceuticals, Inc.",No,,BIDIL,Allopathic & Osteopathic Physicians|Family Medicine,disallowed
"Lupin Pharmaceuticals, Inc",No,,Alinia,Allopathic & Osteopathic Physicians|Pediatrics|Pediatric Infectious Diseases,disallowed
VOCO America Inc.,No,Profluirde Varnish,,,disallowed
"BioHorizons Implant Systems, Inc.",No,Dental Prosthetics,,Dental Providers|Dentist|Orthodontics and Dentofacial Orthopedics,disallowed
"E.R. Squibb & Sons, L.L.C.",No,,SPRYCEL,Allopathic & Osteopathic Physicians|Otolaryngology,disallowed
"E.R. Squibb & Sons, L.L.C.",No,,ELIQUIS,Allopathic & Osteopathic Physicians|Allergy & Immunology,disallowed
"Wright Therapy Products, Inc.",No,Wright 52 Gradient Compression Therapy Pump,,Allopathic & Osteopathic Physicians|Family Medicine,disallowed
DePuy Synthes Sales Inc.,No,Extremities,,Allopathic & Osteopathic Physicians|Family Medicine|Sports Medicine,disallowed
Luitpold Pharmaceuticals Inc,No,Sprix,Sprix,Allopathic & Osteopathic Physicians|Psychiatry & Neurology|Neurology,disallowed
"Medline Industries, Inc.",No,Dermatology and Wound Care,,Allopathic & Osteopathic Physicians|Preventive Medicine|Preventive Medicine/Occupational Environmental Medicine,disallowed
"Teva Pharmaceuticals USA, Inc.",No,,FENTORA,Allopathic & Osteopathic Physicians|Internal Medicine|Hematology,disallowed
Novartis Pharmaceuticals Corporation,No,,GLEEVEC,Allopathic & Osteopathic Physicians|Family Medicine,disallowed
Boston Scientific Corporation,No,STENTS,,Dental Providers|Dentist|General Practice,disallowed
NOVARTIS PHARMACEUTICALS CORPORATION,No,,KISQALI,Allopathic & Osteopathic Physicians|Surgery|Surgical Oncology,disallowed
Masimo Corporation,No,Oximetry Monitoring,,Allopathic & Osteopathic Physicians|Pediatrics,disallowed
Nucletron B.V.,No,ELEKTA BRACHYTHERAPY,,Allopathic & Osteopathic Physicians|Urology,disallowed
"Genentech, Inc.",No,,NonCovered Product,,allowed
DENTSPLY LLC,No,,,Dental Providers|Dentist|General Practice,disallowed
Abbott Laboratories,No,Diabetes Care,,Podiatric Medicine & Surgery Service Providers|Podiatrist,disallowed
"Otsuka America Pharmaceutical, Inc.",No,,ABILIFY MAINTENA,Allopathic & Osteopathic Physicians|Family Medicine|Adult Medicine,disallowed
AstraZeneca Pharmaceuticals LP,No,,,Allopathic & Osteopathic Physicians|Psychiatry & Neurology|Pain Medicine,disallowed
"LILLY USA, LLC",No,,,Allopathic & Osteopathic Physicians|Surgery,disallowed
"Depomed, Inc.",No,,Zipsor,Podiatric Medicine & Surgery Service Providers|Podiatrist|Foot Surgery,disallowed
"AngioScore, Inc.",No,,,Allopathic & Osteopathic Physicians|General Practice,disallowed
"VIVUS, Inc.",No,,Qsymia,Allopathic & Osteopathic Physicians|Otolaryngology,disallowed
Mallinckrodt LLC,No,,Exalgo,Allopathic & Osteopathic Physicians|Emergency Medicine|Emergency Medical Services,disallowed
Covidien LP,No,Capnography Monitors,,Allopathic & Osteopathic Physicians|Emergency Medicine|Emergency Medical Services,disallowed
Cook Incorporated,No,AI - Stents,,Allopathic & Osteopathic Physicians|Radiology|Diagnostic Radiology,disallowed
GE Healthcare,No,,,Allopathic & Osteopathic Physicians|Surgery|Vascular Surgery,disallowed
Allergan Inc.,No,,,Allopathic & Osteopathic Physicians|Dermatology|MOHS-Micrographic Surgery,disallowed
Pfizer Inc.,No,,VIAGRA,Allopathic & Osteopathic Physicians|Internal Medicine|Sports Medicine,disallowed
Daiichi Sankyo Inc.,No,,Tribenzor,Allopathic & Osteopathic Physicians|Emergency Medicine,disallowed
Covidien LP,No,Plaque Excision,,Allopathic & Osteopathic Physicians|Surgery|Vascular Surgery,disallowed
Eisai Inc.,No,,Belviq,Allopathic & Osteopathic Physicians|Radiology|Body Imaging,disallowed
"MAQUET Cardiovascular U.S. Sales, L.L.C.",No,Endoscopic Vessel Harvesting,,Allopathic & Osteopathic Physicians|Pathology|Anatomic Pathology,disallowed
"Biosense Webster, Inc.",No,Ablation Catheters#Accessories,,Allopathic & Osteopathic Physicians|Internal Medicine,disallowed
"Medtronic USA, Inc.",No,,,Allopathic & Osteopathic Physicians|Internal Medicine|Interventional Cardiology,disallowed
"Becton, Dickinson and Company",No,Diabetes Care,,Allopathic & Osteopathic Physicians|Internal Medicine|Cardiovascular Disease,disallowed
Merck Sharp & Dohme Corporation,No,,NASONEX,Allopathic & Osteopathic Physicians|Internal Medicine|Critical Care Medicine,disallowed
"LeMaitre Vascular, Inc.",No,ANASTOCLIP,,Dental Providers|Dentist|Endodontics,disallowed
"Janssen Biotech, Inc.",No,,Remicade,Allopathic & Osteopathic Physicians|Internal Medicine|Infectious Disease,disallowed
Amgen Inc.,No,,EPOGEN,Other Service Providers|Specialist,disallowed
"MAQUET Cardiovascular U.S. Sales, L.L.C.",No,Surgical Assist Systems,,Allopathic & Osteopathic Physicians|Surgery,disallowed
"AbbVie, Inc.",No,,Androgel,Allopathic & Osteopathic Physicians|Urology|Pediatric Urology,disallowed
Boehringer Ingelheim International GmbH,No,,Tradjenta,"Allopathic & Osteopathic Physicians|Internal Medicine|Endocrinology, Diabetes & Metabolism",disallowed
Kairos Surgical Inc,No,ARTHREX PRODUCT LINE DISTAL EXTREMITY ARTHROSCOPY,,Podiatric Medicine & Surgery Service Providers|Podiatrist,disallowed
Zimmer Holding Inc,No,Knee,,Allopathic & Osteopathic Physicians|Internal Medicine|Geriatric Medicine,disallowed
Aqua Pharmaceuticals,No,,MONODOX CAPSULES,"Student, Health Care|Student in an Organized Health Care Education/Training Program",disallowed
"Sotera Wireless, Inc.",No,Visi Mobile System,,Allopathic & Osteopathic Physicians|Internal Medicine|Cardiovascular Disease,disallowed
Allergan Inc.,No,,,Allopathic & Osteopathic Physicians|Orthopaedic Surgery|Sports Medicine,disallowed
Eisai Inc.,No,,Aloxi,"Allopathic & Osteopathic Physicians|Internal Medicine|Endocrinology, Diabetes & Metabolism",disallowed
"Epimed International, Inc",No,Epidural Catheter,,Allopathic & Osteopathic Physicians|Anesthesiology,disallowed
Olympus America Inc.,No,Endoscopy Products,,Allopathic & Osteopathic Physicians|Ophthalmology,disallowed
"Ivoclar Vivadent, Inc.",No,"IPS e.max CAD CERECinLab HT A2 C145, IPS e.max CAD CERECinLab HT A3 C145",,Dental Providers|Dentist|Prosthodontics,disallowed
Eisai Inc.,No,,Belviq,Allopathic & Osteopathic Physicians|Otolaryngology|Pediatric Otolaryngology,disallowed
"Medtronic Vascular, Inc.",No,Leads,,"Student, Health Care|Student in an Organized Health Care Education/Training Program",disallowed
Septodont Inc.,No,,ARTICAINESEPTOCAINE,Dental Providers|Dentist|Orthodontics and Dentofacial Orthopedics,disallowed
"Medimetriks Pharmaceuticals, Inc.",No,,Synalar Topical Solution,Allopathic & Osteopathic Physicians|Dermatology,disallowed
Covidien Sales LLC,No,Vascular,,Allopathic & Osteopathic Physicians|Internal Medicine|Hematology & Oncology,disallowed
LifeCell Corporation,No,AlloDerm,,Allopathic & Osteopathic Physicians|Radiology|Diagnostic Radiology,disallowed
SANOFI-AVENTIS U.S. LLC,No,,JEVTANA,Allopathic & Osteopathic Physicians|Pediatrics|Pediatric Hematology-Oncology,disallowed
"AngioScore, Inc.",No,,,Allopathic & Osteopathic Physicians|Surgery,disallowed
Jazz Pharmaceuticals Inc.,No,,Xyrem,Allopathic & Osteopathic Physicians|Pediatrics|Neonatal-Perinatal Medicine,disallowed
Pfizer Inc.,No,,CHANTIX,Allopathic & Osteopathic Physicians|Internal Medicine|Pulmonary Disease,disallowed
Merck Sharp & Dohme Corporation,No,,ZOSTAVAX,Allopathic & Osteopathic Physicians|Internal Medicine|Interventional Cardiology,disallowed
Ethicon Inc.,No,Mesh,,Allopathic & Osteopathic Physicians|Transplant Surgery,disallowed
Allergan Inc.,No,,,Allopathic & Osteopathic Physicians|Orthopaedic Surgery|Hand Surgery,disallowed
Cubist Pharmaceuticals Inc,No,,CUBICIN,Allopathic & Osteopathic Physicians|Orthopaedic Surgery|Foot and Ankle Surgery,disallowed
Modern Orthopedic Consultants,No,ARTHREX PRODUCT LINE SHOULDER & ELBOW ARTHROSCOPY,,Allopathic & Osteopathic Physicians|Orthopaedic Surgery|Sports Medicine,disallowed
"Otsuka America Pharmaceutical, Inc.",No,,ABILIFY TABLET,Allopathic & Osteopathic Physicians|Neuromusculoskeletal Medicine & OMM,disallowed
Abbott Laboratories,No,Diagnostics,,Allopathic & Osteopathic Physicians|Pathology|Blood Banking & Transfusion Medicine,disallowed
American Medical Systems Inc.,No,MiniArc Pro,,Allopathic & Osteopathic Physicians|Obstetrics & Gynecology|Obstetrics,disallowed
Merck Sharp & Dohme Corporation,No,,Follistim,Allopathic & Osteopathic Physicians|Obstetrics & Gynecology|Reproductive Endocrinology,allowed
"AbbVie, Inc.",No,,Humira,Allopathic & Osteopathic Physicians|Pediatrics|Pediatric Rheumatology,disallowed
Celgene Corporation,No,,Abraxane,Allopathic & Osteopathic Physicians|Internal Medicine|Gastroenterology,disallowed
NOVARTIS PHARMACEUTICALS CORPORATION,No,,AFINITOR,Allopathic & Osteopathic Physicians|Internal Medicine|Medical Oncology,disallowed
"Sunstar Americas, Inc.",No,GUIDOR Matrix Barrier,Paroex,Dental Providers|Dentist|Endodontics,disallowed
Arthrosurface Incorporated,No,HemiCAP Knee,,Podiatric Medicine & Surgery Service Providers|Podiatrist|Foot & Ankle Surgery,disallowed
Bayer HealthCare Pharmaceuticals Inc.,No,,Stivarga,Allopathic & Osteopathic Physicians|Internal Medicine|Medical Oncology,disallowed
CDC Medical LLC,No,ARTHREX PRODUCT LINE ARTHROPLASTY,,Allopathic & Osteopathic Physicians|Orthopaedic Surgery|Hand Surgery,disallowed
SANOFI US SERVICES INC.,No,,,Allopathic & Osteopathic Physicians|Allergy & Immunology,disallowed
Cubist Pharmaceuticals Inc,No,,ENTEREG,Allopathic & Osteopathic Physicians|Surgery|Vascular Surgery,disallowed
"COMSORT, Inc",No,,GARDASIL,Allopathic & Osteopathic Physicians|Pediatrics,disallowed
Sunovion Pharmaceuticals Inc.,No,,Commercially Not Approved,Other Service Providers|Specialist,disallowed
"LifeScan, Inc.",No,Meters,,Allopathic & Osteopathic Physicians|Pediatrics|Pediatric Endocrinology,disallowed
Abbott Laboratories,No,Vascular,,Podiatric Medicine & Surgery Service Providers|Podiatrist,disallowed
"Impax Laboratories, Inc.",No,,ZOMIG,Allopathic & Osteopathic Physicians|Family Medicine,disallowed
VERTEX PHARMACEUTICALS INCORPORATED,No,,,Allopathic & Osteopathic Physicians|Anesthesiology,disallowed
Olympus Corporation of the Americas,No,Surgical Energy Products,,,disallowed
"Aptalis Pharma US, Inc",No,,,Allopathic & Osteopathic Physicians|Internal Medicine|Pulmonary Disease,disallowed
"Teva Pharmaceuticals USA, Inc.",No,,NUVIGIL,Allopathic & Osteopathic Physicians|Pathology|Anatomic Pathology & Clinical Pathology,disallowed
"Boehringer Ingelheim Pharmaceuticals, Inc.",No,,,Allopathic & Osteopathic Physicians|Obstetrics & Gynecology|Gynecology,disallowed
"Takeda Pharmaceuticals U.S.A., Inc.",No,,Nesina,Allopathic & Osteopathic Physicians|Neuromusculoskeletal Medicine & OMM,disallowed
Astellas Pharma US Inc,No,,Lexiscan,Allopathic & Osteopathic Physicians|Neurological Surgery,disallowed
"Alphatec Spine, Inc",No,ACE,,Allopathic & Osteopathic Physicians|Orthopaedic Surgery,disallowed
"Elekta, Inc.",No,ELEKTA LINEAR ACCELERATOR,,Allopathic & Osteopathic Physicians|Internal Medicine|Hematology & Oncology,disallowed
"BIomet 3i, LLC",No,3I - DENTAL,,Dental Providers|Dentist|Oral and Maxillofacial Pathology,disallowed
SANOFI-AVENTIS U.S. LLC,No,,AUVIQ,Allopathic & Osteopathic Physicians|Pediatrics|Pediatric Infectious Diseases,disallowed
"DJO, LLC",No,Orthoses  Prefab  non-custom,,Allopathic & Osteopathic Physicians|Surgery,disallowed
SANOFI US SERVICES INC.,No,,,Allopathic & Osteopathic Physicians|Ophthalmology,allowed
Merck Sharp & Dohme Corporation,No,,MK-1293,Allopathic & Osteopathic Physicians|Psychiatry & Neurology|Neurology,allowed
Questcor Pharmaceuticals,No,,ACTHAR- NEPH,Allopathic & Osteopathic Physicians|Family Medicine,disallowed
"AbbVie, Inc.",No,,ABT-493,Allopathic & Osteopathic Physicians|Internal Medicine|Nephrology,disallowed
"Janssen Pharmaceuticals, Inc",No,,Xarelto,Allopathic & Osteopathic Physicians|Psychiatry & Neurology|Psychiatry,disallowed
Stryker Corporation,No,INTERBODY DEVICE,,Allopathic & Osteopathic Physicians|Otolaryngology|Pediatric Otolaryngology,disallowed
Bayer HealthCare LLC,No,,Finacea,Allopathic & Osteopathic Physicians|Pathology|Dermatopathology,disallowed
"EMD Serono, Inc.",No,,,Other Service Providers|Specialist,disallowed
The Medicines Company,No,,CLEVIPREX,Allopathic & Osteopathic Physicians|Psychiatry & Neurology|Clinical Neurophysiology,disallowed
Johnson and Johnson International,No,Shoulder,,Allopathic & Osteopathic Physicians|Orthopaedic Surgery,disallowed
"FOREST PHARMACEUTICALS, INC.",No,,NAMENDA XR,Allopathic & Osteopathic Physicians|Psychiatry & Neurology|Psychosomatic Medicine,disallowed
Merck Sharp & Dohme Corporation,No,,,,disallowed
"Boehringer Ingelheim Pharmaceuticals, Inc.",No,,AGGRENOX,Allopathic & Osteopathic Physicians|Internal Medicine|Pulmonary Disease,disallowed
"Medline Industries, Inc.",No,Urology,,Allopathic & Osteopathic Physicians|Family Medicine,disallowed
Boston Scientific Corporation,No,KIDNEY STONE DISEASE,,,allowed
MicrolineSurgical Inc,No,,,,disallowed
"Intuitive Surgical, Inc.",No,Da Vinci Surgical System,,Other Service Providers|Specialist,disallowed
"Precision Spine, Inc.",No,Slimplicity SOLO Anterior Cervical Plate System,,Allopathic & Osteopathic Physicians|Neurological Surgery,disallowed
"Boehringer Ingelheim Pharmaceuticals, Inc.",No,,SPIRIVA,Allopathic & Osteopathic Physicians|Psychiatry & Neurology|Psychiatry,disallowed
"Noven Therapeutics, LLC",No,,BRISDELLE,Allopathic & Osteopathic Physicians|Obstetrics & Gynecology|Critical Care Medicine,disallowed
NOVARTIS PHARMACEUTICALS CORPORATION,No,,BYL719,,allowed
"Biomet Trauma, LLC",No,ORTHO - TRAUMA,,"Student, Health Care|Student in an Organized Health Care Education/Training Program",disallowed
Merck Sharp & Dohme Corporation,No,,GARDASIL,Allopathic & Osteopathic Physicians|Internal Medicine|Adolescent Medicine,disallowed
3M Company,No,Dental Cavity Varnish,Clinpro 5000 Toothpaste- Bubble Gum,Dental Providers|Dentist|Pediatric Dentistry,disallowed
"Medtronic Vascular, Inc.",No,Ablation,,Allopathic & Osteopathic Physicians|Radiology|Diagnostic Radiology,disallowed
VERTEX PHARMACEUTICALS INCORPORATED,No,,INCIVEK,Nursing Service Providers|Registered Nurse|Gastroenterology,disallowed
"Janssen Pharmaceuticals, Inc",No,,Invokana,Allopathic & Osteopathic Physicians|Dermatology|Dermatopathology,disallowed
Amgen Inc.,No,,Vectibix,Allopathic & Osteopathic Physicians|Surgery,disallowed
Gilead Sciences Inc,No,,Ranexa,Allopathic & Osteopathic Physicians|Internal Medicine|Infectious Disease,disallowed
CSL Behring,No,,Kcentra,Allopathic & Osteopathic Physicians|Internal Medicine|Hematology,disallowed
"Synergeyes, Inc.",No,Duette Contact Lens,,,disallowed
"Janssen Pharmaceuticals, Inc",No,,Invega,Allopathic & Osteopathic Physicians|Psychiatry & Neurology|Pain Medicine,disallowed
Novartis Pharmaceuticals Corporation,No,,TEKTURNA,Podiatric Medicine & Surgery Service Providers|Podiatrist|Foot & Ankle Surgery,disallowed
SANOFI-AVENTIS U.S. LLC,No,Osteoarthritis of the knee,,Allopathic & Osteopathic Physicians|Pain Medicine|Interventional Pain Medicine,disallowed
Pfizer Inc.,No,,VIAGRA,Allopathic & Osteopathic Physicians|Internal Medicine|Pulmonary Disease,disallowed
"Hospira Worldwide, Inc.",No,,Epoetin Hospira,Other Service Providers|Specialist,allowed
"FOREST PHARMACEUTICALS, INC.",No,,NAMENDA,Allopathic & Osteopathic Physicians|Internal Medicine|Geriatric Medicine,disallowed
Cardiovascular Systems Inc.,No,Atherectomy Device,,Allopathic & Osteopathic Physicians|Internal Medicine|Interventional Cardiology,disallowed
"Ortho-Clinical Diagnostics, Inc.",No,Diagnostics,,Allopathic & Osteopathic Physicians|Pathology|Anatomic Pathology & Clinical Pathology,disallowed
Merck Sharp & Dohme Corporation,No,,NON-PRODUCT,Allopathic & Osteopathic Physicians|Urology,disallowed
Boston Scientific Corporation,No,PAIN MANAGEMENT,,Allopathic & Osteopathic Physicians|Emergency Medicine,disallowed
AstraZeneca Pharmaceuticals LP,No,,SYMBICORT,Group|Single Specialty,disallowed
"Becton, Dickinson and Company",No,Diabetes Care,,Allopathic & Osteopathic Physicians|Internal Medicine|Nephrology,disallowed
"Janssen Pharmaceuticals, Inc",No,,Aciphex,Allopathic & Osteopathic Physicians|Surgery,disallowed
Stryker Corporation,No,NEURO SPINE ENT,,,allowed
"K2M, Inc.",No,EVEREST,,Allopathic & Osteopathic Physicians|Orthopaedic Surgery|Orthopaedic Surgery of the Spine,disallowed
"Meda Pharmaceuticals, Inc.",No,,Elestrin,Allopathic & Osteopathic Physicians|Obstetrics & Gynecology|Reproductive Endocrinology,disallowed
Daiichi Sankyo Inc.,No,,Benicar,"Physician Assistants & Advanced Practice Nursing Providers|Nurse Anesthetist, Certified Registered",disallowed
MAKO Surgical Corp.,No,MAKOplasty,,Allopathic & Osteopathic Physicians|Anesthesiology,disallowed
"Medtronic MiniMed, Inc.",No,Continuous Glucose Monitor,,Allopathic & Osteopathic Physicians|Internal Medicine|Geriatric Medicine,disallowed
Pfizer Inc.,No,,BOSULIF,Allopathic & Osteopathic Physicians|Family Medicine,disallowed
"Janssen Pharmaceuticals, Inc",No,,Nucynta,"Allopathic & Osteopathic Physicians|Neuromusculoskeletal Medicine, Sports Medicine",disallowed
"GlaxoSmithKline, LLC.",No,,VERAMYST,Physician Assistants & Advanced Practice Nursing Providers|Clinical Nurse Specialist|Psych/Mental Health,allowed
Luitpold Pharmaceuticals Inc,No,Sprix,Sprix,"Respiratory, Developmental, Rehabilitative and Restorative Service Providers|Physical Therapist|Orthopedic",disallowed
"Maxx Orthopedics, Inc.",No,Maxx health Freedom Knee,,,disallowed
"Therakos, Inc.",No,Cellex Photopheresis System,,Allopathic & Osteopathic Physicians|Pediatrics|Pediatric Hematology-Oncology,disallowed
Cepheid,No,Xpert HPV,,Allopathic & Osteopathic Physicians|Obstetrics & Gynecology|Gynecology,disallowed
Algeta US LLC,No,,Xofigo,Allopathic & Osteopathic Physicians|General Practice,disallowed
"Kowa Pharmaceuticals America, Inc.",No,,LIVALO,Other Service Providers|Legal Medicine,disallowed
Merck Sharp & Dohme Corporation,No,,MK-8457,Allopathic & Osteopathic Physicians|Radiology|Diagnostic Radiology,disallowed
"New York Blood Center, Inc.",No,,,Allopathic & Osteopathic Physicians|Pathology|Blood Banking & Transfusion Medicine,disallowed
Pfizer Inc.,No,,GENOTROPIN,Allopathic & Osteopathic Physicians|Pediatrics,disallowed
Covidien Sales LLC,No,Onyx,,Allopathic & Osteopathic Physicians|Radiology|Diagnostic Radiology,disallowed
Allergan Inc.,No,,,Allopathic & Osteopathic Physicians|Otolaryngology,disallowed
Novartis Pharmaceuticals Corporation,No,,SIGNIFOR,Allopathic & Osteopathic Physicians|Neurological Surgery,disallowed
Stryker Corporation,No,SURGICAL,,Allopathic & Osteopathic Physicians|Internal Medicine|Infectious Disease,disallowed
Stryker Corporation,No,JOINT PRESERVATION,,Allopathic & Osteopathic Physicians|Orthopaedic Surgery|Hand Surgery,disallowed
"Takeda Development Center Americas, Inc.",No,,Uloric,Allopathic & Osteopathic Physicians|Internal Medicine|Cardiovascular Disease,allowed
Pfizer Inc.,No,,LYRICA,Allopathic & Osteopathic Physicians|Internal Medicine|Critical Care Medicine,disallowed
Novartis Pharmaceuticals Corporation,No,,NON BRAND,Allopathic & Osteopathic Physicians|Pathology|Clinical Pathology/Laboratory Medicine,disallowed
VIROPHARMA INCORPORATED,No,,CINRYZE HUMAN C1-ESTERASE INHIBITOR,Allopathic & Osteopathic Physicians|Internal Medicine|Hematology,disallowed
"AngioDynamics, Inc.",No,,,Allopathic & Osteopathic Physicians|Orthopaedic Surgery|Orthopaedic Surgery of the Spine,disallowed
Cook Medical Technologies LLC,No,Aortic Intervention,,Allopathic & Osteopathic Physicians|Radiology|Diagnostic Radiology,disallowed
"Janssen Pharmaceuticals, Inc",No,,Zytiga,Other Service Providers|Legal Medicine,disallowed
Integra LifeSciences Corporation,No,Recon-Skin and Wound,,Allopathic & Osteopathic Physicians|Surgery|Plastic and Reconstructive Surgery,disallowed
"Janssen Biotech, Inc.",No,,Stelara,Allopathic & Osteopathic Physicians|Obstetrics & Gynecology,disallowed
AstraZeneca Pharmaceuticals LP,No,,CRESTOR,Allopathic & Osteopathic Physicians|Allergy & Immunology|Allergy,disallowed
"Ortho Organizers, Inc.",No,"Specialty Products  Orthodontics, non-Camlog implants, regenerative materials, etc.",,Dental Providers|Dentist|Pediatric Dentistry,disallowed
"Alexion Pharmaceuticals, Inc.",No,,SOLIRIS,Allopathic & Osteopathic Physicians|Internal Medicine|Pulmonary Disease,disallowed
Amgen Inc.,No,,Neulasta,Allopathic & Osteopathic Physicians|Surgery,disallowed
ITxM Diagnostics,No,,,,disallowed
"Genentech USA, Inc.",No,,Rituxan,Allopathic & Osteopathic Physicians|Independent Medical Examiner,disallowed
"Janssen Pharmaceuticals, Inc",No,,Xarelto,Allopathic & Osteopathic Physicians|Internal Medicine|Critical Care Medicine,disallowed
Merck Sharp & Dohme Corporation,No,,NON-PRODUCT,Allopathic & Osteopathic Physicians|Emergency Medicine|Pediatric Emergency Medicine,disallowed
"Grifols USA, LLC",No,,Albutein,Allopathic & Osteopathic Physicians|Internal Medicine|Pulmonary Disease,disallowed
Septodont Inc.,No,NEEDLES,,Dental Providers|Dentist,disallowed
"Janssen Biotech, Inc.",No,,No Product,Other Service Providers|Specialist,disallowed
Atrium Medical Corporation,No,BioSurgery,,Allopathic & Osteopathic Physicians|Surgery|Vascular Surgery,disallowed
Gilead Sciences Inc,No,,,Other Service Providers|Legal Medicine,disallowed
Novartis Pharmaceuticals Corporation,No,,AFINITOR,Allopathic & Osteopathic Physicians|Internal Medicine|Medical Oncology,disallowed
"Teva Pharmaceuticals USA, Inc.",No,,NUVIGIL,Allopathic & Osteopathic Physicians|Surgery,disallowed
"Endocare, Inc.",No,Cryo Probe,,Allopathic & Osteopathic Physicians|Urology,disallowed
"Medtronic USA, Inc.",No,Drug Infusion Systems - Neuro,,Allopathic & Osteopathic Physicians|Obstetrics & Gynecology|Gynecology,disallowed
"Lantheus Medical Imaging, Inc.",No,,Fluorodeoxyglucose,Allopathic & Osteopathic Physicians|Nuclear Medicine|In Vivo & In Vitro Nuclear Medicine,disallowed
"Onyx Pharmaceuticals, Inc., an Amgen subsidiary",No,,Nexavar,Allopathic & Osteopathic Physicians|Obstetrics & Gynecology|Gynecologic Oncology,disallowed
"AbbVie, Inc.",No,,Humira,Allopathic & Osteopathic Physicians|Colon & Rectal Surgery,disallowed
"Boehringer Ingelheim Pharmaceuticals, Inc.",No,,TRADJENTA,Allopathic & Osteopathic Physicians|Psychiatry & Neurology|Child & Adolescent Psychiatry,disallowed
"Genentech USA, Inc.",No,,Rituxan,Allopathic & Osteopathic Physicians|Internal Medicine|Pulmonary Disease,disallowed
Integra LifeSciences Corporation,No,Recon-Skin and Wound,,Allopathic & Osteopathic Physicians|Orthopaedic Surgery|Orthopaedic Trauma,disallowed
Edwards Lifesciences Corporation,No,Transcatheter Heart Valves,,Allopathic & Osteopathic Physicians|Urology,disallowed
Allergan Inc.,No,NATRELLE,,Allopathic & Osteopathic Physicians|Orthopaedic Surgery|Hand Surgery,disallowed
"ZILA, INC.",No,Dental Lasers,,Dental Providers|Dentist|General Practice,disallowed
"Medtronic USA, Inc.",No,Spinal Cord Neurostimulation - Neuro,,Allopathic & Osteopathic Physicians|Thoracic Surgery (Cardiothoracic Vascular Surgery),disallowed
SciCan Inc,No,Free Goods,,Dental Providers|Dentist|Oral and Maxillofacial Surgery,disallowed
"E.R. Squibb & Sons, L.L.C.",No,,ONGLYZA,Allopathic & Osteopathic Physicians|Obstetrics & Gynecology,disallowed
Edwards Lifesciences Corporation,No,Minimally Invasive Hemodynamic Monitoring,,Allopathic & Osteopathic Physicians|Family Medicine,disallowed
Dyax Corp,No,,DX-2930,Allopathic & Osteopathic Physicians|Allergy & Immunology,disallowed
"Takeda Pharmaceuticals America, Inc.",No,,Dexilant,Other Service Providers|Specialist,disallowed
"Roche Molecular Systems, Inc.",No,MD-Microbiology,,,allowed
"FOREST PHARMACEUTICALS, INC.",No,,VIIBRYD,Allopathic & Osteopathic Physicians|Colon & Rectal Surgery,disallowed
"Smith & Nephew, Inc.",No,Sports Med Shoulder,,Allopathic & Osteopathic Physicians|Orthopaedic Surgery|Hand Surgery,disallowed
"FOREST PHARMACEUTICALS, INC.",No,,NAMENDA XR,Allopathic & Osteopathic Physicians|Psychiatry & Neurology|Addiction Medicine,disallowed
Integra LifeSciences Corporation,No,Recon-Lower Extremity Metal,,Allopathic & Osteopathic Physicians|Obstetrics & Gynecology,disallowed
MED-EL Corporation,No,MED-EL Maestro Cochlear Implant System,,Allopathic & Osteopathic Physicians|Pediatrics|Pediatric Emergency Medicine,disallowed
Promius Pharma LLC,No,,,Allopathic & Osteopathic Physicians|Dermatology|Pediatric Dermatology,disallowed
"Octapharma USA, Inc.",No,,WILATE,Allopathic & Osteopathic Physicians|Family Medicine,disallowed
"Iroko Pharmaceuticals, LLC",No,,Zorvolex 35mg,Podiatric Medicine & Surgery Service Providers|Podiatrist|Sports Medicine,disallowed
ArthroCare Corporation,No,ENT Coblation & RR,,Allopathic & Osteopathic Physicians|Otolaryngology|Otolaryngology/Facial Plastic Surgery,disallowed
"Salix Pharmaceuticals, Ltd",No,,Xifaxan 550 mg,Allopathic & Osteopathic Physicians|Pathology|Anatomic Pathology,disallowed
Avinger Inc.,No,Vascular Disease,,Allopathic & Osteopathic Physicians|Internal Medicine|Nephrology,disallowed
GENZYME CORPORATION,No,,TERIFLUNOMIDE,Allopathic & Osteopathic Physicians|Pediatrics,allowed
"Ivoclar Vivadent, Inc.",No,"Variolink Veneer Try-In Ref. 1.5 ml HV 3, Variolink Veneer Ref. 1.5 ml HV 3",,Dental Providers|Dentist|General Practice,disallowed
Genzyme Corporation,No,,,Allopathic & Osteopathic Physicians|Pathology|Hematology,disallowed
Musculoskeletal Transplant Foundation Inc.,No,,,Allopathic & Osteopathic Physicians|Anesthesiology|Critical Care Medicine,disallowed
Zimmer Holding Inc,No,Extremities,,Allopathic & Osteopathic Physicians|Surgery|Surgery of the Hand,disallowed
Daiichi Sankyo Inc.,No,,Benicar,Allopathic & Osteopathic Physicians|Internal Medicine|Geriatric Medicine,disallowed
Shire US Holdings,No,,LIALDA,Allopathic & Osteopathic Physicians|Dermatology,disallowed
"Takeda Pharmaceuticals America, Inc.",No,,Uloric,Podiatric Medicine & Surgery Service Providers|Podiatrist,disallowed
"Spine Wave, Inc.",No,Interbody Device,,Allopathic & Osteopathic Physicians|Orthopaedic Surgery,disallowed
"ISTO TECHNOLOGIES, INC.",No,,REVAFLEX,Allopathic & Osteopathic Physicians|Pediatrics|Pediatric Hematology-Oncology,disallowed
Eisai Inc.,No,,Belviq,Podiatric Medicine & Surgery Service Providers|Podiatrist|Foot & Ankle Surgery,disallowed
"Galderma Laboratories, L.P.",No,,CLOBEX SPRAY,Allopathic & Osteopathic Physicians|Dermatology|Procedural Dermatology,disallowed
Luitpold Pharmaceuticals Inc,No,Sprix,Sprix,Allopathic & Osteopathic Physicians|Family Medicine|Sports Medicine,disallowed
"Genentech USA, Inc.",No,,Valcyte,Allopathic & Osteopathic Physicians|Urology,disallowed
"Sorin Group USA, Inc",No,All Sorin HV,,Allopathic & Osteopathic Physicians|Thoracic Surgery (Cardiothoracic Vascular Surgery),disallowed
"EMD Serono, Inc.",No,,,Allopathic & Osteopathic Physicians|Obstetrics & Gynecology,disallowed
Novartis Vaccines and Diagnostics Inc,No,,,Allopathic & Osteopathic Physicians|Pathology|Blood Banking & Transfusion Medicine,disallowed
Boston Scientific Corporation,No,EMBOLICS,,Allopathic & Osteopathic Physicians|Internal Medicine,disallowed
"LifeScan, Inc.",No,Meter,,"Allopathic & Osteopathic Physicians|Internal Medicine|Endocrinology, Diabetes & Metabolism",disallowed
TEI Biosciences Inc,No,PriMatrix,PriMatrix,Allopathic & Osteopathic Physicians|Obstetrics & Gynecology,disallowed
"Octapharma USA, Inc.",No,,OCTAGAM,Allopathic & Osteopathic Physicians|Internal Medicine,disallowed
"KCI USA, Inc",No,Surgical Mgmt Therapy,,Allopathic & Osteopathic Physicians|Pediatrics,disallowed
"Boehringer Ingelheim Pharmaceuticals, Inc.",No,,PRADAXA,Allopathic & Osteopathic Physicians|Psychiatry & Neurology|Vascular Neurology,disallowed
Purdue Pharma L.P.,No,,BUTRANS,Allopathic & Osteopathic Physicians|Preventive Medicine|Public Health & General Preventive Medicine,disallowed
"Wright Medical Technology, Inc.",No,,Foot and Ankle,Allopathic & Osteopathic Physicians|Orthopaedic Surgery,disallowed
Mylan Specialty L.P.,No,,Ultiva,Allopathic & Osteopathic Physicians|Internal Medicine|Sports Medicine,disallowed
Musculoskeletal Transplant Foundation Inc.,No,,,Allopathic & Osteopathic Physicians|Otolaryngology|Facial Plastic Surgery,disallowed
"Siemens Medical Solutions USA, Inc.",No,DX  incl. all products and services,,,allowed
"Valeritas, Inc.",No,V-GO,,Allopathic & Osteopathic Physicians|Family Medicine|Hospice and Palliative Medicine,disallowed
Dental Material Gesellschaft mbH,No,,,Dental Providers|Dentist|Pediatric Dentistry,disallowed
"Vascular Solutions, Inc.",No,Venture,,"Allopathic & Osteopathic Physicians|Neuromusculoskeletal Medicine, Sports Medicine",disallowed
Bayer HealthCare LLC,No,,Finacea,Allopathic & Osteopathic Physicians|Family Medicine,disallowed
Boston Scientific Corporation,No,PAIN MANAGEMENT,,Physician Assistants & Advanced Practice Nursing Providers|Nurse Practitioner|Gerontology,disallowed
"Salix Pharmaceuticals, Ltd",No,,SOLESTA,Allopathic & Osteopathic Physicians|Internal Medicine|Hepatology,disallowed
Bayer HealthCare Pharmaceuticals Inc.,No,,Xofigo,Allopathic & Osteopathic Physicians|Internal Medicine,disallowed
Peerless Surgical Inc.,No,,,Allopathic & Osteopathic Physicians|Orthopaedic Surgery,disallowed
"Meda Pharmaceuticals, Inc.",No,,Dymista,Allopathic & Osteopathic Physicians|Allergy & Immunology,disallowed
"Auxilium Pharmaceuticals, Inc.",No,,TESTOPEL,Allopathic & Osteopathic Physicians|Pain Medicine|Interventional Pain Medicine,disallowed
Merck Sharp & Dohme Corporation,No,,INTEGRILIN,Allopathic & Osteopathic Physicians|Internal Medicine,disallowed
"Noven Therapeutics, LLC",No,,DAYTRANA,,disallowed
Endo Pharmaceuticals Inc.,No,,VOLTAREN Gel,Allopathic & Osteopathic Physicians|Emergency Medicine,disallowed
Philips Electronics North America Corporation,No,CS Interventional X-Ray,,,allowed
"FOREST PHARMACEUTICALS, INC.",No,,FETZIIMA,Allopathic & Osteopathic Physicians|Internal Medicine|Geriatric Medicine,disallowed
"AbbVie, Inc.",No,,ABT-493,Allopathic & Osteopathic Physicians|Internal Medicine|Gastroenterology,disallowed
"Takeda Pharmaceuticals America, Inc.",No,,DEXILANT,Allopathic & Osteopathic Physicians|Emergency Medicine|Sports Medicine,disallowed
Mylan Specialty L.P.,No,,EpiPen,Allopathic & Osteopathic Physicians|Physical Medicine & Rehabilitation|Pain Medicine,disallowed
AstraZeneca Pharmaceuticals LP,No,,PULMICORT RESPULES,Allopathic & Osteopathic Physicians|Allergy & Immunology,disallowed
Covidien Sales LLC,No,CVI,,Allopathic & Osteopathic Physicians|Surgery|Vascular Surgery,disallowed
Ranbaxy Inc.,No,,,Allopathic & Osteopathic Physicians|Medical Genetics|Clinical Genetics (M.D.),disallowed
GE Healthcare,No,,,Allopathic & Osteopathic Physicians|Nuclear Medicine|Nuclear Cardiology,disallowed
"CryoLife, Inc.",No,BioGlue,,Hospitals|General Acute Care Hospital|Critical Access,disallowed
"Ivoclar Vivadent, Inc.",No,IPS e.max CAD CERECinLab LT A3 C145,,Dental Providers|Dentist,disallowed
Stryker Corporation,No,New Product Development,,Podiatric Medicine & Surgery Service Providers|Podiatrist,disallowed
"Pernix Therapeutics Holdings, Inc.",No,,Cedax,"Allopathic & Osteopathic Physicians|Internal Medicine|Endocrinology, Diabetes & Metabolism",disallowed
Bioventus LLC,No,Ultrasound,,Allopathic & Osteopathic Physicians|Orthopaedic Surgery,disallowed
Alcon Laboratories Inc,No,,Pataday,Allopathic & Osteopathic Physicians|Surgery,disallowed
"Biomet Orthopedics, LLC",No,ORTHO - BIOLOGICS,,Allopathic & Osteopathic Physicians|Orthopaedic Surgery|Orthopaedic Trauma,disallowed
"Santarus, Inc",No,,Uceris,Allopathic & Osteopathic Physicians|Pain Medicine|Interventional Pain Medicine,disallowed
"RTI Surgical, Inc.",No,Lateral 4 in 1 - CrossFuse II,,Allopathic & Osteopathic Physicians|Orthopaedic Surgery|Orthopaedic Surgery of the Spine,disallowed
Celgene Corporation,No,,,Allopathic & Osteopathic Physicians|Preventive Medicine|Aerospace Medicine,disallowed
US Endoscopy,No,Carr-Locke,,Allopathic & Osteopathic Physicians|Internal Medicine|Gastroenterology,disallowed
Philips Electronics North America Corporation,No,Sleep and Respiratory Care,,Allopathic & Osteopathic Physicians|Internal Medicine,disallowed
ArthroCare Corporation,No,Sports Med Coblation & Fixation,,Allopathic & Osteopathic Physicians|Orthopaedic Surgery,disallowed
Luitpold Pharmaceuticals Inc,No,Injectafer,Injectafer,Allopathic & Osteopathic Physicians|Urology,disallowed
"Siemens Medical Solutions USA, Inc.",No,MR - MRI,,Allopathic & Osteopathic Physicians|Urology,disallowed
"DentalEZ, Inc.",No,prophy star hpc,,Dental Providers|Dentist|General Practice,disallowed
"FOREST PHARMACEUTICALS, INC.",No,,NAMENDA XR,Allopathic & Osteopathic Physicians|Family Medicine|Geriatric Medicine,disallowed
"Aerocrine, Inc",No,Niox Mino Device,,Allopathic & Osteopathic Physicians|Internal Medicine|Sleep Medicine,disallowed
Eisai Inc.,No,,BELVIQ,"Student, Health Care|Student in an Organized Health Care Education/Training Program",disallowed
Stryker Corporation,No,REPROCESSED VASCULAR DEVICES,,Allopathic & Osteopathic Physicians|Internal Medicine|Interventional Cardiology,disallowed
Pfizer Inc.,No,,PREVNAR  13,Allopathic & Osteopathic Physicians|Psychiatry & Neurology|Child & Adolescent Psychiatry,disallowed
"Den-Mat Holdings, LLC",No,Snap-On Smile,,,disallowed
Mallinckrodt LLC,No,,Exalgo,,allowed
Novartis Pharmaceuticals Corporation,No,,EXFORGE,Allopathic & Osteopathic Physicians|Psychiatry & Neurology|Addiction Psychiatry,disallowed
Purdue Pharma L.P.,No,,OXYCONTIN,Allopathic & Osteopathic Physicians|Physical Medicine & Rehabilitation|Pediatric Rehabilitation Medicine,disallowed
AstraZeneca Pharmaceuticals LP,No,,BYDUREON,Allopathic & Osteopathic Physicians|Internal Medicine|Pulmonary Disease,disallowed
"Meda Pharmaceuticals, Inc.",No,,Dymista,Allopathic & Osteopathic Physicians|Family Medicine|Adolescent Medicine,disallowed
"Janssen Products, LP",No,,Zytiga,Allopathic & Osteopathic Physicians|Radiology|Vascular & Interventional Radiology,disallowed
"Horizon Pharma USA, Inc.",No,,DUEXIS-800mg Ibuprofen- 26.6mg Famotidine,"Emergency Medical Service Providers|Emergency Medical Technician, Paramedic",disallowed
Valeant Pharmaceuticals North America LLC,No,,OTHER PRODUCT,Allopathic & Osteopathic Physicians|Internal Medicine,disallowed
Amgen Inc.,No,,Enbrel,Allopathic & Osteopathic Physicians|Pediatrics,disallowed
Eisai Inc.,No,,Banzel,Allopathic & Osteopathic Physicians|Neurological Surgery,disallowed
"K2M, Inc.",No,VESUVIUS,,Podiatric Medicine & Surgery Service Providers|Podiatrist|Foot & Ankle Surgery,disallowed
PFIZER INC.,No,,VIAGRA,Allopathic & Osteopathic Physicians|Family Medicine,disallowed
Warner Chilcott LLC,No,,DORYX,Allopathic & Osteopathic Physicians|Obstetrics & Gynecology|Obstetrics,disallowed
Novartis Pharmaceuticals Corporation,No,,EXELON PATCH,Allopathic & Osteopathic Physicians|Thoracic Surgery (Cardiothoracic Vascular Surgery),disallowed
Ethicon Inc.,No,Advanced Wound Care,,Allopathic & Osteopathic Physicians|Anesthesiology,disallowed
AstraZeneca Pharmaceuticals LP,No,,BYDUREON WEEKLY,Allopathic & Osteopathic Physicians|Family Medicine|Geriatric Medicine,disallowed
"Medtronic Vascular, Inc.",No,Aortic Stent Grafts,,Eye and Vision Services Providers|Optometrist,disallowed
Merck Sharp & Dohme Corporation,No,,NOXAFIL,Allopathic & Osteopathic Physicians|Internal Medicine|Pulmonary Disease,disallowed
Alcon Laboratories Inc,No,,IOL,Allopathic & Osteopathic Physicians|Pediatrics|Adolescent Medicine,disallowed
"St. Jude Medical, Inc.",No,St. Jude Medical,,Allopathic & Osteopathic Physicians|Anesthesiology|Pain Medicine,disallowed
3M Company,No,Dental Impression Materials,,Chiropractic Providers|Chiropractor,disallowed
"Lanx, Inc.",No,Spinal Fusion Device,,Allopathic & Osteopathic Physicians|Pain Medicine|Interventional Pain Medicine,disallowed
"UCB, Inc.",No,,Neupro,Allopathic & Osteopathic Physicians|Neuromusculoskeletal Medicine & OMM,disallowed
Roche Products Limited,No,,Non-Covered Product,Allopathic & Osteopathic Physicians|Pathology|Anatomic Pathology,disallowed
Amarin Pharma Inc.,No,,Vascepa,Allopathic & Osteopathic Physicians|Internal Medicine|Adolescent Medicine,disallowed
"Teva Pharmaceuticals USA, Inc.",No,,Obatoclax,Allopathic & Osteopathic Physicians|Internal Medicine|Medical Oncology,allowed
Novo Nordisk Inc,No,,Vagifem,"Allopathic & Osteopathic Physicians|Internal Medicine|Endocrinology, Diabetes & Metabolism",disallowed
"UCB, Inc.",No,,,Allopathic & Osteopathic Physicians|Pediatrics|Neurodevelopmental Disabilities,disallowed
"ISTO TECHNOLOGIES, INC.",No,INQU,,Allopathic & Osteopathic Physicians|Orthopaedic Surgery|Sports Medicine,disallowed
Olympus Corporation of the Americas,No,,,Allopathic & Osteopathic Physicians|Internal Medicine|Pulmonary Disease,disallowed
Merck Sharp & Dohme Corporation,No,,NON-PRODUCT,Allopathic & Osteopathic Physicians|Dermatology|Procedural Dermatology,disallowed
Dentsply International,No,,,Dental Providers|Dentist|Orthodontics and Dentofacial Orthopedics,disallowed
"FUJIFILM Medical Systems USA, Inc.",No,EB-530US,,Allopathic & Osteopathic Physicians|Internal Medicine|Pulmonary Disease,disallowed
Merck Sharp & Dohme Corporation,No,,MK-0822,Allopathic & Osteopathic Physicians|Obstetrics & Gynecology,allowed
"Boehringer Ingelheim Pharmaceuticals, Inc.",No,,Tradjenta,Allopathic & Osteopathic Physicians|Allergy & Immunology|Allergy,disallowed
Pfizer Inc.,No,,LYRICA,Allopathic & Osteopathic Physicians|Anesthesiology,disallowed
PFIZER INC.,No,,XALKORI,Allopathic & Osteopathic Physicians|Internal Medicine|Hematology & Oncology,disallowed
Spiracur Inc.,No,SNaP,,Allopathic & Osteopathic Physicians|Preventive Medicine|Undersea and Hyperbaric Medicine,disallowed
Peerless Surgical Inc.,No,ARTHREX PRODUCT LINE DISTAL EXTREMITY ARTHROSCOPY,,Allopathic & Osteopathic Physicians|Orthopaedic Surgery,disallowed
Allergan Inc.,No,LAP-BAND,,Dental Providers|Dentist|Orthodontics and Dentofacial Orthopedics,disallowed
GE Healthcare,No,,ADREVIEW IOBENGUANE,Allopathic & Osteopathic Physicians|Neurological Surgery,disallowed
"Janssen Pharmaceuticals, Inc",No,,Invega Sustenna,Allopathic & Osteopathic Physicians|Internal Medicine|Pulmonary Disease,disallowed
Olympus Corporation of the Americas,No,Endoscopy Products,,"Student, Health Care|Student in an Organized Health Care Education/Training Program",disallowed
"GlaxoSmithKline, LLC.",No,,ZYGARA,Allopathic & Osteopathic Physicians|Surgery,allowed
"SportsTek Medical, Inc",No,ALL ARTHREX PRODUCT LINES,,Podiatric Medicine & Surgery Service Providers|Podiatrist|Foot & Ankle Surgery,disallowed
Sunovion Pharmaceuticals Inc.,No,,Latuda,Hospitals|Long Term Care Hospital,disallowed
Novartis Pharmaceuticals Corporation,No,,TEKTURNA,Allopathic & Osteopathic Physicians|Radiology|Vascular & Interventional Radiology,disallowed
"Merz North America, Inc.",No,,Naftin,Allopathic & Osteopathic Physicians|Dermatology|MOHS-Micrographic Surgery,disallowed
Boston Scientific Corporation,No,URETERAL DILATATION,,Allopathic & Osteopathic Physicians|Internal Medicine|Critical Care Medicine,disallowed
Small Bone Innovations Inc.,No,STAR Ankle,,Podiatric Medicine & Surgery Service Providers|Podiatrist|Sports Medicine,disallowed
Valeant Pharmaceuticals North America LLC,No,SCULPTRA AESTHETIC,,Allopathic & Osteopathic Physicians|Dermatology,disallowed
"Hu-Friedy Mfg. Co., LLC",No,Orthodontics,,Dental Providers|Dentist|Pediatric Dentistry,disallowed
Pfizer Inc.,No,,SPIRIVA,Allopathic & Osteopathic Physicians|Family Medicine|Geriatric Medicine,disallowed
"FOREST PHARMACEUTICALS, INC.",No,,VIIBRYD,,disallowed
"Genentech, Inc.",No,,Tamiflu,,allowed
"EXACTA Dental Products, Inc.",No,Dispensing Gun 25ml,Dispensing Gun 25ml,Dental Providers|Dentist,disallowed
Modern Orthopedic Consultants,No,ARTHREX PRODUCT LINE ARTHROPLASTY,,Allopathic & Osteopathic Physicians|Orthopaedic Surgery|Sports Medicine,disallowed
NOVARTIS PHARMACEUTICALS CORPORATION,No,,Cosentyx,Allopathic & Osteopathic Physicians|Dermatology,disallowed
Cubist Pharmaceuticals Inc,No,,CUBICIN,Allopathic & Osteopathic Physicians|General Practice,disallowed
AstraZeneca Pharmaceuticals LP,No,,CRESTOR,Allopathic & Osteopathic Physicians|Internal Medicine|Rheumatology,disallowed
"BTG International, Inc.",No,,CROFAB,Allopathic & Osteopathic Physicians|Family Medicine,disallowed
"AMAG Pharmaceuticals, Inc.",No,,Feraheme,Allopathic & Osteopathic Physicians|Internal Medicine|Hematology & Oncology,disallowed
"Meda Pharmaceuticals, Inc.",No,,Dymista,Allopathic & Osteopathic Physicians|Otolaryngology|Otolaryngic Allergy,disallowed
"Auxilium Pharmaceuticals, Inc.",No,,XIAFLEX,Allopathic & Osteopathic Physicians|Dermatology,allowed
3M Company,No,Orthodontic Adhesives,,Dental Providers|Dentist|General Practice,disallowed
"RTI Surgical, Inc.",No,nanOss BA3D,,Other Service Providers|Specialist,disallowed
Fidia Pharma USA Inc,No,,HYALGAN,Allopathic & Osteopathic Physicians|Psychiatry & Neurology|Sleep Medicine,disallowed
"Takeda Pharmaceuticals America, Inc.",No,,Kazano,Allopathic & Osteopathic Physicians|Pediatrics,disallowed
Novo Nordisk Inc,No,,Victoza,Allopathic & Osteopathic Physicians|Internal Medicine|Gastroenterology,disallowed
LifeCell Corporation,No,Strattice,,Allopathic & Osteopathic Physicians|Orthopaedic Surgery,disallowed
"Smith & Nephew, Inc.",No,Negative Pressure Wound Therapy,,Allopathic & Osteopathic Physicians|Orthopaedic Surgery|Sports Medicine,disallowed
Merck Sharp & Dohme Corporation,No,,JANUVIA,Allopathic & Osteopathic Physicians|Physical Medicine & Rehabilitation,disallowed
Merck Sharp & Dohme Corporation,No,,AVELOX,Allopathic & Osteopathic Physicians|Surgery,disallowed
Merz Pharmaceuticals GmbH,No,,,Allopathic & Osteopathic Physicians|Internal Medicine|Gastroenterology,disallowed
Warner Chilcott LLC,No,,LO LOESTRIN,Allopathic & Osteopathic Physicians|Obstetrics & Gynecology|Maternal & Fetal Medicine,disallowed
Terumo Cardiovascular Systems Corporation,No,CARDIOVASCULAR PRODUCT,,Dental Providers|Dentist|Oral and Maxillofacial Pathology,disallowed
"Smith & Nephew, Inc.",No,Recon Knees,,Allopathic & Osteopathic Physicians|Orthopaedic Surgery|Foot and Ankle Surgery,disallowed
Dendreon Corporation,No,,PROVENGE,Allopathic & Osteopathic Physicians|Orthopaedic Surgery,disallowed
Boston Scientific Corporation,No,BRADY SYSTEM,,Allopathic & Osteopathic Physicians|Family Medicine,disallowed
Boston Scientific Corporation,No,URETERAL STENTS AND GUIDEWIRES,,Allopathic & Osteopathic Physicians|Surgery,disallowed
"Ozark Cryosurgery, LLC",No,,,Allopathic & Osteopathic Physicians|Urology,disallowed
Eisai Inc.,No,,Belviq,Allopathic & Osteopathic Physicians|Psychiatry & Neurology|Addiction Medicine,disallowed
"Medtronic Vascular, Inc.",No,Pacemakers,,"Allopathic & Osteopathic Physicians|Internal Medicine|Endocrinology, Diabetes & Metabolism",disallowed
Olympus Corporation of the Americas,No,Endoscopy Products,,,allowed
Cook Incorporated,No,AI - Advanced Tech,,Allopathic & Osteopathic Physicians|Thoracic Surgery (Cardiothoracic Vascular Surgery),disallowed
"AKRIMAX PHARMACEUTICALS, LLC",No,,PRIMLEV,Other Service Providers|Specialist,disallowed
"Janssen Scientific Affairs, LLC",No,,Simponi,Allopathic & Osteopathic Physicians|Internal Medicine|Nephrology,disallowed
"IsoTis OrthoBioligics, Inc.",No,Ortho-Bone Grafts,,Allopathic & Osteopathic Physicians|Family Medicine,disallowed
Amgen Inc.,No,,XGEVA,Allopathic & Osteopathic Physicians|Internal Medicine|Hematology & Oncology,allowed
"Salix Pharmaceuticals, Ltd",No,,Xifaxan 550 mg,Allopathic & Osteopathic Physicians|Psychiatry & Neurology|Psychiatry,disallowed
AstraZeneca Pharmaceuticals LP,No,,,Behavioral Health & Social Service Providers|Psychologist|Prescribing (Medical),disallowed
Amgen Inc.,No,,EPOGEN,Other Service Providers|Specialist|Graphics Designer,disallowed
Zimmer Holding Inc,No,Extremities,,Allopathic & Osteopathic Physicians|Preventive Medicine|Aerospace Medicine,disallowed
Astellas Pharma US Inc,No,,Myrbetriq,Allopathic & Osteopathic Physicians|Physical Medicine & Rehabilitation|Sports Medicine,disallowed
Reckitt Benckiser Pharmaceuticals Inc.,No,,SUBOXONE SUBLINGUAL FILM,Allopathic & Osteopathic Physicians|Family Medicine|Addiction Medicine,disallowed
"E.R. Squibb & Sons, L.L.C.",No,,ERBITUX,Allopathic & Osteopathic Physicians|Obstetrics & Gynecology|Gynecology,disallowed
"Ivoclar Vivadent, Inc.",No,"Helioseal Clear Refill 1x1.25 g, Helioseal F Refill 1x1.25 g, Fluor Protector Intro Pack 4 x 0.4 ml",,Dental Providers|Dentist,disallowed
"INTERNATIONAL REHABILITATIVE SCIENCES, INC",No,RS-LFS,,Allopathic & Osteopathic Physicians|Neurological Surgery,disallowed
"Genentech USA, Inc.",No,,Nutropin AQ,Allopathic & Osteopathic Physicians|Pediatrics|Pediatric Endocrinology,disallowed
"Otsuka America Pharmaceutical, Inc.",No,BREATHTEK,,Allopathic & Osteopathic Physicians|Thoracic Surgery (Cardiothoracic Vascular Surgery),disallowed
HOLOGIC INC,No,SXCH SYS 3018,,Allopathic & Osteopathic Physicians|Radiology|Diagnostic Radiology,disallowed
Orthofix International N.V.,No,BioStim,,Allopathic & Osteopathic Physicians|Pain Medicine|Interventional Pain Medicine,disallowed
"GlaxoSmithKline, LLC.",No,,,Allopathic & Osteopathic Physicians|Hospitalist,allowed
"Janssen Pharmaceuticals, Inc",No,,Nucynta,Allopathic & Osteopathic Physicians|Pediatrics,disallowed
GENZYME CORPORATION,No,,FABRAZYME,Allopathic & Osteopathic Physicians|Pediatrics|Pediatric Hematology-Oncology,disallowed
"ASAHI INTECC USA, INC.",No,Cardiovascular Intervention,,Allopathic & Osteopathic Physicians|Internal Medicine|Interventional Cardiology,disallowed
Pfizer Inc.,No,,ZYVOX,Allopathic & Osteopathic Physicians|Neuromusculoskeletal Medicine & OMM,disallowed
Bayer HealthCare Pharmaceuticals Inc.,No,,Eovist,Allopathic & Osteopathic Physicians|Radiology|Diagnostic Radiology,disallowed
"MedImmune, LLC",No,,,Allopathic & Osteopathic Physicians|Internal Medicine|Medical Oncology,allowed
Boston Scientific Corporation,No,GUIDEWIRES,,Allopathic & Osteopathic Physicians|Radiology|Neuroradiology,disallowed
US Endoscopy,No,Care & Cleaning,,Allopathic & Osteopathic Physicians|Surgery,disallowed
"Sigma-Tau Pharmaceuticals, Inc.",No,,DEPOCYT,Allopathic & Osteopathic Physicians|Radiology|Diagnostic Radiology,disallowed
Cepheid,No,GeneXpert System,,,allowed
NOVARTIS PHARMACEUTICALS CORPORATION,No,,SERELAXIN,Allopathic & Osteopathic Physicians|Surgery|Vascular Surgery,disallowed
Eisai Inc.,No,,Banzel,Allopathic & Osteopathic Physicians|Surgery,disallowed
"Ipsen Biopharmaceuticals, Inc",No,,Somatuline Depot 120mg.5ml,Allopathic & Osteopathic Physicians|Internal Medicine|Medical Oncology,disallowed
Modern Orthopedic Consultants,No,ARTHREX PRODUCT LINE SHOULDER & ELBOW ARTHROSCOPY,,Allopathic & Osteopathic Physicians|Orthopaedic Surgery,disallowed
"Janssen Biotech, Inc.",No,,Imbruvica,Allopathic & Osteopathic Physicians|Obstetrics & Gynecology,disallowed
Merck Sharp & Dohme Corporation,No,,GARDASIL,Other Service Providers|Specialist,disallowed
"Ivoclar Vivadent, Inc.",No,Bleach BL Shade Guide,,Dental Providers|Dentist|General Practice,disallowed
LifeCell Corporation,No,Strattice    Laparoscopic,,,allowed
Mylan Specialty L.P.,No,,Perforomist,Allopathic & Osteopathic Physicians|Internal Medicine|Clinical Cardiac Electrophysiology,disallowed
3M Company,No,Dental Optical Impression CAD-CAM System,,Dental Providers|Dentist,disallowed
"BIOLASE, INC.",No,"Imaging, Waterlase iPlus, Epic, iLase",,Allopathic & Osteopathic Physicians|Anesthesiology,disallowed
"RSW Medical Company, Inc.",No,ARTHREX PRODUCT LINE DISTAL EXTREMITY ARTHROSCOPY,,Allopathic & Osteopathic Physicians|Surgery|Surgery of the Hand,disallowed
Biogen Idec Inc.,No,,TYSABRI,Chiropractic Providers|Chiropractor,disallowed
"Otsuka America Pharmaceutical, Inc.",No,,ABILIFY MAINTENA,Allopathic & Osteopathic Physicians|Psychiatry & Neurology|Behavioral Neurology & Neuropsychiatry,disallowed
Cordis Corporation,No,Endovascular,,Allopathic & Osteopathic Physicians|Pediatrics|Pediatric Hematology-Oncology,disallowed
Perrigo Company PLC,No,,,Allopathic & Osteopathic Physicians|Physical Medicine & Rehabilitation,disallowed
"SI-Bone, Inc.",No,iFuse Implant,,Other Service Providers|Specialist,disallowed
"Noven Therapeutics, LLC",No,,BRISDELLE,Allopathic & Osteopathic Physicians|Surgery,disallowed
Emergent BioSolutions Inc.,No,Episil,,Allopathic & Osteopathic Physicians|Internal Medicine,disallowed
Novocure Inc.,No,NovoTTF-100A,,Allopathic & Osteopathic Physicians|Emergency Medicine,disallowed
Warner Chilcott LLC,No,,ATELVIA,Podiatric Medicine & Surgery Service Providers|Podiatrist,disallowed
Baxter Healthcare,No,,,Allopathic & Osteopathic Physicians|Internal Medicine|Nephrology,disallowed
Mallinckrodt LLC,No,,Gablofen,Allopathic & Osteopathic Physicians|Neurological Surgery,disallowed
AstraZeneca AB,No,,,,allowed
Stryker Corporation,No,SURGICAL,,Allopathic & Osteopathic Physicians|Family Medicine,disallowed
Astellas Pharma US Inc,No,,Protopic,Dental Providers|Dentist|Periodontics,disallowed
Mentor Worldwide LLC,No,Augmentation,,Managed Care Organizations|Preferred Provider Organization,disallowed
"Takeda Pharmaceuticals U.S.A., Inc.",No,,ULORIC,Allopathic & Osteopathic Physicians|Pediatrics|Pediatric Cardiology,disallowed
Boston Scientific Corporation,No,PERIPHERAL CUTTING BALLOONS,,Allopathic & Osteopathic Physicians|Internal Medicine|Cardiovascular Disease,disallowed
"Cumberland Pharmaceuticals, Inc.",No,,Caldolor,Allopathic & Osteopathic Physicians|Pediatrics,disallowed
"Hu-Friedy Mfg. Co., LLC",No,Orthodontics,,Dental Providers|Dentist,disallowed
LifeCell Corporation,No,AlloDerm,AlloDerm,Allopathic & Osteopathic Physicians|Surgery|Plastic and Reconstructive Surgery,disallowed
"W. L. Gore & Associates, Inc.",No,VIATORR Endoprosthesis,,Allopathic & Osteopathic Physicians|Radiology|Vascular & Interventional Radiology,disallowed
Incyte Corporation,No,,,Allopathic & Osteopathic Physicians|Internal Medicine,disallowed
LifeCell Corporation,No,Strattice,,Allopathic & Osteopathic Physicians|Thoracic Surgery (Cardiothoracic Vascular Surgery),disallowed
"Takeda Development Center Americas, Inc.",No,,Daliresp,,allowed
"DFINE, Inc",No,STAR,,Other Service Providers|Specialist,disallowed
"Santarus, Inc",No,,Zegerid,Allopathic & Osteopathic Physicians|Internal Medicine|Cardiovascular Disease,disallowed
"Cayenne Medical, Inc.",No,Aperfix,,Allopathic & Osteopathic Physicians|Orthopaedic Surgery,disallowed
"EMD Serono, Inc.",No,,Rebif,Allopathic & Osteopathic Physicians|Internal Medicine|Nephrology,disallowed
Merit Medical Systems Inc,No,none,,Allopathic & Osteopathic Physicians|Surgery|Vascular Surgery,disallowed
Boston Scientific Corporation,No,BRADY GENERATOR,,Allopathic & Osteopathic Physicians|Surgery|Vascular Surgery,disallowed
"Ivoclar Vivadent, Inc.",No,Tetric EvoCeram Bulk Fill 20x0.2g IVW,,Dental Providers|Dentist|General Practice,disallowed
DePuy Synthes Products LLC,No,Neurovascular,,,disallowed
"Santarus, Inc",No,,Uceris,Allopathic & Osteopathic Physicians|Radiology|Diagnostic Radiology,disallowed
ERBE USA Inc,No,ERBE,,Allopathic & Osteopathic Physicians|Internal Medicine,disallowed
Cubist Pharmaceuticals Inc,No,,Anti-Bacterial,Allopathic & Osteopathic Physicians|Surgery|Pediatric Surgery,disallowed
"Teva Pharmaceuticals USA, Inc.",No,,QNASL,Physician Assistants & Advanced Practice Nursing Providers|Physician Assistant|Surgical Technologist,disallowed
"Vertical Pharmaceuticals, LLC",No,,Ob Complete Petite,Allopathic & Osteopathic Physicians|Pediatrics,disallowed
Integra LifeSciences Corporation,No,Recon-Lower Extremity Metal,,Allopathic & Osteopathic Physicians|Orthopaedic Surgery|Sports Medicine,disallowed
Stryker Corporation,No,VISUALIZATION,,Allopathic & Osteopathic Physicians|Obstetrics & Gynecology,disallowed
"Janssen Biotech, Inc.",No,,Zytiga,Allopathic & Osteopathic Physicians|Obstetrics & Gynecology|Maternal & Fetal Medicine,disallowed
"Ivoclar Vivadent, Inc.",No,"IPS Ceramic Etch, IPS e.max CAD CERECinLab HT D2 C145, Multilink Automix Easy Refill Transparent",,Dental Providers|Dentist|General Practice,disallowed
"GlaxoSmithKline, LLC.",No,,LOVAZA,"Allopathic & Osteopathic Physicians|Internal Medicine|Endocrinology, Diabetes & Metabolism",disallowed
"Arthrex, Inc.",No,ARTHREX PRODUCT LINE SHOULDER & ELBOW ARTHROSCOPY,,Allopathic & Osteopathic Physicians|Pediatrics,disallowed
Ferring International Pharmascience Center US,No,,,,allowed
Novo Nordisk Inc,No,,,Allopathic & Osteopathic Physicians|Psychiatry & Neurology|Psychiatry,disallowed
Merck Sharp & Dohme Corporation,No,,MK-3222,Allopathic & Osteopathic Physicians|Dermatology,allowed
"LENSAR, Inc.",No,LENSAR LASER SYSTEM,,Eye and Vision Services Providers|Optometrist|Corneal and Contact Management,disallowed
Atrium Medical Corporation,No,Interventional,,Allopathic & Osteopathic Physicians|Internal Medicine,disallowed
"Horizon Pharma USA, Inc.",No,,DUEXIS-800mg Ibuprofen- 26.6mg Famotidine,Allopathic & Osteopathic Physicians|Otolaryngology|Plastic Surgery within the Head & Neck,disallowed
"ACell, Inc.",No,,,Allopathic & Osteopathic Physicians|Surgery|Surgery of the Hand,disallowed
"FOREST PHARMACEUTICALS, INC.",No,,TUDORZA,Allopathic & Osteopathic Physicians|Internal Medicine|Cardiovascular Disease,disallowed
DePuy Synthes Sales Inc.,No,Spine,,Allopathic & Osteopathic Physicians|Surgery|Vascular Surgery,disallowed
"FOREST PHARMACEUTICALS, INC.",No,,LINZESS,Allopathic & Osteopathic Physicians|Internal Medicine|Addiction Medicine,disallowed
SANOFI-AVENTIS U.S. LLC,No,Surgical Adhesion Barrier,,Allopathic & Osteopathic Physicians|Plastic Surgery,disallowed
SANOFI US SERVICES INC.,No,,,Allopathic & Osteopathic Physicians|Otolaryngology,disallowed
"Dexcom, Inc.",No,Dexcom CGM,Dexcom CGM,Allopathic & Osteopathic Physicians|Pediatrics,disallowed
"Takeda Pharmaceuticals America, Inc.",No,,Uloric,Allopathic & Osteopathic Physicians|Anesthesiology,disallowed
Pfizer Inc.,No,,XELJANZ,Allopathic & Osteopathic Physicians|Psychiatry & Neurology|Neurology,disallowed
Bioventus LLC,No,Ultrasound Bone Healing,,Podiatric Medicine & Surgery Service Providers|Podiatrist|Foot & Ankle Surgery,disallowed
BIOVENTUS LLC,No,Joint Fluid Therapy,,Podiatric Medicine & Surgery Service Providers|Podiatrist,disallowed
"BioHorizons Implant Systems, Inc.",No,,,Dental Providers|Dentist|Periodontics,disallowed
"Medtronic USA, Inc.",No,Spinal Cord Neurostimulation - Neuro,,"Ambulatory Health Care Facilities|Clinic/Center|Public Health, State or Local",disallowed
CONMED Corporation,No,General Surgery and Surgical Visualization,,Allopathic & Osteopathic Physicians|Anesthesiology|Critical Care Medicine,disallowed
"CryoLife, Inc.",No,BioGlue,,Allopathic & Osteopathic Physicians|Surgery,disallowed
DePuy Synthes Sales Inc.,No,Hips,,Allopathic & Osteopathic Physicians|Orthopaedic Surgery|Sports Medicine,disallowed
"Hitachi Aloka Medical, Ltd.",No,SSD-F5,,Allopathic & Osteopathic Physicians|Obstetrics & Gynecology|Gynecology,disallowed
Stryker Corporation,No,BONE SUBSTITUTES BIOLOGICS,,Allopathic & Osteopathic Physicians|Internal Medicine|Nephrology,disallowed
"AbbVie, Inc.",No,,Depakote,"Student, Health Care|Student in an Organized Health Care Education/Training Program",disallowed
Stryker Corporation,No,HIPS,,Allopathic & Osteopathic Physicians|Internal Medicine|Hospice and Palliative Medicine,disallowed
EKOS Corporation,Yes,EKOSONIC,,Allopathic & Osteopathic Physicians|Internal Medicine|Cardiovascular Disease,disallowed
Covidien Sales LLC,No,Interventional Lung Solutions,,Allopathic & Osteopathic Physicians|Internal Medicine,disallowed
Ormco Corporation,No,Orthodontics,,Dental Providers|Dentist|Prosthodontics,disallowed
"FOREST PHARMACEUTICALS, INC.",No,,TEFLARO,Allopathic & Osteopathic Physicians|Internal Medicine|Rheumatology,disallowed
"Depomed, Inc.",No,,Gralise and Zipsor,Allopathic & Osteopathic Physicians|Family Medicine|Sports Medicine,disallowed
Cook Medical LLC,No,CC - Antimicrobial Coated Catheters,,Allopathic & Osteopathic Physicians|Internal Medicine|Pulmonary Disease,disallowed
DePuy Synthes Sales Inc.,No,Hips,,Allopathic & Osteopathic Physicians|Preventive Medicine|Aerospace Medicine,disallowed
Pfizer International LLC,No,,GENOTROPIN,Allopathic & Osteopathic Physicians|Pediatrics|Pediatric Endocrinology,disallowed
Merck Sharp & Dohme Corporation,No,,ZOSTAVAX,Allopathic & Osteopathic Physicians|Internal Medicine|Rheumatology,disallowed
ZOLL Medical Corporation,No,DEFIBRILLATOR,,"Allopathic & Osteopathic Physicians|Internal Medicine|Endocrinology, Diabetes & Metabolism",disallowed
"Braintree Laboratories, Inc.",No,,,Other Service Providers|Specialist,disallowed
"CryoLife, Inc.",No,BioGlue,,Allopathic & Osteopathic Physicians|Internal Medicine|Nephrology,disallowed
"Spiration, Inc.",No,Respiratory Products,,Other Service Providers|Specialist,disallowed
"Depomed, Inc.",No,,Gralise,Allopathic & Osteopathic Physicians|Internal Medicine|Medical Oncology,disallowed
"LeMaitre Vascular, Inc.",No,VALVULOTOM,,Allopathic & Osteopathic Physicians|Surgery|Vascular Surgery,disallowed
Baxter Healthcare,No,,BioSurgery - FLOSEAL,Allopathic & Osteopathic Physicians|Surgery|Vascular Surgery,disallowed
Biogen Idec Inc.,No,,TECFIDERA,Physician Assistants & Advanced Practice Nursing Providers|Nurse Practitioner|Gerontology,disallowed
"Janssen Biotech, Inc.",No,,Stelara,Allopathic & Osteopathic Physicians|Radiology|Radiation Oncology,disallowed
Ferring Pharmaceuticals Inc.,No,EUFLEXXA,,,disallowed
SANOFI-AVENTIS U.S. LLC,No,,AFLIBERCEPT,Allopathic & Osteopathic Physicians|Radiology|Vascular & Interventional Radiology,disallowed
"Medtronic Vascular, Inc.",No,Aortic Stent Grafts,,Allopathic & Osteopathic Physicians|Orthopaedic Surgery|Sports Medicine,disallowed
Masimo Corporation,No,Oximetry Monitoring,,Allopathic & Osteopathic Physicians|Family Medicine,disallowed
Ferring Pharmaceuticals Inc.,No,,FIRMAGON,Allopathic & Osteopathic Physicians|Internal Medicine|Cardiovascular Disease,disallowed
Valeant Pharmaceuticals North America LLC,No,HEALOS,DYSPORT,Dental Providers|Dentist,disallowed
"INTERNATIONAL REHABILITATIVE SCIENCES, INC",No,RS-LFS,,Allopathic & Osteopathic Physicians|Family Medicine,disallowed
Gilead Sciences Inc,No,,Ranexa,Allopathic & Osteopathic Physicians|Internal Medicine|Cardiovascular Disease,disallowed
KARLSTORZ Endoscopy-America,No,UROLOGY,,Allopathic & Osteopathic Physicians|Obstetrics & Gynecology,disallowed
"GlaxoSmithKline, LLC.",No,,,Allopathic & Osteopathic Physicians|Pediatrics|Pediatric Pulmonology,allowed
Sunovion Pharmaceuticals Inc.,No,,Brovana,Allopathic & Osteopathic Physicians|Internal Medicine|Geriatric Medicine,disallowed
"DJO Global, Inc.",No,Traction Equipment,,Chiropractic Providers|Chiropractor|Neurology,disallowed
"OmniGuide, Inc.",No,Precision Energy Products for Head & Neck Surgical Applications,,Allopathic & Osteopathic Physicians|Obstetrics & Gynecology,disallowed
"AbbVie, Inc.",No,,Synthroid,Other Service Providers|Specialist,disallowed
"OMNIlife science, Inc",No,Apex Knee System,,Allopathic & Osteopathic Physicians|Orthopaedic Surgery,disallowed
"QOL Medical, LLC",No,,Sucraid,Allopathic & Osteopathic Physicians|Pediatrics|Pediatric Allergy/Immunology,disallowed
"FUJIFILM Medical Systems USA, Inc.",No,General Endoscopy,,Allopathic & Osteopathic Physicians|Internal Medicine|Gastroenterology,disallowed
"Vertos Medical, Inc.",No,mild Kit,,Allopathic & Osteopathic Physicians|Pain Medicine|Pain Medicine,disallowed
"Visualase, Inc.",No,Visualase Thermal Therapy System,,Allopathic & Osteopathic Physicians|Radiology|Diagnostic Radiology,disallowed
"MedImmune, LLC",No,,SYNAGIS,"Student, Health Care|Student in an Organized Health Care Education/Training Program",disallowed
"Genentech, Inc.",No,,,Allopathic & Osteopathic Physicians|Emergency Medicine,disallowed
Lundbeck LLC,No,,ONFI,Hospitals|General Acute Care Hospital|Critical Access,disallowed
Purdue Pharma L.P.,No,,,Allopathic & Osteopathic Physicians|Otolaryngology|Facial Plastic Surgery,disallowed
"EMD Serono, Inc.",No,,,Allopathic & Osteopathic Physicians|Internal Medicine|Nephrology,disallowed
Edwards Lifesciences Corporation,No,Transcatheter Heart Valves,,Allopathic & Osteopathic Physicians|Internal Medicine|Geriatric Medicine,disallowed
Cook Incorporated,No,AI - AAA,,,disallowed
"W. L. Gore & Associates, Inc.",No,Dryseal Sheath with Lubricious C,,Allopathic & Osteopathic Physicians|Surgery,disallowed
TERUMO MEDICAL CORPORATION,No,INTERVENTIONAL PRODUCT,,Allopathic & Osteopathic Physicians|Nuclear Medicine|Nuclear Cardiology,disallowed
Applied Medical Resources Corporation,No,ALEXIS,,,disallowed
"Janssen Research & Development, LLC",No,,Sirukumab,,allowed
Sanofi Pasteur Inc.,No,,MENACTRA,Dental Providers|Dentist|General Practice,disallowed
"Takeda Pharmaceuticals America, Inc.",No,,,Allopathic & Osteopathic Physicians|Family Medicine,disallowed
Amgen Inc.,No,,,Allopathic & Osteopathic Physicians|Neurological Surgery,disallowed
DePuy Orthopaedics Inc.,No,,,Allopathic & Osteopathic Physicians|Family Medicine,disallowed
"Medtronic MiniMed, Inc.",No,,,Other Service Providers|Specialist,disallowed
"Janssen Scientific Affairs, LLC",No,,Prezista,Allopathic & Osteopathic Physicians|Internal Medicine,disallowed
"Medtronic USA, Inc.",No,Drug Infusion Systems,,Allopathic & Osteopathic Physicians|Anesthesiology|Pain Medicine,disallowed
Covidien LP,No,Neurovascular Stents,Neurovascular Stents,,allowed
Astellas Pharma US Inc,No,,ASTAGRAF XL,Allopathic & Osteopathic Physicians|Surgery|Vascular Surgery,disallowed
Allergan Inc.,No,,BOTOX,Allopathic & Osteopathic Physicians|Internal Medicine|Cardiovascular Disease,disallowed
"KCI USA, Inc",No,Surgical Mgmt Therapy,,Other Service Providers|Legal Medicine,disallowed
"QIAGEN Sciences, LLC",No,DIGENE HC2 HPV,,Allopathic & Osteopathic Physicians|Surgery,disallowed
NOVARTIS PHARMACEUTICALS CORPORATION,No,,PRADIGASTAT,,allowed
"FOREST PHARMACEUTICALS, INC.",No,,VIIBRYD,Podiatric Medicine & Surgery Service Providers|Podiatrist|Foot & Ankle Surgery,disallowed
"E.R. Squibb & Sons, L.L.C.",No,,ORENCIA,Allopathic & Osteopathic Physicians|Internal Medicine|Cardiovascular Disease,disallowed
ELI LILLY EXPORT S.A. PUERTO RICO BRANCH,No,,,Allopathic & Osteopathic Physicians|Internal Medicine,disallowed
Tactile Systems Technology Inc,No,Flexitouch,,Allopathic & Osteopathic Physicians|Preventive Medicine|Undersea and Hyperbaric Medicine,disallowed
"Smith & Nephew, Inc.",No,Recon Knees,,Dental Providers|Dentist|Oral and Maxillofacial Surgery,disallowed
Covidien Sales LLC,No,Chronic Venous Insufficiency,,Allopathic & Osteopathic Physicians|Family Medicine,disallowed
Bayer HealthCare Pharmaceuticals Inc.,No,,Nexavar,Allopathic & Osteopathic Physicians|Thoracic Surgery (Cardiothoracic Vascular Surgery),disallowed
Alcon Laboratories Inc,No,,Simbrinza,Allopathic & Osteopathic Physicians|Urology,disallowed
HZNP USA Inc.,No,,Actimmune,Allopathic & Osteopathic Physicians|Internal Medicine|Infectious Disease,disallowed
Grifols Therapeutics Inc.,No,,Thrombate III,Allopathic & Osteopathic Physicians|Thoracic Surgery (Cardiothoracic Vascular Surgery),disallowed
SANOFI-AVENTIS U.S. LLC,No,Osteoarthritis of the knee,,Podiatric Medicine & Surgery Service Providers|Podiatrist|Foot & Ankle Surgery,disallowed
Novocure Inc.,No,NovoTTF-100A,,,allowed
Lundbeck LLC,No,,BRINTELLIX,Allopathic & Osteopathic Physicians|Psychiatry & Neurology|Neurology,disallowed
"Genentech USA, Inc.",No,,Xolair,Allopathic & Osteopathic Physicians|Internal Medicine|Geriatric Medicine,disallowed
Biogen Idec Inc.,No,,AVONEX,Allopathic & Osteopathic Physicians|Psychiatry & Neurology|Addiction Medicine,disallowed
Merck Sharp & Dohme Corporation,No,,ZOSTAVAX,Allopathic & Osteopathic Physicians|Family Medicine|Geriatric Medicine,disallowed
"LILLY USA, LLC",No,,STRATTERA,Allopathic & Osteopathic Physicians|Physical Medicine & Rehabilitation,disallowed
"Ipsen Biopharmaceuticals, Inc",No,,Increlex,Allopathic & Osteopathic Physicians|Pediatrics,disallowed
"E.R. Squibb & Sons, L.L.C.",No,,,Allopathic & Osteopathic Physicians|Internal Medicine,allowed
Eisai Inc.,No,,Fycompa,Allopathic & Osteopathic Physicians|Neuromusculoskeletal Medicine & OMM,disallowed
"Janssen Biotech, Inc.",No,,No Product,Allopathic & Osteopathic Physicians|Pathology|Anatomic Pathology & Clinical Pathology,disallowed
Merit Medical Systems Inc,No,Surgery,,"Student, Health Care|Student in an Organized Health Care Education/Training Program",disallowed
"Dentalez Alabama, Inc.",No,Lumina Light,,Allopathic & Osteopathic Physicians|Oral & Maxillofacial Surgery,disallowed
Covidien Sales LLC,No,Instrumentation,,Allopathic & Osteopathic Physicians|Colon & Rectal Surgery,disallowed
"Grifols USA, LLC",No,,Thrombate III,Allopathic & Osteopathic Physicians|Pathology|Clinical Pathology/Laboratory Medicine,disallowed
"Auxilium Pharmaceuticals, Inc.",No,,TESTIM,Allopathic & Osteopathic Physicians|Internal Medicine|Adolescent Medicine,disallowed
Johnson & Johnson Health Care Systems Inc.,No,,Remicade,Allopathic & Osteopathic Physicians|Family Medicine,disallowed
"UHS Surgical Services, Inc.",No,High-Intensity Focused Ultrasound Equipment,,Allopathic & Osteopathic Physicians|Emergency Medicine,disallowed
Astellas Pharma US Inc,No,,Myrbetriq,Allopathic & Osteopathic Physicians|Internal Medicine|Rheumatology,disallowed
AstraZeneca Pharmaceuticals LP,No,,,Allopathic & Osteopathic Physicians|Oral & Maxillofacial Surgery,disallowed
Endo Pharmaceuticals Inc.,No,,OPANA ER,Allopathic & Osteopathic Physicians|Physical Medicine & Rehabilitation|Pain Medicine,disallowed
SANOFI-AVENTIS U.S. LLC,No,Osteoarthritis of the Knee,,Allopathic & Osteopathic Physicians|Internal Medicine|Pulmonary Disease,disallowed
"FOREST PHARMACEUTICALS, INC.",No,,BYSTOLIC,"Allopathic & Osteopathic Physicians|Internal Medicine|Endocrinology, Diabetes & Metabolism",disallowed
3M Company,No,Dental Implants,,"Student, Health Care|Student in an Organized Health Care Education/Training Program",disallowed
"Hospira Worldwide, Inc.",No,,Dexmedetomidine Hydrochloride Injection Precedex 100 mcg,Allopathic & Osteopathic Physicians|Internal Medicine|Gastroenterology,disallowed
Stryker Corporation,No,TRAUMA & EXTREMITIES,,"Respiratory, Developmental, Rehabilitative and Restorative Service Providers|Rehabilitation Practitioner",disallowed
Pfizer Inc.,No,,ELIQUIS,Allopathic & Osteopathic Physicians|Internal Medicine|Rheumatology,disallowed
"Ipsen Biopharmaceuticals, Inc",No,,Dysport 300 U-1,Allopathic & Osteopathic Physicians|Physical Medicine & Rehabilitation,allowed
Pfizer Inc.,No,,XALKORI,,disallowed
Edwards Lifesciences Corporation,No,Minimal Incision Valve Surgery,,Allopathic & Osteopathic Physicians|Internal Medicine|Interventional Cardiology,disallowed
Merck Sharp & Dohme Corporation,No,,GARDASIL,,disallowed
Pfizer Inc.,No,,REBIF,Allopathic & Osteopathic Physicians|Internal Medicine|Nephrology,disallowed
HOLOGIC INC,No,SXCH SYS 3055,,Allopathic & Osteopathic Physicians|Radiology|Diagnostic Radiology,disallowed
"Takeda Pharmaceuticals America, Inc.",No,,DEXILANT,Allopathic & Osteopathic Physicians|Ophthalmology,disallowed
Merck Sharp & Dohme Corporation,No,,ASMANEX,,disallowed
"W. L. Gore & Associates, Inc.",No,PROPATEN  Vascular Graft,,Allopathic & Osteopathic Physicians|Surgery|Trauma Surgery,disallowed
DENTSPLY LLC,No,,,Dental Providers|Dentist,disallowed
"Onset Dermatolology, Inc",No,,LOCOID BRAND,Allopathic & Osteopathic Physicians|Pediatrics,disallowed
"St. Jude Medical, Inc.",No,Neuro-Chronic Pain,,"Respiratory, Developmental, Rehabilitative and Restorative Service Providers|Rehabilitation Practitioner",disallowed
Celleration_Inc,No,MIST Therapy,MIST Therapy,Allopathic & Osteopathic Physicians|Surgery|Vascular Surgery,allowed
The Medicines Company,No,,CLEVIPREX,Allopathic & Osteopathic Physicians|Pediatrics,disallowed
Synthes USA Products LLC,No,Spine-Cervical,,Allopathic & Osteopathic Physicians|Neurological Surgery,disallowed
"Penumbra, Inc.",No,Penumbra Coil 400,,Allopathic & Osteopathic Physicians|Psychiatry & Neurology|Neurology with Special Qualifications in Child Neurology,disallowed
"Medtronic USA, Inc.",No,,,Allopathic & Osteopathic Physicians|Anesthesiology|Pain Medicine,disallowed
Stryker Corporation,No,BONE SUBSTITUTESBIOLOGICS,,Allopathic & Osteopathic Physicians|Neurological Surgery,disallowed
Merck Sharp & Dohme Corporation,No,,JANUVIA Diabetes,Hospitals|General Acute Care Hospital|Critical Access,disallowed
Allergan Inc.,No,,,Allopathic & Osteopathic Physicians|Family Medicine|Adolescent Medicine,disallowed
Shire US Holdings,No,,LIALDA,Allopathic & Osteopathic Physicians|Pain Medicine|Pain Medicine,disallowed
Phadia US Inc.,No,SDG-IDD-Allergy,,Allopathic & Osteopathic Physicians|Internal Medicine|Gastroenterology,disallowed
HOLOGIC INC,No,WS ACC1024,,Allopathic & Osteopathic Physicians|Radiology|Diagnostic Radiology,disallowed
"Janssen Pharmaceuticals, Inc",Yes,,Invokana,"Allopathic & Osteopathic Physicians|Internal Medicine|Endocrinology, Diabetes & Metabolism",disallowed
Pfizer Inc.,No,,SOMAVERT,Allopathic & Osteopathic Physicians|Obstetrics & Gynecology,disallowed
"GlaxoSmithKline, LLC.",No,,BREO,Allopathic & Osteopathic Physicians|Allergy & Immunology|Allergy,disallowed
LifeCell Corporation,No,Strattice,,Podiatric Medicine & Surgery Service Providers|Podiatrist|Foot & Ankle Surgery,disallowed
"GlaxoSmithKline, LLC.",No,,SYNCRIA,Allopathic & Osteopathic Physicians|Internal Medicine|Gastroenterology,allowed
"Medtronic Sofamor Danek USA, Inc.",No,,,Dental Providers|Dentist|Periodontics,disallowed
"Salix Pharmaceuticals, Ltd",No,,SOLESTA,,disallowed
Covidien Sales LLC,No,Vessel Sealing,,Allopathic & Osteopathic Physicians|Surgery|Trauma Surgery,disallowed
Cook Biotech Incorporated,No,,,Allopathic & Osteopathic Physicians|Pediatrics|Pediatric Hematology-Oncology,disallowed
Thoratec Corporation,No,MCS-Multiple Products-General,,Allopathic & Osteopathic Physicians|Thoracic Surgery (Cardiothoracic Vascular Surgery),disallowed
Daiichi Sankyo Inc.,No,,Welchol,Allopathic & Osteopathic Physicians|Internal Medicine|Hematology,disallowed
"Biomet Orthopedics, LLC",No,ORTHO - KNEES,,Allopathic & Osteopathic Physicians|Internal Medicine,disallowed
"Grifols USA, LLC",No,,Prolastin-C,Allopathic & Osteopathic Physicians|Surgery|Plastic and Reconstructive Surgery,disallowed
SANOFI-AVENTIS U.S. LLC,No,,APIDRA,Ambulatory Health Care Facilities|Clinic/Center|Genetics,disallowed
Convatec Inc.,No,WOUND THERAPEUTICS,,Allopathic & Osteopathic Physicians|Dermatology,disallowed
Amgen Inc.,No,,XGEVA,Allopathic & Osteopathic Physicians|Emergency Medicine,disallowed
Astellas Pharma US Inc,No,,Lexiscan,Dental Providers|Dentist|Oral and Maxillofacial Surgery,disallowed
Covidien LP,No,Procedural Support and Other,,Allopathic & Osteopathic Physicians|Anesthesiology,disallowed
Covidien LP,No,Neurovascular Access Delivery,,Allopathic & Osteopathic Physicians|Radiology|Neuroradiology,disallowed
"Asuragen, Inc.",No,RNARetain,,Allopathic & Osteopathic Physicians|Pathology|Anatomic Pathology & Clinical Pathology,disallowed
Covidien LP,No,Pulse Ox Monitors,Pulse Ox Monitors,Allopathic & Osteopathic Physicians|Anesthesiology,allowed
"E.R. Squibb & Sons, L.L.C.",No,,ELIQUIS,Allopathic & Osteopathic Physicians|Preventive Medicine|Public Health & General Preventive Medicine,disallowed
"Medtronic Sofamor Danek USA, Inc.",No,,Prolia,Allopathic & Osteopathic Physicians|Radiology|Vascular & Interventional Radiology,disallowed
Kairos Surgical Inc,No,ARTHREX PRODUCT LINE KNEE & HIP ARTHROSCOPY,,Allopathic & Osteopathic Physicians|Orthopaedic Surgery|Sports Medicine,disallowed
"Medicrea USA, Corp.",No,Orthopaedic implants,,Other Service Providers|Specialist,disallowed
Sanofi Pasteur Inc.,No,,,,disallowed
"Auxilium Pharmaceuticals, Inc.",No,,TESTIM,Allopathic & Osteopathic Physicians|Psychiatry & Neurology|Neurology,disallowed
Baxter Healthcare,No,,BioTherapeutics - GAMMAGARD-KIOVIG,Allopathic & Osteopathic Physicians|Internal Medicine|Geriatric Medicine,disallowed
KLS Martin L.P.,No,Power,,Dental Providers|Dentist,disallowed
"Merz, Inc.",No,,,Allopathic & Osteopathic Physicians|Dermatology,disallowed
Olympus America Inc.,No,Endoscopy Products,,Allopathic & Osteopathic Physicians|Otolaryngology,disallowed
SHIONOGI INC,No,,Osphena,Podiatric Medicine & Surgery Service Providers|Podiatrist|Primary Podiatric Medicine,disallowed
SANOFI-AVENTIS U.S. LLC,No,,ELITEK,Allopathic & Osteopathic Physicians|Internal Medicine|Adolescent Medicine,disallowed
"EBI MEDICAL SYSTEMS, LLC",No,BSBHT - BGS BHS STIMULATORS,,Allopathic & Osteopathic Physicians|Pediatrics,disallowed
Dyax Corp,No,,DX-2930,Other Service Providers|Specialist,disallowed
Exelixis Inc.,No,,COMETRIQ,Allopathic & Osteopathic Physicians|Pathology|Anatomic Pathology & Clinical Pathology,disallowed
American Medical Systems Inc.,No,,,Allopathic & Osteopathic Physicians|Pediatrics,disallowed
Masimo Corporation,No,Oximetry Monitoring,,Allopathic & Osteopathic Physicians|Obstetrics & Gynecology|Obstetrics,disallowed
F. Hoffmann-La Roche AG,No,,Avastin,Allopathic & Osteopathic Physicians|Internal Medicine|Hematology & Oncology,disallowed
The Spectranetics Corporation,No,SLS IIGLIDELIGHT,,Hospitals|General Acute Care Hospital|Critical Access,disallowed
"Onset Dermatolology, Inc",No,,,Allopathic & Osteopathic Physicians|Emergency Medicine,disallowed
Merck Sharp & Dohme Corporation,No,,MK-0518B,Allopathic & Osteopathic Physicians|Internal Medicine|Infectious Disease,disallowed
Novartis Pharmaceuticals Corporation,No,,EXFORGE,Allopathic & Osteopathic Physicians|Neuromusculoskeletal Medicine & OMM,disallowed
Stryker Corporation,No,TRAUMA & EXTREMITIES,,Allopathic & Osteopathic Physicians|Family Medicine|Sports Medicine,disallowed
Coopervision Inc.,No,CVI Contact Lens,,Allopathic & Osteopathic Physicians|Ophthalmology,disallowed
Merck Sharp & Dohme Corporation,No,,VYTORIN,Allopathic & Osteopathic Physicians|Ophthalmology,disallowed
"Biomet Spine, LLC",No,BSBHT - SPINE,,Allopathic & Osteopathic Physicians|Orthopaedic Surgery|Pediatric Orthopaedic Surgery,disallowed
Premier Dental Products Company,No,E4D Conical Milling Bur ABS 270 325 Mesh,,Dental Providers|Dentist,disallowed
"Grifols USA, LLC",No,,Thrombate III,Allopathic & Osteopathic Physicians|Internal Medicine|Pulmonary Disease,disallowed
Mylan Specialty L.P.,No,,Perforomist,Allopathic & Osteopathic Physicians|Allergy & Immunology|Clinical & Laboratory Immunology,disallowed
AstraZeneca Pharmaceuticals LP,No,,,Allopathic & Osteopathic Physicians|Psychiatry & Neurology|Behavioral Neurology & Neuropsychiatry,disallowed
"AbbVie, Inc.",No,,,Allopathic & Osteopathic Physicians|Radiology|Vascular & Interventional Radiology,disallowed
Gilead Sciences Inc,No,,Sovaldi,"Student, Health Care|Student in an Organized Health Care Education/Training Program",disallowed
"St. Jude Medical, Inc.",No,Electrophysiology,,Behavioral Health & Social Service Providers|Psychologist|Clinical,disallowed
AstraZeneca Pharmaceuticals LP,No,,NEXIUM,Allopathic & Osteopathic Physicians|Family Medicine,disallowed
Stryker Corporation,No,ORTHOBIOLOGICS,,Allopathic & Osteopathic Physicians|Internal Medicine|Interventional Cardiology,disallowed
Novartis Pharmaceuticals Corporation,No,,XOLAIR,Allopathic & Osteopathic Physicians|Emergency Medicine|Emergency Medical Services,disallowed
"Globus Medical, Inc.",No,Spine,,Allopathic & Osteopathic Physicians|Physical Medicine & Rehabilitation|Pain Medicine,disallowed
Merck Sharp & Dohme Corporation,No,,,Allopathic & Osteopathic Physicians|Internal Medicine|Medical Oncology,disallowed
Daiichi Sankyo Inc.,No,,Welchol,Allopathic & Osteopathic Physicians|Internal Medicine|Infectious Disease,disallowed
"Alphatec Spine, Inc",No,Illico,,Allopathic & Osteopathic Physicians|General Practice,disallowed
"Arthrex, Inc.",No,ALL ARTHREX PRODUCT LINES,,Podiatric Medicine & Surgery Service Providers|Podiatrist,disallowed
"Otsuka America Pharmaceutical, Inc.",No,,SAMSCA,Allopathic & Osteopathic Physicians|Family Medicine,disallowed
"Advanced Orthopaedic Solutions, Inc.",No,AOS Tibial Nail,,Allopathic & Osteopathic Physicians|Orthopaedic Surgery,disallowed
Allergan Inc.,No,,LUMIGAN,Allopathic & Osteopathic Physicians|Dermatology|Dermatopathology,disallowed
"Medtronic USA, Inc.",No,Deep Brain Neurostimulation,,"Student, Health Care|Student in an Organized Health Care Education/Training Program",disallowed
Boston Scientific Corporation,No,DBS,,Allopathic & Osteopathic Physicians|Psychiatry & Neurology|Neurology,disallowed
Merck Sharp & Dohme Corporation,No,,ZOSTAVAX,Allopathic & Osteopathic Physicians|Internal Medicine|Adolescent Medicine,disallowed
BIOVENTUS LLC,No,Joint Fluid Therapy,,Allopathic & Osteopathic Physicians|Hospitalist,disallowed
ACUMED LLC,No,Hand & Wrist,,Allopathic & Osteopathic Physicians|Family Medicine,disallowed
Novartis Pharmaceuticals Corporation,No,,EXFORGE,Allopathic & Osteopathic Physicians|Obstetrics & Gynecology,disallowed
B. Braun Interventional Systems Inc.,No,Angioplasty Balloons - HCA,,Allopathic & Osteopathic Physicians|Anesthesiology,disallowed
Amarin Pharma Inc.,No,,Vascepa,Allopathic & Osteopathic Physicians|Internal Medicine|Interventional Cardiology,disallowed
GENZYME CORPORATION,No,,ALDURAZYME,Allopathic & Osteopathic Physicians|Pathology|Anatomic Pathology,disallowed
"MicroVention, Inc.",No,NEUROLOGICAL PRODUCT,,Allopathic & Osteopathic Physicians|Radiology|Diagnostic Radiology,disallowed
"Medtronic USA, Inc.",No,Spinal Cord Neurostimulation - Neuro,,Allopathic & Osteopathic Physicians|Orthopaedic Surgery|Adult Reconstructive Orthopaedic Surgery,disallowed
"Avanir Pharmaceuticals, Inc.",No,,Nuedexta,Allopathic & Osteopathic Physicians|Family Medicine|Hospice and Palliative Medicine,disallowed
Ethicon Inc.,No,Sutures,,Allopathic & Osteopathic Physicians|Anesthesiology,disallowed
SANOFI-AVENTIS U.S. LLC,No,,CABAZITAXEL,Allopathic & Osteopathic Physicians|Pathology|Anatomic Pathology & Clinical Pathology,disallowed
DePuy Synthes Sales Inc.,No,Thoracolumbar,,Allopathic & Osteopathic Physicians|Orthopaedic Surgery|Pediatric Orthopaedic Surgery,disallowed
"Seattle Genetics, Inc.",No,,,,disallowed
INSULET CORPORATION,No,OMNIPODINSULINMANAGEMENTSYSTEM,,"Allopathic & Osteopathic Physicians|Internal Medicine|Endocrinology, Diabetes & Metabolism",disallowed
Gilead Sciences Inc,No,,Unbranded OTHER,Allopathic & Osteopathic Physicians|Surgery,disallowed
"MAQUET Cardiovascular U.S. Sales, L.L.C.",No,Endoscopic Vessel Harvesting,,Allopathic & Osteopathic Physicians|General Practice,disallowed
SANOFI-AVENTIS U.S. LLC,No,,APIDRA,Allopathic & Osteopathic Physicians|Neuromusculoskeletal Medicine & OMM,disallowed
"Entellus Medical, Inc.",No,XprESS Multi-Sinus Dilation Tool,,Allopathic & Osteopathic Physicians|Otolaryngology|Otology & Neurotology,disallowed
SANOFI-AVENTIS U.S. LLC,No,,MOZOBIL,Allopathic & Osteopathic Physicians|Urology,disallowed
Boston Scientific Corporation,No,TACHY HF,,Allopathic & Osteopathic Physicians|Ophthalmology,disallowed
Sanofi Pasteur Inc.,No,,FLUZONE QIV,Allopathic & Osteopathic Physicians|Family Medicine,disallowed
"Janssen Biotech, Inc.",No,,Prezista,Allopathic & Osteopathic Physicians|Psychiatry & Neurology|Child & Adolescent Psychiatry,disallowed
"Medtronic Vascular, Inc.",No,Aortic Stent Grafts,,,allowed
"Aptalis Pharma US, Inc",No,,ZENPEP,Allopathic & Osteopathic Physicians|Allergy & Immunology,disallowed
Boston Scientific Corporation,No,VASCULAR INTERVENTION,,Allopathic & Osteopathic Physicians|Internal Medicine|Cardiovascular Disease,disallowed
Brahms GmbH,No,PCT,,Allopathic & Osteopathic Physicians|Internal Medicine|Cardiovascular Disease,disallowed
"Medtronic Vascular, Inc.",No,Cardiac Resynchronization Therapy - CRT,,Other Service Providers|Specialist,disallowed
"AKRIMAX PHARMACEUTICALS, LLC",No,,INNOPRAN XL,Other Service Providers|Legal Medicine,disallowed
"K2M, Inc.",No,MESA Small Stature Spinal System,,Allopathic & Osteopathic Physicians|Orthopaedic Surgery,disallowed
Boston Scientific Corporation,No,Biliary Devices,,Allopathic & Osteopathic Physicians|Internal Medicine|Gastroenterology,disallowed
Eisai Inc.,No,,Aloxi,Allopathic & Osteopathic Physicians|Pathology|Anatomic Pathology,disallowed
"Janssen Scientific Affairs, LLC",No,,Simponi,Allopathic & Osteopathic Physicians|Pathology|Anatomic Pathology,disallowed
Merit Medical Systems Inc,No,Gastroenterology,,Allopathic & Osteopathic Physicians|Internal Medicine,disallowed
"Medtronic Sofamor Danek USA, Inc.",No,Thoracolumbar Therapies,,Allopathic & Osteopathic Physicians|Internal Medicine|Cardiovascular Disease,disallowed
"Ellex, Inc",No,,,Allopathic & Osteopathic Physicians|Ophthalmology,disallowed
"Otsuka America Pharmaceutical, Inc.",No,,SAMSCA,Allopathic & Osteopathic Physicians|Internal Medicine|Infectious Disease,disallowed
"FOREST PHARMACEUTICALS, INC.",No,,TUDORZA,Allopathic & Osteopathic Physicians|Preventive Medicine|Occupational Medicine,disallowed
"Grifols, S.A.",No,,,Allopathic & Osteopathic Physicians|Internal Medicine|Critical Care Medicine,disallowed
Ethicon Inc.,No,Sutures,,Allopathic & Osteopathic Physicians|Internal Medicine|Medical Oncology,disallowed
Shire US Holdings,No,,VYVANSE,Allopathic & Osteopathic Physicians|Internal Medicine|Hematology & Oncology,disallowed
"Medtronic Sofamor Danek USA, Inc.",No,Interventional Therapies,,Allopathic & Osteopathic Physicians|Physical Medicine & Rehabilitation|Neuromuscular Medicine,disallowed
"Diagnostica Stago, Inc",No,STA PTT-LA,,Allopathic & Osteopathic Physicians|Internal Medicine|Hematology & Oncology,disallowed
"Mauna Kea Technologies, Inc.",No,Cellvizio,,Allopathic & Osteopathic Physicians|Internal Medicine|Critical Care Medicine,disallowed
"Meda Pharmaceuticals, Inc.",No,,Dymista,Allopathic & Osteopathic Physicians|Anesthesiology,disallowed
"Aptalis Pharma US, Inc",No,,PYLERA,Allopathic & Osteopathic Physicians|Internal Medicine,disallowed
"AKRIMAX PHARMACEUTICALS, LLC",No,,SUPRENZA,"Allopathic & Osteopathic Physicians|Internal Medicine|Endocrinology, Diabetes & Metabolism",disallowed
"Santarus, Inc",No,,,Dental Providers|Dentist|General Practice,disallowed
"Biocompatibles, Inc.",No,BEADS - BIO,,Allopathic & Osteopathic Physicians|Transplant Surgery,disallowed
Harvest Technologies Corp.,No,CELLULAR THERAPY PRODUCT,,Dental Providers|Dentist,disallowed
"EndoChoice, Inc.",No,Fuse Full Spectrum Endoscopy System,,Allopathic & Osteopathic Physicians|Pediatrics|Pediatric Gastroenterology,disallowed
Novartis Pharmaceuticals Corporation,No,,NON BRAND,Allopathic & Osteopathic Physicians|Internal Medicine|Clinical Cardiac Electrophysiology,disallowed
"FUJIFILM Medical Systems USA, Inc.",No,3Dimensional Mammography,,,allowed
Bayer HealthCare Pharmaceuticals Inc.,No,,Adempas,Allopathic & Osteopathic Physicians|Internal Medicine|Gastroenterology,disallowed
LEO Pharma AS,No,,,,allowed
"Merz North America, Inc.",No,,Xeomin,Allopathic & Osteopathic Physicians|Emergency Medicine,disallowed
"Regeneron Pharmaceuticals, Inc.",No,,ZALTRAP ziv-aflibercept injection for intravenous infusion,Allopathic & Osteopathic Physicians|Internal Medicine|Medical Oncology,disallowed
PFIZER INC.,No,,ZYVOX,Allopathic & Osteopathic Physicians|Family Medicine,disallowed
"Nautilus Neurosciences, Inc.",No,,Cambia,Allopathic & Osteopathic Physicians|Psychiatry & Neurology|Neurology with Special Qualifications in Child Neurology,disallowed
"Octapharma USA, Inc.",No,,OCTAGAM,Allopathic & Osteopathic Physicians|Pediatrics,disallowed
Novartis Pharmaceuticals Corporation,No,,EXTAVIA,Allopathic & Osteopathic Physicians|Family Medicine,disallowed
"Chiesi USA, Inc.",No,,PERTZYE 8000 250 CAPS,,disallowed
"Galena Biopharma, Inc.",No,,ABSTRAL,Allopathic & Osteopathic Physicians|Family Medicine|Hospice and Palliative Medicine,disallowed
Convatec Inc.,No,WOUND THERAPEUTICS,,Allopathic & Osteopathic Physicians|Physical Medicine & Rehabilitation,disallowed
"Boehringer Ingelheim Pharmaceuticals, Inc.",No,,GILOTRIF,Allopathic & Osteopathic Physicians|Anesthesiology,disallowed
"Par Pharmaceutical, Inc.",No,,"NASCOBAL CYANOCOBALAMIN, USP",Allopathic & Osteopathic Physicians|Surgery,disallowed
"Janssen Pharmaceuticals, Inc",No,,Zytiga,Allopathic & Osteopathic Physicians|Internal Medicine|Hematology & Oncology,disallowed
"Janssen Products, LP",No,,Prezista,Allopathic & Osteopathic Physicians|Hospitalist,disallowed
Abbott Laboratories,No,Medical Optics,,Allopathic & Osteopathic Physicians|Colon & Rectal Surgery,disallowed
Sunovion Pharmaceuticals Inc.,No,,Latuda,Behavioral Health & Social Service Providers|Psychologist|Prescribing (Medical),disallowed
Bayer HealthCare Pharmaceuticals Inc.,No,,Betaseron,Allopathic & Osteopathic Physicians|Urology,disallowed
Novo Nordisk Inc,No,,Norditropin,Allopathic & Osteopathic Physicians|Psychiatry & Neurology|Child & Adolescent Psychiatry,disallowed
"Takeda Pharmaceuticals America, Inc.",No,,Dexilant,"Allopathic & Osteopathic Physicians|Internal Medicine|Endocrinology, Diabetes & Metabolism",disallowed
OrthoSensor Inc.,No,VERASENSE,,Allopathic & Osteopathic Physicians|Orthopaedic Surgery|Hand Surgery,disallowed
"Aptalis Pharma US, Inc",No,,ADEKS,Allopathic & Osteopathic Physicians|Internal Medicine|Gastroenterology,disallowed
DePuy Synthes Sales Inc.,No,Spine,,Allopathic & Osteopathic Physicians|Internal Medicine|Cardiovascular Disease,disallowed
"Biomet Trauma, LLC",No,ORTHO - TRAUMA,,Allopathic & Osteopathic Physicians|Orthopaedic Surgery|Adult Reconstructive Orthopaedic Surgery,disallowed
"Smith & Nephew, Inc.",No,Oasis,,,allowed
Boston Scientific Corporation,No,EMBOLICS,,Allopathic & Osteopathic Physicians|Surgery|Vascular Surgery,disallowed
Merck Sharp & Dohme Corporation,No,,MK-0859,Allopathic & Osteopathic Physicians|Internal Medicine|Cardiovascular Disease,allowed
"COMSORT, Inc",No,,JANUVIA,Allopathic & Osteopathic Physicians|Family Medicine,disallowed
"MAQUET Cardiovascular U.S. Sales, L.L.C.",No,On-Pump Cardiac Surgery,,Allopathic & Osteopathic Physicians|Surgery,disallowed
"Intuitive Surgical, Inc.",No,Da Vinci Surgical System,,Allopathic & Osteopathic Physicians|Emergency Medicine|Emergency Medical Services,disallowed
"Alkermes, Inc.",No,,Vivitrol,Allopathic & Osteopathic Physicians|Family Medicine|Geriatric Medicine,disallowed
Merck Sharp & Dohme Corporation,No,,ISENTRESS,Allopathic & Osteopathic Physicians|General Practice,disallowed
Covidien Sales LLC,No,Electrosurgery,,Allopathic & Osteopathic Physicians|Obstetrics & Gynecology,disallowed
Baxter Healthcare,No,,BioTherapeutics - GAMMAGARD-KIOVIG,Allopathic & Osteopathic Physicians|Surgery|Surgical Oncology,disallowed
"Acorda Therapeutics, Inc",No,,AMPYRA,Allopathic & Osteopathic Physicians|Psychiatry & Neurology|Child & Adolescent Psychiatry,disallowed
Stryker Corporation,No,TRAUMA & EXTREMITIES,,Allopathic & Osteopathic Physicians|Nuclear Medicine,disallowed
SANOFI-AVENTIS U.S. LLC,No,,APIDRA,Allopathic & Osteopathic Physicians|Pediatrics|Sleep Medicine,disallowed
"Janssen Pharmaceuticals, Inc",No,,Xarelto DVT PE,Other Service Providers|Specialist,disallowed
Cook Incorporated,No,ESC - Polypectomy,,Allopathic & Osteopathic Physicians|Internal Medicine,disallowed
"BIOLASE, INC.",No,"Imaging, Waterlase iPlus, Epic, iLase",,Dental Providers|Dentist|Oral and Maxillofacial Pathology,disallowed
Novartis Pharmaceuticals Corporation,No,,FANAPT,Agencies|Community/Behavioral Health,disallowed
BioMedical Enterprises Inc,No,HAMMERLOCK,,,disallowed
"E.R. Squibb & Sons, L.L.C.",No,,BARACLUDE,Allopathic & Osteopathic Physicians|Internal Medicine|Geriatric Medicine,disallowed
Reckitt Benckiser Pharmaceuticals Inc.,No,,SUBOXONE SUBLINGUAL FILM,Allopathic & Osteopathic Physicians|Obstetrics & Gynecology,disallowed
"Acorda Therapeutics, Inc",No,,AMPYRA,,allowed
Novo Nordisk Inc,No,,Victoza,Allopathic & Osteopathic Physicians|Internal Medicine|Nephrology,disallowed
Stryker Corporation,No,BONE CEMENT,,Allopathic & Osteopathic Physicians|Oral & Maxillofacial Surgery,disallowed
Gilead Sciences Inc,No,,Sovaldi,Allopathic & Osteopathic Physicians|Family Medicine|Geriatric Medicine,disallowed
"Janssen Pharmaceuticals, Inc",No,,Invega Sustenna,Allopathic & Osteopathic Physicians|Radiology|Radiation Oncology,disallowed
ELI LILLY EXPORT S.A. PUERTO RICO BRANCH,No,,CIALIS,Allopathic & Osteopathic Physicians|Internal Medicine,disallowed
"Merz North America, Inc.",No,Belotero,,Allopathic & Osteopathic Physicians|Surgery,disallowed
"VuCOMP, Inc.",No,M-Vu CAD,,Allopathic & Osteopathic Physicians|Radiology|Diagnostic Radiology,disallowed
Phadia US Inc.,No,SDG-IDD-Allergy,,Allopathic & Osteopathic Physicians|Internal Medicine|Rheumatology,disallowed
Pfizer Inc.,No,,TOVIAZ,Allopathic & Osteopathic Physicians|General Practice,disallowed
"Medtronic Xomed, Inc.",No,Advanced Energy Cutting Device,,Allopathic & Osteopathic Physicians|Orthopaedic Surgery|Sports Medicine,disallowed
Animas Corporation,No,One Touch Ping,,"Student, Health Care|Student in an Organized Health Care Education/Training Program",disallowed
bioMerieux,No,Procalcitonin,,Allopathic & Osteopathic Physicians|Anesthesiology,disallowed
Young OS LLC,No,Endodontic Devices,,Allopathic & Osteopathic Physicians|Pediatrics,disallowed
Covidien Sales LLC,No,Chronic Venous Insufficiency,,Allopathic & Osteopathic Physicians|Pediatrics,disallowed
"Cryo Specialty Medical, LLC",No,IceEdge-Rod Sphere Cryoablation Needles,,Allopathic & Osteopathic Physicians|Radiology|Radiation Oncology,disallowed
Stryker Corporation,No,TRAUMA and EXTREMITIES,,Allopathic & Osteopathic Physicians|Neuromusculoskeletal Medicine & OMM,disallowed
"EMD Serono, Inc.",No,,Rebif,Allopathic & Osteopathic Physicians|Radiology|Diagnostic Neuroimaging,disallowed
"Salix Pharmaceuticals, Ltd",No,,XIFAXAN 550 MG TABLETS,Other Service Providers|Legal Medicine,disallowed
"Vascular Solutions, Inc.",No,veinsite,,Allopathic & Osteopathic Physicians|Internal Medicine|Cardiovascular Disease,disallowed
"Janssen Pharmaceuticals, Inc",No,,Invega,Allopathic & Osteopathic Physicians|Orthopaedic Surgery,disallowed
Ethicon Inc.,No,OtherNA,,,disallowed
Astellas Scientific and Medical Affairs,No,,Prograf,Allopathic & Osteopathic Physicians|Surgery,disallowed
"Acute Innovations, LLC",No,RibLoc,,Allopathic & Osteopathic Physicians|Thoracic Surgery (Cardiothoracic Vascular Surgery),disallowed
GENZYME CORPORATION,No,,AUBAGIO,Other Service Providers|Specialist,disallowed
Novartis Pharmaceuticals Corporation,No,,XOLAIR,Allopathic & Osteopathic Physicians|Urology,disallowed
Volcano Corporation,No,Eagle Eye Platinum,,Allopathic & Osteopathic Physicians|Family Medicine,disallowed
SANOFI-AVENTIS U.S. LLC,No,,LANTUS SOLOSTAR,Allopathic & Osteopathic Physicians|Anesthesiology,disallowed
"Medtronic Vascular, Inc.",No,Aortic Stent Grafts,,Allopathic & Osteopathic Physicians|Hospitalist,disallowed
Boston Scientific Corporation,No,PELVIC ORGAN PROLAPSE,,Allopathic & Osteopathic Physicians|Family Medicine,disallowed
Cook Incorporated,No,AI - AAA,,Allopathic & Osteopathic Physicians|Internal Medicine|Interventional Cardiology,disallowed
Shire US Holdings,No,,VYVANSE,Other Service Providers|Specialist,disallowed
Cubist Pharmaceuticals Inc,No,,CUBICIN,Emergency Medical Service Providers|Personal Emergency Response Attendant,disallowed
"BIOMET SPINE, LLC",No,BSBHT - SPINE,,Other Service Providers|Specialist,disallowed
"Salix Pharmaceuticals, Ltd",No,,APRISO,Allopathic & Osteopathic Physicians|Orthopaedic Surgery|Orthopaedic Trauma,disallowed
KARLSTORZ Endoscopy-America,No,OR1,,Allopathic & Osteopathic Physicians|Otolaryngology,disallowed
"Depomed, Inc.",No,,Zipsor,Allopathic & Osteopathic Physicians|Pediatrics,disallowed
"Grifols USA, LLC",No,,Prolastin-C,Allopathic & Osteopathic Physicians|Internal Medicine|Allergy & Immunology,disallowed
Pacira Pharmaceuticals Incorporated,No,,Exparel,Allopathic & Osteopathic Physicians|Hospitalist,disallowed
"Regeneron Pharmaceuticals, Inc.",No,,EYLEA aflibercept injection,Allopathic & Osteopathic Physicians|Ophthalmology,disallowed
Musculoskeletal Transplant Foundation Inc.,No,,,Podiatric Medicine & Surgery Service Providers|Podiatrist|Foot Surgery,disallowed
Ferring Pharmaceuticals Inc.,No,EUFLEXXA,,"Student, Health Care|Student in an Organized Health Care Education/Training Program",disallowed
Novartis Pharmaceuticals Corporation,No,,AFINITOR,Allopathic & Osteopathic Physicians|Family Medicine|Sports Medicine,disallowed
Boston Scientific Corporation,No,BRADY SYSTEM,,Allopathic & Osteopathic Physicians|Internal Medicine|Pulmonary Disease,disallowed
SANOFI-AVENTIS U.S. LLC,No,,,Dental Providers|Dentist|General Practice,disallowed
"Takeda Pharmaceuticals U.S.A., Inc.",No,,Brintellix,Allopathic & Osteopathic Physicians|Physical Medicine & Rehabilitation,disallowed
"EMD Serono, Inc.",No,,Egrifta,"Dietary & Nutritional Service Providers|Dietitian, Registered",disallowed
"Visualase, Inc.",No,Visualase Thermal Therapy System,,Allopathic & Osteopathic Physicians|Radiology|Radiation Oncology,disallowed
Mentor Worldwide LLC,No,Augmentation,,Allopathic & Osteopathic Physicians|Plastic Surgery|Surgery of the Hand,disallowed
Roche Diagnostics Corporation,No,DC - Continuous Glucose Monitoring,,"Allopathic & Osteopathic Physicians|Internal Medicine|Endocrinology, Diabetes & Metabolism",disallowed
"EMD Serono, Inc.",No,,Serostim,Nursing Service Providers|Registered Nurse|General Practice,disallowed
"Supernus Pharmaceuticals, Inc.",No,,,Allopathic & Osteopathic Physicians|Internal Medicine,disallowed
Institute for Transfusion Medicine,No,,,,allowed
Novo Nordisk Inc,No,,,Allopathic & Osteopathic Physicians|Thoracic Surgery (Cardiothoracic Vascular Surgery),disallowed
Cook Incorporated,No,PI - Stents,,Allopathic & Osteopathic Physicians|Internal Medicine|Pulmonary Disease,disallowed
"Consensus Orthopedics, Inc.",No,,,"Allopathic & Osteopathic Physicians|Neuromusculoskeletal Medicine, Sports Medicine",disallowed
Promius Pharma LLC,No,,CLODERM CREAM,"Other Service Providers|Medical Genetics, Ph.D. Medical Genetics",disallowed
Lundbeck LLC,No,,ONFI,Allopathic & Osteopathic Physicians|Pediatrics|Pediatric Pulmonology,disallowed
Benco Dental Supply Co.,No,,,Dental Providers|Dentist|Prosthodontics,disallowed
Abbott Laboratories,No,Diabetes Care,,Allopathic & Osteopathic Physicians|Family Medicine,disallowed
"Bio-Rad Laboratories, Inc.",No,Quality Control,,Allopathic & Osteopathic Physicians|Pediatrics|Pediatric Gastroenterology,disallowed
Galil Medical Inc.,No,Cryoablation products,,Allopathic & Osteopathic Physicians|Urology,allowed
ArthroCare Corporation,No,Sports Med Coblation & Fixation,,Allopathic & Osteopathic Physicians|Otolaryngology,disallowed
AstraZeneca Pharmaceuticals LP,No,,BRILINTA,Allopathic & Osteopathic Physicians|Pathology|Anatomic Pathology & Clinical Pathology,disallowed
Roche Diagnostics Corporation,No,DC - ACCU-CHEK Diabetes Management Solutions,,Allopathic & Osteopathic Physicians|Pediatrics|Pediatric Cardiology,disallowed
Boston Scientific Corporation,No,VASCULAR INTERVENTION,,Allopathic & Osteopathic Physicians|Internal Medicine|Nephrology,disallowed
DePuy Orthopaedics Inc.,No,CMF,,Allopathic & Osteopathic Physicians|Neurological Surgery,disallowed
"NuVasive, Inc.",No,ThoracoLumbar,,Allopathic & Osteopathic Physicians|Internal Medicine|Medical Oncology,disallowed
"Smith & Nephew, Inc.",No,Negative Pressure Wound Therapy,,Allopathic & Osteopathic Physicians|Family Medicine,disallowed
"Genentech USA, Inc.",No,,Non-Covered Product,Allopathic & Osteopathic Physicians|Internal Medicine|Hematology & Oncology,disallowed
Jazz Pharmaceuticals Inc.,No,,,Allopathic & Osteopathic Physicians|Pediatrics|Pediatric Hematology-Oncology,disallowed
"E.R. Squibb & Sons, L.L.C.",No,,REYATAZ,Allopathic & Osteopathic Physicians|Pediatrics|Pediatric Hematology-Oncology,disallowed
AstraZeneca Pharmaceuticals LP,No,,CRESTOR,Allopathic & Osteopathic Physicians|Internal Medicine|Sports Medicine,disallowed
"Merz North America, Inc.",No,Radiesse,,Allopathic & Osteopathic Physicians|Thoracic Surgery (Cardiothoracic Vascular Surgery),disallowed
"ACell, Inc.",No,,,Allopathic & Osteopathic Physicians|Urology|Female Pelvic Medicine and Reconstructive Surgery,disallowed
Merz Pharmaceuticals GmbH,No,,Xeomin,Allopathic & Osteopathic Physicians|Psychiatry & Neurology|Neurology,disallowed
"SI-Bone, Inc.",No,iFuse Implant,,Allopathic & Osteopathic Physicians|Internal Medicine|Nephrology,disallowed
"Medtronic Sofamor Danek USA, Inc.",No,,Interventional with Prolia,Allopathic & Osteopathic Physicians|Physical Medicine & Rehabilitation,disallowed
Merit Medical Systems Inc,No,Radiology,,Other Service Providers|Specialist,disallowed
Pfizer Inc.,No,,QUILLIVANT XR,Allopathic & Osteopathic Physicians|Pediatrics|Pediatric Pulmonology,disallowed
"RTI Surgical, Inc.",No,CrossFuse II,,Allopathic & Osteopathic Physicians|Orthopaedic Surgery,disallowed
"Genentech, Inc.",No,,,Allopathic & Osteopathic Physicians|Neurological Surgery,disallowed
"Smith & Nephew, Inc.",No,,,Allopathic & Osteopathic Physicians|Emergency Medicine|Undersea and Hyperbaric Medicine,disallowed
Amgen Inc.,No,,Nplate,Allopathic & Osteopathic Physicians|Internal Medicine|Medical Oncology,disallowed
Novartis Pharmaceuticals Corporation,No,,NON BRAND,Other Service Providers|Specialist,disallowed
SANOFI-AVENTIS U.S. LLC,No,,MOZOBIL,"Student, Health Care|Student in an Organized Health Care Education/Training Program",disallowed
"Genentech, Inc.",No,,Avastin,Allopathic & Osteopathic Physicians|Surgery,disallowed
Sandoz Inc.,No,,,Allopathic & Osteopathic Physicians|Pediatrics|Pediatric Endocrinology,disallowed
KADMON PHARMACEUTICALS LLC,No,,Ribapak-Ribasphere Tablets,Allopathic & Osteopathic Physicians|Internal Medicine|Hematology & Oncology,disallowed
SUN PHARMACEUTICAL INDUSTRIES LIMITED,No,,Baclofen GRS,,allowed
Merck Sharp & Dohme Corporation,No,,Non-Product,Allopathic & Osteopathic Physicians|Internal Medicine|Critical Care Medicine,disallowed
"Navidea Biopharmaceuticals, Inc.",No,Lymphoseek,Lymphoseek,Allopathic & Osteopathic Physicians|Surgery,disallowed
Johnson and Johnson International,No,Mapping and Navigation Systems  Accessories,,Allopathic & Osteopathic Physicians|Internal Medicine|Clinical Cardiac Electrophysiology,disallowed
"Medtronic USA, Inc.",No,Sacral Nerve Stimulation - Neuro,,Allopathic & Osteopathic Physicians|Otolaryngology,disallowed
DePuy Synthes Sales Inc.,No,Spine,,Allopathic & Osteopathic Physicians|Anesthesiology,disallowed
SANOFI-AVENTIS U.S. LLC,No,,LANTUS,Allopathic & Osteopathic Physicians|Anesthesiology|Pain Medicine,disallowed
"Discovery Laboratories, Inc.",No,,SURFAXIN,Allopathic & Osteopathic Physicians|Pediatrics|Neonatal-Perinatal Medicine,disallowed
Genzyme Corporation,No,,AUBAGIO,Podiatric Medicine & Surgery Service Providers|Podiatrist,disallowed
"St. Jude Medical, Inc.",No,Neuro-Chronic Pain,,Allopathic & Osteopathic Physicians|Internal Medicine|Sports Medicine,disallowed
"Smith & Nephew, Inc.",No,Wound Matrix,,Allopathic & Osteopathic Physicians|Surgery,disallowed
Shire US Holdings,No,,VYVANSE,Allopathic & Osteopathic Physicians|Preventive Medicine|Occupational Medicine,disallowed
"Sigma-Tau Pharmaceuticals, Inc.",No,,Oncaspar,Allopathic & Osteopathic Physicians|Neurological Surgery,disallowed
"CeloNova BioSciences, Inc.",No,,,,disallowed
Ethicon Inc.,No,Mechanical,,Allopathic & Osteopathic Physicians|Internal Medicine|Pulmonary Disease,disallowed
Aqua Pharmaceuticals,No,,XOLEGEL,Allopathic & Osteopathic Physicians|Allergy & Immunology,disallowed
"Electromed, Inc.",No,HFCWO,HFCWO,Allopathic & Osteopathic Physicians|Pediatrics|Pediatric Pulmonology,disallowed
"Janssen Pharmaceuticals, Inc",No,,Xarelto AF,Allopathic & Osteopathic Physicians|General Practice,disallowed
"Valeritas, Inc.",No,V-GO,,Allopathic & Osteopathic Physicians|Pediatrics|Pediatric Rheumatology,disallowed
"Depomed, Inc.",No,,Gralise and Zipsor,Podiatric Medicine & Surgery Service Providers|Podiatrist|Sports Medicine,disallowed
Haemonetics Corporation,No,TEG,,Allopathic & Osteopathic Physicians|Thoracic Surgery (Cardiothoracic Vascular Surgery),disallowed
Biogen Idec Inc.,No,,TECFIDERA,Physician Assistants & Advanced Practice Nursing Providers|Nurse Practitioner|Critical Care Medicine,disallowed
Amgen Inc.,No,,EPOGEN,Allopathic & Osteopathic Physicians|Internal Medicine|Cardiovascular Disease,disallowed
Philips Electronics North America Corporation,No,Interventional X-Ray,,Allopathic & Osteopathic Physicians|Neurological Surgery,disallowed
Philips Electronics North America Corporation,No,HHS Undivided,,Allopathic & Osteopathic Physicians|Neurological Surgery,disallowed
Covidien LP,No,GI Solutions,,Allopathic & Osteopathic Physicians|Physical Medicine & Rehabilitation|Sports Medicine,disallowed
"QIAGEN Sciences, LLC",No,DIGENE HC2 HPV,,Allopathic & Osteopathic Physicians|Internal Medicine|Hematology & Oncology,disallowed
ABIOMED,No,Impella,,Allopathic & Osteopathic Physicians|General Practice,disallowed
Biogen Idec Inc.,No,,TYSABRI,Allopathic & Osteopathic Physicians|Psychiatry & Neurology|Clinical Neurophysiology,allowed
Phadia US Inc.,No,SDG-IDD-Allergy,,Allopathic & Osteopathic Physicians|Pediatrics|Pediatric Emergency Medicine,disallowed
AstraZeneca Pharmaceuticals LP,No,,,Allopathic & Osteopathic Physicians|Radiology|Neuroradiology,disallowed
Biogen Idec Inc.,No,,,Allopathic & Osteopathic Physicians|Pain Medicine|Pain Medicine,disallowed
OPTIMER PHARMACEUTICALS INC,No,,Dificid,Allopathic & Osteopathic Physicians|Nuclear Medicine|Nuclear Imaging & Therapy,disallowed
"SI-Bone, Inc.",Yes,iFuse Implant,,Allopathic & Osteopathic Physicians|Anesthesiology,disallowed
ZOLL Services LLC (A/K/A ZOLL LifeCor Corp),No,LifeVest,,Allopathic & Osteopathic Physicians|Internal Medicine|Medical Oncology,disallowed
Alcon Research Ltd,No,,Nevanac,Allopathic & Osteopathic Physicians|Ophthalmology,allowed
Eisai Inc.,No,,Halaven,Allopathic & Osteopathic Physicians|Psychiatry & Neurology|Psychiatry,disallowed
Eisai Inc.,No,,Halaven,Allopathic & Osteopathic Physicians|Pediatrics,disallowed
Medinc of Texas,No,ALL ARTHREX PRODUCT LINES,,Allopathic & Osteopathic Physicians|Orthopaedic Surgery|Sports Medicine,disallowed
Covidien Sales LLC,No,Neurovascular Stents,,Allopathic & Osteopathic Physicians|Radiology|Diagnostic Radiology,disallowed
"Hospira Worldwide, Inc.",No,,Dexmedetomidine Hydrochloride Injection Precedex 100 mcg,Allopathic & Osteopathic Physicians|Internal Medicine|Clinical Cardiac Electrophysiology,disallowed
US Endoscopy,No,Roth Nets,,"Student, Health Care|Student in an Organized Health Care Education/Training Program",disallowed
"Noven Therapeutics, LLC",No,,DAYTRANA,Allopathic & Osteopathic Physicians|Psychiatry & Neurology|Neurology with Special Qualifications in Child Neurology,disallowed
"EndoChoice, Inc.",No,Fuse Full Spectrum Endoscopy System,,Allopathic & Osteopathic Physicians|Pathology|Anatomic Pathology & Clinical Pathology,disallowed
"Medtronic, Inc.",No,Interventional Therapies,,Allopathic & Osteopathic Physicians|Internal Medicine|Rheumatology,disallowed
"LDR SPINE USA, INC",No,Spinal Implant,,Allopathic & Osteopathic Physicians|Hospitalist,disallowed
"Kowa Pharmaceuticals America, Inc.",No,,LIVALO,Allopathic & Osteopathic Physicians|Internal Medicine|Infectious Disease,disallowed
Ferring Pharmaceuticals Private Limited,No,,MENOPUR,Allopathic & Osteopathic Physicians|Obstetrics & Gynecology|Reproductive Endocrinology,disallowed
"Actelion Pharmaceuticals US, Inc.",No,,VELETRI EPOPROSTENOL,Allopathic & Osteopathic Physicians|Internal Medicine|Pulmonary Disease,disallowed
HOLOGIC INC,No,ASY-00920,,,disallowed
Pfizer Inc.,No,,BOSULIF,Allopathic & Osteopathic Physicians|Pediatrics,disallowed
Novo Nordisk Inc,No,,Levemir,Allopathic & Osteopathic Physicians|Internal Medicine|Infectious Disease,disallowed
Exelixis Inc.,No,,COMETRIQ,Eye and Vision Services Providers|Optometrist,disallowed
AstraZeneca Pharmaceuticals LP,No,,BRILINTA,"Student, Health Care|Student in an Organized Health Care Education/Training Program",disallowed
Boston Scientific Corporation,No,BILIARY DEVICES,,"Student, Health Care|Student in an Organized Health Care Education/Training Program",disallowed
"Medtronic USA, Inc.",No,Spinal Cord Neurostimulation - ST,,Ambulatory Health Care Facilities|Clinic/Center|Radiology,disallowed
"EMPI, INC.",No,NMES,,Allopathic & Osteopathic Physicians|Pain Medicine|Pain Medicine,disallowed
"GlaxoSmithKline, LLC.",No,,FLOVENT,Allopathic & Osteopathic Physicians|Family Medicine,disallowed
"Janssen Pharmaceuticals, Inc",No,,Xarelto,Allopathic & Osteopathic Physicians|Internal Medicine|Infectious Disease,disallowed
"Millennium Pharmaceuticals, Inc.",No,,VELCADE,Allopathic & Osteopathic Physicians|Pathology|Cytopathology,disallowed
Covidien Sales LLC,No,Plaque Excision,,Podiatric Medicine & Surgery Service Providers|Podiatrist|Foot Surgery,disallowed
Roche Diagnostics Corporation,No,,,Other Service Providers|Specialist,disallowed
"St. Jude Medical, Inc.",No,Neuro-Chronic Pain,,Allopathic & Osteopathic Physicians|Anesthesiology|Critical Care Medicine,disallowed
Integra  LifeSciences Sales LLC,No,Recon-Upper Extremity Metal,,Allopathic & Osteopathic Physicians|Orthopaedic Surgery,disallowed
Bayer HealthCare Pharmaceuticals Inc.,No,,Betaseron,Allopathic & Osteopathic Physicians|Psychiatry & Neurology|Diagnostic Neuroimaging,disallowed
Cook Incorporated,No,PI - Stents,,Allopathic & Osteopathic Physicians|Radiology|Neuroradiology,disallowed
"Noven Pharmaceuticals, Inc.",No,,BRISDELLE,Allopathic & Osteopathic Physicians|Internal Medicine,disallowed
Ethicon Inc.,No,Endoscopy# Other,,Allopathic & Osteopathic Physicians|Pediatrics,disallowed
"Smith & Nephew, Inc.",No,,Regranex,Allopathic & Osteopathic Physicians|Preventive Medicine|Undersea and Hyperbaric Medicine,disallowed
"E.R. Squibb & Sons, L.L.C.",No,,IXEMPRA,Allopathic & Osteopathic Physicians|Surgery|Surgical Oncology,disallowed
Merck Sharp & Dohme Corporation,No,,ZETIA,Allopathic & Osteopathic Physicians|Transplant Surgery,disallowed
Purdue Transdermal Technologies L.P.,No,,BUTRANS,Chiropractic Providers|Chiropractor,disallowed
SHIONOGI INC,No,,Naprelan,Allopathic & Osteopathic Physicians|Physical Medicine & Rehabilitation|Sports Medicine,disallowed
"UCB, Inc.",No,,Vimpat,Allopathic & Osteopathic Physicians|Psychiatry & Neurology|Sleep Medicine,disallowed
"Roche TCRC, Inc.",No,,Non-Covered Product,Allopathic & Osteopathic Physicians|Internal Medicine|Medical Oncology,disallowed
OPTIMER PHARMACEUTICALS INC,No,,Dificid,,disallowed
"Intuitive Surgical, Inc.",Yes,Da Vinci Surgical System,,Allopathic & Osteopathic Physicians|Surgery,disallowed
AXOGEN,No,NERVE CUFF,,Allopathic & Osteopathic Physicians|Internal Medicine|Infectious Disease,disallowed
TEI Biosciences Inc,No,SurgiMend,SurgiMend,Allopathic & Osteopathic Physicians|Internal Medicine|Gastroenterology,disallowed
"ABL Medical, LLC",No,SilvrSTAT Antibacterial Wound Dressing Gel,,Allopathic & Osteopathic Physicians|Obstetrics & Gynecology,disallowed
"Regeneron Pharmaceuticals, Inc.",No,,,Allopathic & Osteopathic Physicians|Internal Medicine|Hematology,disallowed
Sanofi Pasteur Inc.,No,,FLUZONE HIGH DOSE,Allopathic & Osteopathic Physicians|Internal Medicine|Rheumatology,disallowed
DePuy Synthes Sales Inc.,No,Orthovisc,,Allopathic & Osteopathic Physicians|Family Medicine|Sports Medicine,disallowed
"ACell, Inc.",No,,,Allopathic & Osteopathic Physicians|Internal Medicine|Clinical Cardiac Electrophysiology,disallowed
"Vertical Pharmaceuticals, LLC",No,,Corvite FE,Allopathic & Osteopathic Physicians|Internal Medicine|Hematology & Oncology,disallowed
KARLSTORZ Endoscopy-America,No,GYNECOLOGY,,Allopathic & Osteopathic Physicians|Internal Medicine,disallowed
Amgen Inc.,No,,XGEVA,Allopathic & Osteopathic Physicians|Surgery,disallowed
HOLOGIC INC,No,Thin Prep,,Allopathic & Osteopathic Physicians|General Practice,disallowed
Premier Dental Products Company,No,Comfort View - Small,,Dental Providers|Dentist|Orthodontics and Dentofacial Orthopedics,disallowed
Philips Electronics North America Corporation,No,BU OPS Interventional X-Ray,,Allopathic & Osteopathic Physicians|Radiology|Body Imaging,disallowed
Johnson and Johnson International,No,Other Aesthetics,,Allopathic & Osteopathic Physicians|Surgery|Plastic and Reconstructive Surgery,disallowed
"GlaxoSmithKline, LLC.",No,,RELVAR,,allowed
"Medtronic Xomed, Inc.",No,Airway Procedures,,Allopathic & Osteopathic Physicians|Emergency Medicine,disallowed
"Alk-Abello, Inc",No,,,Allopathic & Osteopathic Physicians|Pathology|Cytopathology,disallowed
"Medtronic Sofamor Danek USA, Inc.",No,Interventional Therapies,,Allopathic & Osteopathic Physicians|Preventive Medicine|Preventive Medicine/Occupational Environmental Medicine,disallowed
Celgene Corporation,No,,,,disallowed
Baxter Healthcare,No,,BioTherapeutics - Research - Development,Allopathic & Osteopathic Physicians|Psychiatry & Neurology|Psychiatry,disallowed
"Medtronic Xomed, Inc.",No,Sacral Nerve Stimulation - Neuro,,Allopathic & Osteopathic Physicians|General Practice,disallowed
Tulsa Dental Products LLC,No,"""Endodontic Dentistry""",,Dental Providers|Dentist|Endodontics,disallowed
"FOREST PHARMACEUTICALS, INC.",No,,LINZESS,Allopathic & Osteopathic Physicians|Plastic Surgery,disallowed
The Medicines Company,No,,RECOTHROM,Allopathic & Osteopathic Physicians|Otolaryngology,disallowed
Merck Sharp & Dohme Corporation,No,,NASONEX,Allopathic & Osteopathic Physicians|Internal Medicine|Interventional Cardiology,disallowed
Zimmer Holding Inc,No,Knee,,Chiropractic Providers|Chiropractor,disallowed
Ethicon Inc.,No,Mesh,,Allopathic & Osteopathic Physicians|Thoracic Surgery (Cardiothoracic Vascular Surgery),disallowed
"GlaxoSmithKline, LLC.",No,,LYMPHOSTAT B ANTIBODY,"Technologists, Technicians & Other Technical Service Providers|Spec/Tech, Pathology|Immunology",allowed
"Santarus, Inc",No,,Uceris,Other Service Providers|Specialist,allowed
Avion Pharmaceuticals,No,,Prenate Mini,"Student, Health Care|Student in an Organized Health Care Education/Training Program",disallowed
"EMD Serono, Inc.",No,,Gonal-f,Eye and Vision Services Providers|Optometrist,disallowed
Integra  LifeSciences Sales LLC,No,Recon-Upper Extremity Metal,,Allopathic & Osteopathic Physicians|Thoracic Surgery (Cardiothoracic Vascular Surgery),disallowed
"Takeda Pharmaceuticals America, Inc.",No,,Dexilant,Allopathic & Osteopathic Physicians|Family Medicine|Hospice and Palliative Medicine,disallowed
Eisai Inc.,No,,Banzel,Allopathic & Osteopathic Physicians|Psychiatry & Neurology|Pain Medicine,disallowed
"AbbVie, Inc.",No,,ABT 199,Allopathic & Osteopathic Physicians|Internal Medicine|Medical Oncology,disallowed
"Respiratory Technologies, Inc.",No,High Frequency Chest Compression Device,,Allopathic & Osteopathic Physicians|Internal Medicine,disallowed
Endo Pharmaceuticals Inc.,No,,OPANA ER,Allopathic & Osteopathic Physicians|Psychiatry & Neurology|Vascular Neurology,disallowed
"E.R. Squibb & Sons, L.L.C.",No,,SYMLIN,Allopathic & Osteopathic Physicians|Internal Medicine|Hematology & Oncology,disallowed
Boston Scientific Corporation,No,TACHY SYSTEM,,Allopathic & Osteopathic Physicians|Internal Medicine|Sleep Medicine,disallowed
"E.R. Squibb & Sons, L.L.C.",No,,SUSTIVA,Allopathic & Osteopathic Physicians|Psychiatry & Neurology|Addiction Medicine,disallowed
Boston Scientific Corporation,No,VASCULAR INTERVENTION,,Other Service Providers|Specialist,disallowed
Luitpold Pharmaceuticals Inc,No,,Sprix,Allopathic & Osteopathic Physicians|Neurological Surgery,disallowed
"Medtronic MiniMed, Inc.",No,Continuous Glucose Monitor,,Allopathic & Osteopathic Physicians|Pediatrics|Adolescent Medicine,disallowed
"Otsuka America Pharmaceutical, Inc.",No,,ABILIFY MAINTENA,Physician Assistants & Advanced Practice Nursing Providers|Nurse Practitioner|Acute Care,disallowed
"Genentech USA, Inc.",No,,Avastin,Allopathic & Osteopathic Physicians|Surgery|Plastic and Reconstructive Surgery,disallowed
KADMON PHARMACEUTICALS LLC,No,,,Allopathic & Osteopathic Physicians|Surgery,disallowed
Merck Sharp & Dohme Corporation,No,,NUVARING,Allopathic & Osteopathic Physicians|Family Medicine|Addiction Medicine,disallowed
Insulet Corporation,No,OmniPod Insulin Management System,,Podiatric Medicine & Surgery Service Providers|Podiatrist|Foot & Ankle Surgery,disallowed
Haemonetics Corporation,No,Orthopat,,Allopathic & Osteopathic Physicians|Orthopaedic Surgery|Hand Surgery,disallowed
XenoPort Inc.,No,,Horizant,Allopathic & Osteopathic Physicians|Psychiatry & Neurology|Behavioral Neurology & Neuropsychiatry,disallowed
"Takeda Pharmaceuticals America, Inc.",No,,Dexilant,Allopathic & Osteopathic Physicians|Internal Medicine|Pulmonary Disease,disallowed
"DUSA Pharmaceuticals, Inc.",No,,BLU-U,Allopathic & Osteopathic Physicians|Dermatology|Clinical & Laboratory Dermatological Immunology,disallowed
Novo Nordisk Inc,No,,NovoLog Mix 70 30,Allopathic & Osteopathic Physicians|Pediatrics|Pediatric Endocrinology,disallowed
Nuo Therapeutics,No,Aurix,,Allopathic & Osteopathic Physicians|Surgery|Vascular Surgery,disallowed
Bayer HealthCare LLC,No,,,,disallowed
"Regeneron Pharmaceuticals, Inc.",No,,,Allopathic & Osteopathic Physicians|Pediatrics|Pediatric Hematology-Oncology,disallowed
AstraZeneca UK Limited,No,,,Allopathic & Osteopathic Physicians|Emergency Medicine,disallowed
CAS Medical Systems Inc.,Yes,FORE-SIGHT,,Allopathic & Osteopathic Physicians|Anesthesiology,disallowed
"SI-Bone, Inc.",No,iFuse Implant,,Allopathic & Osteopathic Physicians|Physical Medicine & Rehabilitation|Pain Medicine,disallowed
"Merz North America, Inc.",No,Radiesse,Xeomin,Allopathic & Osteopathic Physicians|Oral & Maxillofacial Surgery,disallowed
Novartis Pharmaceuticals Corporation,No,,EXFORGE,Allopathic & Osteopathic Physicians|Preventive Medicine|Public Health & General Preventive Medicine,disallowed
DePuy Synthes Products LLC,No,Thoracolumbar,,Other Service Providers|Specialist,disallowed
"Regeneron Pharmaceuticals, Inc.",No,,,Allopathic & Osteopathic Physicians|Internal Medicine|Pulmonary Disease,allowed
Covidien LP,No,GI Solutions,,Allopathic & Osteopathic Physicians|Allergy & Immunology|Allergy,disallowed
HOLOGIC INC,No,Myosure,,Ambulatory Health Care Facilities|Clinic/Center|Ambulatory Family Planning Facility,disallowed
"Onyx Pharmaceuticals, Inc., an Amgen subsidiary",No,,Kyprolis,Allopathic & Osteopathic Physicians|Hospitalist,disallowed
LEO Pharma Inc.,No,,TACLONEX,Allopathic & Osteopathic Physicians|Dermatology|MOHS-Micrographic Surgery,disallowed
"Covis Pharmaceuticals, Inc.",No,,Lanoxin Injection 500 mcg in 2mL,Allopathic & Osteopathic Physicians|Internal Medicine|Cardiovascular Disease,disallowed
"Medtronic USA, Inc.",No,,,Podiatric Medicine & Surgery Service Providers|Podiatrist|Foot & Ankle Surgery,disallowed
"COMSORT, Inc",No,,GRASTEK,Allopathic & Osteopathic Physicians|Allergy & Immunology|Allergy,disallowed
"Medtronic USA, Inc.",No,Spinal Cord Neurostimulation - Neuro,,Dental Providers|Dentist,disallowed
"Neuronetics, Inc.",No,NeuroStar TMS Therapy,,Allopathic & Osteopathic Physicians|Surgery|Surgical Oncology,disallowed
Boston Scientific Corporation,No,ANGIOGRAPHY,,Allopathic & Osteopathic Physicians|Surgery|Vascular Surgery,disallowed
"GlaxoSmithKline, LLC.",No,,VIANI,Allopathic & Osteopathic Physicians|Pathology|Anatomic Pathology & Clinical Pathology,allowed
Sunovion Pharmaceuticals Inc.,No,,Zetonna,Allopathic & Osteopathic Physicians|Nuclear Medicine|Nuclear Cardiology,disallowed
Novo Nordisk Inc,No,,NovoLog,Allopathic & Osteopathic Physicians|Surgery,disallowed
"Medtronic Vascular, Inc.",No,,,Allopathic & Osteopathic Physicians|Internal Medicine|Cardiovascular Disease,disallowed
"IMCLONE SYSTEMS, LLC",No,,,Allopathic & Osteopathic Physicians|Pathology|Anatomic Pathology,disallowed
"Chiesi USA, Inc.",No,,CUROSURF 3ML,Hospitals|General Acute Care Hospital|Critical Access,disallowed
"Merz North America, Inc.",No,Belotero,Xeomin,Allopathic & Osteopathic Physicians|Otolaryngology|Otolaryngic Allergy,disallowed
"NuVasive, Inc.",No,CervicoThoracic,,Allopathic & Osteopathic Physicians|Surgery|Vascular Surgery,disallowed
GE Healthcare,No,HEALTHCARE SYSTEMS,,Allopathic & Osteopathic Physicians|Pain Medicine|Pain Medicine,disallowed
SEIKAGAKU CORPORATION,No,,SI-6603,Allopathic & Osteopathic Physicians|Neurological Surgery,allowed
"Merz North America, Inc.",No,Radiesse,Xeomin,Physician Assistants & Advanced Practice Nursing Providers|Physician Assistant|Medical,disallowed
"Genentech, Inc.",No,,CellCept,Allopathic & Osteopathic Physicians|Urology,disallowed
Amgen Inc.,No,,Aranesp,Allopathic & Osteopathic Physicians|Radiology|Therapeutic Radiology,disallowed
SHIONOGI INC,No,,Naprelan,"Allopathic & Osteopathic Physicians|Neuromusculoskeletal Medicine, Sports Medicine",disallowed
"Takeda Pharmaceuticals America, Inc.",No,,Colcrys,Allopathic & Osteopathic Physicians|Internal Medicine|Cardiovascular Disease,disallowed
"Onyx Pharmaceuticals, Inc., an Amgen subsidiary",No,,Nexavar,Allopathic & Osteopathic Physicians|Anesthesiology,disallowed
"Janssen Scientific Affairs, LLC",No,,No Product,Allopathic & Osteopathic Physicians|Hospitalist,disallowed
Alcon Laboratories Inc,No,,Opti-Free,Allopathic & Osteopathic Physicians|Family Medicine,disallowed
"Medtronic MiniMed, Inc.",No,Insulin pump,,Allopathic & Osteopathic Physicians|Radiology|Diagnostic Radiology,disallowed
Aqua Pharmaceuticals,No,,MONODOX CAPSULES,Allopathic & Osteopathic Physicians|Dermatology|Dermatopathology,disallowed
DePuy Synthes Sales Inc.,No,CMF,,Allopathic & Osteopathic Physicians|Plastic Surgery|Surgery of the Hand,disallowed
DMG AMERICA LLC,No,KOLORZ,,,disallowed
Raintree Essix Inc,No,Consumable Dentistry,,Dental Providers|Dentist,disallowed
"Chek-Med Systems, Inc.",No,,,Allopathic & Osteopathic Physicians|Internal Medicine|Gastroenterology,disallowed
"Hansen Medical, Inc.",No,,Artisan Extend Catheter,Allopathic & Osteopathic Physicians|Internal Medicine|Cardiovascular Disease,disallowed
Cantel Medical Corp.,No,Securefit Mask,,Allopathic & Osteopathic Physicians|Internal Medicine|Pulmonary Disease,disallowed
ViroPharma Incorporated,No,,Cinryze HUMAN C1-ESTERASE INHIBITOR,Allopathic & Osteopathic Physicians|Family Medicine|Geriatric Medicine,disallowed
"Ascension Orthopedics, Inc.",No,CMRH-Carbon Modular Radial Head,,,allowed
"Otsuka America Pharmaceutical, Inc.",No,,ABILIFY TABLET,Allopathic & Osteopathic Physicians|General Practice,disallowed
"AbbVie, Inc.",No,,Androgel,"Allopathic & Osteopathic Physicians|Internal Medicine|Endocrinology, Diabetes & Metabolism",disallowed
Stryker Corporation,No,NAVIGATION,,Allopathic & Osteopathic Physicians|Internal Medicine,disallowed
Edge Endo LLC,No,,EdgeFile X3 with FireWire 40.06 (C4) 25 mm,Dental Providers|Dentist|General Practice,disallowed
"Braemar Manufacturing, LLC",No,Cardiac Monitoring Suite,,Other Service Providers|Specialist,disallowed
Pfizer Inc.,No,,BOSULIF,Allopathic & Osteopathic Physicians|Radiology|Radiation Oncology,disallowed
"Renaissance Pharma, Inc.",No,,DENAVIR,Allopathic & Osteopathic Physicians|Family Medicine|Adolescent Medicine,disallowed
"Cumberland Pharmaceuticals, Inc.",No,,Caldolor,Allopathic & Osteopathic Physicians|Internal Medicine|Critical Care Medicine,disallowed
Merck Sharp & Dohme Corporation,No,,LIPTRUZET,Allopathic & Osteopathic Physicians|Family Medicine|Adult Medicine,disallowed
Pfizer Inc.,No,,ZYVOX,Dental Providers|Dentist|Oral and Maxillofacial Surgery,disallowed
Merck Sharp & Dohme Corporation,No,,NASONEX,Allopathic & Osteopathic Physicians|Family Medicine|Adult Medicine,disallowed
"EXACTA Dental Products, Inc.",No,EXACTA Tray,EXACTA Tray,Dental Providers|Dentist|Prosthodontics,disallowed
"Grifols, Inc.",No,,Prolastin-C,,allowed
Pfizer Inc.,No,,QUILLIVANT XR,Allopathic & Osteopathic Physicians|Family Medicine|Geriatric Medicine,disallowed
"Varian Medical Systems, Inc.",No,Brachy Products,,Allopathic & Osteopathic Physicians|Radiology|Therapeutic Radiology,disallowed
Allergan Inc.,No,,BOTOX,Allopathic & Osteopathic Physicians|Otolaryngology,allowed
"Janssen Biotech, Inc.",No,,Zytiga,Allopathic & Osteopathic Physicians|Pediatrics|Pediatric Pulmonology,disallowed
Sunovion Pharmaceuticals Inc.,No,,Brovana,Allopathic & Osteopathic Physicians|Pathology|Anatomic Pathology & Clinical Pathology,disallowed
"Takeda Pharmaceuticals America, Inc.",No,,Edarbi,Allopathic & Osteopathic Physicians|Allergy & Immunology|Allergy,disallowed
Alcon Laboratories Inc,No,,,Allopathic & Osteopathic Physicians|Pediatrics|Adolescent Medicine,disallowed
Merit Medical Systems Inc,No,Cardiology,,Hospitals|General Acute Care Hospital|Critical Access,disallowed
"FOREST PHARMACEUTICALS, INC.",No,,FETZIMA,Other Service Providers|Specialist,disallowed
Cook Medical LLC,No,PI - Self-Expanding Stent,,Allopathic & Osteopathic Physicians|General Practice,disallowed
"Iroko Pharmaceuticals, LLC",No,,,Other Service Providers|Specialist,disallowed
Merck Sharp & Dohme Corporation,No,,SAPHRIS,"Residential Treatment Facilities|Community Based Residential Treatment Facility, Mental Illness",disallowed
Phadia US Inc.,No,SDG-IDD-Allergy,,Allopathic & Osteopathic Physicians|Internal Medicine|Infectious Disease,disallowed
Merit Medical Systems Inc,No,Gastroenterology,,Allopathic & Osteopathic Physicians|Internal Medicine|Gastroenterology,disallowed
Bayer HealthCare Pharmaceuticals Inc.,No,,Gadavist,Allopathic & Osteopathic Physicians|Radiology|Radiation Oncology,disallowed
"Bard Access Systems, Inc.",No,Oncology,,Allopathic & Osteopathic Physicians|Emergency Medicine|Medical Toxicology,disallowed
"Innovative Medical Products, Inc.",No,,,Allopathic & Osteopathic Physicians|Physical Medicine & Rehabilitation,allowed
"ECR Pharmaceuticals Co., Inc.",No,,Tussicaps,Allopathic & Osteopathic Physicians|Internal Medicine|Sleep Medicine,disallowed
"FUJIFILM Medical Systems USA, Inc.",No,Synapse,,Allopathic & Osteopathic Physicians|Radiology|Neuroradiology,disallowed
"Arbor Pharmaceuticals, Inc.",No,,CARDIOVASCULAR,Allopathic & Osteopathic Physicians|Family Medicine|Adolescent Medicine,disallowed
Alcon Laboratories Inc,No,,,Allopathic & Osteopathic Physicians|Internal Medicine|Infectious Disease,disallowed
Shire US Holdings,No,,LIALDA,Allopathic & Osteopathic Physicians|Pediatrics|Pediatric Cardiology,disallowed
HOLOGIC INC,No,Thin Prep,,Allopathic & Osteopathic Physicians|Obstetrics & Gynecology|Maternal & Fetal Medicine,disallowed
Roche Diagnostics Corporation,No,MD - HPV-CTNG,,Allopathic & Osteopathic Physicians|Obstetrics & Gynecology|Maternal & Fetal Medicine,disallowed
"GlaxoSmithKline, LLC.",No,,BENLYSTA,Allopathic & Osteopathic Physicians|General Practice,allowed
"Teva Pharmaceuticals USA, Inc.",No,,QVAR,Allopathic & Osteopathic Physicians|Anesthesiology,disallowed
Elekta Oy,No,ELEKTA NEUROMAG,,Allopathic & Osteopathic Physicians|Psychiatry & Neurology|Clinical Neurophysiology,disallowed
"EMPI, INC.",No,Osteogenesis Stimulators,,Allopathic & Osteopathic Physicians|Surgery|Surgery of the Hand,disallowed
"E.R. Squibb & Sons, L.L.C.",No,,BYDUREON,Allopathic & Osteopathic Physicians|Radiology|Radiation Oncology,disallowed
"Genentech USA, Inc.",No,,Lucentis,Allopathic & Osteopathic Physicians|Psychiatry & Neurology|Vascular Neurology,disallowed
"EMD Serono, Inc.",No,,Egrifta,Physician Assistants & Advanced Practice Nursing Providers|Physician Assistant|Surgical Technologist,disallowed
Atrium Medical Corporation,No,Vascular,,Allopathic & Osteopathic Physicians|Surgery,disallowed
SciCan Inc,No,KIT 5000 BASKET| J,,Dental Providers|Dentist|Oral and Maxillofacial Surgery,disallowed
"W. L. Gore & Associates, Inc.",No,BIO-A Tissue Reinforcement,,"Student, Health Care|Student in an Organized Health Care Education/Training Program",disallowed
Covidien LP,No,Neurovascular Access Delivery,,Allopathic & Osteopathic Physicians|Internal Medicine,disallowed
Dendreon Corporation,No,,PROVENGE,Allopathic & Osteopathic Physicians|Internal Medicine|Medical Oncology,disallowed
Astellas Pharma US Inc,No,,TARCEVA,Allopathic & Osteopathic Physicians|Anesthesiology|Hospice and Palliative Medicine,disallowed
"SI-Bone, Inc.",No,iFuse Implant,,Chiropractic Providers|Chiropractor,disallowed
"St. Jude Medical, Inc.",No,St. Jude Medical,,Allopathic & Osteopathic Physicians|Physical Medicine & Rehabilitation|Pain Medicine,disallowed
Novartis Pharmaceuticals Corporation,No,,GLEEVEC,Allopathic & Osteopathic Physicians|Emergency Medicine,disallowed
"Salix Pharmaceuticals, Ltd",No,,RELISTOR,Allopathic & Osteopathic Physicians|Obstetrics & Gynecology|Gynecologic Oncology,disallowed
Bayer HealthCare LLC,No,Contour,,Allopathic & Osteopathic Physicians|Neurological Surgery,disallowed
SANOFI-AVENTIS U.S. LLC,No,Osteoarthritis of the Knee,,Allopathic & Osteopathic Physicians|Internal Medicine|Nephrology,disallowed
Questcor Pharmaceuticals,No,,ACTHAR- NEPH,Allopathic & Osteopathic Physicians|Internal Medicine|Pulmonary Disease,disallowed
Medivation Inc.,No,,XTANDI,Physician Assistants & Advanced Practice Nursing Providers|Physician Assistant|Medical,disallowed
"W. L. Gore & Associates, Inc.",No,Vascular Graft,,Other Service Providers|Specialist,disallowed
BIOTRONIK INC.,No,Bradycardia products,,Allopathic & Osteopathic Physicians|Plastic Surgery,disallowed
"SeaSpine, Inc.",No,Spine-New Product in Development,,Allopathic & Osteopathic Physicians|Orthopaedic Surgery|Orthopaedic Surgery of the Spine,disallowed
Sanofi Pasteur Inc.,No,,SKLICE,Allopathic & Osteopathic Physicians|Orthopaedic Surgery|Foot and Ankle Surgery,disallowed
ENVOY MEDICAL CORPORATION,No,,,Allopathic & Osteopathic Physicians|Otolaryngology,disallowed
Stryker Corporation,No,KNEES,,Allopathic & Osteopathic Physicians|Surgery,disallowed
Novartis Pharmaceuticals Corporation,No,,EXJADE,Other Service Providers|Military Health Care Provider,disallowed
"EMD Serono, Inc.",No,,,"Allopathic & Osteopathic Physicians|Internal Medicine|Endocrinology, Diabetes & Metabolism",disallowed
Volcano Corporation,No,PV.035,,Allopathic & Osteopathic Physicians|Family Medicine,disallowed
Sekisui Diagnostics LLC,No,,,Allopathic & Osteopathic Physicians|Internal Medicine|Geriatric Medicine,disallowed
United Therapeutics Corporation,No,,TYVASO,Allopathic & Osteopathic Physicians|General Practice,disallowed
Genzyme Corporation,No,,,Allopathic & Osteopathic Physicians|Surgery|Vascular Surgery,disallowed
Pfizer Inc.,No,,TOVIAZ,Allopathic & Osteopathic Physicians|Physical Medicine & Rehabilitation,disallowed
"Keystone Surgical Systems, Inc.",No,ARTHREX PRODUCT LINE SHOULDER & ELBOW ARTHROSCOPY,,,disallowed
"AMAG Pharmaceuticals, Inc.",No,,Feraheme,Allopathic & Osteopathic Physicians|Obstetrics & Gynecology|Gynecologic Oncology,disallowed
"Genentech USA, Inc.",No,,Xolair,Allopathic & Osteopathic Physicians|Pediatrics|Pediatric Pulmonology,disallowed
"W. L. Gore & Associates, Inc.",No,PROPATEN Bioactive Surface,,Allopathic & Osteopathic Physicians|Surgery|Vascular Surgery,disallowed
Endo Pharmaceuticals Inc.,No,,FORTESTA,Allopathic & Osteopathic Physicians|Internal Medicine|Hospice and Palliative Medicine,disallowed
Astellas Pharma Inc,No,,,Allopathic & Osteopathic Physicians|Obstetrics & Gynecology,allowed
Warner Chilcott LLC,No,,ATELVIA,Physician Assistants & Advanced Practice Nursing Providers|Nurse Practitioner|Adult Health,disallowed
"Genentech USA, Inc.",No,,Rituxan,Allopathic & Osteopathic Physicians|Family Medicine,disallowed
United Therapeutics Corporation,No,,TYVASO,Allopathic & Osteopathic Physicians|Internal Medicine|Addiction Medicine,disallowed
Cordis Corporation,No,Endovascular,,Allopathic & Osteopathic Physicians|Pediatrics|Adolescent Medicine,disallowed
"Salix Pharmaceuticals, Ltd",No,,Moviprep,Allopathic & Osteopathic Physicians|Internal Medicine|Gastroenterology,disallowed
"Spine Wave, Inc.",No,"Cervical, Pedicle Screw System, MIS Pedicle Screw System, XD Expandable Device,XDL Expandable Device",,Physician Assistants & Advanced Practice Nursing Providers|Physician Assistant,disallowed
HZNP USA Inc.,No,,Actimmune,Allopathic & Osteopathic Physicians|Allergy & Immunology|Clinical & Laboratory Immunology,disallowed
Shire US Holdings,No,,VPRIV,Allopathic & Osteopathic Physicians|Medical Genetics|Clinical Genetics (M.D.),disallowed
Ferring Pharmaceuticals Inc.,No,,PREPOPIK,Allopathic & Osteopathic Physicians|Family Medicine,disallowed
Allergan Inc.,No,,,Allopathic & Osteopathic Physicians|Family Medicine|Geriatric Medicine,disallowed
"Grifols USA, LLC",No,,Gamunex-C,Behavioral Health & Social Service Providers|Psychologist,disallowed
"GlaxoSmithKline, LLC.",No,,BOSATRIA,Allopathic & Osteopathic Physicians|Internal Medicine|Rheumatology,allowed
Stryker Corporation,No,INTERVENTIONAL SPINE,,Allopathic & Osteopathic Physicians|Family Medicine|Sports Medicine,disallowed
AstraZeneca UK Limited,No,,,,allowed
SANOFI-AVENTIS U.S. LLC,No,Osteoarthritis of the Knee,,Allopathic & Osteopathic Physicians|Internal Medicine,disallowed
Novo Nordisk Inc,No,,,Allopathic & Osteopathic Physicians|Internal Medicine|Infectious Disease,disallowed
"Takeda Development Center Americas, Inc.",No,,Uloric,Other Service Providers|Contractor,allowed
"Medtronic USA, Inc.",No,Sacral Nerve Stimulation - Neuro,,Allopathic & Osteopathic Physicians|Internal Medicine|Interventional Cardiology,disallowed
DePuy Synthes Sales Inc.,No,Neurosurgery,,Allopathic & Osteopathic Physicians|Radiology|Neuroradiology,disallowed
Pfizer Inc.,No,,QUILLIVANT XR,Allopathic & Osteopathic Physicians|Pediatrics|Pediatric Gastroenterology,disallowed
Astellas Pharma US Inc,No,,,Allopathic & Osteopathic Physicians|Surgery,disallowed
"AbbVie, Inc.",No,,Creon,Allopathic & Osteopathic Physicians|Internal Medicine|Adolescent Medicine,disallowed
Warner Chilcott LLC,No,,ATELVIA,Allopathic & Osteopathic Physicians|Obstetrics & Gynecology|Female Pelvic Medicine and Reconstructive Surgery,disallowed
"Cumberland Pharmaceuticals, Inc.",No,,Caldolor,Allopathic & Osteopathic Physicians|Anesthesiology|Critical Care Medicine,disallowed
"DJO, LLC",No,Orthoses  Off-The-Shelf,,Chiropractic Providers|Chiropractor|Neurology,disallowed
"GlaxoSmithKline, LLC.",No,,BOOSTRIX,Allopathic & Osteopathic Physicians|Family Medicine,disallowed
"Boehringer Ingelheim Pharmaceuticals, Inc.",No,,TRADJENTA,Allopathic & Osteopathic Physicians|Pediatrics|Pediatric Gastroenterology,disallowed
VERTEX PHARMACEUTICALS INCORPORATED,No,,INCIVEK,Allopathic & Osteopathic Physicians|Pediatrics|Developmental  Behavioral Pediatrics,disallowed
"Janssen Pharmaceuticals, Inc",No,,Zytiga,Allopathic & Osteopathic Physicians|Obstetrics & Gynecology|Gynecology,disallowed
"Dornier MedTech America, Inc",No,Diode Lasers & Accessories,,"Allopathic & Osteopathic Physicians|Internal Medicine|Endocrinology, Diabetes & Metabolism",disallowed
Stryker Corporation,No,REPROCESSED NON-INVASIVE DEVICES,,Allopathic & Osteopathic Physicians|Internal Medicine|Infectious Disease,disallowed
"Smith & Nephew, Inc.",No,Sports Med Hip,,Allopathic & Osteopathic Physicians|Orthopaedic Surgery|Adult Reconstructive Orthopaedic Surgery,disallowed
Aqua Pharmaceuticals,No,,MONODOX CAPSULES,Allopathic & Osteopathic Physicians|Family Medicine,disallowed
"K2M, Inc.",No,RAIL,,Allopathic & Osteopathic Physicians|Neurological Surgery,disallowed
SANOFI-AVENTIS U.S. LLC,No,,CARTICEL,Allopathic & Osteopathic Physicians|Physical Medicine & Rehabilitation|Sports Medicine,disallowed
"Boehringer Ingelheim Pharmaceuticals, Inc.",No,,,Allopathic & Osteopathic Physicians|Orthopaedic Surgery,disallowed
"Cadence Pharmaceuticals, Inc.",No,,OFIRMEV,Allopathic & Osteopathic Physicians|Pediatrics,disallowed
"Universal Hospital Services, Inc.",No,Patient Handling Equipment,,Allopathic & Osteopathic Physicians|Plastic Surgery,disallowed
"Taro Pharmaceuticals USA, Inc.",No,,Topicort,Podiatric Medicine & Surgery Service Providers|Podiatrist,disallowed
Merck Sharp & Dohme Corporation,No,,MK-3415A,Allopathic & Osteopathic Physicians|Surgery|Trauma Surgery,allowed
Merck Sharp & Dohme Corporation,No,,V512,Allopathic & Osteopathic Physicians|Family Medicine,disallowed
SANOFI-AVENTIS U.S. LLC,No,,LANTUS SOLOSTAR,Allopathic & Osteopathic Physicians|General Practice,disallowed
"LDR SPINE USA, INC",No,Spinal Implant,,Allopathic & Osteopathic Physicians|Radiology|Radiation Oncology,disallowed
Pfizer Inc.,No,,GELFOAM,Allopathic & Osteopathic Physicians|Physical Medicine & Rehabilitation,disallowed
Thoratec Corporation,No,HeartMate II,,Allopathic & Osteopathic Physicians|Family Medicine,disallowed
Daiichi Sankyo Inc.,No,,Benicar,Allopathic & Osteopathic Physicians|Psychiatry & Neurology|Psychiatry,disallowed
AstraZeneca Pharmaceuticals LP,No,,SEROQUEL XR,Allopathic & Osteopathic Physicians|Family Medicine|Geriatric Medicine,disallowed
"Young PS Acquisitions, LLC",No,Gloves,,Dental Providers|Dentist|Pediatric Dentistry,disallowed
Cubist Pharmaceuticals Inc,No,,ENTEREG,Allopathic & Osteopathic Physicians|Radiology|Vascular & Interventional Radiology,disallowed
Merck Sharp & Dohme Corporation,No,,DULERA,Allopathic & Osteopathic Physicians|Internal Medicine,disallowed
"Becton, Dickinson and Company",No,,,Allopathic & Osteopathic Physicians|Pediatrics|Pediatric Hematology-Oncology,disallowed
"Depomed, Inc.",No,,Gralise,Dental Providers|Dentist|General Practice,disallowed
"Medtronic Vascular, Inc.",No,Implantable Cardioverter Defibrillators - ICDs,,"Allopathic & Osteopathic Physicians|Internal Medicine|Endocrinology, Diabetes & Metabolism",disallowed
AstraZeneca Pharmaceuticals LP,No,,BRILINTA,Allopathic & Osteopathic Physicians|Nuclear Medicine,disallowed
"Meda Pharmaceuticals, Inc.",No,,Elestrin,Allopathic & Osteopathic Physicians|Obstetrics & Gynecology|Gynecologic Oncology,disallowed
"Molnlycke Health Care US, LLC",No,Biogel,,Allopathic & Osteopathic Physicians|Surgery,disallowed
"E.R. Squibb & Sons, L.L.C.",No,,YERVOY,Allopathic & Osteopathic Physicians|Radiology|Diagnostic Radiology,allowed
XenoPort Inc.,No,,Horizant,Allopathic & Osteopathic Physicians|Physical Medicine & Rehabilitation|Hospice and Palliative Medicine,disallowed
"Takeda Pharmaceuticals America, Inc.",No,,Nesina,"Other Service Providers|Medical Genetics, Ph.D. Medical Genetics",disallowed
"Smith & Nephew, Inc.",No,Infection Management,,Allopathic & Osteopathic Physicians|Orthopaedic Surgery,disallowed
Novartis Pharmaceuticals Corporation,No,,AFINITOR,Allopathic & Osteopathic Physicians|Family Medicine,disallowed
Gilead Sciences Inc,No,,Viread-HBV,Allopathic & Osteopathic Physicians|Internal Medicine|Nephrology,disallowed
"Medtronic Vascular, Inc.",No,Catheters,,Allopathic & Osteopathic Physicians|General Practice,disallowed
"St. Jude Medical, Inc.",No,Structural Heart,,Allopathic & Osteopathic Physicians|Ophthalmology,disallowed
Takeda Pharmaceuticals Puerto Rico LLC,No,,Edarbi,Other Service Providers|Specialist,disallowed
Baxter Healthcare,No,,BioSurgery - FLOSEAL,Allopathic & Osteopathic Physicians|Orthopaedic Surgery|Orthopaedic Surgery of the Spine,disallowed
PFIZER INC.,No,,TYGACIL,Allopathic & Osteopathic Physicians|Surgery,disallowed
Merck Sharp & Dohme Corporation,No,,MK-8931,Allopathic & Osteopathic Physicians|Neurological Surgery,disallowed
RT Oncology Services Corporation,No,,,Allopathic & Osteopathic Physicians|Internal Medicine,disallowed
"Arbor Pharmaceuticals, Inc.",No,,CARDIOVASCULAR,Allopathic & Osteopathic Physicians|Family Medicine,disallowed
Alcon Research Ltd,No,,,Allopathic & Osteopathic Physicians|Internal Medicine,disallowed
Ethicon Endo-Surgery Inc.,No,Endoscopy#Other,,,disallowed
"Genentech USA, Inc.",No,,Rituxan,Dental Providers|Dentist|Periodontics,disallowed
Astellas Pharma US Inc,No,,ASTAGRAF XL,Allopathic & Osteopathic Physicians|Internal Medicine,disallowed
Celgene Corporation,No,,Ambrucin,Allopathic & Osteopathic Physicians|Internal Medicine|Medical Oncology,allowed
Cepheid,No,,,Allopathic & Osteopathic Physicians|Internal Medicine|Infectious Disease,disallowed
GENZYME CORPORATION,No,,,Allopathic & Osteopathic Physicians|Obstetrics & Gynecology|Gynecologic Oncology,disallowed
Roche Diagnostics Corporation,No,RTD - Advanced Staining - instruments-assays,,Allopathic & Osteopathic Physicians|Pathology|Cytopathology,disallowed
"AbbVie, Inc.",No,,Humira,Allopathic & Osteopathic Physicians|Dermatology|MOHS-Micrographic Surgery,disallowed
Baxter Healthcare,No,,BioSurgery - ARTISS,Allopathic & Osteopathic Physicians|Surgery|Plastic and Reconstructive Surgery,disallowed
"FOREST PHARMACEUTICALS, INC.",No,,,Allopathic & Osteopathic Physicians|Internal Medicine|Rheumatology,disallowed
Pfizer Pharmaceuticals LLC,No,,ELIQUIS,Allopathic & Osteopathic Physicians|Surgery|Vascular Surgery,disallowed
Allergan Inc.,No,,LASTACAFT,Allopathic & Osteopathic Physicians|Orthopaedic Surgery,disallowed
"Onset Dermatolology, Inc",No,,LOCOID BRAND,Other Service Providers|Legal Medicine,disallowed
Cook Incorporated,No,PI - IAA,,Allopathic & Osteopathic Physicians|Radiology|Vascular & Interventional Radiology,disallowed
"Acorda Therapeutics, Inc",No,,ZANAFLEX,,allowed
Bayer HealthCare Pharmaceuticals Inc.,No,,Nexavar,Allopathic & Osteopathic Physicians|Psychiatry & Neurology|Neurology,disallowed
"Takeda Pharmaceuticals America, Inc.",No,,Dexilant,Allopathic & Osteopathic Physicians|Otolaryngology|Otolaryngic Allergy,disallowed
Merit Medical Systems Inc,No,Pulmonary,,"Student, Health Care|Student in an Organized Health Care Education/Training Program",disallowed
Pfizer Inc.,No,,THROMBIN,Allopathic & Osteopathic Physicians|Plastic Surgery,disallowed
Daiichi Sankyo Inc.,No,,Tribenzor,"Other Service Providers|Medical Genetics, Ph.D. Medical Genetics",disallowed
"Merz North America, Inc.",No,Belotero,,Podiatric Medicine & Surgery Service Providers|Podiatrist|Foot & Ankle Surgery,disallowed
"FOREST PHARMACEUTICALS, INC.",No,,NAMENDA,Allopathic & Osteopathic Physicians|Psychiatry & Neurology|Geriatric Psychiatry,disallowed
"Teva Pharmaceuticals USA, Inc.",No,,QVAR,Allopathic & Osteopathic Physicians|Internal Medicine|Rheumatology,disallowed
"Smith & Nephew, Inc.",No,,,Allopathic & Osteopathic Physicians|Internal Medicine,disallowed
Cook Incorporated,No,Urology,,Allopathic & Osteopathic Physicians|Internal Medicine,disallowed
Luitpold Pharmaceuticals Inc,No,BETAMETHASONE SOD PHOS,BETAMETHASONE SOD PHOS,Behavioral Health & Social Service Providers|Social Worker|Clinical,disallowed
Eisai Inc.,No,,Belviq,Ambulatory Health Care Facilities|Clinic/Center|Oral and Maxillofacial Surgery,disallowed
"Janssen Biotech, Inc.",No,,Simponi,Allopathic & Osteopathic Physicians|Urology|Pediatric Urology,disallowed
APOLLO ENDOSURGERY INC,No,Lap-Band,,Allopathic & Osteopathic Physicians|Internal Medicine|Hematology & Oncology,disallowed
Eisai Inc.,No,,Halaven,Allopathic & Osteopathic Physicians|Ophthalmology,disallowed
Olive Medical Corporation,No,Olive Medical Surgical Camera,,Allopathic & Osteopathic Physicians|Surgery,disallowed
"EMD Serono, Inc.",No,,Gonal-f,Allopathic & Osteopathic Physicians|Allergy & Immunology|Allergy,disallowed
"Lupin Pharmaceuticals, Inc",No,,Suprax,Allopathic & Osteopathic Physicians|Otolaryngology|Otolaryngic Allergy,disallowed
Merck Sharp & Dohme Corporation,No,,VYTORIN,Allopathic & Osteopathic Physicians|Emergency Medicine|Emergency Medical Services,disallowed
Merz Pharmaceuticals GmbH,No,,Xeomin,Allopathic & Osteopathic Physicians|Anesthesiology,disallowed
American Medical Systems Inc.,No,AMS 700 Series,,Allopathic & Osteopathic Physicians|Internal Medicine|Pulmonary Disease,disallowed
"Teva Pharmaceuticals USA, Inc.",No,,,Physician Assistants & Advanced Practice Nursing Providers|Physician Assistant|Medical,disallowed
"DentalEZ, Inc.",No,food,,Dental Providers|Dentist|Prosthodontics,disallowed
Baxter Healthcare,No,,,Chiropractic Providers|Chiropractor|Rehabilitation,disallowed
"Aptalis Pharma US, Inc",No,,RECTIV,Allopathic & Osteopathic Physicians|Obstetrics & Gynecology|Gynecologic Oncology,disallowed
Covidien LP,No,Coils,,Dental Providers|Dentist|Periodontics,disallowed
Musculoskeletal Transplant Foundation Inc.,No,,,,disallowed
"GlaxoSmithKline, LLC.",No,,,Physician Assistants & Advanced Practice Nursing Providers|Nurse Practitioner,allowed
Novartis Pharmaceuticals Corporation,No,,NON BRAND,Allopathic & Osteopathic Physicians|Urology,disallowed
Ethicon Inc.,No,Sutures,,Allopathic & Osteopathic Physicians|Thoracic Surgery (Cardiothoracic Vascular Surgery),disallowed
"Chiesi USA, Inc.",No,,CARDENE IV 20mg Sodium Chloride,Allopathic & Osteopathic Physicians|Internal Medicine,disallowed
Pfizer Inc.,No,,CELEBREX,Allopathic & Osteopathic Physicians|Pediatrics|Pediatric Rheumatology,disallowed
The Spectranetics Corporation,No,SLS IIGLIDELIGHT,,Allopathic & Osteopathic Physicians|Anesthesiology,disallowed
"Vertical Pharmaceuticals, LLC",No,,ConZip,Allopathic & Osteopathic Physicians|Internal Medicine|Nephrology,disallowed
Mission Pharmacal Company,No,,,Allopathic & Osteopathic Physicians|Internal Medicine|Clinical Cardiac Electrophysiology,disallowed
Merck Sharp & Dohme Corporation,No,,V114,Allopathic & Osteopathic Physicians|Internal Medicine,disallowed
"LILLY USA, LLC",No,,FORTEO,Allopathic & Osteopathic Physicians|Internal Medicine|Cardiovascular Disease,disallowed
"Meda Pharmaceuticals, Inc.",No,,Dymista,Allopathic & Osteopathic Physicians|Pediatrics,disallowed
"INTERNATIONAL REHABILITATIVE SCIENCES, INC",No,RS4I,,Allopathic & Osteopathic Physicians|Pain Medicine|Interventional Pain Medicine,disallowed
"Medical Engineering and Development Institute, Inc.",No,,,Allopathic & Osteopathic Physicians|Thoracic Surgery (Cardiothoracic Vascular Surgery),disallowed
"AtriCure, Inc.",No,CARDIOVASCULAR,,Allopathic & Osteopathic Physicians|Pathology|Anatomic Pathology & Clinical Pathology,disallowed
"Cumberland Pharmaceuticals, Inc.",No,,Kristalose 10gm,Allopathic & Osteopathic Physicians|Pediatrics|Adolescent Medicine,disallowed
Convatec Inc.,No,CONTINENCE AND CRITICAL CARE,,Allopathic & Osteopathic Physicians|Internal Medicine|Pulmonary Disease,disallowed
"MedImmune, LLC",No,,,Allopathic & Osteopathic Physicians|Internal Medicine|Infectious Disease,disallowed
"Takeda Pharmaceuticals America, Inc.",No,,Amitiza,"Allopathic & Osteopathic Physicians|Internal Medicine|Endocrinology, Diabetes & Metabolism",disallowed
Quidel Corporation,No,,,Allopathic & Osteopathic Physicians|Family Medicine,disallowed
Cook Incorporated,No,ESC - Metal Stents,,Allopathic & Osteopathic Physicians|Internal Medicine,disallowed
DePuy Synthes Sales Inc.,No,Trauma,,Podiatric Medicine & Surgery Service Providers|Podiatrist|Foot & Ankle Surgery,disallowed
Innovative Therapies Inc.,No,,,Allopathic & Osteopathic Physicians|Surgery,disallowed
"Wright Medical Technology, Inc.",No,,Foot and Ankle,Podiatric Medicine & Surgery Service Providers|Podiatrist|Foot Surgery,disallowed
"EMPI, INC.",No,Osteogenesis Stimulators,,Allopathic & Osteopathic Physicians|Orthopaedic Surgery|Orthopaedic Surgery of the Spine,disallowed
"Life Spine, Inc.",No,Solstice,,Allopathic & Osteopathic Physicians|Orthopaedic Surgery|Orthopaedic Surgery of the Spine,disallowed
Cardiovascular Systems Inc.,No,Atherectomy Device,,Podiatric Medicine & Surgery Service Providers|Podiatrist|Radiology,disallowed
"diaDexus, Inc.",No,PLAC Test,,Allopathic & Osteopathic Physicians|Thoracic Surgery (Cardiothoracic Vascular Surgery),disallowed
"AbbVie, Inc.",No,,Synthroid,Allopathic & Osteopathic Physicians|Family Medicine,disallowed
bioMerieux,No,MiniVIDAS,,,disallowed
"Janssen Biotech, Inc.",No,,Prezista,Allopathic & Osteopathic Physicians|Internal Medicine,disallowed
LifeCell Corporation,No,Strattice,,Allopathic & Osteopathic Physicians|Plastic Surgery|Plastic Surgery Within the Head and Neck,disallowed
"EXACTA Dental Products, Inc.",No,EXACTA Flow,EXACTA Flow,Dental Providers|Dentist|General Practice,disallowed
Novo Nordisk Inc,No,,NovoLog,Allopathic & Osteopathic Physicians|Internal Medicine|Pulmonary Disease,disallowed
"Ironwood Pharmaceuticals, Inc",No,,LINZESS 145 mcg,Allopathic & Osteopathic Physicians|Dermatology,disallowed
"FOREST PHARMACEUTICALS, INC.",No,,FETZIMA,Allopathic & Osteopathic Physicians|Radiology|Diagnostic Radiology,disallowed
"Janssen Pharmaceuticals, Inc",No,,Invega Sustenna,Allopathic & Osteopathic Physicians|Pediatrics|Adolescent Medicine,disallowed
Amarin Pharma Inc.,No,,Vascepa,"Respiratory, Developmental, Rehabilitative and Restorative Service Providers|Physical Therapist",disallowed
"Medtronic Vascular, Inc.",No,Heart Valves,,Allopathic & Osteopathic Physicians|Psychiatry & Neurology|Neurology,disallowed
Novartis Vaccines and Diagnostics Inc,No,,Menveo,Allopathic & Osteopathic Physicians|Pediatrics|Pediatric Hematology-Oncology,disallowed
DMG AMERICA LLC,No,Luxabite,,Dental Providers|Dentist|General Practice,disallowed
"Pinnacle Biologics, Inc",Yes,,Photofrin,,allowed
"Auxilium Pharmaceuticals, Inc.",No,,TESTIM,Physician Assistants & Advanced Practice Nursing Providers|Physician Assistant|Medical,disallowed
LifeCell Corporation,No,Strattice,,Allopathic & Osteopathic Physicians|Internal Medicine|Pulmonary Disease,disallowed
EKOS Corporation,No,EKOSONIC,,Allopathic & Osteopathic Physicians|Urology,disallowed
Kensey Nash,No,Meso Wound Matrix,,Other Service Providers|Specialist,disallowed
Allergan Inc.,No,,LUMIGAN,Allopathic & Osteopathic Physicians|Preventive Medicine|Public Health & General Preventive Medicine,disallowed
"Medtronic Sofamor Danek USA, Inc.",No,Interventional Therapies,,Allopathic & Osteopathic Physicians|Internal Medicine|Hospice and Palliative Medicine,disallowed
LSI SOLUTIONS INC,No,RD180,,Allopathic & Osteopathic Physicians|Surgery,disallowed
"Genentech, Inc.",No,,Pulmozyme,Allopathic & Osteopathic Physicians|Radiology|Diagnostic Radiology,disallowed
"AbbVie, Inc.",No,,,Allopathic & Osteopathic Physicians|Emergency Medicine|Emergency Medical Services,disallowed
Novadaq Technologies Inc.,No,PINPOINT,,Podiatric Medicine & Surgery Service Providers|Podiatrist|Foot & Ankle Surgery,disallowed
XenoPort Inc.,No,,Horizant,Allopathic & Osteopathic Physicians|Family Medicine|Sports Medicine,disallowed
AstraZeneca Pharmaceuticals LP,No,,CRESTOR,Allopathic & Osteopathic Physicians|Surgery,disallowed
"Depomed, Inc.",No,,Zipsor,"Allopathic & Osteopathic Physicians|Internal Medicine|Endocrinology, Diabetes & Metabolism",disallowed
"TriVascular, Inc.",No,Aortic Aneurysm,,Allopathic & Osteopathic Physicians|Surgery|Trauma Surgery,disallowed
Merck Sharp & Dohme Corporation,No,,MK-663,Allopathic & Osteopathic Physicians|Internal Medicine|Rheumatology,allowed
"Horizon Pharma USA, Inc.",No,,DUEXIS-800mg Ibuprofen- 26.6mg Famotidine,Physician Assistants & Advanced Practice Nursing Providers|Physician Assistant|Medical,disallowed
"Genentech USA, Inc.",No,,Valcyte,Allopathic & Osteopathic Physicians|Pediatrics|Pediatric Pulmonology,disallowed
Astellas Pharma US Inc,No,,TARCEVA,Allopathic & Osteopathic Physicians|Internal Medicine,disallowed
"Medtronic Vascular, Inc.",No,Leads,,Allopathic & Osteopathic Physicians|Internal Medicine|Nephrology,disallowed
Bayer HealthCare Pharmaceuticals Inc.,No,,Stivarga,Allopathic & Osteopathic Physicians|Allergy & Immunology|Allergy,disallowed
"Cheetah Medical, Inc.",No,CHEETAH NICOM,,,disallowed
"Gotham Surgical Solutions & Devices, Inc.",No,ARTHREX PRODUCT LINE KNEE & HIP ARTHROSCOPY,,Allopathic & Osteopathic Physicians|Orthopaedic Surgery|Pediatric Orthopaedic Surgery,disallowed
Takeda Pharmaceuticals Puerto Rico LLC,No,,Uloric,Allopathic & Osteopathic Physicians|Internal Medicine,disallowed
Gilead Sciences Inc,No,,Cayston,Allopathic & Osteopathic Physicians|Internal Medicine|Gastroenterology,disallowed
Tulsa Dental Products LLC,No,,,Dental Providers|Dentist,disallowed
Cook Incorporated,No,AI - AAA,,Allopathic & Osteopathic Physicians|Orthopaedic Surgery,disallowed
Sunovion Pharmaceuticals Inc.,No,,Latuda,,allowed
"Tosoh Bioscience, Inc.",No,AIA-PACK Control Set,,Allopathic & Osteopathic Physicians|Internal Medicine,disallowed
AstraZeneca Pharmaceuticals LP,No,,FASLODEX,Allopathic & Osteopathic Physicians|Internal Medicine|Hematology,disallowed
Baxter Healthcare,No,,BioSurgery - TISSEEL,Allopathic & Osteopathic Physicians|Internal Medicine|Medical Oncology,disallowed
Merck Sharp & Dohme Corporation,No,,MK-1029,Allopathic & Osteopathic Physicians|General Practice,allowed
"Teva Pharmaceuticals USA, Inc.",No,,FENTORA,Eye and Vision Services Providers|Optometrist,disallowed
Novartis Pharmaceuticals Corporation,No,,FARYDAK,Other Service Providers|Specialist,disallowed
Bayer HealthCare LLC,No,,Gadavist,Allopathic & Osteopathic Physicians|Radiology|Vascular & Interventional Radiology,disallowed
"Otsuka Pharmaceutical Development & Commercialization, Inc.",No,,,Allopathic & Osteopathic Physicians|Psychiatry & Neurology|Pain Medicine,allowed
Baxter Healthcare,No,,BioTherapeutics - GAMMAGARD-KIOVIG,Allopathic & Osteopathic Physicians|Internal Medicine|Nephrology,disallowed
Vidacare Corporation,No,EZ IO,,Allopathic & Osteopathic Physicians|Radiology|Diagnostic Radiology,disallowed
Amgen Inc.,No,,Neulasta,Allopathic & Osteopathic Physicians|Anesthesiology,disallowed
"Teva Pharmaceuticals USA, Inc.",No,,QNASL,"Respiratory, Developmental, Rehabilitative and Restorative Service Providers|Occupational Therapist",disallowed
ArthroCare Corporation,No,In Development,,Allopathic & Osteopathic Physicians|Surgery,disallowed
"Janssen Pharmaceuticals, Inc",No,,Procrit,Allopathic & Osteopathic Physicians|Nuclear Medicine,disallowed
AstraZeneca Pharmaceuticals LP,No,,SEROQUEL XR,Allopathic & Osteopathic Physicians|Allergy & Immunology,disallowed
Haemonetics Corporation,No,CardoPAT,,,disallowed
"Plasma Surgical, Inc.",No,,PlasmaJet,Other Service Providers|Specialist,disallowed
Warner Chilcott LLC,No,,ENABLEX,Allopathic & Osteopathic Physicians|Obstetrics & Gynecology|Maternal & Fetal Medicine,disallowed
"W. L. Gore & Associates, Inc.",No,BIO-A  Fistula Plug,,Allopathic & Osteopathic Physicians|Colon & Rectal Surgery,disallowed
"GlaxoSmithKline, LLC.",No,,BENLYSTA,Allopathic & Osteopathic Physicians|Internal Medicine|Medical Oncology,disallowed
"Actelion Pharmaceuticals US, Inc.",No,,,,disallowed
Emergent BioSolutions Inc.,No,,WinRho SDF,Allopathic & Osteopathic Physicians|Internal Medicine|Hematology & Oncology,disallowed
"Boehringer Ingelheim Pharmaceuticals, Inc.",No,,Tradjenta,Allopathic & Osteopathic Physicians|Family Medicine,disallowed
Eisai Inc.,No,,Halaven,Allopathic & Osteopathic Physicians|Psychiatry & Neurology|Neurology,disallowed
"DFINE, Inc",No,STAR,,Allopathic & Osteopathic Physicians|Radiology|Radiation Oncology,disallowed
NOVARTIS PHARMACEUTICALS CORPORATION,No,,SANDOSTATIN,Allopathic & Osteopathic Physicians|Radiology|Radiation Oncology,disallowed
Given Imaging Ltd.,No,SmartPill,SmartPill,,allowed
"Navidea Biopharmaceuticals, Inc.",No,,NAV4694,Allopathic & Osteopathic Physicians|Psychiatry & Neurology|Neurology,allowed
Merck Sharp & Dohme Corporation,No,,MK-8237,Allopathic & Osteopathic Physicians|Allergy & Immunology,allowed
"Medtronic Vascular, Inc.",No,Cardiac Monitors - Insertable,,Emergency Medical Service Providers|Personal Emergency Response Attendant,disallowed
Amarin Pharma Inc.,No,,Vascepa,Allopathic & Osteopathic Physicians|Internal Medicine|Critical Care Medicine,disallowed
HOLOGIC INC,No,APTIMA,,Allopathic & Osteopathic Physicians|Radiology|Diagnostic Ultrasound,disallowed
"St. Jude Medical, Inc.",No,Neuro-Chronic Pain,,Allopathic & Osteopathic Physicians|Internal Medicine|Gastroenterology,disallowed
SHIONOGI INC,No,,,Allopathic & Osteopathic Physicians|Emergency Medicine,disallowed
Novartis Vaccines and Diagnostics Inc,No,,Menveo,Other Service Providers|Specialist,disallowed
SciCan Inc,No,Bravo 17 Metallic Top/Right Cover,,Dental Providers|Dentist|Oral and Maxillofacial Surgery,disallowed
"Ivoclar Vivadent, Inc.",No,IPS Empress CAD CERECinLab Multi A2 C145,,Dental Providers|Dentist|General Practice,disallowed
SANOFI-AVENTIS U.S. LLC,No,,APIDRA,Allopathic & Osteopathic Physicians|Thoracic Surgery (Cardiothoracic Vascular Surgery),disallowed
AstraZeneca Pharmaceuticals LP,No,,,Allopathic & Osteopathic Physicians|Pathology|Clinical Pathology/Laboratory Medicine,disallowed
Ferring Pharmaceuticals Inc.,No,EUFLEXXA,,"Allopathic & Osteopathic Physicians|Internal Medicine|Endocrinology, Diabetes & Metabolism",disallowed
"E.R. Squibb & Sons, L.L.C.",No,,REYATAZ,Allopathic & Osteopathic Physicians|Orthopaedic Surgery,disallowed
"LifeScan, Inc.",No,meters,Invokana,Allopathic & Osteopathic Physicians|Internal Medicine|Gastroenterology,disallowed
Daiichi Sankyo Inc.,No,,Welchol,Allopathic & Osteopathic Physicians|Neuromusculoskeletal Medicine & OMM,disallowed
"LifeScan, Inc.",No,Meters,,Allopathic & Osteopathic Physicians|Obstetrics & Gynecology,disallowed
"Genentech USA, Inc.",No,,,Allopathic & Osteopathic Physicians|Pathology|Clinical Pathology/Laboratory Medicine,disallowed
"Consensus Orthopedics, Inc.",No,,,Allopathic & Osteopathic Physicians|Orthopaedic Surgery|Sports Medicine,disallowed
"Kowa Pharmaceuticals America, Inc.",No,,LIVALO,Allopathic & Osteopathic Physicians|Orthopaedic Surgery,disallowed
KARLSTORZ Endoscopy-America,No,LAPAROSCOPY,,Allopathic & Osteopathic Physicians|Surgery,disallowed
"GlaxoSmithKline, LLC.",No,,BIO DTPA 0.3 BOOSTRIX,,allowed
Ferring Pharmaceuticals Inc.,No,EUFLEXXA,,Allopathic & Osteopathic Physicians|Family Medicine|Geriatric Medicine,disallowed
Merck Sharp & Dohme Corporation,No,,MK-3475,Other Service Providers|Specialist,allowed
"Otsuka America Pharmaceutical, Inc.",No,,SAMSCA,Allopathic & Osteopathic Physicians|Neuromusculoskeletal Medicine & OMM,disallowed
"Alphatec Spine, Inc",No,Novel SD,,Allopathic & Osteopathic Physicians|Neurological Surgery,disallowed
"Onyx Pharmaceuticals, Inc., an Amgen subsidiary",No,,Stivarga,Allopathic & Osteopathic Physicians|Internal Medicine|Hematology,disallowed
"LILLY USA, LLC",No,,TRADJENTA,Allopathic & Osteopathic Physicians|Orthopaedic Surgery,disallowed
"INTERNATIONAL REHABILITATIVE SCIENCES, INC",No,RS4I PLUS,,Allopathic & Osteopathic Physicians|Family Medicine,disallowed
"Teva Pharmaceuticals USA, Inc.",No,,AMRIX,Allopathic & Osteopathic Physicians|Physical Medicine & Rehabilitation|Neuromuscular Medicine,disallowed
Novartis Pharmaceuticals Corporation,No,,NON BRAND,Allopathic & Osteopathic Physicians|Preventive Medicine|Public Health & General Preventive Medicine,disallowed
"AbbVie, Inc.",No,,Humira,Allopathic & Osteopathic Physicians|Internal Medicine|Infectious Disease,disallowed
Orthofix International N.V.,No,Unspecified-Unspecified,,Allopathic & Osteopathic Physicians|Orthopaedic Surgery,disallowed
Eisai Inc.,No,,Belviq,Allopathic & Osteopathic Physicians|Family Medicine|Hospice and Palliative Medicine,disallowed
AstraZeneca Pharmaceuticals LP,No,,CRESTOR,Allopathic & Osteopathic Physicians|Emergency Medicine|Pediatric Emergency Medicine,disallowed
"Henry Schein, Inc.",No,,,Allopathic & Osteopathic Physicians|Surgery|Trauma Surgery,disallowed
Sunovion Pharmaceuticals Inc.,No,,Latuda,Allopathic & Osteopathic Physicians|Radiology|Diagnostic Radiology,disallowed
Daiichi Sankyo Inc.,No,,,Allopathic & Osteopathic Physicians|Internal Medicine|Medical Oncology,disallowed
Amgen Inc.,No,,,Allopathic & Osteopathic Physicians|General Practice,disallowed
Aqua Pharmaceuticals,No,,MONODOX 75,"Other Service Providers|Medical Genetics, Ph.D. Medical Genetics",disallowed
Jazz Pharmaceuticals Inc.,No,,Prialt,Allopathic & Osteopathic Physicians|Medical Genetics|Clinical Biochemical Genetics,disallowed
"Grifols USA, LLC",No,,Thrombate III,Allopathic & Osteopathic Physicians|Pediatrics|Pediatric Hematology-Oncology,disallowed
"Salix Pharmaceuticals, Ltd",No,,Xifaxan 550 mg,Allopathic & Osteopathic Physicians|Pathology|Blood Banking & Transfusion Medicine,disallowed
Olympus America Inc.,No,Endoscopy Products,,Allopathic & Osteopathic Physicians|Internal Medicine|Hematology & Oncology,disallowed
Amgen Inc.,No,,Prolia,Suppliers|Durable Medical Equipment & Medical Supplies|Customized Equipment,disallowed
"Boehringer Ingelheim Pharmaceuticals, Inc.",No,,CATAPRES TTS,Allopathic & Osteopathic Physicians|Internal Medicine,disallowed
Merck Sharp & Dohme Corporation,No,,JUVISYNC,,allowed
Merck Sharp & Dohme Corporation,No,,SCH 900353--ERK Inhibitor,Allopathic & Osteopathic Physicians|Internal Medicine|Medical Oncology,allowed
Jazz Pharmaceuticals Inc.,No,,Erwinaze,Allopathic & Osteopathic Physicians|Family Medicine|Adolescent Medicine,disallowed
DePuy Synthes Sales Inc.,No,Trauma,,Allopathic & Osteopathic Physicians|Orthopaedic Surgery|Hand Surgery,disallowed
"Auxilium Pharmaceuticals, Inc.",No,,XIAFLEX,Allopathic & Osteopathic Physicians|Neurological Surgery,disallowed
"Varian Medical Systems, Inc.",No,TrueBeam,,Other Service Providers|Specialist,disallowed
"Onset Dermatolology, Inc",No,,LOCOID BRAND,Allopathic & Osteopathic Physicians|Emergency Medicine,disallowed
Bausch and Lomb Inc.,No,AKREOS AO,,Eye and Vision Services Providers|Optometrist,disallowed
"Genentech USA, Inc.",No,,Nutropin AQ,Allopathic & Osteopathic Physicians|Pediatrics|Adolescent Medicine,disallowed
Merck Sharp & Dohme Corporation,No,,DULERA,,allowed
Pfizer Inc.,No,,ZYVOX,Allopathic & Osteopathic Physicians|Internal Medicine|Critical Care Medicine,disallowed
Takeda Pharmaceuticals Puerto Rico LLC,No,,Nesina,Allopathic & Osteopathic Physicians|Internal Medicine|Cardiovascular Disease,disallowed
"Cardiac Assist, Inc.",No,TandemHeart,,Allopathic & Osteopathic Physicians|Orthopaedic Surgery,disallowed
Ethicon Inc.,No,Energy# Harmonic,,Allopathic & Osteopathic Physicians|Plastic Surgery|Plastic Surgery Within the Head and Neck,disallowed
Amarin Pharma Inc.,No,,Vascepa,Allopathic & Osteopathic Physicians|Family Medicine|Addiction Medicine,disallowed
"Intersect ENT, Inc.",No,Propel,,Allopathic & Osteopathic Physicians|Otolaryngology,disallowed
"LeMaitre Vascular, Inc.",No,TAPE,,Allopathic & Osteopathic Physicians|Thoracic Surgery (Cardiothoracic Vascular Surgery),disallowed
"Medtronic Vascular, Inc.",No,Spinal Cord Neurostimulation - Neuro,,Allopathic & Osteopathic Physicians|Anesthesiology|Pain Medicine,disallowed
Shire US Holdings,No,,VYVANSE,"Allopathic & Osteopathic Physicians|Neuromusculoskeletal Medicine, Sports Medicine",disallowed
"ProStrakan, Inc.",No,,SANCUSO,Allopathic & Osteopathic Physicians|Internal Medicine|Medical Oncology,disallowed
Amarin Pharma Inc.,No,,Vascepa,"Physician Assistants & Advanced Practice Nursing Providers|Nurse Anesthetist, Certified Registered",disallowed
"Boehringer Ingelheim Pharmaceuticals, Inc.",No,,PRADAXA,Allopathic & Osteopathic Physicians|Family Medicine|Geriatric Medicine,disallowed
Instrumentation Laboratory Company,No,SUPERTOP,,,disallowed
"Metrex Research, LLC",No,Hygiene-Infection Control,,Dental Providers|Dentist|Periodontics,disallowed
"FOREST PHARMACEUTICALS, INC.",No,,TUDORZA,Allopathic & Osteopathic Physicians|Pain Medicine|Interventional Pain Medicine,disallowed
"AbbVie, Inc.",No,,Kaletra,Allopathic & Osteopathic Physicians|Emergency Medicine|Emergency Medical Services,disallowed
"E.R. Squibb & Sons, L.L.C.",No,,,Allopathic & Osteopathic Physicians|Surgery|Vascular Surgery,disallowed
Pfizer Inc.,No,,RAPAMUNE,Allopathic & Osteopathic Physicians|Psychiatry & Neurology|Neurology,disallowed
AstraZeneca Pharmaceuticals LP,No,,BYDUREON WEEKLY,Allopathic & Osteopathic Physicians|Psychiatry & Neurology|Clinical Neurophysiology,disallowed
"St. Jude Medical, Inc.",No,Neuro-Chronic Pain,,Allopathic & Osteopathic Physicians|Physical Medicine & Rehabilitation|Pediatric Rehabilitation Medicine,disallowed
Coloplast Corp,No,PENILE RECONSTRUCTION,,Allopathic & Osteopathic Physicians|Psychiatry & Neurology|Psychiatry,disallowed
Astellas Pharma US Inc,No,,Lexiscan,Allopathic & Osteopathic Physicians|Anesthesiology,disallowed
"Smith & Nephew, Inc.",No,HP - Other,,Allopathic & Osteopathic Physicians|Emergency Medicine,disallowed
"Cumberland Pharmaceuticals, Inc.",No,,Caldolor,Allopathic & Osteopathic Physicians|Emergency Medicine,disallowed
Amgen Inc.,No,,Prolia,Allopathic & Osteopathic Physicians|Emergency Medicine|Emergency Medical Services,disallowed
Merck Sharp & Dohme Corporation,No,,MK-1029,Allopathic & Osteopathic Physicians|Allergy & Immunology|Allergy,allowed
"Otsuka America Pharmaceutical, Inc.",No,,,Allopathic & Osteopathic Physicians|Psychiatry & Neurology|Child & Adolescent Psychiatry,disallowed
Novartis Pharmaceuticals Corporation,No,,EXELON PATCH,Allopathic & Osteopathic Physicians|Psychiatry & Neurology|Psychiatry,disallowed
"Teva Pharmaceuticals USA, Inc.",No,,NUVIGIL,Allopathic & Osteopathic Physicians|Obstetrics & Gynecology|Maternal & Fetal Medicine,disallowed
BIOTRONIK INC.,No,Bradycardia products,,Allopathic & Osteopathic Physicians|Surgery|Vascular Surgery,disallowed
"Ivoclar Vivadent, Inc.",No,"IPS e.max Press LT BL3 , IPS e.max Press LT BL2  5 pcs , IPS e.max Press Refill Impulse Value 1 , I",,Dental Providers|Dentist,disallowed
Abbott Laboratories,No,Medical Optics,,Allopathic & Osteopathic Physicians|Radiology|Diagnostic Radiology,disallowed
"Horizon Pharma USA, Inc.",No,,RAYOS-1mg Prednisone,Allopathic & Osteopathic Physicians|General Practice,disallowed
Novartis Pharmaceuticals Corporation,No,,RECLAST,Allopathic & Osteopathic Physicians|Emergency Medicine,disallowed
Astellas Pharma US Inc,No,,Lexiscan,Allopathic & Osteopathic Physicians|Otolaryngology,disallowed
Dendreon Corporation,No,,PROVENGE,Allopathic & Osteopathic Physicians|Pathology|Anatomic Pathology,disallowed
"Roche Molecular Systems, Inc.",No,MD-HPV/CTNG,,Allopathic & Osteopathic Physicians|Pathology|Anatomic Pathology & Clinical Pathology,disallowed
Stryker Corporation,No,BONE SUBSTITUTES BIOLOGICS,,Allopathic & Osteopathic Physicians|Plastic Surgery|Surgery of the Hand,disallowed
"Trivascular, Inc.",No,AAA Stent Grafts,,Allopathic & Osteopathic Physicians|Ophthalmology,disallowed
Novo Nordisk Inc,No,,Victoza,Allopathic & Osteopathic Physicians|Obstetrics & Gynecology|Maternal & Fetal Medicine,disallowed
"GlaxoSmithKline, LLC.",No,,,Allopathic & Osteopathic Physicians|Internal Medicine|Hematology,disallowed
"Janssen Biotech, Inc.",No,,Prezista,Allopathic & Osteopathic Physicians|Family Medicine,disallowed
KLS Martin L.P.,No,,,,disallowed
CSL Behring,No,,Berinert,Allopathic & Osteopathic Physicians|Family Medicine,disallowed
"Takeda Pharmaceuticals America, Inc.",No,,ULORIC,Allopathic & Osteopathic Physicians|Obstetrics & Gynecology,disallowed
Shire US Holdings,No,,VYVANSE,Dental Providers|Dentist|General Practice,disallowed
AstraZeneca Pharmaceuticals LP,No,,SEROQUEL XR,Allopathic & Osteopathic Physicians|Internal Medicine,disallowed
"St. Jude Medical, Inc.",No,Structural Heart,,Allopathic & Osteopathic Physicians|Pediatrics|Pediatric Cardiology,disallowed
Gilead Sciences Inc,No,,,Allopathic & Osteopathic Physicians|Internal Medicine|Pulmonary Disease,disallowed
ELI LILLY AND COMPANY,No,,FORTEO,Allopathic & Osteopathic Physicians|Radiology|Radiation Oncology,disallowed
Integra LifeSciences Corporation,No,Recon-Lower Extremity Metal,,Allopathic & Osteopathic Physicians|Orthopaedic Surgery,disallowed
Team_Makena_LLC,No,kneehab,,Allopathic & Osteopathic Physicians|Neurological Surgery,disallowed
"Teva Pharmaceuticals USA, Inc.",No,,,Allopathic & Osteopathic Physicians|Internal Medicine|Medical Oncology,disallowed
"Medtronic Vascular, Inc.",No,Implantable Cardioverter Defibrillators - ICDs,,Allopathic & Osteopathic Physicians|Psychiatry & Neurology|Child & Adolescent Psychiatry,disallowed
"E.R. Squibb & Sons, L.L.C.",No,,,,disallowed
"TYRX, Inc.",No,Antibacterial Mesh,,Allopathic & Osteopathic Physicians|Internal Medicine|Interventional Cardiology,disallowed
GE Healthcare,No,,Optison Perflutren Protein Type A Microspheres,,allowed
Teleflex Medical Incorporated,No,Surgical,,Allopathic & Osteopathic Physicians|Internal Medicine|Gastroenterology,disallowed
Atrium Medical Corporation,No,Interventional,,Allopathic & Osteopathic Physicians|Radiology|Diagnostic Radiology,disallowed
"Takeda Pharmaceuticals America, Inc.",No,,Uloric,Allopathic & Osteopathic Physicians|Internal Medicine|Adolescent Medicine,disallowed
"Medtronic MiniMed, Inc.",No,Insulin pump,,,allowed
"Medtronic USA, Inc.",No,Spinal Cord Neurostimulation - Neuro,,Allopathic & Osteopathic Physicians|Internal Medicine|Gastroenterology,disallowed
Mylan Specialty L.P.,No,,Ultiva,Allopathic & Osteopathic Physicians|Urology,disallowed
Merck Sharp & Dohme Corporation,No,,NUVARING Women's Health,Allopathic & Osteopathic Physicians|Obstetrics & Gynecology,disallowed
"Medtronic Sofamor Danek USA, Inc.",No,Interventional Therapies,,Allopathic & Osteopathic Physicians|Pathology|Anatomic Pathology & Clinical Pathology,disallowed
Stryker Corporation,No,ACCESS PRODUCTS,,Allopathic & Osteopathic Physicians|Surgery|Pediatric Surgery,disallowed
Dyax Corp,No,,Kalbitor,Allopathic & Osteopathic Physicians|Allergy & Immunology|Allergy,disallowed
Bausch and Lomb Inc.,No,,OTHER PRODUCT,Allopathic & Osteopathic Physicians|General Practice,disallowed
Gilead Sciences Inc,No,,,Allopathic & Osteopathic Physicians|Internal Medicine|Rheumatology,disallowed
"ALK-Abello, Inc",No,,,Allopathic & Osteopathic Physicians|Otolaryngology,disallowed
ELI LILLY EXPORT S.A. PUERTO RICO BRANCH,No,,CIALIS,Allopathic & Osteopathic Physicians|Family Medicine,disallowed
DePuy Synthes Sales Inc.,No,Knee,,Allopathic & Osteopathic Physicians|Orthopaedic Surgery|Hand Surgery,disallowed
Philips Electronics North America Corporation,No,Computed Tomography,,Allopathic & Osteopathic Physicians|Emergency Medicine,disallowed
Gilead Sciences Inc,No,,Ranexa,Allopathic & Osteopathic Physicians|Orthopaedic Surgery|Orthopaedic Surgery of the Spine,disallowed
Amgen Inc.,No,,Prolia,Ambulatory Health Care Facilities|Clinic/Center|VA,disallowed
"Otsuka America Pharmaceutical, Inc.",No,BREATHTEK,,Allopathic & Osteopathic Physicians|Family Medicine,disallowed
Cook Incorporated,No,PI - Self-Expanding Stent,,Allopathic & Osteopathic Physicians|Physical Medicine & Rehabilitation,disallowed
Celgene Corporation,No,,Pomalyst,Allopathic & Osteopathic Physicians|Pediatrics|Pediatric Hematology-Oncology,disallowed
American Medical Systems Inc.,No,AMS 700 Series,,Allopathic & Osteopathic Physicians|Neuromusculoskeletal Medicine & OMM,disallowed
Fisher & Paykel Healthcare Inc,No,OSA,,Allopathic & Osteopathic Physicians|Allergy & Immunology,disallowed
KADMON PHARMACEUTICALS LLC,No,,Ribapak-Ribasphere Tablets,Allopathic & Osteopathic Physicians|Pediatrics,disallowed
Covidien Sales LLC,No,Thrombectomy,,Allopathic & Osteopathic Physicians|Anesthesiology,disallowed
"Siemens Medical Solutions USA, Inc.",No,AX - Angiography Fluoroscopy-Radiology Systems,,Allopathic & Osteopathic Physicians|Surgery,disallowed
Eisai Inc.,No,,Belviq,Allopathic & Osteopathic Physicians|Radiology|Radiation Oncology,disallowed
Shire US Holdings,No,,VYVANSE,Allopathic & Osteopathic Physicians|Psychiatry & Neurology|Addiction Psychiatry,disallowed
Arthrosurface Incorporated,No,OVO,,Other Service Providers|Specialist,disallowed
Amgen Inc.,No,,,Other Service Providers|Specialist,disallowed
"Teva Pharmaceuticals USA, Inc.",No,,QVAR,Allopathic & Osteopathic Physicians|Pediatrics|Pediatric Emergency Medicine,disallowed
Integra LifeSciences Corporation,No,Non Applicable  non HCP,,,disallowed
AstraZeneca Pharmaceuticals LP,No,,CRESTOR,Allopathic & Osteopathic Physicians|Internal Medicine|Clinical Cardiac Electrophysiology,disallowed
"Medline Industries, Inc.",No,MotifMESH,,,allowed
"Cranial Technologies, Inc",No,DOC BAND,,Allopathic & Osteopathic Physicians|Pediatrics|Pediatric Emergency Medicine,disallowed
"Alexion Pharmaceuticals, Inc.",No,,SOLIRIS,Allopathic & Osteopathic Physicians|Radiology|Pediatric Radiology,disallowed
"SYNCARDIA SYSTEMS, INC",No,SYNCARDIA TEMPORARY TOTAL ARTIFICIAL HEART,,Other Service Providers|Specialist,disallowed
"NxStage Medical, Inc.",No,System One,,,disallowed
"Santarus, Inc",No,,Uceris,Allopathic & Osteopathic Physicians|Anesthesiology,disallowed
Astellas Pharma US Inc,No,,Myrbetriq,Allopathic & Osteopathic Physicians|Pathology|Anatomic Pathology & Clinical Pathology,disallowed
"AbbVie, Inc.",No,,Survanta,Emergency Medical Service Providers|Personal Emergency Response Attendant,disallowed
Gilead Sciences Inc,No,,,Allopathic & Osteopathic Physicians|Orthopaedic Surgery,disallowed
Astellas Pharma Global Development,No,,XTANDI,Allopathic & Osteopathic Physicians|Urology,disallowed
"Iroko Pharmaceuticals, LLC",No,,,Allopathic & Osteopathic Physicians|Pain Medicine|Interventional Pain Medicine,disallowed
"diaDexus, Inc.",No,PLAC Test,,Allopathic & Osteopathic Physicians|Surgery|Vascular Surgery,disallowed
HOLOGIC INC,No,AQUILEX,,Other Service Providers|Specialist,disallowed
"Bard Peripheral Vascular, Inc.",No,Vascular,,Physician Assistants & Advanced Practice Nursing Providers|Physician Assistant|Surgical Technologist,disallowed
Daiichi Sankyo Inc.,No,,,Allopathic & Osteopathic Physicians|Internal Medicine|Hepatology,disallowed
ViiV Healthcare Company,No,,SELZENTRY,Allopathic & Osteopathic Physicians|Psychiatry & Neurology|Psychiatry,allowed
Lundbeck LLC,No,,,Allopathic & Osteopathic Physicians|Internal Medicine|Cardiovascular Disease,disallowed
Purdue Pharma L.P.,No,,OXYCONTIN,Allopathic & Osteopathic Physicians|Hospitalist,disallowed
Sunovion Pharmaceuticals Inc.,No,,Brovana,Allopathic & Osteopathic Physicians|Psychiatry & Neurology|Psychiatry,disallowed
Haemonetics Corporation,No,edonor,,,disallowed
"Visualase, Inc.",No,Neuro Procedure Kit,,,disallowed
Merck Sharp & Dohme Corporation,No,,NON-PRODUCT,Allopathic & Osteopathic Physicians|Otolaryngology,disallowed
"Takeda Pharmaceuticals U.S.A., Inc.",No,,Nesina,Allopathic & Osteopathic Physicians|Obstetrics & Gynecology|Gynecology,disallowed
Sunovion Pharmaceuticals Inc.,No,,Brovana,Allopathic & Osteopathic Physicians|Otolaryngology|Facial Plastic Surgery,disallowed
Astellas Scientific and Medical Affairs,No,,TARCEVA,,allowed
Endo Pharmaceuticals Inc.,No,,VOLTAREN Gel,Allopathic & Osteopathic Physicians|Otolaryngology,disallowed
Purdue Pharma L.P.,No,,,Allopathic & Osteopathic Physicians|Hospitalist,disallowed
"Merz North America, Inc.",No,,,Other Service Providers|Specialist,disallowed
Baxter Healthcare,No,,BioTherapeutics - GLASSIA,Agencies|Nursing Care,disallowed
SANOFI-AVENTIS U.S. LLC,No,,APIDRA,Allopathic & Osteopathic Physicians|Internal Medicine|Infectious Disease,disallowed
"LDR SPINE USA, INC",No,Spinal Implant,,Allopathic & Osteopathic Physicians|Anesthesiology|Pain Medicine,disallowed
"Acclarent, Inc",No,Rhinology,,Allopathic & Osteopathic Physicians|Physical Medicine & Rehabilitation|Pain Medicine,disallowed
Spineology Inc.,No,Spine Devices,,Allopathic & Osteopathic Physicians|Pain Medicine|Pain Medicine,disallowed
Novartis Pharmaceuticals Corporation,No,,TEKTURNA,"Allopathic & Osteopathic Physicians|Neuromusculoskeletal Medicine, Sports Medicine",disallowed
"Genentech USA, Inc.",No,,Avastin,Allopathic & Osteopathic Physicians|Allergy & Immunology|Allergy,disallowed
Novartis Pharmaceuticals Corporation,No,,GILENYA,Allopathic & Osteopathic Physicians|Obstetrics & Gynecology,disallowed
Cook Incorporated,No,Peripheral Intervention,,Podiatric Medicine & Surgery Service Providers|Podiatrist|Foot Surgery,disallowed
Johnson and Johnson International,No,Energy# Other,,Allopathic & Osteopathic Physicians|Colon & Rectal Surgery,disallowed
Shire US Holdings,No,,LIALDA,Allopathic & Osteopathic Physicians|Thoracic Surgery (Cardiothoracic Vascular Surgery),disallowed
Novartis Pharmaceuticals Corporation,No,,COSENTYX,Allopathic & Osteopathic Physicians|Internal Medicine|Rheumatology,disallowed
Benco Dental Supply Co.,No,3D TOMOGRAPHIC PAN CEPH,,Dental Providers|Dentist,disallowed
"Janssen Biotech, Inc.",No,,Zytiga,Allopathic & Osteopathic Physicians|Urology|Pediatric Urology,disallowed
"Salix Pharmaceuticals, Ltd",No,,Xifaxan 550 mg,Allopathic & Osteopathic Physicians|Ophthalmology,disallowed
INSYS Therapeutics Inc,No,,SUBSYS,Physician Assistants & Advanced Practice Nursing Providers|Nurse Practitioner|Acute Care,disallowed
"Arbor Pharmaceuticals, Inc.",No,,CARDIOVASCULAR,Allopathic & Osteopathic Physicians|Internal Medicine|Interventional Cardiology,disallowed
Zogenix Inc.,No,,Sumavel DosePro,Other Service Providers|Specialist,disallowed
"Medtronic Vascular, Inc.",No,Cardiac Monitors - Insertable,,Allopathic & Osteopathic Physicians|Surgery|Vascular Surgery,disallowed
Boston Scientific Corporation,No,URETERAL DILATATION,,Allopathic & Osteopathic Physicians|Family Medicine,disallowed
Sunovion Pharmaceuticals Inc.,No,,Brovana,Allopathic & Osteopathic Physicians|Pediatrics|Pediatric Allergy/Immunology,disallowed
"Teva Pharmaceuticals USA, Inc.",No,,PROAIR,Allopathic & Osteopathic Physicians|Surgery,disallowed
Bausch and Lomb Inc.,No,,ALREX,Allopathic & Osteopathic Physicians|Ophthalmology,disallowed
Spineart USA Inc,No,,,Allopathic & Osteopathic Physicians|Neurological Surgery,disallowed
Boston Scientific Corporation,No,BILIARY DEVICES,,Allopathic & Osteopathic Physicians|Pediatrics|Neonatal-Perinatal Medicine,disallowed
PFIZER INC.,No,,SUTENT,Allopathic & Osteopathic Physicians|Internal Medicine|Medical Oncology,disallowed
Roche Diagnostics Corporation,No,MD - Blood Screening,,Allopathic & Osteopathic Physicians|Internal Medicine|Infectious Disease,disallowed
Baxter Healthcare,No,,BioTherapeutics - GAMMAGARD-KIOVIG,Allopathic & Osteopathic Physicians|Pathology|Anatomic Pathology & Clinical Pathology,disallowed
Astellas Pharma US Inc,No,,TARCEVA,Allopathic & Osteopathic Physicians|Internal Medicine|Nephrology,disallowed
HOLOGIC INC,No,Dimension 8000,,Allopathic & Osteopathic Physicians|Surgery,disallowed
Pfizer Pharmaceuticals LLC,No,,GENOTROPIN,Allopathic & Osteopathic Physicians|Internal Medicine,disallowed
Ethicon Inc.,No,Biosurgicals,Evicel,Allopathic & Osteopathic Physicians|Radiology|Diagnostic Radiology,disallowed
INSYS Therapeutics Inc,No,,,Allopathic & Osteopathic Physicians|Internal Medicine|Hematology & Oncology,disallowed
Novartis Vaccines and Diagnostics Inc,No,,Menveo,Allopathic & Osteopathic Physicians|Orthopaedic Surgery|Sports Medicine,disallowed
Cochlear Ltd,No,Nucleus,,Allopathic & Osteopathic Physicians|Otolaryngology,disallowed
"Salix Pharmaceuticals, Ltd",No,,MOVIPREP,"Allopathic & Osteopathic Physicians|Internal Medicine|Endocrinology, Diabetes & Metabolism",disallowed
Pfizer Inc.,No,,FLECTOR PATCH,Allopathic & Osteopathic Physicians|Psychiatry & Neurology|Clinical Neurophysiology,disallowed
Exelixis Inc.,No,,COMETRIQ,Allopathic & Osteopathic Physicians|Otolaryngology,disallowed
"Chugai Pharmaceutical Co., Ltd.",No,,Non-Covered Product,Allopathic & Osteopathic Physicians|Dermatology,disallowed
"UCB, Inc.",No,,Vimpat,Allopathic & Osteopathic Physicians|Emergency Medicine,disallowed
Bayer HealthCare Pharmaceuticals Inc.,No,Essure,Mirena,Eye and Vision Services Providers|Optometrist,disallowed
ACUMED LLC,No,Hand & Wrist,,Allopathic & Osteopathic Physicians|Orthopaedic Surgery|Sports Medicine,disallowed
Celgene Corporation,No,,,Allopathic & Osteopathic Physicians|Internal Medicine|Infectious Disease,disallowed
"Biomet Microfixation, LLC",No,MICROFIXATION - PLASTIC RECONSTRUCTION,,Allopathic & Osteopathic Physicians|Internal Medicine,disallowed
"Intuitive Surgical, Inc.",No,Da Vinci Surgical System,,Dental Providers|Dentist,disallowed
Novartis Pharmaceuticals Corporation,No,,FANAPT,,allowed
Ferring International Center SA,No,,,Allopathic & Osteopathic Physicians|Emergency Medicine,disallowed
Bayer HealthCare Pharmaceuticals Inc.,No,,Betaseron,Allopathic & Osteopathic Physicians|Neurological Surgery,disallowed
Roche Diagnostics Corporation,No,DC ACCU CHEK Insulin Delivery,,Allopathic & Osteopathic Physicians|Family Medicine,disallowed
"KCI USA, Inc",No,VAC Therapy,,Allopathic & Osteopathic Physicians|Internal Medicine|Nephrology,disallowed
Volcano Corporation,No,PV 8.2,,Allopathic & Osteopathic Physicians|Internal Medicine,disallowed
Novartis Pharmaceuticals Corporation,No,,GILENYA,Allopathic & Osteopathic Physicians|Orthopaedic Surgery,disallowed
Bayer HealthCare Pharmaceuticals Inc.,No,,Adempas,Allopathic & Osteopathic Physicians|Internal Medicine|Cardiovascular Disease,disallowed
"Pinnacle, Inc",No,,,Allopathic & Osteopathic Physicians|Physical Medicine & Rehabilitation,disallowed
"Genentech, Inc.",No,,Non-Covered Product,Allopathic & Osteopathic Physicians|Internal Medicine|Critical Care Medicine,disallowed
Cook Medical LLC,No,ESC - Endoscopic Ultrasound,,Allopathic & Osteopathic Physicians|Internal Medicine|Gastroenterology,disallowed
"Forest Research Institute, Inc.",No,,,Allopathic & Osteopathic Physicians|Internal Medicine|Pulmonary Disease,allowed
Atrium Medical Corporation,No,Vascular,,Podiatric Medicine & Surgery Service Providers|Podiatrist,disallowed
Covidien LP,No,Neurovascular Stents,,Allopathic & Osteopathic Physicians|Pathology|Anatomic Pathology,disallowed
"W. L. Gore & Associates, Inc.",No,PROPATEN  Vascular Graft,,Allopathic & Osteopathic Physicians|Surgery|Surgical Critical Care,disallowed
Coloplast Corp,No,CONTINENCE CARE,,Allopathic & Osteopathic Physicians|Physical Medicine & Rehabilitation|Pediatric Rehabilitation Medicine,disallowed
CareFusion Corporation,No,Procedural Solutions,,Allopathic & Osteopathic Physicians|Internal Medicine|Hematology & Oncology,disallowed
"DFINE, Inc",No,StabiliT,,Allopathic & Osteopathic Physicians|Physical Medicine & Rehabilitation,disallowed
Linvatec Corporation,No,General Surgery and Surgical Visualization,,Allopathic & Osteopathic Physicians|Obstetrics & Gynecology|Gynecologic Oncology,disallowed
"NeuroTherm, Inc.",No,,,Other Service Providers|Specialist,disallowed
"EBI MEDICAL SYSTEMS, LLC",No,BSBHT - BGS BHS STIMULATORS,,Allopathic & Osteopathic Physicians|Physical Medicine & Rehabilitation,disallowed
United Therapeutics Corporation,No,,TYVASO,Allopathic & Osteopathic Physicians|Surgery|Vascular Surgery,disallowed
Cubist Pharmaceuticals Inc,No,,CUBICIN,Allopathic & Osteopathic Physicians|Psychiatry & Neurology|Sleep Medicine,disallowed
"IsoTis OrthoBioligics, Inc.",No,Ortho-Bone Grafts,,Allopathic & Osteopathic Physicians|Physical Medicine & Rehabilitation,disallowed
Shire US Holdings,No,,FIRAZYR,Allopathic & Osteopathic Physicians|Anesthesiology|Pain Medicine,disallowed
"Avanir Pharmaceuticals, Inc.",No,,Nuedexta,Allopathic & Osteopathic Physicians|Thoracic Surgery (Cardiothoracic Vascular Surgery),disallowed
SANOFI US SERVICES INC.,No,,,Allopathic & Osteopathic Physicians|Radiology|Diagnostic Radiology,disallowed
GE Healthcare,No,ULTRASOUND,,Chiropractic Providers|Chiropractor,disallowed
Sandoz Inc.,No,,VEREGEN,Allopathic & Osteopathic Physicians|Pediatrics|Pediatric Endocrinology,disallowed
Boston Scientific Corporation,No,OTHER,,Allopathic & Osteopathic Physicians|Psychiatry & Neurology|Neuromuscular Medicine,disallowed
Merck Sharp & Dohme Corporation,No,,V512,Allopathic & Osteopathic Physicians|Pediatrics|Adolescent Medicine,disallowed
Cook Incorporated,No,SUR - DP,,Allopathic & Osteopathic Physicians|Plastic Surgery|Plastic Surgery Within the Head and Neck,disallowed
"Cadence Pharmaceuticals, Inc.",No,,OFIRMEV,Allopathic & Osteopathic Physicians|Radiology|Neuroradiology,disallowed
Extremity Medical,No,IO FiX,,Allopathic & Osteopathic Physicians|Orthopaedic Surgery|Foot and Ankle Surgery,disallowed
SANOFI-AVENTIS U.S. LLC,No,,CABAZITAXEL,Allopathic & Osteopathic Physicians|Pathology|Anatomic Pathology,disallowed
Merck Sharp & Dohme Corporation,No,,JANUMET,Allopathic & Osteopathic Physicians|Internal Medicine|Cardiovascular Disease,disallowed
Boston Scientific Corporation,No,STENTS,,Allopathic & Osteopathic Physicians|Internal Medicine|Hematology & Oncology,disallowed
Amarin Pharma Inc.,No,,Vascepa,Allopathic & Osteopathic Physicians|Psychiatry & Neurology|Forensic Psychiatry,disallowed
"Entellus Medical, Inc.",No,XprESS Multi-Sinus Dilation Tool,,Allopathic & Osteopathic Physicians|Dermatology|MOHS-Micrographic Surgery,disallowed
Bioventus LLC,No,Supartz,,Allopathic & Osteopathic Physicians|Emergency Medicine,disallowed
Pfizer Inc.,No,,THROMBIN,Allopathic & Osteopathic Physicians|Obstetrics & Gynecology,disallowed
Baxter Healthcare,No,,Specialty Pharmaceuticals - ANESTHESIA SUPRANE,Allopathic & Osteopathic Physicians|Obstetrics & Gynecology,disallowed
"Genentech USA, Inc.",No,,Herceptin,Other Service Providers|Military Health Care Provider,disallowed
Cook Incorporated,No,PI - Self-Expanding Stent,,Allopathic & Osteopathic Physicians|Nuclear Medicine,disallowed
"Medtronic USA, Inc.",No,Sacral Nerve Stimulation - Neuro,,Allopathic & Osteopathic Physicians|General Practice,disallowed
Philips Electronics North America Corporation,No,Philips Oral Healthcare,,Allopathic & Osteopathic Physicians|General Practice,disallowed
"DUSA Pharmaceuticals, Inc.",No,,Levulan Kerastick,Allopathic & Osteopathic Physicians|Thoracic Surgery (Cardiothoracic Vascular Surgery),disallowed
ELI LILLY AND COMPANY,No,,AXIRON,Allopathic & Osteopathic Physicians|Family Medicine,allowed
"Janssen Biotech, Inc.",No,,Zytiga,Podiatric Medicine & Surgery Service Providers|Podiatrist|Foot & Ankle Surgery,disallowed
"Genentech USA, Inc.",No,,Pegasys,Hospitals|General Acute Care Hospital|Critical Access,disallowed
Lundbeck LLC,No,,ONFI,,disallowed
Gilead Sciences Inc,No,,,Allopathic & Osteopathic Physicians|Internal Medicine|Infectious Disease,disallowed
"Penumbra, Inc.",No,,,Dental Providers|Dentist,disallowed
Cordis Corporation,No,Cardiovascular-Endovascular,,Allopathic & Osteopathic Physicians|Internal Medicine|Clinical Cardiac Electrophysiology,disallowed
"Siemens Medical Solutions USA, Inc.",No,CR - incl. Computed Tomography and Radiation Oncology,,"Student, Health Care|Student in an Organized Health Care Education/Training Program",disallowed
Pfizer Inc.,No,,PREVNAR  13,Allopathic & Osteopathic Physicians|Surgery,disallowed
Novartis Pharmaceuticals Corporation,No,,ARCAPTA NEOHALER,Allopathic & Osteopathic Physicians|Family Medicine|Sports Medicine,disallowed
Cordis Corporation,No,Endovascular,,Dental Providers|Dentist,disallowed
"Tosoh Bioscience, Inc.",No,,,Other Service Providers|Specialist,disallowed
"Takeda Development Center Americas, Inc.",No,,Uloric,Allopathic & Osteopathic Physicians|Clinical Pharmacology,allowed
Dentsply International,No,Consumable Dentistry,,Allopathic & Osteopathic Physicians|Oral & Maxillofacial Surgery,disallowed
"Genentech, Inc.",No,,,"Student, Health Care|Student in an Organized Health Care Education/Training Program",disallowed
"W. L. Gore & Associates, Inc.",No,VIABAHN  Endoprosthesis,,Allopathic & Osteopathic Physicians|Radiology|Vascular & Interventional Radiology,disallowed
"Teva Pharmaceuticals USA, Inc.",No,,GRANIX,Allopathic & Osteopathic Physicians|Obstetrics & Gynecology,disallowed
Atrium Medical Corporation,No,BioSurgery,,Allopathic & Osteopathic Physicians|Colon & Rectal Surgery,disallowed
Shofu Dental corp,No,,,Dental Providers|Dentist|Periodontics,disallowed
AstraZeneca Pharmaceuticals LP,No,,CRESTOR,Physician Assistants & Advanced Practice Nursing Providers|Nurse Practitioner|Acute Care,disallowed
HOLOGIC INC,No,Novasure,,Allopathic & Osteopathic Physicians|Pediatrics,disallowed
"Vascular Solutions, Inc.",No,VARILASE,,Allopathic & Osteopathic Physicians|Surgery,disallowed
Shire US Holdings,No,,LIALDA,Allopathic & Osteopathic Physicians|General Practice,disallowed
Merck Sharp & Dohme Corporation,No,,CANCIDAS,Allopathic & Osteopathic Physicians|Internal Medicine|Hematology & Oncology,disallowed
"AbbVie, Inc.",No,,Ultane,Allopathic & Osteopathic Physicians|Pediatrics|Pediatric Endocrinology,disallowed
"Takeda Pharmaceuticals America, Inc.",No,,DEXILANT,Allopathic & Osteopathic Physicians|Otolaryngology|Plastic Surgery within the Head & Neck,disallowed
"FOREST PHARMACEUTICALS, INC.",No,,DALIRESP,Allopathic & Osteopathic Physicians|Family Medicine|Sports Medicine,disallowed
"E.R. Squibb & Sons, L.L.C.",No,,BYDUREON,Allopathic & Osteopathic Physicians|Pediatrics|Pediatric Infectious Diseases,disallowed
"Medtronic Vascular, Inc.",No,Stents,,Allopathic & Osteopathic Physicians|Internal Medicine|Rheumatology,disallowed
"Janssen Products, LP",No,,Olysio,Allopathic & Osteopathic Physicians|Emergency Medicine,disallowed
"GlaxoSmithKline, LLC.",No,,VERAMYST,Allopathic & Osteopathic Physicians|Internal Medicine|Pulmonary Disease,disallowed
Lundbeck LLC,No,,SABRIL,Allopathic & Osteopathic Physicians|Psychiatry & Neurology|Neurology,allowed
"Galena Biopharma, Inc.",No,,ABSTRAL,Allopathic & Osteopathic Physicians|Internal Medicine|Clinical Cardiac Electrophysiology,disallowed
"Takeda Pharmaceuticals America, Inc.",No,,DEXILANT,Allopathic & Osteopathic Physicians|Obstetrics & Gynecology|Gynecology,disallowed
"Millennium Pharmaceuticals, Inc.",No,,,Allopathic & Osteopathic Physicians|Clinical Pharmacology,disallowed
Baxter Healthcare,No,,BioTherapeutics - Research - Development,Allopathic & Osteopathic Physicians|Neurological Surgery,disallowed
Promius Pharma LLC,No,,CLODERM,Allopathic & Osteopathic Physicians|Dermatology|Clinical & Laboratory Dermatological Immunology,disallowed
"E.R. Squibb & Sons, L.L.C.",No,,SUSTIVA,Allopathic & Osteopathic Physicians|Surgery,disallowed
"Santarus, Inc",No,,Glumetza,Dental Providers|Dentist|Endodontics,disallowed
Cook Incorporated,No,IR - Specialty,,Allopathic & Osteopathic Physicians|Radiology|Vascular & Interventional Radiology,disallowed
Amgen Inc.,No,,Enbrel,Allopathic & Osteopathic Physicians|Ophthalmology,disallowed
Reckitt Benckiser Pharmaceuticals Inc.,No,,SUBOXONE SUBLINGUAL FILM,Allopathic & Osteopathic Physicians|Pathology|Anatomic Pathology & Clinical Pathology,disallowed
"E.R. Squibb & Sons, L.L.C.",No,,BYDUREON,Allopathic & Osteopathic Physicians|Anesthesiology,disallowed
INSULET CORPORATION,No,OMNIPODINSULINMANAGEMENTSYSTEM,,Allopathic & Osteopathic Physicians|Hospitalist,disallowed
"KCI USA, Inc",No,Surgical Mgmt Therapy,,Suppliers|Durable Medical Equipment & Medical Supplies|Customized Equipment,disallowed
CSL Behring,No,,Kcentra,Allopathic & Osteopathic Physicians|Pathology|Clinical Pathology/Laboratory Medicine,disallowed
"UCB, Inc.",No,,Vimpat,Allopathic & Osteopathic Physicians|Pediatrics|Pediatric Gastroenterology,disallowed
"FOREST PHARMACEUTICALS, INC.",No,,TUDORZA,Allopathic & Osteopathic Physicians|Internal Medicine|Hypertension Specialist,disallowed
Medinc of Texas,No,ARTHREX PRODUCT LINE ARTHROPLASTY,,Allopathic & Osteopathic Physicians|Anesthesiology,disallowed
Novartis Pharmaceuticals Corporation,No,,AFINITOR,Allopathic & Osteopathic Physicians|Psychiatry & Neurology|Neurology,allowed
"Medtronic USA, Inc.",No,Spinal Cord Neurostimulation,,Chiropractic Providers|Chiropractor|Rehabilitation,disallowed
Edwards Lifesciences Corporation,No,Transcatheter Heart Valves,,Allopathic & Osteopathic Physicians|Internal Medicine|Nephrology,disallowed
VIEWRAY INC,No,ViewRay system,,Allopathic & Osteopathic Physicians|Radiology|Radiation Oncology,disallowed
Novocure Inc.,No,NovoTTF-100A,,,disallowed
Merck Sharp & Dohme Corporation,No,,MK-8931,Allopathic & Osteopathic Physicians|Internal Medicine,disallowed
Ethicon Inc.,No,Sutures,,Chiropractic Providers|Chiropractor,disallowed
AstraZeneca Pharmaceuticals LP,No,,BYDUREON WEEKLY,Allopathic & Osteopathic Physicians|Internal Medicine|Geriatric Medicine,disallowed
"Takeda Pharmaceuticals America, Inc.",No,,Amitiza,Allopathic & Osteopathic Physicians|Anesthesiology|Pain Medicine,disallowed
Shire US Holdings,No,,INTUNIV,Allopathic & Osteopathic Physicians|Pediatrics,disallowed
DePuy Orthopaedics Inc.,No,Cervical Arthroplasty,,,allowed
"Cumberland Pharmaceuticals, Inc.",No,,Kristalose 10gm,Other Service Providers|Specialist,disallowed
"Auxilium Pharmaceuticals, Inc.",No,,TESTIM,"Allopathic & Osteopathic Physicians|Internal Medicine|Endocrinology, Diabetes & Metabolism",disallowed
"Cardinal Health 200, LLC",No,,,Allopathic & Osteopathic Physicians|Orthopaedic Surgery,disallowed
"Varian Medical Systems, Inc.",No,TrueBeam,,Allopathic & Osteopathic Physicians|Radiology|Body Imaging,disallowed
Covidien Sales LLC,No,Operating Room,,Allopathic & Osteopathic Physicians|Hospitalist,disallowed
"UCB, Inc.",No,,,Allopathic & Osteopathic Physicians|Internal Medicine|Critical Care Medicine,disallowed
Ferring Pharmaceuticals Inc.,No,EUFLEXXA,,Allopathic & Osteopathic Physicians|Psychiatry & Neurology|Neurology,disallowed
SANOFI-AVENTIS U.S. LLC,No,,MOZOBIL,Allopathic & Osteopathic Physicians|Pediatrics|Pediatric Hematology-Oncology,disallowed
"AbbVie, Inc.",No,,ABT-199i,,allowed
"Boehringer Ingelheim Pharmaceuticals, Inc.",No,,JENTADUETO,Allopathic & Osteopathic Physicians|Pediatrics,disallowed
"Sientra, Inc.",No,SIENTRA HIGH STREIGHTH COHESIVE SILICONE GEL BREAST IMPLANT,,Allopathic & Osteopathic Physicians|Otolaryngology|Plastic Surgery within the Head & Neck,disallowed
DePuy Synthes Sales Inc.,No,Biomaterials,,Allopathic & Osteopathic Physicians|Pediatrics,disallowed
"Aptalis Pharma US, Inc",No,,RECTIV,Allopathic & Osteopathic Physicians|Obstetrics & Gynecology,disallowed
Ethicon Inc.,No,Advanced Wound Care,,Allopathic & Osteopathic Physicians|Obstetrics & Gynecology|Gynecologic Oncology,disallowed
Pfizer Inc.,No,,CHANTIX,Allopathic & Osteopathic Physicians|Internal Medicine|Sports Medicine,disallowed
KLS Martin L.P.,No,,,Allopathic & Osteopathic Physicians|Surgery,disallowed
"Epimed International, Inc",No,Epidural Catheter,,Allopathic & Osteopathic Physicians|Pain Medicine|Interventional Pain Medicine,disallowed
Alcon Research Ltd,No,,,Allopathic & Osteopathic Physicians|Psychiatry & Neurology|Neurology,disallowed
"Medtronic Vascular, Inc.",No,Cardiac Monitors - Insertable,,Allopathic & Osteopathic Physicians|Internal Medicine,allowed
"Actelion Pharmaceuticals US, Inc.",No,,VELETRI EPOPROSTENOL,Allopathic & Osteopathic Physicians|Internal Medicine|Sleep Medicine,disallowed
"Pernix Therapeutics Holdings, Inc.",No,,Cedax,Allopathic & Osteopathic Physicians|Internal Medicine|Geriatric Medicine,disallowed
Integra LifeSciences Corporation,No,Spine-Cervical,,Allopathic & Osteopathic Physicians|Neurological Surgery,disallowed
SANOFI-AVENTIS U.S. LLC,No,,LANTUS,Allopathic & Osteopathic Physicians|Physical Medicine & Rehabilitation|Pain Medicine,disallowed
Novartis Pharma AG,No,,RAD001T,,allowed
American Medical Systems Inc.,No,AMS 700 Series,,Allopathic & Osteopathic Physicians|Urology|Pediatric Urology,disallowed
Orthofix International N.V.,No,Unspecified-Unspecified,,Allopathic & Osteopathic Physicians|Neurological Surgery,allowed
Aqua Pharmaceuticals,No,,FLUOROPLEX CREAM,Allopathic & Osteopathic Physicians|Dermatology|Pediatric Dermatology,disallowed
Merck Sharp & Dohme Corporation,No,,NOXAFIL,Other Service Providers|Legal Medicine,disallowed
Merck Sharp & Dohme Corporation,No,,ZETIA,Allopathic & Osteopathic Physicians|Radiology|Radiation Oncology,disallowed
Cubist Pharmaceuticals Inc,No,,CUBICIN,Allopathic & Osteopathic Physicians|Internal Medicine|Hospice and Palliative Medicine,disallowed
Celgene Corporation,No,,Vidaza,Allopathic & Osteopathic Physicians|Internal Medicine,allowed
"Henry Schein, Inc.",No,,,Allopathic & Osteopathic Physicians|Family Medicine|Hospice and Palliative Medicine,disallowed
Premier Dental Products Company,No,NEXTEMP STANDARD,,Dental Providers|Dentist|General Practice,disallowed
"Genentech USA, Inc.",No,,Avastin,Allopathic & Osteopathic Physicians|Anesthesiology,disallowed
Shire US Holdings,No,DERMAGRAFT,,Allopathic & Osteopathic Physicians|Surgery|Plastic and Reconstructive Surgery,disallowed
"Xhale, Inc.",No,,,Allopathic & Osteopathic Physicians|Anesthesiology|Pain Medicine,disallowed
"Auxilium Pharmaceuticals, Inc.",No,,TESTOPEL,Allopathic & Osteopathic Physicians|Anesthesiology|Pediatric Anesthesiology,disallowed
Novartis Vaccines and Diagnostics Inc,No,,Menveo,Allopathic & Osteopathic Physicians|Surgery,disallowed
AstraZeneca Pharmaceuticals LP,Yes,,BRILINTA,,allowed
"Boehringer Ingelheim Pharmaceuticals, Inc.",No,,,Allopathic & Osteopathic Physicians|Preventive Medicine|Occupational Medicine,disallowed
"IsoRay, Inc",No,"Brachytherapy source, Cesium-131",,Allopathic & Osteopathic Physicians|Radiology|Radiation Oncology,disallowed
"Sorin Group USA, Inc",No,All Sorin HV,,Allopathic & Osteopathic Physicians|Internal Medicine|Interventional Cardiology,disallowed
Cook Incorporated,No,AI - AAA,,Allopathic & Osteopathic Physicians|Radiology|Nuclear Radiology,disallowed
EKOS Corporation,No,EKOSONIC,,Allopathic & Osteopathic Physicians|Thoracic Surgery (Cardiothoracic Vascular Surgery),disallowed
Bayer HealthCare Pharmaceuticals Inc.,No,,Stivarga,Allopathic & Osteopathic Physicians|Internal Medicine|Rheumatology,disallowed
"Roche TCRC, Inc.",No,,Non-Covered Product,Allopathic & Osteopathic Physicians|Internal Medicine,disallowed
"Aptalis Pharma US, Inc",No,,ZENPEP,Allopathic & Osteopathic Physicians|Emergency Medicine,disallowed
Boehringer Ingelheim Pharma GmbH & Co.KG,No,,Pradaxa,Allopathic & Osteopathic Physicians|Internal Medicine|Hematology & Oncology,disallowed
"Mercedes Medical, LLC",No,Urine Dipstick Controls 4x25mL SET,,Allopathic & Osteopathic Physicians|Family Medicine,disallowed
Biogen Idec Inc.,No,,TECFIDERA,Allopathic & Osteopathic Physicians|Psychiatry & Neurology|Psychiatry,disallowed
"Henry Schein, Inc.",No,Other Clinical Products  Supplies,,"Student, Health Care|Student in an Organized Health Care Education/Training Program",disallowed
"Ironwood Pharmaceuticals, Inc",No,,LINZESS 145 mcg,Allopathic & Osteopathic Physicians|Colon & Rectal Surgery,disallowed
"Hu-Friedy Mfg. Co., LLC",No,Diagnostic,,,disallowed
"Janssen Pharmaceuticals, Inc",No,,Xarelto,Allopathic & Osteopathic Physicians|Neuromusculoskeletal Medicine & OMM,disallowed
"FOREST PHARMACEUTICALS, INC.",No,,VIIBRYD,Allopathic & Osteopathic Physicians|Physical Medicine & Rehabilitation|Pain Medicine,disallowed
"Biosense Webster, Inc.",No,Mapping and Navigation SystemsAccessories,,Allopathic & Osteopathic Physicians|Internal Medicine|Cardiovascular Disease,disallowed
"Janssen Biotech, Inc.",No,,Olysio,Allopathic & Osteopathic Physicians|Emergency Medicine|Emergency Medical Services,disallowed
Astellas Pharma US Inc,No,,Prograf,Allopathic & Osteopathic Physicians|Internal Medicine|Nephrology,disallowed
Merck Sharp & Dohme Corporation,No,,ZOSTAVAX,Allopathic & Osteopathic Physicians|Internal Medicine|Geriatric Medicine,disallowed
"BIomet 3i, LLC",No,3I - TISSUE PRODUCTS,,Dental Providers|Dentist|Prosthodontics,disallowed
Covidien Sales LLC,No,Synthetic Mesh,,Allopathic & Osteopathic Physicians|Surgery|Vascular Surgery,disallowed
Cordis Corporation,No,Cardiovascular-Endovascular,,Allopathic & Osteopathic Physicians|Internal Medicine|Nephrology,disallowed
Aqua Pharmaceuticals,No,,DERMATOLOGICAL PRODUCTS,Allopathic & Osteopathic Physicians|Dermatology|MOHS-Micrographic Surgery,disallowed
PFIZER INC.,No,,,Allopathic & Osteopathic Physicians|Internal Medicine|Hematology & Oncology,disallowed
Quidel Corporation,No,Sofia,,Other Service Providers|Specialist,disallowed
"Bard Access Systems, Inc.",No,Oncology,,Allopathic & Osteopathic Physicians|Anesthesiology,disallowed
Elekta Limited,No,,,,allowed
SEIKAGAKU CORPORATION,No,,SI-6603,,allowed
"Genentech, Inc.",No,,Xolair,Allopathic & Osteopathic Physicians|Internal Medicine,disallowed
"Medtronic, Inc.",No,Aortic Stent Grafts,,Allopathic & Osteopathic Physicians|General Practice,disallowed
Alcon Laboratories Inc,No,,Pataday,Allopathic & Osteopathic Physicians|Allergy & Immunology|Allergy,disallowed
Theragenics Corporation,No,,,Allopathic & Osteopathic Physicians|Radiology|Radiation Oncology,disallowed
"Grifols USA, LLC",No,,Alphanate,Allopathic & Osteopathic Physicians|Pediatrics,disallowed
Avinger Inc.,No,Vascular Disease,,Hospitals|General Acute Care Hospital|Critical Access,disallowed
"Globus Medical, Inc.",No,Spine,,Allopathic & Osteopathic Physicians|Radiology|Diagnostic Radiology,disallowed
"Vascular Solutions, Inc.",No,Guideliner,,Allopathic & Osteopathic Physicians|Surgery|Vascular Surgery,disallowed
Septodont Inc.,No,,ORAVERSE,Dental Providers|Dentist,disallowed
HOLOGIC INC,No,Tomo,,,disallowed
Genzyme Corporation,No,,KYNAMRO,Allopathic & Osteopathic Physicians|Internal Medicine|Geriatric Medicine,disallowed
"Alkermes, Inc.",No,,Vivitrol,Allopathic & Osteopathic Physicians|Internal Medicine|Nephrology,disallowed
"Supreme Orthopedic Systems, LLC",No,ARTHREX PRODUCT LINE DISTAL EXTREMITY ARTHROSCOPY,,Allopathic & Osteopathic Physicians|Orthopaedic Surgery,disallowed
Merck Sharp & Dohme Corporation,No,,NEXPLANON,Allopathic & Osteopathic Physicians|Pediatrics,disallowed
Daiichi Sankyo Inc.,No,,Azor,Allopathic & Osteopathic Physicians|Internal Medicine|Cardiovascular Disease,disallowed
"ARGON MEDICAL DEVICES, INC.",No,BioPince,,Allopathic & Osteopathic Physicians|Radiology|Vascular & Interventional Radiology,disallowed
Amgen Inc.,No,,,Allopathic & Osteopathic Physicians|Obstetrics & Gynecology|Reproductive Endocrinology,disallowed
Boston Scientific Corporation,No,BPH,,Allopathic & Osteopathic Physicians|Urology,disallowed
"Onyx Pharmaceuticals, Inc., an Amgen subsidiary",No,,Nexavar,Allopathic & Osteopathic Physicians|Internal Medicine|Interventional Cardiology,disallowed
"Intuitive Surgical, Inc.",No,Da Vinci Surgical System,,Podiatric Medicine & Surgery Service Providers|Podiatrist|Foot & Ankle Surgery,disallowed
Boston Scientific Corporation,No,KIDNEY STONE DISEASE,,Allopathic & Osteopathic Physicians|Obstetrics & Gynecology,disallowed
Lundbeck LLC,No,,,Allopathic & Osteopathic Physicians|Surgery,disallowed
Pfizer Pharmaceuticals LLC,No,,LYRICA,Allopathic & Osteopathic Physicians|Physical Medicine & Rehabilitation|Pain Medicine,disallowed
"E.R. Squibb & Sons, L.L.C.",No,,REYATAZ,Allopathic & Osteopathic Physicians|Internal Medicine|Infectious Disease,allowed
Baxter Healthcare,No,,BioTherapeutics - GLASSIA,Allopathic & Osteopathic Physicians|Internal Medicine|Critical Care Medicine,disallowed
Allergan Inc.,No,,LUMIGAN,Allopathic & Osteopathic Physicians|Surgery,allowed
KARLSTORZ Endoscopy-America,No,ENT,,Allopathic & Osteopathic Physicians|Otolaryngology|Otology & Neurotology,disallowed
"Medtronic Vascular, Inc.",No,Aortic Stent Grafts,,Podiatric Medicine & Surgery Service Providers|Podiatrist|Foot & Ankle Surgery,disallowed
"NuVasive, Inc.",No,,,Allopathic & Osteopathic Physicians|Anesthesiology,disallowed
DePuy Orthopaedics Inc.,No,,,Allopathic & Osteopathic Physicians|Pediatrics,disallowed
"Boehringer Ingelheim Pharmaceuticals, Inc.",No,,SPIRIVA,Allopathic & Osteopathic Physicians|General Practice,disallowed
ViroPharma Incorporated,No,,Cinryze HUMAN C1-ESTERASE INHIBITOR,Allopathic & Osteopathic Physicians|Internal Medicine|Hematology,disallowed
Kerr Corporation,No,Endodontics,,Allopathic & Osteopathic Physicians|Oral & Maxillofacial Surgery,disallowed
"Medtronic MiniMed, Inc.",No,Insulin pump,,Podiatric Medicine & Surgery Service Providers|Podiatrist|Foot & Ankle Surgery,disallowed
CareFusion Corporation,No,Procedural Solutions,,Allopathic & Osteopathic Physicians|Radiology|Neuroradiology,disallowed
Celgene Corporation,No,,Revlimid,Allopathic & Osteopathic Physicians|Nuclear Medicine,disallowed
SANOFI-AVENTIS U.S. LLC,No,,AFLIBERCEPT,Allopathic & Osteopathic Physicians|Internal Medicine|Hematology & Oncology,allowed
Merck Sharp & Dohme Corporation,No,,NEXPLANON,Allopathic & Osteopathic Physicians|Obstetrics & Gynecology|Obstetrics,disallowed
"Aesculap Implant Systems, LLC",No,Orthopedics,,Allopathic & Osteopathic Physicians|Orthopaedic Surgery|Orthopaedic Trauma,disallowed
"Janssen Pharmaceuticals, Inc",No,,Nucynta,Allopathic & Osteopathic Physicians|Plastic Surgery,disallowed
Bayer HealthCare Pharmaceuticals Inc.,No,,Xofigo,Allopathic & Osteopathic Physicians|Family Medicine,disallowed
"EndoChoice, Inc.",No,Fuse Full Spectrum Endoscopy System,,Allopathic & Osteopathic Physicians|Surgery,disallowed
"Medtronic Xomed, Inc.",No,Image Guided Surgery Products,,Allopathic & Osteopathic Physicians|General Practice,disallowed
"Fresenius USA Marketing, Inc.",No,,Phoslo,Allopathic & Osteopathic Physicians|Internal Medicine|Nephrology,disallowed
"Biosense Webster, Inc.",No,Generators   Accessories,,Allopathic & Osteopathic Physicians|Obstetrics & Gynecology,allowed
"Genentech, Inc.",No,,Zelboraf,Allopathic & Osteopathic Physicians|Pediatrics|Pediatric Hematology-Oncology,disallowed
"AngioDynamics, Inc.",No,,,Allopathic & Osteopathic Physicians|Internal Medicine|Clinical Cardiac Electrophysiology,disallowed
Lombard Medical Technologies Inc.,No,Aorfix Flexible Stent Graft System,,Allopathic & Osteopathic Physicians|Dermatology,disallowed
"Salix Pharmaceuticals, Ltd",No,,,Allopathic & Osteopathic Physicians|Internal Medicine|Critical Care Medicine,disallowed
MEDACTA USA,No,SPINE,,Allopathic & Osteopathic Physicians|Orthopaedic Surgery,disallowed
"Aesculap Implant Systems, LLC",No,Spine,,Allopathic & Osteopathic Physicians|Neurological Surgery,disallowed
"Medtronic USA, Inc.",No,Spinal Cord Neurostimulation - Neuro,,Allopathic & Osteopathic Physicians|Psychiatry & Neurology|Child & Adolescent Psychiatry,disallowed
"Ivoclar Vivadent, Inc.",No,596717 Mag Mtg Plates 20pk basic,,Dental Providers|Dentist|General Practice,disallowed
"Santarus, Inc",No,,Glumetza,Allopathic & Osteopathic Physicians|Surgery|Vascular Surgery,disallowed
Novartis Pharmaceuticals Corporation,No,,DIOVAN,,allowed
"St. Jude Medical, Inc.",No,CRM,,Allopathic & Osteopathic Physicians|Pain Medicine|Interventional Pain Medicine,disallowed
Pfizer Inc.,No,,TYGACIL,Allopathic & Osteopathic Physicians|Pediatrics,disallowed
Johnson & Johnson Health Care Systems Inc.,No,,,Allopathic & Osteopathic Physicians|Physical Medicine & Rehabilitation|Pain Medicine,disallowed
Roche Diagnostics Corporation,No,MD Cobas 6800 8800,,Allopathic & Osteopathic Physicians|Obstetrics & Gynecology,disallowed
Merck Sharp & Dohme Corporation,No,,EMEND for Injection,,allowed
"Genentech USA, Inc.",No,,Herceptin,Allopathic & Osteopathic Physicians|Internal Medicine|Cardiovascular Disease,disallowed
Lundbeck LLC,No,,ONFI,Allopathic & Osteopathic Physicians|Psychiatry & Neurology|Vascular Neurology,disallowed
Merck Sharp & Dohme Corporation,No,,SAPHRIS,Behavioral Health & Social Service Providers|Clinical Neuropsychologist,allowed
Novartis Pharmaceuticals Corporation,No,,EXJADE,Allopathic & Osteopathic Physicians|Internal Medicine|Hematology & Oncology,allowed
"Vascular Solutions, Inc.",No,MICRO INTRODUCER KITS,,Allopathic & Osteopathic Physicians|Thoracic Surgery (Cardiothoracic Vascular Surgery),disallowed
SANOFI-AVENTIS U.S. LLC,No,,LANTUS,Allopathic & Osteopathic Physicians|Pediatrics|Adolescent Medicine,disallowed
BIOVENTUS LLC,No,Joint Fluid Therapy,,Allopathic & Osteopathic Physicians|Orthopaedic Surgery|Sports Medicine,disallowed
Bayer HealthCare Pharmaceuticals Inc.,No,,Stivarga,Allopathic & Osteopathic Physicians|Surgery|Surgical Oncology,disallowed
Masimo Corporation,No,Multigas Monitoring,,Other Service Providers|Specialist,disallowed
"E.R. Squibb & Sons, L.L.C.",No,,ELIQUIS,Allopathic & Osteopathic Physicians|Pediatrics,disallowed
Mallinckrodt LLC,No,,Exalgo,Allopathic & Osteopathic Physicians|Anesthesiology,disallowed
"MedImmune, LLC",No,,,Allopathic & Osteopathic Physicians|Pediatrics|Pediatric Pulmonology,disallowed
Allergan Inc.,No,,,Suppliers|Durable Medical Equipment & Medical Supplies|Customized Equipment,disallowed
"BG Medicine, Inc.",No,BGM Galectin-3,,Other Service Providers|Specialist,disallowed
"Teva Pharmaceuticals USA, Inc.",No,,AZILECT,Allopathic & Osteopathic Physicians|Preventive Medicine|Occupational Medicine,disallowed
Integra LifeSciences Corporation,No,Recon-Upper Extremity Metal,,Other Service Providers|Specialist,disallowed
DENTSPLY IH Inc.,No,Implant Dentistry,,Allopathic & Osteopathic Physicians|Internal Medicine,disallowed
Luitpold Pharmaceuticals Inc,No,Injectafer,Injectafer,Allopathic & Osteopathic Physicians|Internal Medicine,disallowed
Roche Diagnostics Corporation,No,DC - ACCU-CHEK Diabetes Management Solutions,,Allopathic & Osteopathic Physicians|Family Medicine,disallowed
CareFusion Corporation,No,Procedural Solutions,,Allopathic & Osteopathic Physicians|Orthopaedic Surgery|Orthopaedic Surgery of the Spine,disallowed
"ConforMIS, Inc.",No,iDuo,,,allowed
Exelixis Inc.,No,,COMETRIQ,Podiatric Medicine & Surgery Service Providers|Podiatrist|Foot & Ankle Surgery,disallowed
"Takeda Pharmaceuticals America, Inc.",No,,DEXILANT,Allopathic & Osteopathic Physicians|Allergy & Immunology,disallowed
GENZYME CORPORATION,No,,AUBAGIO,Allopathic & Osteopathic Physicians|Allergy & Immunology,disallowed
Covidien LP,No,,,Allopathic & Osteopathic Physicians|Surgery|Hospice and Palliative Medicine,disallowed
"Genentech USA, Inc.",No,,Tarceva,Allopathic & Osteopathic Physicians|Internal Medicine|Hospice and Palliative Medicine,disallowed
"Janssen Scientific Affairs, LLC",No,,Remicade,Allopathic & Osteopathic Physicians|Internal Medicine,disallowed
"ECR Pharmaceuticals Co., Inc.",No,,Tussicaps,Allopathic & Osteopathic Physicians|General Practice,disallowed
"MAQUET Cardiovascular U.S. Sales, L.L.C.",No,Beating Heart Surgery,,Allopathic & Osteopathic Physicians|General Practice,disallowed
Pfizer Inc.,No,,FLECTOR PATCH,Allopathic & Osteopathic Physicians|Physical Medicine & Rehabilitation|Spinal Cord Injury Medicine,disallowed
AstraZeneca Pharmaceuticals LP,No,,BYDUREON WEEKLY,Allopathic & Osteopathic Physicians|Allergy & Immunology,disallowed
Osteomed LLC,No,SBO-Extremifuse,,Allopathic & Osteopathic Physicians|Orthopaedic Surgery,disallowed
"AbbVie, Inc.",No,,Creon,Allopathic & Osteopathic Physicians|Internal Medicine|Sleep Medicine,disallowed
Pfizer Inc.,No,,LYRICA,Allopathic & Osteopathic Physicians|Psychiatry & Neurology|Pain Medicine,disallowed
"VIVUS, Inc.",No,,Qsymia,Allopathic & Osteopathic Physicians|Internal Medicine|Gastroenterology,disallowed
"Par Pharmaceutical, Inc.",No,,MEGACE ES MEGESTROL ACETATE,Allopathic & Osteopathic Physicians|Internal Medicine|Medical Oncology,disallowed
"GlaxoSmithKline, LLC.",No,,ADVAIR,Allopathic & Osteopathic Physicians|Internal Medicine|Adolescent Medicine,disallowed
Allergan Inc.,No,,,Ambulatory Health Care Facilities|Clinic/Center|Prison Health,disallowed
Baxter Healthcare,No,,Fluid Systems  - Infusion Systems,Allopathic & Osteopathic Physicians|Pediatrics,disallowed
Hollister Incorporated,No,Endoform,,Allopathic & Osteopathic Physicians|Psychiatry & Neurology|Psychiatry,disallowed
Olympus Corporation of the Americas,Yes,ENT Products,,,disallowed
Pfizer Pharmaceuticals LLC,No,,XALKORI,Allopathic & Osteopathic Physicians|Internal Medicine,disallowed
"E.R. Squibb & Sons, L.L.C.",No,,,Allopathic & Osteopathic Physicians|Preventive Medicine|Occupational Medicine,disallowed
"BIOMET EUROPE, LTD",No,BIOLOGICS - BIOLOGICS MEDICAL DEVICES,,Allopathic & Osteopathic Physicians|Orthopaedic Surgery,disallowed
Pfizer International LLC,No,,,Allopathic & Osteopathic Physicians|Pediatrics,disallowed
Integra LifeSciences Corporation,No,Spine-Orthobiologics,,Other Service Providers|Specialist,disallowed
Ortho Development Corporation,No,Envision,,Allopathic & Osteopathic Physicians|Orthopaedic Surgery|Orthopaedic Surgery of the Spine,disallowed
"Smith & Nephew, Inc.",No,"Trauma Plates, Screws, and Nails",,Allopathic & Osteopathic Physicians|Plastic Surgery,disallowed
ERBE USA Inc,No,ERBE,,Allopathic & Osteopathic Physicians|Surgery|Vascular Surgery,disallowed
"BIOMET SPINE, LLC",No,BSBHT - SPINE,,Podiatric Medicine & Surgery Service Providers|Podiatrist|Foot & Ankle Surgery,disallowed
"SeaSpine, Inc.",No,UCR,,Allopathic & Osteopathic Physicians|Orthopaedic Surgery|Orthopaedic Surgery of the Spine,disallowed
"EMD Serono, Inc.",No,,Gonal-f,Allopathic & Osteopathic Physicians|Pediatrics,disallowed
"Medtronic USA, Inc.",No,Deep Brain Neurostimulation,,Allopathic & Osteopathic Physicians|Ophthalmology,disallowed
Actavis Pharma Inc,No,,RAPAFLO,Allopathic & Osteopathic Physicians|Surgery|Vascular Surgery,disallowed
MicroAire Surgical Instruments LLC,No,Implant,,Allopathic & Osteopathic Physicians|Orthopaedic Surgery,disallowed
"Millennium Pharmaceuticals, Inc.",No,,VELCADE,Allopathic & Osteopathic Physicians|Pediatrics|Pediatric Hematology-Oncology,disallowed
"Toshiba America Medical Systems, Inc.",No,CT,,"Student, Health Care|Student in an Organized Health Care Education/Training Program",disallowed
ArthroCare Corporation,No,Sports Med Fixation,,Podiatric Medicine & Surgery Service Providers|Podiatrist|Foot & Ankle Surgery,disallowed
TEI Biosciences Inc,No,PriMatrix,PriMatrix,Allopathic & Osteopathic Physicians|Orthopaedic Surgery,disallowed
Dyax Corp,No,,Kalbitor,Allopathic & Osteopathic Physicians|Pediatrics|Pediatric Allergy/Immunology,disallowed
PFIZER INTERNATIONAL LLC,No,,ESTRING,Allopathic & Osteopathic Physicians|Obstetrics & Gynecology,disallowed
"E.R. Squibb & Sons, L.L.C.",No,,IXEMPRA,Allopathic & Osteopathic Physicians|Hospitalist,disallowed
Novartis Pharmaceuticals Corporation,No,,AFINITOR,Allopathic & Osteopathic Physicians|Orthopaedic Surgery|Orthopaedic Surgery of the Spine,disallowed
Warner Chilcott LLC,No,,ASACOL HD,Allopathic & Osteopathic Physicians|Anesthesiology|Pain Medicine,disallowed
Stryker Corporation,No,STENTS,,Allopathic & Osteopathic Physicians|Internal Medicine,disallowed
"Medtronic, Inc.",No,Biologics Therapies,,Allopathic & Osteopathic Physicians|Orthopaedic Surgery|Adult Reconstructive Orthopaedic Surgery,disallowed
HOLOGIC INC,No,Cenova,,Allopathic & Osteopathic Physicians|Radiology|Diagnostic Radiology,disallowed
Boehringer Ingelheim RCV GmbH & Co KG,No,,,Allopathic & Osteopathic Physicians|Allergy & Immunology,disallowed
Roche Diagnostics GmbH,No,PD - CD Healthcare,,Allopathic & Osteopathic Physicians|Psychiatry & Neurology|Neurology,disallowed
Coloplast Corp,No,CONTINENCE CARE,,Allopathic & Osteopathic Physicians|Radiology|Diagnostic Radiology,disallowed
Covidien Sales LLC,No,Endo Stapling,,Allopathic & Osteopathic Physicians|Internal Medicine,disallowed
"BioHorizons Implant Systems, Inc.",No,Dental Implants,,Dental Providers|Dentist|Periodontics,disallowed
Ethicon Inc.,No,Adhesion Prevention,,Allopathic & Osteopathic Physicians|Anesthesiology,disallowed
Jazz Pharmaceuticals Inc.,No,,Xyrem,Allopathic & Osteopathic Physicians|Psychiatry & Neurology|Sleep Medicine,disallowed
Brahms GmbH,No,PCT,,,allowed
"Salix Pharmaceuticals, Ltd",No,,Xifaxan 550 mg,Podiatric Medicine & Surgery Service Providers|Podiatrist|Primary Podiatric Medicine,disallowed
BIOVENTUS LLC,No,Diagnostic Ultrasound,,Allopathic & Osteopathic Physicians|Family Medicine,disallowed
"UCB, Inc.",No,,Vimpat,Allopathic & Osteopathic Physicians|Psychiatry & Neurology|Vascular Neurology,disallowed
"Smith & Nephew, Inc.",No,,,Allopathic & Osteopathic Physicians|Allergy & Immunology,disallowed
Volcano Corporation,No,Venus III,,Allopathic & Osteopathic Physicians|Internal Medicine|Cardiovascular Disease,disallowed
Bayer HealthCare Pharmaceuticals Inc.,No,,,Other Service Providers|Specialist,disallowed
"E.R. Squibb & Sons, L.L.C.",No,,ONGLYZA,Allopathic & Osteopathic Physicians|Pediatrics|Pediatric Cardiology,disallowed
"Genentech USA, Inc.",No,,,Allopathic & Osteopathic Physicians|Neuromusculoskeletal Medicine & OMM,disallowed
The Spectranetics Corporation,No,TURBOELITE,,Allopathic & Osteopathic Physicians|Psychiatry & Neurology|Child & Adolescent Psychiatry,disallowed
Thoratec Corporation,No,MCS-Multiple Products-General,,Allopathic & Osteopathic Physicians|Pediatrics,disallowed
Astellas Pharma US Inc,Yes,,Myrbetriq,Allopathic & Osteopathic Physicians|Urology,disallowed
Amgen Inc.,No,,Sensipar,Allopathic & Osteopathic Physicians|Emergency Medicine|Emergency Medical Services,disallowed
"Takeda Development Center Americas, Inc.",No,,,Allopathic & Osteopathic Physicians|Psychiatry & Neurology|Geriatric Psychiatry,disallowed
"FUJIFILM SonoSite, Inc.",No,SONOSITE EDGE ULTRASOUND SYSTEM,,Allopathic & Osteopathic Physicians|Internal Medicine|Cardiovascular Disease,disallowed
Sanofi Pasteur Inc.,No,,MENACTRA,Allopathic & Osteopathic Physicians|Obstetrics & Gynecology,disallowed
F. Hoffmann-La Roche AG,No,,Tarceva,Allopathic & Osteopathic Physicians|Internal Medicine,disallowed
"Boehringer Ingelheim Pharmaceuticals, Inc.",No,,MIRAPEX ER,Allopathic & Osteopathic Physicians|Family Medicine,disallowed
Celgene Corporation,No,,Revlimid,Allopathic & Osteopathic Physicians|General Practice,disallowed
"Janssen Pharmaceuticals, Inc",No,,Invokana,Allopathic & Osteopathic Physicians|Family Medicine|Sports Medicine,disallowed
Merck Sharp & Dohme Corporation,No,,SCH 900121--NOMACE2 Nomegestrol acetate  17B Estradiol,Allopathic & Osteopathic Physicians|Obstetrics & Gynecology|Reproductive Endocrinology,allowed
Amgen Inc.,No,,XGEVA,Allopathic & Osteopathic Physicians|Pediatrics|Pediatric Hematology-Oncology,disallowed
"LILLY USA, LLC",No,,,Allopathic & Osteopathic Physicians|Pain Medicine|Pain Medicine,disallowed
SANOFI-AVENTIS U.S. LLC,No,,APIDRA,Allopathic & Osteopathic Physicians|Allergy & Immunology|Clinical & Laboratory Immunology,disallowed
Spectrum Pharmaceuticals Inc.,No,,Belinostat,Allopathic & Osteopathic Physicians|Internal Medicine|Hematology,disallowed
Stryker Corporation,No,FLOW DIVERTERS,,Allopathic & Osteopathic Physicians|Radiology|Diagnostic Neuroimaging,disallowed
Spiracur Inc.,No,SNaP,,Allopathic & Osteopathic Physicians|Surgery|Vascular Surgery,disallowed
"COMSORT, Inc",No,,MK-4305,Behavioral Health & Social Service Providers|Counselor|Mental Health,disallowed
Abbott Laboratories,No,Vascular,,"Student, Health Care|Student in an Organized Health Care Education/Training Program",disallowed
Baxter Healthcare,No,,BioTherapeutics - FLEXBUMIN,Allopathic & Osteopathic Physicians|Internal Medicine|Hematology & Oncology,disallowed
DePuy Synthes Sales Inc.,No,Vertebral Body Augmentation,,Allopathic & Osteopathic Physicians|Physical Medicine & Rehabilitation,disallowed
GENZYME CORPORATION,No,,ALDURAZYME,Allopathic & Osteopathic Physicians|Pediatrics,disallowed
KARLSTORZ Endoscopy-America,No,OTHER MISC,,Podiatric Medicine & Surgery Service Providers|Podiatrist,disallowed
"LENSAR, Inc.",No,LENSAR LASER SYSTEM,,Allopathic & Osteopathic Physicians|Family Medicine,disallowed
Genzyme Corporation,No,,TERIFLUNOMIDE,Other Service Providers|Specialist,disallowed
OrthoPediatrics Corp.,No,Cannulated Screw,Cannulated Screw,Allopathic & Osteopathic Physicians|Orthopaedic Surgery|Pediatric Orthopaedic Surgery,disallowed
ABIOMED,No,Impella,,Allopathic & Osteopathic Physicians|Internal Medicine|Clinical Cardiac Electrophysiology,disallowed
"Bio-Rad Laboratories, Inc.",No,Case of the day,,Dental Providers|Dentist|General Practice,disallowed
Implant Direct International LLC,No,Dental Implant,,Allopathic & Osteopathic Physicians|Pathology|Clinical Pathology/Laboratory Medicine,disallowed
"Salix Pharmaceuticals, Ltd",No,,FULYZAQ,Allopathic & Osteopathic Physicians|Internal Medicine|Gastroenterology,disallowed
"Varian Medical Systems, Inc.",No,ARIA,,Allopathic & Osteopathic Physicians|Internal Medicine|Medical Oncology,disallowed
"Takeda Development Center Americas, Inc.",No,,Uloric,Allopathic & Osteopathic Physicians|Urology,allowed
NOVARTIS PHARMACEUTICALS CORPORATION,No,,AFINITOR,Allopathic & Osteopathic Physicians|Radiology|Diagnostic Radiology,disallowed
Abbott Laboratories,No,,,Allopathic & Osteopathic Physicians|Thoracic Surgery (Cardiothoracic Vascular Surgery),disallowed
Hollister Incorporated,No,Endoform,,Allopathic & Osteopathic Physicians|Internal Medicine,disallowed
"Sigma-Tau Pharmaceuticals, Inc.",No,,Oncaspar,Allopathic & Osteopathic Physicians|Internal Medicine|Medical Oncology,disallowed
"Biomet Trauma, LLC",No,SET - TRAUMA,,Allopathic & Osteopathic Physicians|Otolaryngology|Facial Plastic Surgery,disallowed
GENZYME CORPORATION,No,,THYROGEN,Allopathic & Osteopathic Physicians|Pediatrics|Pediatric Endocrinology,disallowed
"AbbVie, Inc.",No,,ABT-494,Allopathic & Osteopathic Physicians|Internal Medicine|Gastroenterology,disallowed
Covidien LP,No,,,Allopathic & Osteopathic Physicians|Surgery|Plastic and Reconstructive Surgery,allowed
DePuy Orthopaedics Inc.,No,Sports Medicine,,Other Service Providers|Specialist,disallowed
Genzyme Corporation,No,,THYROGEN,Allopathic & Osteopathic Physicians|Orthopaedic Surgery,disallowed
Zimmer Holding Inc,No,Knee,Chondrofix,Other Service Providers|Specialist,disallowed
Lundbeck LLC,No,,ABILIFY DEPOT,Allopathic & Osteopathic Physicians|Psychiatry & Neurology|Clinical Neurophysiology,disallowed
"Alexion Pharmaceuticals, Inc.",No,,SOLIRIS,Allopathic & Osteopathic Physicians|Allergy & Immunology,disallowed
"Otsuka America Pharmaceutical, Inc.",No,,SAMSCA,Emergency Medical Service Providers|Personal Emergency Response Attendant,disallowed
Reckitt Benckiser Pharmaceuticals Inc.,No,,SUBOXONE SUBLINGUAL FILM,Allopathic & Osteopathic Physicians|Internal Medicine|Hematology,disallowed
"Noven Therapeutics, LLC",No,,DAYTRANA,Allopathic & Osteopathic Physicians|Psychiatry & Neurology|Sleep Medicine,disallowed
"Cadence Pharmaceuticals, Inc.",No,,OFIRMEV,Allopathic & Osteopathic Physicians|Anesthesiology|Critical Care Medicine,disallowed
Astellas Scientific and Medical Affairs,No,,Myrbetriq,Allopathic & Osteopathic Physicians|Urology,disallowed
Amgen Inc.,No,,Sensipar,Allopathic & Osteopathic Physicians|Pain Medicine|Interventional Pain Medicine,disallowed
"Siemens Medical Solutions USA, Inc.",No,AX - Angiography Fluoroscopy-Radiology Systems,,Allopathic & Osteopathic Physicians|Psychiatry & Neurology|Neurology,disallowed
Takeda Pharmaceuticals Puerto Rico LLC,No,,Uloric,Allopathic & Osteopathic Physicians|Internal Medicine|Rheumatology,disallowed
"Janssen Diagnostics, LLC",No,,No Product,Allopathic & Osteopathic Physicians|Internal Medicine|Medical Oncology,disallowed
"Janssen Research & Development, LLC",No,,No Product,Allopathic & Osteopathic Physicians|Internal Medicine,disallowed
The Medicines Company,No,,CLEVIPREX,Allopathic & Osteopathic Physicians|Internal Medicine|Interventional Cardiology,disallowed
"GlaxoSmithKline, LLC.",No,,BIO ZOSTER,Allopathic & Osteopathic Physicians|Internal Medicine|Infectious Disease,disallowed
Astellas Pharma Inc,No,,,Allopathic & Osteopathic Physicians|Urology,disallowed
Novo Nordisk Inc,No,,,"Student, Health Care|Student in an Organized Health Care Education/Training Program",disallowed
Amgen Inc.,No,,Aranesp,Allopathic & Osteopathic Physicians|Pediatrics,disallowed
"RTI Surgical, Inc.",No,Scope,,Allopathic & Osteopathic Physicians|Orthopaedic Surgery|Orthopaedic Surgery of the Spine,disallowed
"Ipsen Biopharmaceuticals, Inc",No,,Somatuline Depot 120mg.5ml,Other Service Providers|Specialist,disallowed
Phadia US Inc.,No,SDG-IDD-Allergy,,Allopathic & Osteopathic Physicians|Pediatrics|Pediatric Infectious Diseases,disallowed
Boehringer Ingelheim Pharma GmbH & Co.KG,No,,Spiriva,Allopathic & Osteopathic Physicians|Allergy & Immunology,disallowed
SANOFI-AVENTIS U.S. LLC,No,Osteoarthritis of the Knee,,"Allopathic & Osteopathic Physicians|Neuromusculoskeletal Medicine, Sports Medicine",disallowed
"Janssen Pharmaceuticals, Inc",No,,Xarelto,Allopathic & Osteopathic Physicians|Pathology|Blood Banking & Transfusion Medicine,disallowed
Baxter Healthcare,No,,BioTherapeutics - ARALAST,Allopathic & Osteopathic Physicians|Plastic Surgery,disallowed
Specialty Surgical Instrumentation,No,ElbowLOC system,,,disallowed
OrthoPediatrics Corp.,No,,,Allopathic & Osteopathic Physicians|Orthopaedic Surgery,disallowed
Stryker Corporation,No,TRAUMA & EXTREMITIES,,Allopathic & Osteopathic Physicians|Orthopaedic Surgery|Adult Reconstructive Orthopaedic Surgery,disallowed
Cook Incorporated,No,PI - Wire Guides,,Allopathic & Osteopathic Physicians|Radiology|Vascular & Interventional Radiology,disallowed
STAAR SURGICAL COMPANY,No,IOL,IOL,Allopathic & Osteopathic Physicians|Ophthalmology,disallowed
Pfizer Inc.,No,,XELJANZ,Allopathic & Osteopathic Physicians|Pediatrics,disallowed
Merck Sharp & Dohme Corporation,No,,SCH 420814--Preladenant,Allopathic & Osteopathic Physicians|Psychiatry & Neurology|Neurology,allowed
"Genentech USA, Inc.",No,,Rituxan,Allopathic & Osteopathic Physicians|Surgery|Surgical Critical Care,disallowed
Spiracur Inc.,No,SNaP,,Allopathic & Osteopathic Physicians|Physical Medicine & Rehabilitation,disallowed
CSL Behring,No,,Humate P,Allopathic & Osteopathic Physicians|Obstetrics & Gynecology|Gynecology,disallowed
Bayer HealthCare LLC,No,Jetstream,,Allopathic & Osteopathic Physicians|Radiology|Diagnostic Neuroimaging,disallowed
Covidien Sales LLC,No,Biologic Mesh,,Allopathic & Osteopathic Physicians|Surgery|Plastic and Reconstructive Surgery,disallowed
"Medtronic Vascular, Inc.",No,Heart Valves,,Allopathic & Osteopathic Physicians|Internal Medicine|Critical Care Medicine,disallowed
"Smith & Nephew, Inc.",No,,Santyl,Other Service Providers|Legal Medicine,disallowed
Alcon Laboratories Inc,No,,,Eye and Vision Services Providers|Technician/Technologist|Optician,disallowed
"Salix Pharmaceuticals, Ltd",No,,Xifaxan 550 mg,Allopathic & Osteopathic Physicians|Psychiatry & Neurology|Clinical Neurophysiology,disallowed
"Janssen Pharmaceuticals, Inc",No,,Nucynta,Allopathic & Osteopathic Physicians|Neuromusculoskeletal Medicine & OMM,disallowed
"Smith & Nephew, Inc.",No,GYN,,"Student, Health Care|Student in an Organized Health Care Education/Training Program",disallowed
Volcano Corporation,No,Prod. Category  IVUS Imaging,,Allopathic & Osteopathic Physicians|Radiology|Diagnostic Radiology,disallowed
3M Company,No,Dental Etchants,Clinpro 5000 Toothpaste-Vanilla Mint,Dental Providers|Dentist,disallowed
Exelixis Inc.,No,,,Allopathic & Osteopathic Physicians|Pathology|Anatomic Pathology,disallowed
"Varian Medical Systems, Inc.",No,ARIA,,Allopathic & Osteopathic Physicians|Internal Medicine,disallowed
ELI LILLY EXPORT S.A. PUERTO RICO BRANCH,No,,TRADJENTA,Allopathic & Osteopathic Physicians|Internal Medicine,disallowed
DePuy Synthes Sales Inc.,No,Thoracolumbar,,Allopathic & Osteopathic Physicians|Pediatrics|Developmental  Behavioral Pediatrics,disallowed
"Entellus Medical, Inc.",No,XprESS Multi-Sinus Dilation Tool,,,allowed
Sanofi Pasteur Inc.,No,,FLUZONE HIGH DOSE,Pharmacy Service Providers|Pharmacist,disallowed
"Teva Pharmaceuticals USA, Inc.",No,,COPAXONE,Allopathic & Osteopathic Physicians|Anesthesiology,disallowed
"AbbVie, Inc.",No,,Androgel,Allopathic & Osteopathic Physicians|Internal Medicine|Hematology,disallowed
"AbbVie, Inc.",No,,Lupron,Allopathic & Osteopathic Physicians|Radiology|Diagnostic Radiology,disallowed
SANOFI-AVENTIS U.S. LLC,No,,AUVIQ,Allopathic & Osteopathic Physicians|Obstetrics & Gynecology,disallowed
"EMPI, INC.",No,Osteogenesis Stimulators,,Allopathic & Osteopathic Physicians|Orthopaedic Surgery|Adult Reconstructive Orthopaedic Surgery,disallowed
"EMD Serono, Inc.",No,,,"Physician Assistants & Advanced Practice Nursing Providers|Nurse Practitioner|Pediatrics, Critical Care",disallowed
Zyga Technology Inc,No,SImmetry Sacroliac Joint Fusion System,,Other Service Providers|Specialist,disallowed
"E.R. Squibb & Sons, L.L.C.",No,,YERVOY,Allopathic & Osteopathic Physicians|Pathology|Blood Banking & Transfusion Medicine,disallowed
"E.R. Squibb & Sons, L.L.C.",No,,ERBITUX,Chiropractic Providers|Chiropractor,disallowed
Novocure Inc.,No,NovoTTF-100A,,Allopathic & Osteopathic Physicians|Pathology|Anatomic Pathology & Clinical Pathology,disallowed
Astellas Pharma US Inc,No,,MYCAMINE,Dental Providers|Dentist|Pediatric Dentistry,disallowed
"Iroko Pharmaceuticals, LLC",No,,Zorvolex 35mg,Allopathic & Osteopathic Physicians|Pain Medicine|Interventional Pain Medicine,disallowed
"Great Lakes Medical Services, LLC",No,IceEdge-Rod Sphere Cryoablation Needles,,Allopathic & Osteopathic Physicians|Radiology|Radiation Oncology,disallowed
Team_Makena_LLC,No,non-covered product,,"Allopathic & Osteopathic Physicians|Neuromusculoskeletal Medicine, Sports Medicine",disallowed
Cubist Pharmaceuticals Inc,No,,Anti-Bacterial,Allopathic & Osteopathic Physicians|Internal Medicine|Nephrology,disallowed
Synergy Medical Systems LLC,No,non-covered product,,Allopathic & Osteopathic Physicians|Emergency Medicine|Sports Medicine,disallowed
"Medtronic USA, Inc.",No,Spinal Cord Neurostimulation - ST,,Allopathic & Osteopathic Physicians|Anesthesiology,disallowed
"Advanced Orthopaedic Solutions, Inc.",No,AOS Humeral Nail,,Allopathic & Osteopathic Physicians|Orthopaedic Surgery,disallowed
Merck Sharp & Dohme Corporation,No,,NON-PRODUCT,Podiatric Medicine & Surgery Service Providers|Podiatrist,disallowed
Illinois Cryotherapy LP,No,Cryo Probe,,Allopathic & Osteopathic Physicians|Urology,disallowed
Mallinckrodt LLC,No,,Pennsaid Topical Solution,Allopathic & Osteopathic Physicians|Physical Medicine & Rehabilitation|Pediatric Rehabilitation Medicine,disallowed
Edwards Lifesciences Corporation,No,Pressure Monitoring,,Allopathic & Osteopathic Physicians|Colon & Rectal Surgery,disallowed
DePuy Orthopaedics Inc.,No,CMF,,Allopathic & Osteopathic Physicians|Orthopaedic Surgery,disallowed
SHIONOGI INC,No,,Osphena,Allopathic & Osteopathic Physicians|Dermatology,disallowed
"BIOMET 3I, LLC",No,3I - TISSUE PRODUCTS,,Dental Providers|Dentist|Periodontics,disallowed
Teleflex Medical Incorporated,No,SURGICAL,,Other Service Providers|Specialist,disallowed
Stereotaxis Inc,No,Niobe,,Allopathic & Osteopathic Physicians|Pediatrics|Pediatric Cardiology,disallowed
"FUJIFILM Medical Systems USA, Inc.",No,Synapse,,Allopathic & Osteopathic Physicians|Radiology|Diagnostic Radiology,disallowed
Abbott Laboratories,No,Diagnostics,,Allopathic & Osteopathic Physicians|Pediatrics,disallowed
Astellas Pharma US Inc,No,,Lexiscan,Allopathic & Osteopathic Physicians|Plastic Surgery,disallowed
"Genentech USA, Inc.",No,,Activase,Allopathic & Osteopathic Physicians|Emergency Medicine,disallowed
"Henry Schein, Inc.",No,,,Allopathic & Osteopathic Physicians|Internal Medicine|Pulmonary Disease,disallowed
"Becton, Dickinson and Company",No,Medical Surgical Systems,,Allopathic & Osteopathic Physicians|Anesthesiology|Pain Medicine,disallowed
Covidien Sales LLC,No,Biologic Mesh,,Allopathic & Osteopathic Physicians|Orthopaedic Surgery|Hand Surgery,disallowed
"FOREST PHARMACEUTICALS, INC.",No,,TUDORZA,Behavioral Health & Social Service Providers|Psychologist|Clinical,disallowed
"Genentech USA, Inc.",No,,Pegasys,,disallowed
"Toshiba America Medical Systems, Inc.",No,Multiple,,Allopathic & Osteopathic Physicians|Internal Medicine|Cardiovascular Disease,disallowed
Boston Scientific Corporation,No,BILIARY DEVICES,,Allopathic & Osteopathic Physicians|Anesthesiology|Pediatric Anesthesiology,disallowed
PFIZER INC.,No,,ELIQUIS,Allopathic & Osteopathic Physicians|Anesthesiology|Critical Care Medicine,disallowed
"Henry Schein, Inc.",No,Specialty Products  Orthodontics Non-Camlog Implants,,Dental Providers|Dentist,disallowed
Novartis Pharmaceuticals Corporation,No,,EXFORGE,Allopathic & Osteopathic Physicians|Family Medicine|Addiction Medicine,disallowed
Bayer HealthCare Pharmaceuticals Inc.,No,Essure,Mirena,Dental Providers|Dentist,disallowed
"Genentech, Inc.",No,,Non-Covered Product,Allopathic & Osteopathic Physicians|Obstetrics & Gynecology|Gynecologic Oncology,disallowed
"Medtronic Vascular, Inc.",No,Implantable Cardioverter Defibrillators - ICDs,,Allopathic & Osteopathic Physicians|Anesthesiology,disallowed
Philips Electronics North America Corporation,No,Advanced Molecular Imaging,,Allopathic & Osteopathic Physicians|Radiology|Body Imaging,disallowed
"PureLife, LLC",No,,,Dental Providers|Dentist|General Practice,disallowed
Baxter Healthcare,No,,BioSurgery - TISSEEL,Podiatric Medicine & Surgery Service Providers|Podiatrist|Foot & Ankle Surgery,disallowed
Stryker Corporation,No,HIPS,,Allopathic & Osteopathic Physicians|Orthopaedic Surgery,allowed
Warner Chilcott LLC,No,,DORYX,Allopathic & Osteopathic Physicians|Radiology|Diagnostic Radiology,disallowed
Stryker Corporation,No,STRYKER PERFORMANCE SOLUTIONS,,Allopathic & Osteopathic Physicians|Orthopaedic Surgery,disallowed
Welch Allyn,No,Cardiopulmonary,,Allopathic & Osteopathic Physicians|Family Medicine,disallowed
"Teva Pharmaceuticals USA, Inc.",No,,GRANIX,Allopathic & Osteopathic Physicians|Internal Medicine|Hematology,disallowed
"Grifols USA, LLC",No,,Gamunex-C,Allopathic & Osteopathic Physicians|Neuromusculoskeletal Medicine & OMM,disallowed
3M Company,No,Dental Optical Impression CAD-CAM System,,Dental Providers|Dentist|General Practice,disallowed
"Lanx, Inc.",No,Spinal Fusion Device,,Allopathic & Osteopathic Physicians|Psychiatry & Neurology|Neurology,disallowed
"Arthrex, Inc.",No,ARTHREX PRODUCT LINE DISTAL EXTREMITY ARTHROSCOPY,,Podiatric Medicine & Surgery Service Providers|Podiatrist,disallowed
DePuy Synthes Sales Inc.,No,Hips,,Allopathic & Osteopathic Physicians|Orthopaedic Surgery|Orthopaedic Trauma,disallowed
Edwards Lifesciences Corporation,No,Investigational Devices,,Allopathic & Osteopathic Physicians|Emergency Medicine,disallowed
Olympus Corporation of the Americas,No,Urology & Gynecology Products,,Allopathic & Osteopathic Physicians|Urology,disallowed
"Mercedes Medical, LLC",No,Monitor A1cNow Metrika 20 Test,,Allopathic & Osteopathic Physicians|Family Medicine,disallowed
"Takeda Pharmaceuticals America, Inc.",No,,Nesina,Behavioral Health & Social Service Providers|Marriage & Family Therapist,disallowed
Alcon Laboratories Inc,No,,IOL,Allopathic & Osteopathic Physicians|Ophthalmology,disallowed
DePuy Synthes Sales Inc.,No,,,Allopathic & Osteopathic Physicians|Physical Medicine & Rehabilitation|Spinal Cord Injury Medicine,disallowed
"Janssen Scientific Affairs, LLC",No,,No Product,Allopathic & Osteopathic Physicians|Internal Medicine|Cardiovascular Disease,disallowed
"St. Jude Medical, Inc.",No,St. Jude Medical,,Allopathic & Osteopathic Physicians|Internal Medicine|Critical Care Medicine,disallowed
Boston Scientific Corporation,No,BRONCHIAL THERMOPLASTY,,Allopathic & Osteopathic Physicians|Internal Medicine|Allergy & Immunology,disallowed
Merck Sharp & Dohme Corporation,No,,MK-8892,Allopathic & Osteopathic Physicians|Internal Medicine|Cardiovascular Disease,disallowed
"Lupin Pharmaceuticals, Inc",No,,Suprax,Allopathic & Osteopathic Physicians|Otolaryngology|Facial Plastic Surgery,disallowed
Covidien Sales LLC,No,Patient Monitoring,,Allopathic & Osteopathic Physicians|Anesthesiology,disallowed
ERBE USA Inc,No,HYBRIDKNIFE,,Allopathic & Osteopathic Physicians|Internal Medicine|Gastroenterology,disallowed
"AbbVie, Inc.",No,,ABT 888,Allopathic & Osteopathic Physicians|Internal Medicine|Medical Oncology,disallowed
INSYS Therapeutics Inc,No,,SUBSYS,Allopathic & Osteopathic Physicians|Psychiatry & Neurology|Child & Adolescent Psychiatry,disallowed
American Medical Systems Inc.,No,AMS 700 Series,,Allopathic & Osteopathic Physicians|Preventive Medicine|Public Health & General Preventive Medicine,disallowed
Team_Makena_LLC,No,Non-covered,,Allopathic & Osteopathic Physicians|Orthopaedic Surgery,disallowed
"Genentech USA, Inc.",No,,,Allopathic & Osteopathic Physicians|Obstetrics & Gynecology|Gynecologic Oncology,disallowed
LEO Pharma Inc.,No,,TACLONEX,Allopathic & Osteopathic Physicians|Allergy & Immunology|Allergy,disallowed
Cubist Pharmaceuticals Inc,No,,Other,Allopathic & Osteopathic Physicians|Pathology|Anatomic Pathology & Clinical Pathology,disallowed
Eisai Inc.,No,,,Allopathic & Osteopathic Physicians|Internal Medicine|Nephrology,disallowed
"St. Jude Medical, Inc.",No,Neuro-Chronic Pain,,Allopathic & Osteopathic Physicians|Urology,disallowed
Cubist Pharmaceuticals Inc,No,,ENTEREG,Allopathic & Osteopathic Physicians|Internal Medicine|Pulmonary Disease,disallowed
"TOLMAR, INC.",No,,Diclofenac Gel,,allowed
SANOFI-AVENTIS U.S. LLC,No,,ZALTRAP,Allopathic & Osteopathic Physicians|Radiology|Vascular & Interventional Radiology,disallowed
Covidien Sales LLC,No,Peripheral Vascular Stents,,Allopathic & Osteopathic Physicians|Internal Medicine|Clinical Cardiac Electrophysiology,disallowed
"iCAD, Inc",No,Axxent Controller,,,disallowed
Allergan Inc.,No,,,Allopathic & Osteopathic Physicians|Oral & Maxillofacial Surgery,disallowed
Novo Nordisk Inc,No,,Levemir,Allopathic & Osteopathic Physicians|Pediatrics|Pediatric Endocrinology,disallowed
"Cayenne Medical, Inc.",No,Aperfix,,Other Service Providers|Specialist,disallowed
"Henry Schein, Inc.",No,Equipment  Large Small High Tech,,Allopathic & Osteopathic Physicians|Oral & Maxillofacial Surgery,disallowed
"AbbVie, Inc.",No,,Survanta,Allopathic & Osteopathic Physicians|Pediatrics|Neonatal-Perinatal Medicine,disallowed
"Genentech USA, Inc.",No,,Lucentis,Allopathic & Osteopathic Physicians|Surgery,disallowed
VERTEX PHARMACEUTICALS INCORPORATED,No,,KALYDECO,Allopathic & Osteopathic Physicians|Pediatrics|Pediatric Cardiology,disallowed
Eisai Inc.,No,,BELVIQ,Allopathic & Osteopathic Physicians|Internal Medicine|Nephrology,disallowed
Thoratec Corporation,No,MCS-Multiple Products-General,,Allopathic & Osteopathic Physicians|General Practice,disallowed
Sanofi Pasteur Inc.,No,,FLUZONE INTRADERMAL,"Allopathic & Osteopathic Physicians|Internal Medicine|Endocrinology, Diabetes & Metabolism",disallowed
BIOTRONIK INC.,No,Bradycardia products,,Allopathic & Osteopathic Physicians|Family Medicine,disallowed
"TransMedics, Inc.",No,Organ Care System,,Allopathic & Osteopathic Physicians|Transplant Surgery,allowed
Cubist Pharmaceuticals Inc,No,,ENTEREG,Allopathic & Osteopathic Physicians|Internal Medicine|Critical Care Medicine,disallowed
"US WorldMeds, LLC",No,,,Allopathic & Osteopathic Physicians|Surgery|Plastic and Reconstructive Surgery,disallowed
Systagenix Wound Management Inc.,No,Advanced Wound Dressings,,Allopathic & Osteopathic Physicians|Anesthesiology,disallowed
"E.R. Squibb & Sons, L.L.C.",No,,ONGLYZA,Allopathic & Osteopathic Physicians|Colon & Rectal Surgery,disallowed
LifeCell Corporation,No,Spy,,Allopathic & Osteopathic Physicians|Internal Medicine|Pulmonary Disease,disallowed
Amgen Inc.,No,,,Allopathic & Osteopathic Physicians|Hospitalist,disallowed
"AbbVie, Inc.",No,,ABT-627,Allopathic & Osteopathic Physicians|Family Medicine,disallowed
Amarin Pharma Inc.,No,,Vascepa,Allopathic & Osteopathic Physicians|Psychiatry & Neurology|Neurology,disallowed
"Hill Dermaceuticals, Inc.",No,,Derma-Smoothe/FS (Body Oil),Allopathic & Osteopathic Physicians|Dermatology,disallowed
"Salix Pharmaceuticals, Ltd",No,,MOVIPREP,Allopathic & Osteopathic Physicians|Pathology|Anatomic Pathology & Clinical Pathology,disallowed
"AbbVie, Inc.",No,,ABT-450_333_072_267,Other Service Providers|Specialist,disallowed
Endo Pharmaceuticals Inc.,No,,OPANA ER,Allopathic & Osteopathic Physicians|Pain Medicine|Interventional Pain Medicine,disallowed
"MAQUET Cardiovascular U.S. Sales, L.L.C.",No,Lights,,Allopathic & Osteopathic Physicians|Anesthesiology,disallowed
3M Company,No,Orthodontic Primers,,Dental Providers|Dentist|General Practice,disallowed
Pfizer Inc.,No,,QUILLIVANT XR,Allopathic & Osteopathic Physicians|Surgery|Pediatric Surgery,disallowed
Merit Medical Systems Inc,No,Pulmonary,,Allopathic & Osteopathic Physicians|Radiology|Diagnostic Radiology,disallowed
"Janssen Biotech, Inc.",No,,Simponi,Allopathic & Osteopathic Physicians|Internal Medicine|Hematology,disallowed
"FOREST LABORATORIES, INC.",No,,,Allopathic & Osteopathic Physicians|General Practice,disallowed
"On-x Life Technologies, Inc",No,HEART VALVE,,Allopathic & Osteopathic Physicians|Surgery|Pediatric Surgery,disallowed
Bioventus LLC,No,Supartz,,Allopathic & Osteopathic Physicians|Orthopaedic Surgery|Orthopaedic Surgery of the Spine,disallowed
Sunovion Pharmaceuticals Inc.,No,,Latuda,Allopathic & Osteopathic Physicians|Family Medicine|Adult Medicine,disallowed
Daiichi Sankyo Inc.,No,,Zelboraf,Allopathic & Osteopathic Physicians|Dermatology,disallowed
"Genentech USA, Inc.",No,,Cathflo Activase,Allopathic & Osteopathic Physicians|Internal Medicine,disallowed
Olympus America Inc.,No,Surgical Energy Products,,Allopathic & Osteopathic Physicians|Obstetrics & Gynecology|Female Pelvic Medicine and Reconstructive Surgery,disallowed
"COMSORT, Inc",No,,JANUVIA,Allopathic & Osteopathic Physicians|Nuclear Medicine|Nuclear Cardiology,disallowed
"Meda Pharmaceuticals, Inc.",No,,,Allopathic & Osteopathic Physicians|General Practice,disallowed
Sunovion Pharmaceuticals Inc.,No,,Brovana,Physician Assistants & Advanced Practice Nursing Providers|Nurse Practitioner|Acute Care,disallowed
Edwards Lifesciences Corporation,No,Pericardial Heart Valve,,Allopathic & Osteopathic Physicians|Internal Medicine|Cardiovascular Disease,disallowed
Celgene Corporation,No,,Revlimid,Allopathic & Osteopathic Physicians|Surgery,disallowed
Merck Sharp & Dohme Corporation,No,,SCH 900121--NOMACE2 Nomegestrol acetate  17B Estradiol,Allopathic & Osteopathic Physicians|Obstetrics & Gynecology,allowed
Covidien Sales LLC,No,Compression,,Allopathic & Osteopathic Physicians|Radiology|Vascular & Interventional Radiology,disallowed
"Smith & Nephew, Inc.",No,Wound Matrix,,Allopathic & Osteopathic Physicians|Pediatrics|Pediatric Rheumatology,disallowed
Biogen Idec Inc.,No,,AVONEX,Other Service Providers|Specialist,disallowed
"KCI USA, Inc",No,VAC Therapy,,Allopathic & Osteopathic Physicians|Surgery|Pediatric Surgery,disallowed
"Vertical Pharmaceuticals, LLC",No,,Corvite FE,,disallowed
"NPS Pharmaceuticals, Inc.",No,,GATTEX,Allopathic & Osteopathic Physicians|Psychiatry & Neurology|Neurology,disallowed
"Vascular Solutions, Inc.",No,Guardian,,Allopathic & Osteopathic Physicians|Radiology|Diagnostic Radiology,disallowed
"Arrow International, Inc.",No,Vascular Access,,Allopathic & Osteopathic Physicians|Anesthesiology|Critical Care Medicine,disallowed
"E.R. Squibb & Sons, L.L.C.",No,,ERBITUX,Allopathic & Osteopathic Physicians|Pathology|Anatomic Pathology & Clinical Pathology,disallowed
"Valeritas, Inc.",No,V-GO,,Other Service Providers|Specialist|Research Study,disallowed
Ethicon Inc.,No,Endoscopy# Trocars,,Allopathic & Osteopathic Physicians|Obstetrics & Gynecology|Obstetrics,disallowed
Mallinckrodt LLC,No,,Gablofen,Allopathic & Osteopathic Physicians|Internal Medicine|Pulmonary Disease,disallowed
"Keystone Surgical Systems, Inc.",No,,ARTHREX PRODUCT LINE BIOLOGICS,Allopathic & Osteopathic Physicians|Orthopaedic Surgery|Sports Medicine,disallowed
ArthroCare Corporation,No,Sports Med Coblation & Fixation,,Allopathic & Osteopathic Physicians|Orthopaedic Surgery|Foot and Ankle Surgery,disallowed
"Bard Access Systems, Inc.",No,Oncology,,Allopathic & Osteopathic Physicians|Surgery,disallowed
Kairos Surgical Inc,No,ALL ARTHREX PRODUCT LINES,,Allopathic & Osteopathic Physicians|Orthopaedic Surgery|Hand Surgery,disallowed
Merck Sharp & Dohme Corporation,No,,MK-8228,,allowed
Lundbeck LLC,No,,BRINTELLIX,Allopathic & Osteopathic Physicians|Internal Medicine,disallowed
Cook Incorporated,No,IR - Needles,,Allopathic & Osteopathic Physicians|Radiology|Vascular & Interventional Radiology,disallowed
Allergan Inc.,No,,COMBIGAN,Eye and Vision Services Providers|Optometrist|Low Vision Rehabilitation,disallowed
"Janssen Pharmaceuticals, Inc",No,,Invokana,Allopathic & Osteopathic Physicians|Otolaryngology|Otolaryngology/Facial Plastic Surgery,disallowed
"Siemens Medical Solutions USA, Inc.",No,DX - incl. all products and services,,Allopathic & Osteopathic Physicians|Pathology|Anatomic Pathology,disallowed
"Genentech USA, Inc.",No,,Avastin,Allopathic & Osteopathic Physicians|Psychiatry & Neurology|Psychiatry,disallowed
"Aesculap, Inc.",No,Neuro,,Allopathic & Osteopathic Physicians|Psychiatry & Neurology|Psychiatry,disallowed
ZOLL Lifecor Corporation,No,LifeVest,,Allopathic & Osteopathic Physicians|Psychiatry & Neurology|Psychiatry,disallowed
TERUMO MEDICAL CORPORATION,No,INTERVENTIONAL PRODUCT,,Allopathic & Osteopathic Physicians|Surgery|Vascular Surgery,disallowed
"Paradigm Spine, LLC",No,COFLEX,,Allopathic & Osteopathic Physicians|Orthopaedic Surgery,disallowed
"Genentech, Inc.",No,,,Allopathic & Osteopathic Physicians|Hospitalist,disallowed
Sanofi Pasteur Inc.,No,,SKLICE,Allopathic & Osteopathic Physicians|General Practice,disallowed
Mallinckrodt LLC,No,,Pennsaid Topical Solution,Allopathic & Osteopathic Physicians|Pain Medicine|Interventional Pain Medicine,disallowed
BTG International Canada Inc.,No,THERASPHERE - BIO,,Allopathic & Osteopathic Physicians|Radiology|Vascular & Interventional Radiology,disallowed
"AbbVie, Inc.",No,,Creon,Allopathic & Osteopathic Physicians|Neuromusculoskeletal Medicine & OMM,disallowed
Purdue Pharma L.P.,No,,BUTRANS,Allopathic & Osteopathic Physicians|Family Medicine|Adult Medicine,disallowed
"St. Jude Medical, Inc.",No,Neuro-Chronic Pain,,Allopathic & Osteopathic Physicians|Anesthesiology,disallowed
SANOFI US SERVICES INC.,No,,,Allopathic & Osteopathic Physicians|Family Medicine,allowed
"CSA Medical, Inc",No,,,Allopathic & Osteopathic Physicians|Internal Medicine,disallowed
"AtriCure, Inc.",No,CARDIOVASCULAR,,Allopathic & Osteopathic Physicians|Anesthesiology|Critical Care Medicine,disallowed
Tactile Systems Technology Inc,No,Flexitouch,,Allopathic & Osteopathic Physicians|Internal Medicine,disallowed
"Medtronic Vascular, Inc.",No,Leads,,Allopathic & Osteopathic Physicians|Thoracic Surgery (Cardiothoracic Vascular Surgery),disallowed
Boston Scientific Corporation,No,BILIARY DEVICES,,Dental Providers|Dentist|Orthodontics and Dentofacial Orthopedics,disallowed
Biogen Idec Inc.,No,,,Other Service Providers|Specialist,disallowed
Volcano Corporation,No,FFR,,Allopathic & Osteopathic Physicians|Family Medicine,disallowed
Bayer HealthCare Pharmaceuticals Inc.,No,,,Allopathic & Osteopathic Physicians|Internal Medicine|Nephrology,disallowed
Covidien Sales LLC,No,Instruments and Ligation,,Allopathic & Osteopathic Physicians|Obstetrics & Gynecology,disallowed
"ACell, Inc.",No,,,Allopathic & Osteopathic Physicians|Radiology|Radiation Oncology,disallowed
VIVUS Inc,No,,Qsymia,Allopathic & Osteopathic Physicians|General Practice,disallowed
SANOFI US SERVICES INC.,No,,ZALTRAP,,allowed
NOVARTIS PHARMACEUTICALS CORPORATION,No,,NON BRAND,Allopathic & Osteopathic Physicians|General Practice,disallowed
Ethicon Inc.,No,Advanced Wound Care,,Allopathic & Osteopathic Physicians|Otolaryngology|Plastic Surgery within the Head & Neck,disallowed
"LeMaitre Vascular, Inc.",No,ENDORE,,Allopathic & Osteopathic Physicians|Internal Medicine|Cardiovascular Disease,disallowed
Questcor Pharmaceuticals,No,,ACTHAR,Allopathic & Osteopathic Physicians|Orthopaedic Surgery|Adult Reconstructive Orthopaedic Surgery,disallowed
MEDACTA USA,No,KNEE,,Allopathic & Osteopathic Physicians|Family Medicine,disallowed
"Auxilium Pharmaceuticals, Inc.",No,,TESTOPEL,Allopathic & Osteopathic Physicians|Internal Medicine|Gastroenterology,disallowed
Astellas Scientific and Medical Affairs,No,,Prograf,,allowed
SHIONOGI INC,No,,Osphena,Allopathic & Osteopathic Physicians|Pediatrics|Pediatric Gastroenterology,disallowed
Musculoskeletal Transplant Foundation Inc.,No,,,Allopathic & Osteopathic Physicians|Pathology|Forensic Pathology,disallowed
SHIONOGI INC,No,,Naprelan,Allopathic & Osteopathic Physicians|Family Medicine|Adult Medicine,disallowed
"MIS Implants Technologies, Inc.",No,Seven,,Dental Providers|Dentist|Oral and Maxillofacial Surgery,disallowed
Philips Electronics North America Corporation,No,Ultrasound,,Allopathic & Osteopathic Physicians|General Practice,disallowed
Novartis Pharmaceuticals Corporation,No,,AFINITOR,Allopathic & Osteopathic Physicians|Dermatology,disallowed
Allergan Inc.,No,NATRELLE,,Allopathic & Osteopathic Physicians|Plastic Surgery|Surgery of the Hand,disallowed
Endo Pharmaceuticals Inc.,No,,FORTESTA,Allopathic & Osteopathic Physicians|Psychiatry & Neurology|Psychiatry,disallowed
Mallinckrodt LLC,No,,Exalgo,Allopathic & Osteopathic Physicians|Psychiatry & Neurology|Forensic Psychiatry,disallowed
"FOREST RESEARCH INSTITUTE, INC.",No,,NAMENDA XR,Other Service Providers|Specialist,allowed
Astellas Pharma US Inc,No,,AmBisome,Allopathic & Osteopathic Physicians|Emergency Medicine,disallowed
"Janssen Pharmaceuticals, Inc",No,,Invega,Allopathic & Osteopathic Physicians|Anesthesiology,disallowed
"Young PS Acquisitions, LLC",No,Gloves,,Dental Providers|Dentist|Prosthodontics,disallowed
"Nautilus Neurosciences, Inc.",No,,Cambia,Dental Providers|Dentist|General Practice,disallowed
CorMatrix Cardiovascular Inc.,No,ECM Patch,,Allopathic & Osteopathic Physicians|Anesthesiology,disallowed
"Aegerion Pharmaceuticals, Inc.",No,,JUXTAPID,Allopathic & Osteopathic Physicians|Internal Medicine|Sports Medicine,disallowed
"Noven Therapeutics, LLC",No,,MINIVELLE,Allopathic & Osteopathic Physicians|Surgery,disallowed
Promius Pharma LLC,No,,BETAMETHANSONE DIPROPIONATE,,allowed
"E.R. Squibb & Sons, L.L.C.",No,,,Allopathic & Osteopathic Physicians|Internal Medicine|Hematology,disallowed
Novartis Vaccines and Diagnostics Inc,No,,Menveo,Allopathic & Osteopathic Physicians|Family Medicine|Hospice and Palliative Medicine,disallowed
"Takeda Pharmaceuticals International, Inc.",No,,,Allopathic & Osteopathic Physicians|Psychiatry & Neurology|Neurology,disallowed
Novartis Vaccines and Diagnostics Inc,No,,Menveo,Allopathic & Osteopathic Physicians|Psychiatry & Neurology|Neurology,disallowed
AstraZeneca Pharmaceuticals LP,No,,PULMICORT RESPULES,Allopathic & Osteopathic Physicians|Internal Medicine|Pulmonary Disease,disallowed
"Janssen Pharmaceuticals, Inc",No,,Invega Sustenna,Allopathic & Osteopathic Physicians|Hospitalist,disallowed
ELI LILLY EXPORT S.A. PUERTO RICO BRANCH,No,,EVISTA,Allopathic & Osteopathic Physicians|Family Medicine,disallowed
"VIVUS, Inc.",No,,Qsymia,Allopathic & Osteopathic Physicians|Anesthesiology,disallowed
Alcon Laboratories Inc,No,,Accurus Vit Equip.,Allopathic & Osteopathic Physicians|Ophthalmology,disallowed
"GlaxoSmithKline, LLC.",No,,FLONASE,Allopathic & Osteopathic Physicians|Allergy & Immunology,disallowed
"COMSORT, Inc",No,,GANIRELIX,Allopathic & Osteopathic Physicians|Neuromusculoskeletal Medicine & OMM,disallowed
"Genentech USA, Inc.",No,,Herceptin,Allopathic & Osteopathic Physicians|Pediatrics,disallowed
SANOFI-AVENTIS U.S. LLC,No,,LANTUS  CAPTURE INSULIN,Allopathic & Osteopathic Physicians|Internal Medicine,disallowed
Valeant Pharmaceuticals North America LLC,No,,EFINACONAZOLE,Allopathic & Osteopathic Physicians|Dermatology,disallowed
"EMD Serono, Inc.",No,,Gonal-f,Allopathic & Osteopathic Physicians|Family Medicine,disallowed
HOLOGIC INC,No,Aptima,,"Allopathic & Osteopathic Physicians|Internal Medicine|Endocrinology, Diabetes & Metabolism",disallowed
"Salix Pharmaceuticals, Ltd",No,,OSMOPREP,Allopathic & Osteopathic Physicians|Colon & Rectal Surgery,disallowed
Takeda Pharmaceuticals Puerto Rico LLC,No,,Edarbyclor,Other Service Providers|Specialist,disallowed
Pfizer Pharmaceuticals LLC,No,,LYRICA,Allopathic & Osteopathic Physicians|Family Medicine,disallowed
"U.S.S.C. Puerto Rico, Inc.",No,Surgical Others,,Other Service Providers|Specialist,disallowed
"Genentech USA, Inc.",No,,,Other Service Providers|Specialist,disallowed
AstraZeneca Pharmaceuticals LP,No,,,Other Service Providers|Contractor,disallowed
"Takeda Pharmaceuticals America, Inc.",No,,Amitiza,Pharmacy Service Providers|Pharmacist,disallowed
"Genentech USA, Inc.",No,,Perjeta,Ambulatory Health Care Facilities|Clinic/Center|Ambulatory Family Planning Facility,disallowed
"DARA Biosciences, Inc.",No,,Soltamox,Allopathic & Osteopathic Physicians|Internal Medicine|Hematology & Oncology,disallowed
Merck Sharp & Dohme Corporation,No,,ZOLINZA,Allopathic & Osteopathic Physicians|Radiology|Radiation Oncology,allowed
GE Healthcare,No,NUCLEAR MEDICINE,,Allopathic & Osteopathic Physicians|Internal Medicine|Cardiovascular Disease,disallowed
"Takeda Pharmaceuticals U.S.A., Inc.",No,,,Behavioral Health & Social Service Providers|Counselor|Professional,disallowed
ACUMED LLC,No,Shoulder,,Allopathic & Osteopathic Physicians|Orthopaedic Surgery|Hand Surgery,disallowed
Biocomposites Inc,No,Stimulan,,Allopathic & Osteopathic Physicians|Orthopaedic Surgery|Pediatric Orthopaedic Surgery,disallowed
"Neuronetics, Inc.",No,NeuroStar TMS Therapy,,,allowed
Stryker Corporation,No,STENTRIEVERS,,Allopathic & Osteopathic Physicians|Radiology|Neuroradiology,disallowed
"Sorin Group CRM USA, Inc",No,All Sorin CRM,,Allopathic & Osteopathic Physicians|Family Medicine,disallowed
Shire US Holdings,No,,VYVANSE,Allopathic & Osteopathic Physicians|Psychiatry & Neurology|Neurodevelopmental Disabilities,disallowed
Sanofi Pasteur Inc.,No,,DAPTACEL,Allopathic & Osteopathic Physicians|Allergy & Immunology|Clinical & Laboratory Immunology,disallowed
Jazz Pharmaceuticals Inc.,No,,Prialt,Allopathic & Osteopathic Physicians|Anesthesiology,disallowed
Arthrosurface Incorporated,No,HemiCAP Shoulder,,Allopathic & Osteopathic Physicians|Orthopaedic Surgery|Sports Medicine,disallowed
"Boehringer Ingelheim Pharmaceuticals, Inc.",No,,Pradaxa,Allopathic & Osteopathic Physicians|Psychiatry & Neurology|Clinical Neurophysiology,disallowed
ResMed Corp,No,Ventilation,,Allopathic & Osteopathic Physicians|Internal Medicine|Sleep Medicine,disallowed
Sandoz Inc.,No,,VEREGEN,Allopathic & Osteopathic Physicians|Orthopaedic Surgery|Sports Medicine,disallowed
"Takeda Pharmaceuticals U.S.A., Inc.",No,,,Allopathic & Osteopathic Physicians|Psychiatry & Neurology|Clinical Neurophysiology,disallowed
Amgen Inc.,No,,,Allopathic & Osteopathic Physicians|Pediatrics|Pediatric Endocrinology,disallowed
Cook Incorporated,No,SUR - General Surgery,,Allopathic & Osteopathic Physicians|Plastic Surgery,disallowed
"Genentech USA, Inc.",No,,Xeloda,Allopathic & Osteopathic Physicians|Internal Medicine|Hematology & Oncology,disallowed
"Takeda Development Center Americas, Inc.",No,,Uloric,Allopathic & Osteopathic Physicians|Anesthesiology|Pain Medicine,allowed
"Biomet Spine, LLC",No,BSBHT - SPINE,,Other Service Providers|Specialist,disallowed
"Janssen Biotech, Inc.",No,,Remicade,Allopathic & Osteopathic Physicians|Orthopaedic Surgery|Hand Surgery,disallowed
Stryker Corporation,No,INTERBODY DEVICE,,Allopathic & Osteopathic Physicians|Surgery|Surgical Oncology,disallowed
Cepheid,Yes,Xpert MTB/RIF,,,disallowed
Osteomed LLC,No,SBO-FPS,,Podiatric Medicine & Surgery Service Providers|Podiatrist|Foot Surgery,disallowed
"Acclarent, Inc",No,Rhinology,,Dental Providers|Dentist,disallowed
Pfizer Pharmaceuticals LLC,No,,REBIF,Allopathic & Osteopathic Physicians|Psychiatry & Neurology|Clinical Neurophysiology,disallowed
Novartis Pharmaceuticals Corporation,No,,NON_BRAND,Allopathic & Osteopathic Physicians|Internal Medicine|Interventional Cardiology,disallowed
"AngioDynamics, Inc.",No,,,Allopathic & Osteopathic Physicians|Radiology|Pediatric Radiology,disallowed
ResMed Corp,No,Sleep Disorder Breathing,,"Respiratory, Developmental, Rehabilitative and Restorative Service Providers|Specialist/Technologist",disallowed
"Grifols USA, LLC",No,,Albutein,Allopathic & Osteopathic Physicians|Internal Medicine|Gastroenterology,disallowed
"ASCEND Therapeutics US, LLC",No,,EstroGel,Allopathic & Osteopathic Physicians|Family Medicine,disallowed
"E.R. Squibb & Sons, L.L.C.",No,,,Allopathic & Osteopathic Physicians|Pathology|Anatomic Pathology & Clinical Pathology,disallowed
Pfizer Inc.,No,,XALKORI,Allopathic & Osteopathic Physicians|Internal Medicine|Medical Oncology,disallowed
"Ironwood Pharmaceuticals, Inc",No,,LINZESS 145 mcg,Allopathic & Osteopathic Physicians|Internal Medicine|Sleep Medicine,disallowed
Boston Scientific Corporation,No,BRADY LEAD,,Allopathic & Osteopathic Physicians|Internal Medicine,disallowed
PFIZER INC.,No,,,Allopathic & Osteopathic Physicians|Plastic Surgery,disallowed
"Viracor-IBT Laboratories, Inc.",No,ImmuKnow? - Immune Cell Function Assay,,Allopathic & Osteopathic Physicians|Internal Medicine|Nephrology,disallowed
"Diagnostica Stago, Inc",No,STA Liatest D-di,,,allowed
SHIONOGI INC,No,,Naprelan,Allopathic & Osteopathic Physicians|Internal Medicine|Gastroenterology,disallowed
"FOREST PHARMACEUTICALS, INC.",No,,LINZESS,Allopathic & Osteopathic Physicians|Orthopaedic Surgery,disallowed
Covidien LP,No,,,,allowed
"E.R. Squibb & Sons, L.L.C.",No,,SPRYCEL,Allopathic & Osteopathic Physicians|Psychiatry & Neurology|Addiction Medicine,disallowed
Novartis Pharmaceuticals Corporation,No,,UTIBRON,,allowed
Bacterin International Inc,No,OsteoSelect DBM Putty,hMatrix Fascia,Allopathic & Osteopathic Physicians|Surgery|Plastic and Reconstructive Surgery,disallowed
"Salvin Dental Specialties, Inc.",No,,,Dental Providers|Dentist|Pediatric Dentistry,disallowed
"Medtronic, Inc.",No,Interventional Therapies,,Allopathic & Osteopathic Physicians|Anesthesiology,disallowed
"Genentech USA, Inc.",No,,Activase,Allopathic & Osteopathic Physicians|Internal Medicine|Cardiovascular Disease,disallowed
"Janssen Pharmaceuticals, Inc",No,,Invega,Agencies|Case Management,disallowed
"Janssen Pharmaceuticals, Inc",No,,Invega,Allopathic & Osteopathic Physicians|Family Medicine|Geriatric Medicine,disallowed
OrthoPediatrics Corp.,No,Orthopediatric Implant,,,disallowed
Zimmer Holding Inc,No,Dental,,Allopathic & Osteopathic Physicians|Internal Medicine|Medical Oncology,disallowed
"Cyberonics, Inc.",No,VNS Therapy,,Allopathic & Osteopathic Physicians|General Practice,disallowed
"A-dec, Inc.",No,Dental Equipment Supporting Hardware,,Dental Providers|Dentist|General Practice,disallowed
Merck Sharp & Dohme Corporation,No,,SAPHRIS,Allopathic & Osteopathic Physicians|Family Medicine,disallowed
"Navidea Biopharmaceuticals, Inc.",No,,Lymphoseek,Allopathic & Osteopathic Physicians|Otolaryngology,allowed
"Bio-Rad Laboratories, Inc.",No,Infectious Disease - Other,,Allopathic & Osteopathic Physicians|Pediatrics,disallowed
"INTERNATIONAL REHABILITATIVE SCIENCES, INC",No,RS-LFS,,Other Service Providers|Specialist,disallowed
Phadia US Inc.,No,SDG-IDD-Allergy,,Allopathic & Osteopathic Physicians|Otolaryngology|Facial Plastic Surgery,disallowed
"Genentech USA, Inc.",No,,Xolair,Allopathic & Osteopathic Physicians|Pediatrics|Pediatric Rheumatology,disallowed
GAMBRO AAB,No,Acute,,Allopathic & Osteopathic Physicians|Dermatology|MOHS-Micrographic Surgery,disallowed
"Meda Pharmaceuticals, Inc.",No,,,Allopathic & Osteopathic Physicians|Otolaryngology,disallowed
"Boehringer Ingelheim Pharmaceuticals, Inc.",No,,Tiotropium-bromide,,allowed
"Janssen Scientific Affairs, LLC",No,,Xarelto,Allopathic & Osteopathic Physicians|Internal Medicine,disallowed
Sanofi Pasteur Inc.,No,,DAPTACEL,Chiropractic Providers|Chiropractor,disallowed
The Spectranetics Corporation,No,ELCAELCA X-80,,Allopathic & Osteopathic Physicians|Internal Medicine|Interventional Cardiology,disallowed
DePuy Orthopaedics Inc.,No,Neuromodulation,,Allopathic & Osteopathic Physicians|Psychiatry & Neurology|Neurology,disallowed
"Horizon Pharma USA, Inc.",No,,DUEXIS-800mg Ibuprofen- 26.6mg Famotidine,Allopathic & Osteopathic Physicians|Ophthalmology,disallowed
Cook Incorporated,No,CC - Percutaneous Tracheostomy,,Allopathic & Osteopathic Physicians|Otolaryngology|Otolaryngology/Facial Plastic Surgery,disallowed
"CSA Medical, Inc",No,,,Other Service Providers|Specialist,disallowed
"AngioDynamics, Inc.",No,,,Allopathic & Osteopathic Physicians|Family Medicine|Sports Medicine,disallowed
Alcon Laboratories Inc,No,,Refractive Equipment,Allopathic & Osteopathic Physicians|Internal Medicine,disallowed
"Janssen Global Services, LLC",No,,Invega Sustenna,Allopathic & Osteopathic Physicians|Psychiatry & Neurology|Psychiatry,disallowed
Philips Electronics North America Corporation,No,Ultrasound,,"Student, Health Care|Student in an Organized Health Care Education/Training Program",disallowed
Ethicon Inc.,No,Endoscopy# Endocutters,,Allopathic & Osteopathic Physicians|Surgery|Trauma Surgery,disallowed
Bayer HealthCare Pharmaceuticals Inc.,No,,Stivarga,Allopathic & Osteopathic Physicians|Internal Medicine|Gastroenterology,disallowed
"Medtronic Xomed, Inc.",No,Advanced Energy Cutting Device,,Allopathic & Osteopathic Physicians|Otolaryngology|Otolaryngology/Facial Plastic Surgery,disallowed
Endo Pharmaceuticals Inc.,No,,,Allopathic & Osteopathic Physicians|Psychiatry & Neurology|Neurology,disallowed
"Janssen Pharmaceuticals, Inc",No,,Risperdal Consta,Allopathic & Osteopathic Physicians|General Practice,disallowed
ELLMAN INTERNATIONAL,No,Lasers,,Allopathic & Osteopathic Physicians|Transplant Surgery,disallowed
SANOFI-AVENTIS U.S. LLC,No,,THYMOGLOBULIN,Allopathic & Osteopathic Physicians|Surgery,disallowed
"Pinnacle, Inc",No,,,Allopathic & Osteopathic Physicians|Orthopaedic Surgery,disallowed
"VIVUS, Inc.",No,,Qsymia,Allopathic & Osteopathic Physicians|Allergy & Immunology,disallowed
Philips Electronics North America Corporation,No,Diagnostic X-Ray-DXR,,Allopathic & Osteopathic Physicians|Radiology|Vascular & Interventional Radiology,disallowed
Cook Incorporated,No,PI - Filters,,Allopathic & Osteopathic Physicians|Nuclear Medicine|Nuclear Cardiology,disallowed
Hutchinson Technology Inc.,No,InSpectra Model 300 Spot Check,,Allopathic & Osteopathic Physicians|Pediatrics|Pediatric Emergency Medicine,disallowed
Gilead Sciences Inc,No,,,Allopathic & Osteopathic Physicians|Internal Medicine|Medical Oncology,disallowed
Warner Chilcott LLC,No,,DELZICOL,Allopathic & Osteopathic Physicians|Internal Medicine,disallowed
Johnson & Johnson Health Care Systems Inc.,No,,Invokana,"Allopathic & Osteopathic Physicians|Internal Medicine|Endocrinology, Diabetes & Metabolism",disallowed
"Arthrex, Inc.",No,ARTHREX PRODUCT LINE DISTAL EXTREMITY HANDWRISTFOOTANKLE,,Allopathic & Osteopathic Physicians|Orthopaedic Surgery|Hand Surgery,disallowed
Coloplast Corp,No,PELVIC FLOOR REPAIR,,Allopathic & Osteopathic Physicians|Obstetrics & Gynecology|Gynecologic Oncology,disallowed
Merck Sharp & Dohme Corporation,No,,MK-1293,Other Service Providers|Specialist,disallowed
"Takeda Pharmaceuticals U.S.A., Inc.",No,,Brintellix,Allopathic & Osteopathic Physicians|Internal Medicine|Pulmonary Disease,disallowed
"SYNCARDIA SYSTEMS, INC",No,SYNCARDIA TEMPORARY TOTAL ARTIFICIAL HEART,,,disallowed
"Geistlich Pharma, North America, Inc.",No,Bio Materials,,Dental Providers|Dentist|Oral and Maxillofacial Surgery,disallowed
Alcon Laboratories Inc,No,,Durezol,Allopathic & Osteopathic Physicians|General Practice,disallowed
"Medtronic USA, Inc.",No,Drug Infusion Systems - Neuro,,Allopathic & Osteopathic Physicians|Internal Medicine|Medical Oncology,disallowed
Ethicon Inc.,No,Energy Harmonic,,"Student, Health Care|Student in an Organized Health Care Education/Training Program",disallowed
"Medical Engineering and Development Institute, Inc.",No,Various,,Allopathic & Osteopathic Physicians|Radiology|Pediatric Radiology,disallowed
Ethicon Inc.,No,Endoscopy# Endocutters,,Allopathic & Osteopathic Physicians|Surgery|Surgical Critical Care,disallowed
"Biomet Sports Medicine, LLC",No,SET - FOOT AND ANKLE,,Podiatric Medicine & Surgery Service Providers|Podiatrist|Primary Podiatric Medicine,disallowed
Purdue Pharma L.P.,No,,OXYCONTIN,Allopathic & Osteopathic Physicians|Family Medicine|Geriatric Medicine,disallowed
"Supernus Pharmaceuticals, Inc.",No,,TROKENDI XR,Allopathic & Osteopathic Physicians|Psychiatry & Neurology|Behavioral Neurology & Neuropsychiatry,disallowed
"Medtronic Vascular, Inc.",No,Cardiac Monitors - Insertable,,Allopathic & Osteopathic Physicians|Hospitalist,disallowed
"Salix Pharmaceuticals, Ltd",No,,,Allopathic & Osteopathic Physicians|Hospitalist,disallowed
"Ironwood Pharmaceuticals, Inc",No,,LINZESS 145 mcg,Allopathic & Osteopathic Physicians|Internal Medicine|Adolescent Medicine,disallowed
"Teva Pharmaceuticals USA, Inc.",No,,TREANDA,Allopathic & Osteopathic Physicians|Psychiatry & Neurology|Neurology,disallowed
Johnson and Johnson International,No,Endovascular,,Allopathic & Osteopathic Physicians|Internal Medicine|Cardiovascular Disease,disallowed
United Therapeutics Corporation,No,,TYVASO,Allopathic & Osteopathic Physicians|Otolaryngology,disallowed
Merck Sharp & Dohme Corporation,No,,NON-PRODUCT,Behavioral Health & Social Service Providers|Psychologist|Health,disallowed
Aqua Pharmaceuticals,Yes,,XOLEGEL,Allopathic & Osteopathic Physicians|Dermatology,disallowed
Merck Sharp & Dohme Corporation,No,,TEMODAR,Allopathic & Osteopathic Physicians|Psychiatry & Neurology|Clinical Neurophysiology,disallowed
Volcano Corporation,No,PV.035,,Allopathic & Osteopathic Physicians|Surgery|Vascular Surgery,disallowed
"Boehringer Ingelheim Pharmaceuticals, Inc.",No,,Pradaxa,Allopathic & Osteopathic Physicians|Psychiatry & Neurology|Child & Adolescent Psychiatry,disallowed
Allergan Inc.,No,,LUMIGAN,Eye and Vision Services Providers|Optometrist,allowed
Philips Electronics North America Corporation,No,Clinical Education & MSO,,Allopathic & Osteopathic Physicians|Surgery|Vascular Surgery,disallowed
Algeta US LLC,No,,,Allopathic & Osteopathic Physicians|Urology,disallowed
American Medical Systems Inc.,No,Elevate Prolapse Repair System,,Allopathic & Osteopathic Physicians|Obstetrics & Gynecology|Obstetrics,disallowed
Roche Diagnostics Corporation,No,PD CD Lab Operations,,,disallowed
ViiV Healthcare Company,No,,SELZENTRY,Allopathic & Osteopathic Physicians|Internal Medicine|Infectious Disease,allowed
"Actelion Clinical Research, Inc.",No,,TRACLEER BOSENTAN,,allowed
Eisai Inc.,No,,Halaven,Allopathic & Osteopathic Physicians|Internal Medicine|Hospice and Palliative Medicine,disallowed
"Reliance Medical Products, Inc.",No,XOMA System,,Allopathic & Osteopathic Physicians|Ophthalmology,disallowed
"Actelion Pharmaceuticals US, Inc.",No,,TRACLEER BOSENTAN,"Respiratory, Developmental, Rehabilitative and Restorative Service Providers|Physical Therapist|Geriatrics",disallowed
Genzyme Corporation,No,,,Allopathic & Osteopathic Physicians|Physical Medicine & Rehabilitation,disallowed
Cordis Corporation,No,Endovascular,,Allopathic & Osteopathic Physicians|Internal Medicine|Cardiovascular Disease,disallowed
Purdue Pharma L.P.,No,,OXYCONTIN,Allopathic & Osteopathic Physicians|Dermatology,disallowed
Merck Sharp & Dohme Corporation,No,,VYTORIN,Allopathic & Osteopathic Physicians|Psychiatry & Neurology|Psychiatry,disallowed
"Arrow International, Inc.",No,Interventional Access,,Allopathic & Osteopathic Physicians|Internal Medicine|Nephrology,disallowed
Boston Scientific Corporation,No,PELVIC ORGAN PROLAPSE,,Dental Providers|Dentist|Dentist Anesthesiologist,disallowed
Warner Chilcott LLC,No,,DELZICOL,Allopathic & Osteopathic Physicians|Internal Medicine|Pulmonary Disease,disallowed
"Advanced Orthopaedic Solutions, Inc.",No,AOS Trochanteric,,Allopathic & Osteopathic Physicians|Orthopaedic Surgery|Orthopaedic Trauma,disallowed
"LILLY USA, LLC",No,,HUMALOG,Allopathic & Osteopathic Physicians|Radiology|Radiation Oncology,disallowed
"LILLY USA, LLC",No,,CIALIS,Allopathic & Osteopathic Physicians|Internal Medicine|Cardiovascular Disease,disallowed
"Teva Pharmaceuticals USA, Inc.",No,,,Allopathic & Osteopathic Physicians|Medical Genetics|Clinical Genetics (M.D.),disallowed
Covidien Sales LLC,No,Vascular,,Allopathic & Osteopathic Physicians|Physical Medicine & Rehabilitation,disallowed
Daiichi Sankyo Inc.,No,,Azor,Hospitals|General Acute Care Hospital|Children,disallowed
Daiichi Sankyo Inc.,No,,Effient,Other Service Providers|Legal Medicine,disallowed
Covidien Sales LLC,No,Endo Stapling,,Allopathic & Osteopathic Physicians|Internal Medicine|Nephrology,disallowed
"Medtronic, Inc.",No,,,Chiropractic Providers|Chiropractor,disallowed
Bausch and Lomb Inc.,No,PUREVISION,,Allopathic & Osteopathic Physicians|General Practice,disallowed
"Siemens Medical Solutions USA, Inc.",No,AX - Angiography Fluoroscopy-Radiology Systems,,Allopathic & Osteopathic Physicians|Radiology|Diagnostic Ultrasound,disallowed
Wilson Cook Medical Incorporated,No,ESC - Metal Stents - Non-Biliary,,Allopathic & Osteopathic Physicians|Internal Medicine,disallowed
Cook Incorporated,No,IR - Venous Access,,Allopathic & Osteopathic Physicians|Internal Medicine|Cardiovascular Disease,disallowed
Integra LifeSciences Corporation,No,Xknife,,,disallowed
Nuo Therapeutics,No,Aurix,,Allopathic & Osteopathic Physicians|Surgery,disallowed
Covidien Sales LLC,No,Instruments and Ligation,,Dental Providers|Dentist|Pediatric Dentistry,disallowed
Pfizer Inc.,No,,CELEBREX,Allopathic & Osteopathic Physicians|Orthopaedic Surgery|Sports Medicine,disallowed
Merck Sharp & Dohme Corporation,No,,PEGINTRON,Other Service Providers|Legal Medicine,disallowed
Johnson and Johnson International,No,,,Eye and Vision Services Providers|Optometrist,disallowed
Allergan Inc.,No,,LASTACAFT,Allopathic & Osteopathic Physicians|Pediatrics,disallowed
Stryker Corporation,No,PATIENT CARE,,,allowed
"Takeda Pharmaceuticals America, Inc.",No,,Nesina,Allopathic & Osteopathic Physicians|Family Medicine|Geriatric Medicine,disallowed
Daiichi Sankyo Inc.,No,,Benicar,Emergency Medical Service Providers|Personal Emergency Response Attendant,disallowed
Small Bone Innovations Inc.,No,"Wrist, PreciseSD, Uhead",,Allopathic & Osteopathic Physicians|Orthopaedic Surgery,allowed
Baxter Healthcare,No,,BioTherapeutics - GAMMAGARD-KIOVIG,Allopathic & Osteopathic Physicians|Internal Medicine|Critical Care Medicine,disallowed
"AbbVie, Inc.",No,,Humira,Allopathic & Osteopathic Physicians|Orthopaedic Surgery|Orthopaedic Surgery of the Spine,disallowed
Covidien Sales LLC,No,Dialysis Vascular Access,,Allopathic & Osteopathic Physicians|Internal Medicine|Nephrology,disallowed
"NuVasive, Inc.",No,,,Other Service Providers|Military Health Care Provider,disallowed
"Genentech USA, Inc.",No,,,Allopathic & Osteopathic Physicians|Pediatrics|Pediatric Hematology-Oncology,disallowed
"St. Jude Medical, Inc.",No,Structural Heart,,Other Service Providers|Specialist,allowed
"Par Pharmaceutical, Inc.",No,,"NASCOBAL CYANOCOBALAMIN, USP",Allopathic & Osteopathic Physicians|Obstetrics & Gynecology|Gynecologic Oncology,disallowed
"Medtronic, Inc.",No,Thoracolumbar Therapies,,Dental Providers|Dentist,disallowed
Celgene Corporation,No,,Abraxane,Allopathic & Osteopathic Physicians|Obstetrics & Gynecology,disallowed
"Janssen Pharmaceuticals, Inc",No,,Invega Sustenna,Allopathic & Osteopathic Physicians|Pediatrics|Neonatal-Perinatal Medicine,disallowed
Luitpold Pharmaceuticals Inc,No,Sprix,Sprix,Podiatric Medicine & Surgery Service Providers|Podiatrist|Foot Surgery,disallowed
"BIOMET EUROPE, LTD",No,BIOLOGICS - TISSUE PRODUCTS,,Allopathic & Osteopathic Physicians|Orthopaedic Surgery,disallowed
"Janssen Scientific Affairs, LLC",No,,No Product,Allopathic & Osteopathic Physicians|Urology,disallowed
OrthoPediatrics Corp.,No,Prod. Dev: Spine,Prod. Dev: Spine,Allopathic & Osteopathic Physicians|Orthopaedic Surgery,disallowed
"Siemens Medical Solutions USA, Inc.",No,USD  Ultrasound Systems,,Allopathic & Osteopathic Physicians|Internal Medicine,disallowed
"Aseptico, Inc.",No,,,,disallowed
Merck Sharp & Dohme Corporation,No,,MK-0822,Allopathic & Osteopathic Physicians|Internal Medicine|Pulmonary Disease,allowed
"Boehringer Ingelheim Pharmaceuticals, Inc.",No,,PRADAXA,Allopathic & Osteopathic Physicians|Internal Medicine,disallowed
"Ozark Cryosurgery, LLC",No,100000000000,,Allopathic & Osteopathic Physicians|Urology,disallowed
OPTIMER PHARMACEUTICALS INC,No,,Dificid,Allopathic & Osteopathic Physicians|Otolaryngology,disallowed
"W. L. Gore & Associates, Inc.",No,VIABAHN Endoprosthesis with Hep,,"Student, Health Care|Student in an Organized Health Care Education/Training Program",disallowed
Genzyme Corporation,No,,MYOZYME,Allopathic & Osteopathic Physicians|Psychiatry & Neurology|Neurology,disallowed
"NinePoint Medical, Inc.",Yes,,Nvision VLE,,allowed
"Supernus Pharmaceuticals, Inc.",No,,OXTELLAR XR,Allopathic & Osteopathic Physicians|Internal Medicine,disallowed
"Takeda Pharmaceuticals America, Inc.",No,,Oseni,"Allopathic & Osteopathic Physicians|Internal Medicine|Endocrinology, Diabetes & Metabolism",disallowed
"Genentech USA, Inc.",No,,Xolair,Allopathic & Osteopathic Physicians|Dermatology,disallowed
ELI LILLY AND COMPANY,No,,,Allopathic & Osteopathic Physicians|Otolaryngology,allowed
Pfizer Inc.,No,,VIAGRA,Allopathic & Osteopathic Physicians|Physical Medicine & Rehabilitation|Pain Medicine,disallowed
"FOREST PHARMACEUTICALS, INC.",No,,NAMENDA XR,Managed Care Organizations|Preferred Provider Organization,disallowed
Medisystems Corporation,No,Streamline,,Allopathic & Osteopathic Physicians|Internal Medicine|Nephrology,disallowed
Purdue Pharma L.P.,No,,OXYCONTIN,Other Service Providers|Specialist,disallowed
"Janssen Biotech, Inc.",No,,Olysio,Allopathic & Osteopathic Physicians|Preventive Medicine|Public Health & General Preventive Medicine,disallowed
"Peter Brasseler Holdings, LLC",No,Dental Device,,,disallowed
NOVARTIS PHARMACEUTICALS CORPORATION,No,,LCI699,,allowed
"Medtronic, Inc.",No,Cardiac Resynchronization Therapy - CRT,,Allopathic & Osteopathic Physicians|Psychiatry & Neurology|Psychiatry,disallowed
"Otsuka America Pharmaceutical, Inc.",No,,ABILIFY TABLET,Behavioral Health & Social Service Providers|Clinical Neuropsychologist,disallowed
"Janssen Pharmaceuticals, Inc",No,,Invega Sustenna,Chiropractic Providers|Chiropractor|Neurology,disallowed
"W. L. Gore & Associates, Inc.",No,Q50 Stent Graft Balloon Catheter,,Allopathic & Osteopathic Physicians|Thoracic Surgery (Cardiothoracic Vascular Surgery),disallowed
Boston Scientific Corporation,No,OTHER,,Allopathic & Osteopathic Physicians|Internal Medicine|Cardiovascular Disease,allowed
The Medicines Company,No,,ANGIOMAX,Allopathic & Osteopathic Physicians|Internal Medicine|Gastroenterology,disallowed
"GlaxoSmithKline, LLC.",No,,,Podiatric Medicine & Surgery Service Providers|Podiatrist,disallowed
XenoPort Inc.,No,,Horizant,Behavioral Health & Social Service Providers|Counselor|Mental Health,disallowed
"Actelion Pharmaceuticals US, Inc.",No,,OPSUMIT MACITENTAN,Allopathic & Osteopathic Physicians|Allergy & Immunology,disallowed
Pfizer Inc.,No,,BOSULIF,Allopathic & Osteopathic Physicians|Surgery,disallowed
MicroAire Surgical Instruments LLC,No,Implant,,Allopathic & Osteopathic Physicians|Surgery|Plastic and Reconstructive Surgery,disallowed
Covidien LP,No,Procedural Support and Other,,Allopathic & Osteopathic Physicians|Psychiatry & Neurology|Vascular Neurology,disallowed
Osteomed LLC,No,CMF-CFx,,Dental Providers|Dentist|Oral and Maxillofacial Pathology,disallowed
"On-x Life Technologies, Inc",No,HEART VALVE,,Allopathic & Osteopathic Physicians|Anesthesiology,disallowed
"OMNIlife science, Inc",No,ARC Modular Hip System,,Allopathic & Osteopathic Physicians|Orthopaedic Surgery,disallowed
"Becton, Dickinson and Company",No,,,Allopathic & Osteopathic Physicians|Radiology|Diagnostic Radiology,disallowed
"Grifols, Inc.",No,,Alphanate,Allopathic & Osteopathic Physicians|Pediatrics,disallowed
"Henry Schein, Inc.",No,,,Dental Providers|Dentist|Oral and Maxillofacial Pathology,disallowed
"W. L. Gore & Associates, Inc.",No,TAG Thoracic Endoprosthesis,,,allowed
Novo Nordisk Inc,No,,,Allopathic & Osteopathic Physicians|Colon & Rectal Surgery,disallowed
"Janssen Biotech, Inc.",No,,Simponi Aria,Allopathic & Osteopathic Physicians|Internal Medicine|Rheumatology,disallowed
"Santarus, Inc",No,,Glumetza,Dietary & Nutritional Service Providers|Nutritionist,disallowed
Covidien LP,No,CVI,CVI,,allowed
"AbbVie, Inc.",No,,Synthroid,Allopathic & Osteopathic Physicians|Internal Medicine|Cardiovascular Disease,disallowed
SANOFI-AVENTIS U.S. LLC,No,,AUBAGIO,Allopathic & Osteopathic Physicians|Internal Medicine|Hematology & Oncology,disallowed
"Braintree Laboratories, Inc.",No,,SUPREP,Hospitals|General Acute Care Hospital|Critical Access,disallowed
Merck Sharp & Dohme Corporation,No,,MK-8242,Allopathic & Osteopathic Physicians|Internal Medicine|Medical Oncology,allowed
Merit Medical Systems Inc,No,Radiology,,Allopathic & Osteopathic Physicians|Internal Medicine|Hematology & Oncology,disallowed
"TissueTech, Inc.",No,Prokera,Amnioguard,Eye and Vision Services Providers|Optometrist,disallowed
Hollister Incorporated,No,Endoform Dermal Template Education,,Allopathic & Osteopathic Physicians|Internal Medicine|Infectious Disease,disallowed
"Vascular Solutions, Inc.",No,Vari Lase,,Allopathic & Osteopathic Physicians|Surgery|Vascular Surgery,disallowed
AstraZeneca Pharmaceuticals LP,No,,PULMICORT TURBUHALER,Allopathic & Osteopathic Physicians|Internal Medicine|Hematology & Oncology,disallowed
"Takeda Development Center Americas, Inc.",No,,,Allopathic & Osteopathic Physicians|Internal Medicine,disallowed
"Medline Industries, Inc.",No,Orthopedics,,Allopathic & Osteopathic Physicians|Orthopaedic Surgery,disallowed
Johnson & Johnson Health Care Systems Inc.,No,,Xarelto,Allopathic & Osteopathic Physicians|Emergency Medicine,disallowed
VERTEX PHARMACEUTICALS INCORPORATED,No,,INCIVEK,Allopathic & Osteopathic Physicians|Family Medicine,disallowed
"Supernus Pharmaceuticals, Inc.",No,,TROKENDI XR,,disallowed
"Seattle Genetics, Inc.",No,,SGN35,,disallowed
"Biomet Sports Medicine, LLC",No,SET - SPORTS MEDICINE,,Allopathic & Osteopathic Physicians|Pediatrics,disallowed
"HeartWare, Inc.",No,HeartWare Ventricular Assist System,,Allopathic & Osteopathic Physicians|Internal Medicine|Interventional Cardiology,disallowed
"Medtronic USA, Inc.",No,Sacral Nerve Stimulation - Neuro,,Hospitals|General Acute Care Hospital,disallowed
"Chugai Pharmaceutical Co., Ltd.",No,,,Allopathic & Osteopathic Physicians|Pediatrics,disallowed
Stereotaxis Inc,No,Niobe,,Allopathic & Osteopathic Physicians|Internal Medicine|Clinical Cardiac Electrophysiology,disallowed
PFIZER INTERNATIONAL LLC,No,,NEUMEGA,Allopathic & Osteopathic Physicians|Radiology|Radiation Oncology,disallowed
"Santarus, Inc",No,,Cycloset,Allopathic & Osteopathic Physicians|Family Medicine,disallowed
Purdue Pharma L.P.,No,,BUTRANS,Ambulatory Health Care Facilities|Clinic/Center|VA,disallowed
"Takeda Pharmaceuticals America, Inc.",No,,DEXILANT,Allopathic & Osteopathic Physicians|Anesthesiology,disallowed
NOVARTIS PHARMACEUTICALS CORPORATION,No,,LUMINESPIB,Allopathic & Osteopathic Physicians|Internal Medicine|Medical Oncology,disallowed
B. Braun Interventional Systems Inc.,No,Interventional Access - HED,,Allopathic & Osteopathic Physicians|Surgery|Vascular Surgery,disallowed
"GlaxoSmithKline, LLC.",No,,INFECTIOUS DISEASES,Allopathic & Osteopathic Physicians|Internal Medicine|Infectious Disease,disallowed
Astellas Pharma US Inc,No,,XTANDI,Allopathic & Osteopathic Physicians|Orthopaedic Surgery,disallowed
"DFINE, Inc",No,StabiliT,,Allopathic & Osteopathic Physicians|Allergy & Immunology,disallowed
HOLOGIC INC,No,Dimension 8000,,Allopathic & Osteopathic Physicians|Internal Medicine|Hematology & Oncology,disallowed
"GlaxoSmithKline, LLC.",No,,BREO,Physician Assistants & Advanced Practice Nursing Providers|Nurse Practitioner,disallowed
"Smith & Nephew, Inc.",No,Sports Med Small Joint,,Allopathic & Osteopathic Physicians|Orthopaedic Surgery|Orthopaedic Surgery of the Spine,disallowed
"Janssen Biotech, Inc.",No,,Stelara,Allopathic & Osteopathic Physicians|Family Medicine,disallowed
Aqua Pharmaceuticals,No,,DERMATOLOGICAL PRODUCTS,Allopathic & Osteopathic Physicians|Radiology|Diagnostic Radiology,disallowed
CSL Behring,No,,Humate P,Allopathic & Osteopathic Physicians|Internal Medicine|Medical Oncology,disallowed
SANOFI US SERVICES INC.,No,,,Allopathic & Osteopathic Physicians|Internal Medicine|Rheumatology,disallowed
Novartis Pharmaceuticals Corporation,No,,GILENYA,Allopathic & Osteopathic Physicians|Pain Medicine|Interventional Pain Medicine,disallowed
Olympus America Inc.,No,Endoscopy Products,,Allopathic & Osteopathic Physicians|General Practice,disallowed
Novo Nordisk Inc,No,,Levemir,Allopathic & Osteopathic Physicians|Internal Medicine|Gastroenterology,disallowed
"Great Lakes Medical Services, LLC",No,,,Allopathic & Osteopathic Physicians|Internal Medicine,disallowed
"BIOMET 3I, LLC",No,3I - DENTAL,,Dental Providers|Dentist|Oral and Maxillofacial Pathology,disallowed
Pfizer Inc.,No,,CHANTIX,Allopathic & Osteopathic Physicians|Emergency Medicine,disallowed
Premier Dental Products Company,No,PREMIER SOLO 1114.8C  BOX 25,,Dental Providers|Dentist|General Practice,disallowed
"Vascular Solutions, Inc.",No,Guide Liner,,Allopathic & Osteopathic Physicians|Internal Medicine|Cardiovascular Disease,disallowed
"BIOMET SPINE, LLC",No,BSBHT - SPINE,,Dental Providers|Dentist|General Practice,disallowed
"Janssen Products, LP",No,,Zytiga,Other Service Providers|Specialist,disallowed
INO Therapeutics LLC,No,INOMAX DSIR,INOMAX,Allopathic & Osteopathic Physicians|Pediatrics,disallowed
Novartis Pharmaceuticals Corporation,No,,GILENYA,"Student, Health Care|Student in an Organized Health Care Education/Training Program",allowed
Warner Chilcott LLC,No,,,Allopathic & Osteopathic Physicians|Obstetrics & Gynecology|Gynecology,disallowed
AstraZeneca Pharmaceuticals LP,No,,BYDUREON,Eye and Vision Services Providers|Optometrist,disallowed
Boston Scientific Corporation,No,PELVIC ORGAN PROLAPSE,,Allopathic & Osteopathic Physicians|Obstetrics & Gynecology|Gynecology,disallowed
"Bio-Rad Laboratories, Inc.",No,Geenius HIV,,,disallowed
"Takeda Pharmaceuticals America, Inc.",No,,Amitiza,Allopathic & Osteopathic Physicians|Internal Medicine|Hepatology,disallowed
ZOLL Lifecor Corporation,No,LifeVest,,Allopathic & Osteopathic Physicians|Internal Medicine|Pulmonary Disease,disallowed
"Biomet Microfixation, LLC",No,MICROFIXATION - NEURO,,Dental Providers|Dentist|Oral and Maxillofacial Surgery,disallowed
"E.R. Squibb & Sons, L.L.C.",No,,SPRYCEL,Allopathic & Osteopathic Physicians|Internal Medicine|Pulmonary Disease,disallowed
Pfizer Inc.,No,,TYGACIL,Allopathic & Osteopathic Physicians|Internal Medicine|Pulmonary Disease,disallowed
Novartis Pharma AG,No,,Ilaris,Allopathic & Osteopathic Physicians|Dermatology,disallowed
Baxter Healthcare,No,,BioSurgery - TACHOSIL,Allopathic & Osteopathic Physicians|Anesthesiology,disallowed
"Medtronic USA, Inc.",No,Spinal Cord Neurostimulation - Neuro,,Allopathic & Osteopathic Physicians|Pediatrics|Pediatric Pulmonology,disallowed
Covidien LP,No,Coils,,Allopathic & Osteopathic Physicians|Radiology|Pediatric Radiology,disallowed
Mylan Specialty L.P.,No,,EpiPen,Allopathic & Osteopathic Physicians|Otolaryngology|Otology & Neurotology,disallowed
"AbbVie, Inc.",No,,Trilipix,Allopathic & Osteopathic Physicians|Internal Medicine,disallowed
"Pernix Therapeutics Holdings, Inc.",No,,Silenor,Allopathic & Osteopathic Physicians|Clinical Pharmacology,disallowed
Philips Electronics North America Corporation,No,Interventional X-Ray,,Allopathic & Osteopathic Physicians|Internal Medicine,disallowed
"Janssen Research & Development, LLC",No,,Imbruvica,Allopathic & Osteopathic Physicians|Internal Medicine|Medical Oncology,disallowed
"MedImmune, LLC",No,,SYNAGIS,Allopathic & Osteopathic Physicians|Pediatrics|Neonatal-Perinatal Medicine,disallowed
"AbbVie, Inc.",No,,Humira,Allopathic & Osteopathic Physicians|Orthopaedic Surgery|Sports Medicine,disallowed
Zimmer Holding Inc,No,Trauma,,Podiatric Medicine & Surgery Service Providers|Podiatrist|Foot & Ankle Surgery,disallowed
Olympus America Inc.,No,Urology & Gynecology Products,,Other Service Providers|Specialist,disallowed
"Spine View, Inc.",No,enSpire Surgical MIS Flex System,,Other Service Providers|Specialist,disallowed
DENTSPLY IH Inc.,No,Implant Dentistry,,"Student, Health Care|Student in an Organized Health Care Education/Training Program",disallowed
Ethicon Inc.,No,Endoscopy Other,,Allopathic & Osteopathic Physicians|Surgery,disallowed
Medrad Inc.,No,Angiojet,,,disallowed
"Otsuka America Pharmaceutical, Inc.",No,,SAMSCA,Hospitals|General Acute Care Hospital|Critical Access,disallowed
Merck Sharp & Dohme Corporation,No,,NASONEX,Allopathic & Osteopathic Physicians|Anesthesiology,disallowed
Septodont Inc.,No,,,Dental Providers|Dentist|General Practice,disallowed
"Janssen Biotech, Inc.",No,,Zytiga,Allopathic & Osteopathic Physicians|Urology,disallowed
"Takeda Pharmaceuticals America, Inc.",No,,Kazano,Podiatric Medicine & Surgery Service Providers|Podiatrist,disallowed
"Valeritas, Inc.",No,V-GO,,Allopathic & Osteopathic Physicians|Internal Medicine|Adolescent Medicine,disallowed
"Biomet Orthopedics, LLC",No,ORTHO - KNEES,,Allopathic & Osteopathic Physicians|Emergency Medicine,disallowed
Merck Sharp & Dohme Corporation,No,,MK-3475,Allopathic & Osteopathic Physicians|Psychiatry & Neurology|Psychiatry,disallowed
"St. Jude Medical, Inc.",No,CRM,,Allopathic & Osteopathic Physicians|Otolaryngology,disallowed
"Greatbatch, Inc.",No,AlgoVita,,Allopathic & Osteopathic Physicians|Neurological Surgery,disallowed
"Grifols USA, LLC",No,,Gamunex-C,Allopathic & Osteopathic Physicians|Internal Medicine|Rheumatology,disallowed
Orthofix International N.V.,No,Unspecified-Unspecified,,Allopathic & Osteopathic Physicians|Pediatrics,disallowed
"E.R. Squibb & Sons, L.L.C.",No,,BYDUREON,Allopathic & Osteopathic Physicians|Internal Medicine|Adolescent Medicine,disallowed
"Teva Pharmaceuticals USA, Inc.",No,,QNASL,Allopathic & Osteopathic Physicians|Pediatrics|Pediatric Cardiology,disallowed
"GlaxoSmithKline, LLC.",No,,BOSATRIA,Allopathic & Osteopathic Physicians|Allergy & Immunology|Allergy,allowed
"Medtronic USA, Inc.",No,Intrathecal Drug Delivery for Chronic Pain,,Allopathic & Osteopathic Physicians|Internal Medicine|Cardiovascular Disease,disallowed
Jubilant HollisterStier LLC,No,,POSITIVE SKIN TEST CONTROL HISTAMINE,Allopathic & Osteopathic Physicians|Otolaryngology|Otolaryngic Allergy,disallowed
"Aerocrine, Inc",No,Niox Mino Device,,Allopathic & Osteopathic Physicians|Internal Medicine|Critical Care Medicine,disallowed
"Aegerion Pharmaceuticals, Inc.",No,,JUXTAPID,Allopathic & Osteopathic Physicians|Psychiatry & Neurology|Psychiatry,disallowed
Sanofi Pasteur Inc.,No,,FLUZONE,Allopathic & Osteopathic Physicians|Pediatrics|Pediatric Infectious Diseases,disallowed
Baxter Healthcare,No,,BioTherapeutics - GAMMAGARD-KIOVIG,Allopathic & Osteopathic Physicians|Pediatrics|Pediatric Cardiology,disallowed
"BIomet 3i, LLC",No,3I - DENTAL,,Dental Providers|Dentist|Orthodontics and Dentofacial Orthopedics,disallowed
"Janssen Biotech, Inc.",No,,Simponi,Allopathic & Osteopathic Physicians|Urology,disallowed
"Grifols USA, LLC",No,,Prolastin-C,Allopathic & Osteopathic Physicians|Psychiatry & Neurology|Psychiatry,disallowed
DePuy Synthes Sales Inc.,No,Trauma,,Allopathic & Osteopathic Physicians|Surgery,disallowed
"Aerocrine, Inc",No,Niox Mino Device,,Physician Assistants & Advanced Practice Nursing Providers|Nurse Practitioner|Adult Health,disallowed
Allergan Inc.,No,LAP-BAND,,Allopathic & Osteopathic Physicians|Radiology|Vascular & Interventional Radiology,disallowed
Merck Sharp & Dohme Corporation,No,,NEXPLANON,Allopathic & Osteopathic Physicians|Pediatrics|Child Abuse Pediatrics,disallowed
"Millennium Pharmaceuticals, Inc.",No,,,Allopathic & Osteopathic Physicians|Internal Medicine,disallowed
Merck Sharp & Dohme Corporation,No,,MK-8237,Allopathic & Osteopathic Physicians|Emergency Medicine,allowed
"Den-Mat Holdings, LLC",No,SOL Laser,,,disallowed
Covidien Sales LLC,No,Vessel Sealing,,Allopathic & Osteopathic Physicians|Obstetrics & Gynecology|Female Pelvic Medicine and Reconstructive Surgery,disallowed
NOVARTIS PHARMACEUTICALS CORPORATION,No,,SACUBITRIL,Allopathic & Osteopathic Physicians|General Practice,disallowed
Ethicon Endo-Surgery Inc.,No,Energy# Enseal,,Allopathic & Osteopathic Physicians|Pathology|Anatomic Pathology & Clinical Pathology,disallowed
"BioHorizons Implant Systems, Inc.",No,Dental Prosthetics,,Dental Providers|Dentist,disallowed
"Siemens Medical Solutions USA, Inc.",No,Syngo - Image and Knowledge Management,,Allopathic & Osteopathic Physicians|Pediatrics|Pediatric Cardiology,disallowed
"BIOMET 3I, LLC",No,3I - DENTAL,,Other Service Providers|Legal Medicine,disallowed
"Seneca Medical, Inc.",No,,,,disallowed
Merck Sharp & Dohme Corporation,No,,NUVARING Women's Health,Other Service Providers|Specialist,disallowed
SANOFI-AVENTIS U.S. LLC,No,,,Allopathic & Osteopathic Physicians|Nuclear Medicine|Nuclear Cardiology,disallowed
Covidien LP,No,Vessel Sealing,,Allopathic & Osteopathic Physicians|Obstetrics & Gynecology,disallowed
Warner Chilcott LLC,No,,DORYX,Allopathic & Osteopathic Physicians|Obstetrics & Gynecology|Gynecology,disallowed
"Auxilium Pharmaceuticals, Inc.",No,,XIAFLEX,Allopathic & Osteopathic Physicians|Orthopaedic Surgery|Hand Surgery,allowed
INSYS Therapeutics Inc,No,,SUBSYS,Allopathic & Osteopathic Physicians|Internal Medicine|Geriatric Medicine,disallowed
"NUVASIVE, INC.",No,CervicoThoracic,,Allopathic & Osteopathic Physicians|Surgery,disallowed
Allergan Inc.,No,LAP-BAND,,Allopathic & Osteopathic Physicians|Anesthesiology,disallowed
NOVARTIS PHARMACEUTICALS CORPORATION,No,,ILARIS,Allopathic & Osteopathic Physicians|Pediatrics|Pediatric Rheumatology,disallowed
BioMarin Pharmaceutical Inc.,No,,Vimizim,Allopathic & Osteopathic Physicians|Pediatrics|Pediatric Pulmonology,disallowed
AstraZeneca Pharmaceuticals LP,No,,CRESTOR,Allopathic & Osteopathic Physicians|Anesthesiology,disallowed
"E.R. Squibb & Sons, L.L.C.",No,,ERBITUX,Allopathic & Osteopathic Physicians|Surgery|Surgical Oncology,disallowed
Merck Sharp & Dohme Corporation,No,,VYTORIN,Allopathic & Osteopathic Physicians|Internal Medicine|Hematology & Oncology,disallowed
Pfizer Pharmaceuticals LLC,No,,LYRICA,Allopathic & Osteopathic Physicians|Internal Medicine|Geriatric Medicine,disallowed
"Access Closure, Inc",No,Mynx Vascular Closure Device,,Allopathic & Osteopathic Physicians|Internal Medicine|Adolescent Medicine,disallowed
Boston Scientific Corporation,No,TACHY SYSTEM,,Allopathic & Osteopathic Physicians|Internal Medicine|Hematology & Oncology,disallowed
"AbbVie, Inc.",No,,Synthroid,Allopathic & Osteopathic Physicians|Internal Medicine|Addiction Medicine,disallowed
"Grifols USA, LLC",No,,Prolastin-C,Allopathic & Osteopathic Physicians|Ophthalmology,disallowed
Luitpold Pharmaceuticals Inc,No,,Venofer,Allopathic & Osteopathic Physicians|Internal Medicine|Nephrology,disallowed
"Salix Pharmaceuticals, Ltd",No,,Xifaxan 550 mg,Allopathic & Osteopathic Physicians|Obstetrics & Gynecology|Gynecology,disallowed
Aqua Pharmaceuticals,No,,CORDRAN LOTION,Allopathic & Osteopathic Physicians|Radiology|Radiation Oncology,disallowed
DePuy Synthes Sales Inc.,No,SPINE,,Allopathic & Osteopathic Physicians|Surgery,disallowed
"Vascular Solutions, Inc.",No,D STAT FLOWABLE,,Allopathic & Osteopathic Physicians|Radiology|Vascular & Interventional Radiology,disallowed
Cook Incorporated,No,URO - Urology SIS,,Allopathic & Osteopathic Physicians|Urology,disallowed
"Janssen Products, LP",No,,Zytiga,Allopathic & Osteopathic Physicians|Internal Medicine|Medical Oncology,disallowed
Edwards Lifesciences Corporation,Yes,Minimally Invasive Hemodynamic Monitoring,,,disallowed
"Takeda Development Center Americas, Inc.",No,,,Allopathic & Osteopathic Physicians|Internal Medicine|Interventional Cardiology,allowed
Cornerstone Therapeutics Inc.,No,,CUROSURF 3ML,Allopathic & Osteopathic Physicians|Pediatrics|Neonatal-Perinatal Medicine,disallowed
"Regeneron Pharmaceuticals, Inc.",No,,,"Allopathic & Osteopathic Physicians|Internal Medicine|Endocrinology, Diabetes & Metabolism",disallowed
"Otsuka America Pharmaceutical, Inc.",No,,SAMSCA,Allopathic & Osteopathic Physicians|Otolaryngology,disallowed
"Genentech USA, Inc.",No,,Pegasys,Dental Providers|Dentist|Prosthodontics,disallowed
Aqua Pharmaceuticals,No,,XOLEGEL,Allopathic & Osteopathic Physicians|General Practice,disallowed
"Medtronic Vascular, Inc.",No,Stents,,Allopathic & Osteopathic Physicians|Hospitalist,disallowed
Baxter Healthcare,No,,BioTherapeutics - GAMMAGARD-KIOVIG,Allopathic & Osteopathic Physicians|Pediatrics|Pediatric Gastroenterology,disallowed
Ethicon Inc.,No,Advanced Wound Care,,Allopathic & Osteopathic Physicians|Physical Medicine & Rehabilitation,disallowed
"Alphatec Spine, Inc",No,Trestle Luxe,,Allopathic & Osteopathic Physicians|Orthopaedic Surgery,disallowed
Stryker Corporation,No,STENTRIEVERS,,Other Service Providers|Specialist,disallowed
Dux Industries Inc,No,Snap-Its,,Dental Providers|Dentist|Oral and Maxillofacial Surgery,disallowed
"LIPOSCIENCE, INC.",No,,NMR LipoProfile Test,"Other Service Providers|Medical Genetics, Ph.D. Medical Genetics",disallowed
Edwards Lifesciences Corporation,No,Transcatheter Heart Valves,,Other Service Providers|Specialist,disallowed
"Halt Medical, INC",No,Acessa,,Allopathic & Osteopathic Physicians|Surgery,disallowed
Philips Electronics North America Corporation,Yes,Magnetic Resonance Imaging,,,allowed
"Arrow International, Inc.",No,,,Allopathic & Osteopathic Physicians|Anesthesiology,disallowed
Ferring Pharmaceuticals Inc.,No,EUFLEXXA,,Allopathic & Osteopathic Physicians|Neurological Surgery,disallowed
"Medtronic Xomed, Inc.",No,Advanced Energy Hemostatic Device,,Allopathic & Osteopathic Physicians|Otolaryngology,disallowed
"Janssen Pharmaceuticals, Inc",No,,Xarelto,Podiatric Medicine & Surgery Service Providers|Podiatrist|Foot Surgery,disallowed
CSL Behring,No,,Kcentra Beriplex,Allopathic & Osteopathic Physicians|Surgery|Vascular Surgery,disallowed
Novo Nordisk Inc,No,,Norditropin,Allopathic & Osteopathic Physicians|Internal Medicine,disallowed
"Hospira Worldwide, Inc.",No,,Dexmedetomidine Hydrochloride Injection Precedex 100 mcg,Allopathic & Osteopathic Physicians|Pediatrics,allowed
"Roho, Inc.",No,,,,disallowed
Baxter Healthcare,No,,Specialty Pharmaceuticals - NUTRITION,Allopathic & Osteopathic Physicians|Internal Medicine|Critical Care Medicine,disallowed
Hollister Incorporated,No,Sela Sal Sal,,Podiatric Medicine & Surgery Service Providers|Podiatrist|Foot Surgery,disallowed
Novo Nordisk Inc,No,,,Allopathic & Osteopathic Physicians|Allergy & Immunology,disallowed
Mission Pharmacal Company,No,,,Allopathic & Osteopathic Physicians|Pediatrics|Pediatric Cardiology,disallowed
"Teva Pharmaceuticals USA, Inc.",No,,ALBUTEROL SPIROMAX,Allopathic & Osteopathic Physicians|Family Medicine,disallowed
"Genentech USA, Inc.",No,,Pegasys,Allopathic & Osteopathic Physicians|Plastic Surgery,disallowed
"Takeda Development Center Americas, Inc.",No,,,Allopathic & Osteopathic Physicians|Internal Medicine|Gastroenterology,disallowed
"Mercedes Medical, LLC",No,Reagent Hba1C DCA 2000,,Allopathic & Osteopathic Physicians|Internal Medicine,disallowed
Purdue Pharma L.P.,No,,BUTRANS,Allopathic & Osteopathic Physicians|Internal Medicine|Nephrology,disallowed
Shire US Holdings,No,DERMAGRAFT,,,allowed
LUMARA HEALTH INC.,No,,Makena,Allopathic & Osteopathic Physicians|Obstetrics & Gynecology,disallowed
"EMD Serono, Inc.",No,,Egrifta,Allopathic & Osteopathic Physicians|Internal Medicine|Medical Oncology,disallowed
"Milliken Healthcare Products, LLC",No,Wound Dressings,,Allopathic & Osteopathic Physicians|Surgery|Surgical Critical Care,disallowed
Bayer HealthCare LLC,No,,Gadavist,Allopathic & Osteopathic Physicians|Orthopaedic Surgery,disallowed
Shire US Holdings,No,,FIRAZYR,Allopathic & Osteopathic Physicians|Otolaryngology,disallowed
ELI LILLY AND COMPANY,No,,FORTEO,Allopathic & Osteopathic Physicians|Internal Medicine|Rheumatology,allowed
Allergan Inc.,No,,OZURDEX,Allopathic & Osteopathic Physicians|Obstetrics & Gynecology,disallowed
Roche Diagnostics Corporation,No,"PD - CD Automation, Systems and IT",,Allopathic & Osteopathic Physicians|Pathology|Cytopathology,disallowed
SHIONOGI INC,No,,Naprelan,Suppliers|Durable Medical Equipment & Medical Supplies|Customized Equipment,disallowed
Shire US Holdings,No,,VYVANSE,Allopathic & Osteopathic Physicians|Internal Medicine|Nephrology,disallowed
Shire US Holdings,No,DERMAGRAFT,,"Physician Assistants & Advanced Practice Nursing Providers|Nurse Practitioner|Pediatrics, Critical Care",disallowed
OrthoSensor Inc.,No,VERASENSE,,Allopathic & Osteopathic Physicians|Orthopaedic Surgery,allowed
"Teva Pharmaceuticals USA, Inc.",No,,QVAR,Eye and Vision Services Providers|Optometrist,disallowed
DePuy Synthes Sales Inc.,No,Early Intervention,,Allopathic & Osteopathic Physicians|Emergency Medicine|Sports Medicine,disallowed
UCB Biosciences Inc.,No,,Vimpat,Allopathic & Osteopathic Physicians|Psychiatry & Neurology|Clinical Neurophysiology,allowed
Bayer HealthCare LLC,No,,Finacea,Allopathic & Osteopathic Physicians|Surgery,disallowed
"Ivoclar Vivadent, Inc.",No,Multilink Applicator Refill 50 Reg&Endo,,Dental Providers|Dentist,disallowed
Spiracur Inc.,No,SNaP,,Allopathic & Osteopathic Physicians|General Practice,disallowed
"Teva Pharmaceuticals USA, Inc.",No,,QVAR,Allopathic & Osteopathic Physicians|Emergency Medicine,disallowed
SANOFI-AVENTIS U.S. LLC,No,,,"Student, Health Care|Student in an Organized Health Care Education/Training Program",disallowed
"AbbVie, Inc.",No,,Humira,Allopathic & Osteopathic Physicians|Internal Medicine|Transplant Hepatology,disallowed
"COMSORT, Inc",No,,JANUVIA,Allopathic & Osteopathic Physicians|Pediatrics|Pediatric Endocrinology,disallowed
"Boehringer Ingelheim Pharmaceuticals, Inc.",No,,SPIRIVA,Allopathic & Osteopathic Physicians|Otolaryngology,disallowed
"Henry Schein, Inc.",No,,,Allopathic & Osteopathic Physicians|Surgery|Vascular Surgery,disallowed
Warner Chilcott LLC,No,,DORYX,Allopathic & Osteopathic Physicians|Internal Medicine|Infectious Disease,disallowed
"FOREST PHARMACEUTICALS, INC.",No,,NAMENDA,Allopathic & Osteopathic Physicians|Internal Medicine|Addiction Medicine,disallowed
"Boehringer Ingelheim Pharmaceuticals, Inc.",No,,PRADAXA,Allopathic & Osteopathic Physicians|Internal Medicine|Infectious Disease,disallowed
NOVARTIS PHARMACEUTICALS CORPORATION,No,,SERELAXIN,Allopathic & Osteopathic Physicians|Internal Medicine|Geriatric Medicine,disallowed
"St. Jude Medical, Inc.",No,Structural Heart,,Allopathic & Osteopathic Physicians|Pain Medicine|Interventional Pain Medicine,allowed
VERTEX PHARMACEUTICALS INCORPORATED,No,,INCIVEK,Other Service Providers|Legal Medicine,disallowed
Shionogi Inc,No,,Osphena,Allopathic & Osteopathic Physicians|Obstetrics & Gynecology,disallowed
LifeCell Corporation,No,AlloDerm,,Allopathic & Osteopathic Physicians|Surgery|Trauma Surgery,disallowed
Osteomed LLC,No,CMF-Other,,Allopathic & Osteopathic Physicians|Neurological Surgery,disallowed
Integra LifeSciences Corporation,No,Spine-New Product in Development,,Allopathic & Osteopathic Physicians|Orthopaedic Surgery|Orthopaedic Surgery of the Spine,disallowed
Insulet Corporation,No,OmniPod Insulin Management System,,Allopathic & Osteopathic Physicians|Pediatrics,disallowed
Merck Sharp & Dohme Corporation,No,,JANUMET XR,Allopathic & Osteopathic Physicians|Internal Medicine|Geriatric Medicine,disallowed
SciCan Inc,No,Keypad ST2000 w/o Ferrite| B,,Dental Providers|Dentist|Oral and Maxillofacial Surgery,disallowed
Amgen Inc.,No,,Prolia,Allopathic & Osteopathic Physicians|Internal Medicine|Infectious Disease,disallowed
Allergan Inc.,No,,,Allopathic & Osteopathic Physicians|Surgery|Trauma Surgery,disallowed
Novartis Pharmaceuticals Corporation,No,,FANAPT,Allopathic & Osteopathic Physicians|Psychiatry & Neurology|Pain Medicine,disallowed
Team_Makena_LLC,No,DVT,,Allopathic & Osteopathic Physicians|Transplant Surgery,disallowed
Purdue Pharma L.P.,No,,,Allopathic & Osteopathic Physicians|Orthopaedic Surgery|Adult Reconstructive Orthopaedic Surgery,disallowed
HOLOGIC INC,No,Contura,,Allopathic & Osteopathic Physicians|Radiology|Radiation Oncology,disallowed
Valeant Pharmaceuticals North America LLC,No,,ATRALIN,Allopathic & Osteopathic Physicians|Dermatology,disallowed
"Biomet Orthopedics, LLC",No,ORTHO - KNEES,,Podiatric Medicine & Surgery Service Providers|Podiatrist,disallowed
The Medicines Company,No,,,,allowed
Novartis Pharmaceuticals Corporation,No,,LOTENSIN,,allowed
"Boehringer Ingelheim Pharmaceuticals, Inc.",No,,,Allopathic & Osteopathic Physicians|Otolaryngology|Sleep Medicine,disallowed
SANOFI-AVENTIS U.S. LLC,No,,GLARGINE,Allopathic & Osteopathic Physicians|Obstetrics & Gynecology,disallowed
Pfizer Inc.,No,,LYRICA,Allopathic & Osteopathic Physicians|Pathology|Anatomic Pathology & Clinical Pathology,disallowed
"Grifols USA, LLC",No,,Thrombate III,,disallowed
"Medtronic Sofamor Danek USA, Inc.",No,Biologics Therapies,,Dental Providers|Dentist|Oral and Maxillofacial Surgery,disallowed
"Interventional Spine, Inc.",No,Perx360,,Allopathic & Osteopathic Physicians|Orthopaedic Surgery|Orthopaedic Surgery of the Spine,allowed
Bayer HealthCare Pharmaceuticals Inc.,No,,Nexavar,Allopathic & Osteopathic Physicians|Internal Medicine|Nephrology,disallowed
Zimmer Holding Inc,No,Dental,,Dental Providers|Dentist|General Practice,disallowed
"Takeda Pharmaceuticals America, Inc.",No,,Colcrys,Allopathic & Osteopathic Physicians|Internal Medicine|Geriatric Medicine,disallowed
Endo Pharmaceuticals Inc.,No,,VOLTAREN Gel,,allowed
"Brainlab, Inc.",No,Surgical planning and navigation radiation treatment planning and positioning,,Allopathic & Osteopathic Physicians|Orthopaedic Surgery|Orthopaedic Surgery of the Spine,disallowed
"Onyx Pharmaceuticals, Inc., an Amgen subsidiary",No,,Stivarga,"Student, Health Care|Student in an Organized Health Care Education/Training Program",disallowed
Ethicon Inc.,No,Synthetics,,Allopathic & Osteopathic Physicians|Surgery|Vascular Surgery,disallowed
"PENTAX of America, Inc.",No,Laryngology,,,disallowed
"Janssen Pharmaceuticals, Inc",No,,Zytiga,Allopathic & Osteopathic Physicians|Dermatology,disallowed
Boston Scientific Corporation,No,BRADY SYSTEM,,Allopathic & Osteopathic Physicians|Orthopaedic Surgery,disallowed
"FOREST RESEARCH INSTITUTE, INC.",No,,,Allopathic & Osteopathic Physicians|Family Medicine|Hospice and Palliative Medicine,disallowed
"Auxilium Pharmaceuticals, Inc.",No,,TESTIM,Allopathic & Osteopathic Physicians|Allergy & Immunology|Allergy,disallowed
"Boehringer Ingelheim Pharmaceuticals, Inc.",No,,Tiotropium-bromide,Allopathic & Osteopathic Physicians|Internal Medicine|Pulmonary Disease,allowed
"Noven Therapeutics, LLC",No,,DAYTRANA,Allopathic & Osteopathic Physicians|Pediatrics|Sleep Medicine,disallowed
"St. Jude Medical, Inc.",No,Vascular,,Other Service Providers|Specialist,disallowed
"Tosoh Bioscience, Inc.",No,AIA-Common Reagents,,Other Service Providers|Specialist,disallowed
"Janssen Pharmaceuticals, Inc",No,,Invokana,Allopathic & Osteopathic Physicians|Obstetrics & Gynecology|Obstetrics,disallowed
"Smith & Nephew, Inc.",No,Trauma Limb Restoration,,Allopathic & Osteopathic Physicians|Surgery|Pediatric Surgery,disallowed
Novo Nordisk Inc,No,,Victoza,Allopathic & Osteopathic Physicians|Pathology|Anatomic Pathology & Clinical Pathology,disallowed
SANOFI-AVENTIS U.S. LLC,No,,AUBAGIO,Other Service Providers|Specialist,disallowed
"W. L. Gore & Associates, Inc.",No,VIATORR TIPS Endoprosthesis,,Allopathic & Osteopathic Physicians|Transplant Surgery,disallowed
"Iroko Pharmaceuticals, LLC",No,,,Allopathic & Osteopathic Physicians|Pain Medicine|Pain Medicine,disallowed
American Medical Systems Inc.,No,AMS 700 Series,,Allopathic & Osteopathic Physicians|Surgery,disallowed
AstraZeneca Pharmaceuticals LP,No,,BRILINTA,Podiatric Medicine & Surgery Service Providers|Podiatrist|Foot Surgery,disallowed
Covidien LP,No,Coils,,Allopathic & Osteopathic Physicians|Surgery|Vascular Surgery,disallowed
"Alkermes, Inc.",No,,Vivitrol,Allopathic & Osteopathic Physicians|Orthopaedic Surgery|Orthopaedic Surgery of the Spine,disallowed
"Salix Pharmaceuticals, Ltd",No,,Giazo,Allopathic & Osteopathic Physicians|Internal Medicine|Gastroenterology,disallowed
"Janssen Scientific Affairs, LLC",No,,Stelara,Allopathic & Osteopathic Physicians|Surgery,disallowed
"Boehringer Ingelheim Pharmaceuticals, Inc.",No,,COMBIVENT,Allopathic & Osteopathic Physicians|Surgery,disallowed
"Medtronic, Inc.",No,Heart Valves,,Allopathic & Osteopathic Physicians|Thoracic Surgery (Cardiothoracic Vascular Surgery),disallowed
"Medtronic USA, Inc.",No,Deep Brain Neurostimulation,,Allopathic & Osteopathic Physicians|Pediatrics|Pediatric Critical Care Medicine,disallowed
"Toshiba America Medical Systems, Inc.",No,VL,,Allopathic & Osteopathic Physicians|Internal Medicine,disallowed
Philips Electronics North America Corporation,No,Philips Oral Healthcare,,Allopathic & Osteopathic Physicians|Pediatrics|Pediatric Hematology-Oncology,disallowed
"Smith & Nephew, Inc.",No,Recon Hips,,,disallowed
Pfizer Inc.,No,,XELJANZ,Allopathic & Osteopathic Physicians|Allergy & Immunology,disallowed
"KCI USA, Inc",No,Dermal Tissue Matrix,,Allopathic & Osteopathic Physicians|Radiology|Vascular & Interventional Radiology,disallowed
"Cadence Pharmaceuticals, Inc.",No,,OFIRMEV,Allopathic & Osteopathic Physicians|Internal Medicine|Cardiovascular Disease,disallowed
Zimmer Holding Inc,No,Knee,,Allopathic & Osteopathic Physicians|Physical Medicine & Rehabilitation|Pain Medicine,disallowed
Amgen Inc.,No,,Enbrel,Allopathic & Osteopathic Physicians|Psychiatry & Neurology|Child & Adolescent Psychiatry,disallowed
"US WORLDMEDS, LLC",No,,APOKYN,Eye and Vision Services Providers|Optometrist,disallowed
US Endoscopy,No,Entrada Colonic Overtube,,Allopathic & Osteopathic Physicians|Surgery,disallowed
"Merz North America, Inc.",No,Belotero,,Chiropractic Providers|Chiropractor,disallowed
Volcano Corporation,No,Co-Reg Revo  Sync RX,,Allopathic & Osteopathic Physicians|Internal Medicine|Cardiovascular Disease,disallowed
Merck Sharp & Dohme Corporation,No,,V160,Allopathic & Osteopathic Physicians|Psychiatry & Neurology|Psychiatry,disallowed
Bayer HealthCare LLC,No,Contour,,Allopathic & Osteopathic Physicians|Internal Medicine|Hospice and Palliative Medicine,disallowed
"Millennium Pharmaceuticals, Inc.",No,,VELCADE,"Allopathic & Osteopathic Physicians|Internal Medicine|Endocrinology, Diabetes & Metabolism",disallowed
SANOFI-AVENTIS U.S. LLC,No,,ELITEK,Allopathic & Osteopathic Physicians|Nuclear Medicine,disallowed
Cubist Pharmaceuticals Inc,No,,,Allopathic & Osteopathic Physicians|Internal Medicine|Infectious Disease,disallowed
Actavis Pharma Inc,No,,,Allopathic & Osteopathic Physicians|Dermatology,disallowed
PFIZER INC.,No,,ELIQUIS,Allopathic & Osteopathic Physicians|Internal Medicine|Nephrology,disallowed
Merck Sharp & Dohme Corporation,No,,NON-PRODUCT,Allopathic & Osteopathic Physicians|Surgery|Surgical Oncology,disallowed
"Janssen Biotech, Inc.",No,,Stelara,Allopathic & Osteopathic Physicians|Dermatology|Dermatopathology,disallowed
"Teva Pharmaceuticals USA, Inc.",No,,SYNRIBO,Allopathic & Osteopathic Physicians|Internal Medicine|Hematology & Oncology,disallowed
Celgene Corporation,No,,Revlimid,Allopathic & Osteopathic Physicians|Radiology|Neuroradiology,disallowed
"Aegerion Pharmaceuticals, Inc.",No,,JUXTAPID,Physician Assistants & Advanced Practice Nursing Providers|Physician Assistant|Surgical Technologist,disallowed
Boston Scientific Corporation,No,Other,,Other Service Providers|Specialist,disallowed
"Vascular Solutions, Inc.",No,Vasc band,,Allopathic & Osteopathic Physicians|Thoracic Surgery (Cardiothoracic Vascular Surgery),disallowed
Thoratec Corporation,No,HeartMate III R and D,,Allopathic & Osteopathic Physicians|Thoracic Surgery (Cardiothoracic Vascular Surgery),disallowed
"Genentech, Inc.",No,,,Allopathic & Osteopathic Physicians|Psychiatry & Neurology|Sleep Medicine,disallowed
SANOFI-AVENTIS U.S. LLC,No,,APIDRA,"Student, Health Care|Student in an Organized Health Care Education/Training Program",disallowed
Cubist Pharmaceuticals Inc,No,,CUBICIN,Allopathic & Osteopathic Physicians|Internal Medicine|Cardiovascular Disease,disallowed
Cook Incorporated,No,Aortic Intervention,,Allopathic & Osteopathic Physicians|Internal Medicine|Geriatric Medicine,disallowed
Allergan Inc.,No,,,Allopathic & Osteopathic Physicians|Emergency Medicine|Sports Medicine,disallowed
Stryker Corporation,No,INTERVENTIONAL SPINE,,Allopathic & Osteopathic Physicians|General Practice,disallowed
Novartis Pharmaceuticals Corporation,No,,GILENYA,Allopathic & Osteopathic Physicians|Electrodiagnostic Medicine,disallowed
Pfizer Inc.,No,,NONCOVERED PRODUCT,Allopathic & Osteopathic Physicians|Dermatology,disallowed
Dyax Corp,No,,Kalbitor,Allopathic & Osteopathic Physicians|Family Medicine,disallowed
"LifeScan, Inc.",No,Strips,,Allopathic & Osteopathic Physicians|Internal Medicine,disallowed
HOLOGIC INC,No,Aptima HPV,,Allopathic & Osteopathic Physicians|Allergy & Immunology|Allergy,disallowed
Lundbeck LLC,No,,ABILIFY DEPOT,Allopathic & Osteopathic Physicians|Psychiatry & Neurology|Neurology,disallowed
"PENTAX of America, Inc.",No,Service,,,disallowed
"Intuitive Surgical Operations, Inc.",No,Da Vinci Surgical System,,Allopathic & Osteopathic Physicians|Thoracic Surgery (Cardiothoracic Vascular Surgery),disallowed
Celgene Corporation,No,,CC-930,,allowed
Daiichi Sankyo Inc.,No,,Welchol,Other Service Providers|Acupuncturist,disallowed
SANOFI-AVENTIS U.S. LLC,No,,,Allopathic & Osteopathic Physicians|Internal Medicine|Hematology,disallowed
Zimmer Holding Inc,No,Dental,,Dental Providers|Dentist|Oral and Maxillofacial Surgery,disallowed
B. Braun Medical Inc.,No,Dialysis Products,,,disallowed
"EMD Serono, Inc.",No,,Saizen,"Student, Health Care|Student in an Organized Health Care Education/Training Program",disallowed
Genzyme Corporation,No,,,Allopathic & Osteopathic Physicians|Psychiatry & Neurology|Neurology with Special Qualifications in Child Neurology,disallowed
Covidien LP,No,GI Solutions,,Allopathic & Osteopathic Physicians|Pathology|Anatomic Pathology,disallowed
DS Healthcare Inc,No,Consumable Dentistry,,Dental Providers|Dentist|Pediatric Dentistry,disallowed
American Medical Systems Inc.,No,Merit,,Allopathic & Osteopathic Physicians|Urology,disallowed
Panoramic Rental Corp.,No,Encompass,,Dental Providers|Dentist|Orthodontics and Dentofacial Orthopedics,disallowed
"Hospira Worldwide, Inc.",No,,Dexmedetomidine Hydrochloride Injection Precedex 100 mcg,Allopathic & Osteopathic Physicians|Internal Medicine|Geriatric Medicine,disallowed
"Galderma Laboratories, L.P.",No,,CLOBEX SPRAY,Allopathic & Osteopathic Physicians|Pathology|Dermatopathology,disallowed
"Bio-Rad Laboratories, Inc.",No,Bio-Plex Systems & Accessories,,"Student, Health Care|Student in an Organized Health Care Education/Training Program",disallowed
"Optos, Inc.",No,scanning laser ophthalmoscope,,Eye and Vision Services Providers|Optometrist|Corneal and Contact Management,disallowed
"Tornier, Inc.",No,SM - Force Fiber HS Suture,SM - Force Fiber HS Suture,Allopathic & Osteopathic Physicians|Orthopaedic Surgery,disallowed
"Aptalis Pharma US, Inc",No,,ZENPEP,"Student, Health Care|Student in an Organized Health Care Education/Training Program",disallowed
"Becton, Dickinson and Company",No,,,Allopathic & Osteopathic Physicians|Internal Medicine|Infectious Disease,disallowed
VERTEX PHARMACEUTICALS INCORPORATED,No,,KALYDECO,Other Service Providers|Military Health Care Provider,disallowed
PFIZER INTERNATIONAL LLC,No,,GENOTROPIN,Allopathic & Osteopathic Physicians|Pediatrics|Pediatric Endocrinology,disallowed
"DFINE, Inc",No,StabiliT,,Allopathic & Osteopathic Physicians|Orthopaedic Surgery|Pediatric Orthopaedic Surgery,disallowed
Novartis Pharmaceuticals Corporation,No,,SIGNIFOR,"Allopathic & Osteopathic Physicians|Internal Medicine|Endocrinology, Diabetes & Metabolism",allowed
Prometheus Laboratories Inc.,No,,,Allopathic & Osteopathic Physicians|Internal Medicine|Gastroenterology,disallowed
SIGN Fracture Care International,No,SIGN IM Nail and Implants,,,disallowed
"INTERNATIONAL REHABILITATIVE SCIENCES, INC",No,RS OA SOLUTION,,Other Service Providers|Specialist,disallowed
"ASAHI INTECC USA, INC.",No,Interventional Cardiology,,Allopathic & Osteopathic Physicians|Internal Medicine|Interventional Cardiology,disallowed
"LILLY USA, LLC",No,,REOPRO,,disallowed
"Teva Pharmaceuticals USA, Inc.",No,,,Allopathic & Osteopathic Physicians|Internal Medicine|Nephrology,disallowed
Covidien LP,No,Thrombectomy,,Allopathic & Osteopathic Physicians|Psychiatry & Neurology|Neurology,disallowed
"LILLY USA, LLC",No,,FORTEO,Physician Assistants & Advanced Practice Nursing Providers|Nurse Practitioner|Acute Care,disallowed
DePuy Products Inc.,No,Hips,,Allopathic & Osteopathic Physicians|Orthopaedic Surgery,disallowed
Genzyme Corporation,No,,,Allopathic & Osteopathic Physicians|Physical Medicine & Rehabilitation|Sports Medicine,disallowed
Astellas Pharma US Inc,No,,ASTAGRAF XL,Allopathic & Osteopathic Physicians|Family Medicine,disallowed
Pfizer Pharmaceuticals LLC,No,,,Allopathic & Osteopathic Physicians|Internal Medicine|Cardiovascular Disease,disallowed
"LifeScan, Inc.",No,Meters,,Allopathic & Osteopathic Physicians|Ophthalmology,disallowed
"Janssen Scientific Affairs, LLC",No,,No Product,Allopathic & Osteopathic Physicians|Internal Medicine|Gastroenterology,disallowed
"Galena Biopharma, Inc.",No,,ABSTRAL,Allopathic & Osteopathic Physicians|Internal Medicine|Hematology & Oncology,disallowed
"Takeda Pharmaceuticals America, Inc.",No,,ULORIC,Allopathic & Osteopathic Physicians|Internal Medicine|Cardiovascular Disease,disallowed
Boehringer Ingelheim Pharma GmbH & Co.KG,No,,,Allopathic & Osteopathic Physicians|Internal Medicine,disallowed
Wockhardt USA LLC,No,,Bromfed DM 4 oz. bottle,Allopathic & Osteopathic Physicians|Otolaryngology,disallowed
Philips Electronics North America Corporation,No,Personal Care Undivided,,Allopathic & Osteopathic Physicians|Obstetrics & Gynecology,disallowed
"Genentech USA, Inc.",No,,,Allopathic & Osteopathic Physicians|Internal Medicine|Cardiovascular Disease,disallowed
MED-EL Corporation,No,MED-EL Electric Acoustic System,,,allowed
Sunovion Pharmaceuticals Inc.,No,,Latuda,"Physician Assistants & Advanced Practice Nursing Providers|Clinical Nurse Specialist|Psych/Mental Health, Adult",disallowed
HOLOGIC INC,No,Thin Prep,,Allopathic & Osteopathic Physicians|Internal Medicine|Cardiovascular Disease,disallowed
"Takeda Pharmaceuticals America, Inc.",No,,Colcrys,Allopathic & Osteopathic Physicians|Internal Medicine|Gastroenterology,disallowed
Novartis Pharmaceuticals Corporation,No,,MIDOSTAURIN,Allopathic & Osteopathic Physicians|Internal Medicine|Hematology & Oncology,disallowed
Allergan Inc.,No,,,Allopathic & Osteopathic Physicians|Otolaryngology|Facial Plastic Surgery,disallowed
"Medline Industries, Inc.",No,Reprocessing,,Allopathic & Osteopathic Physicians|Ophthalmology,disallowed
"Medtronic Xomed, Inc.",No,Image Guided Surgery Products,,Allopathic & Osteopathic Physicians|Surgery,disallowed
"Bio Products Laboratory, Inc.",No,,Gammaplex,Allopathic & Osteopathic Physicians|Internal Medicine,disallowed
Stryker Corporation,No,TRAUMA & EXTREMITIES,,Allopathic & Osteopathic Physicians|Radiology|Diagnostic Radiology,disallowed
Baxter Healthcare,No,,BioSurgery - VERITAS,Allopathic & Osteopathic Physicians|Colon & Rectal Surgery,disallowed
INNOCUTIS Holdings LLC,No,,BIONECT,Laboratories|Clinical Medical Laboratory,disallowed
Baxter Healthcare,No,,BioTherapeutics - GAMMAGARD-KIOVIG,Allopathic & Osteopathic Physicians|Internal Medicine|Allergy & Immunology,disallowed
Alcon Research Ltd,No,,Pataday,Other Service Providers|Specialist,disallowed
"E.R. Squibb & Sons, L.L.C.",No,,ERBITUX,Allopathic & Osteopathic Physicians|General Practice,disallowed
"Horizon Pharma USA, Inc.",No,,RAYOS-1mg Prednisone,Allopathic & Osteopathic Physicians|Physical Medicine & Rehabilitation|Pain Medicine,disallowed
SHIONOGI INC,No,,Naprelan,Allopathic & Osteopathic Physicians|Internal Medicine|Medical Oncology,disallowed
Merck Sharp & Dohme Corporation,No,,JANUVIA,Allopathic & Osteopathic Physicians|Preventive Medicine|Public Health & General Preventive Medicine,disallowed
Eisai Inc.,No,,Belviq,Allopathic & Osteopathic Physicians|Psychiatry & Neurology|Neurology with Special Qualifications in Child Neurology,disallowed
"Mercedes Medical, LLC",No,Clarity Panel Drug Test 10 Parameter,,Allopathic & Osteopathic Physicians|Family Medicine,disallowed
Zogenix Inc.,No,,Sumavel DosePro,Physician Assistants & Advanced Practice Nursing Providers|Physician Assistant,disallowed
Animas Corporation,No,One Touch Ping,Invokana,,disallowed
"Elekta, Inc.",No,ELEKTA BRACHYTHERAPY,,Allopathic & Osteopathic Physicians|Radiology|Radiation Oncology,disallowed
Hollister Incorporated,No,Sela Sal Sal,,Allopathic & Osteopathic Physicians|Internal Medicine|Cardiovascular Disease,disallowed
Covidien LP,No,Peripheral Vascular Stents,,Allopathic & Osteopathic Physicians|Internal Medicine|Geriatric Medicine,disallowed
"KCI USA, Inc",No,Dermal Tissue Matrix,,Allopathic & Osteopathic Physicians|Internal Medicine|Cardiovascular Disease,disallowed
"Mercedes Medical, LLC",No,Starfrost 90 Degree White Adhesive Slide,,Allopathic & Osteopathic Physicians|Dermatology,disallowed
"Elekta, Inc.",No,,,Allopathic & Osteopathic Physicians|Internal Medicine|Medical Oncology,disallowed
"Santarus, Inc",No,,Uceris,Allopathic & Osteopathic Physicians|Orthopaedic Surgery,disallowed
Promius Pharma LLC,No,,ZENATANE,Allopathic & Osteopathic Physicians|Dermatology|Pediatric Dermatology,disallowed
"Tornier, Inc.",No,DEV - Ascend Flex,,Allopathic & Osteopathic Physicians|Orthopaedic Surgery,allowed
"Genentech USA, Inc.",No,,Tarceva,Allopathic & Osteopathic Physicians|Internal Medicine|Pulmonary Disease,disallowed
Digirad Corporation,No,,,Other Service Providers|Legal Medicine,disallowed
"Aegerion Pharmaceuticals, Inc.",No,,JUXTAPID,Allopathic & Osteopathic Physicians|Psychiatry & Neurology|Neurology,disallowed
Mallinckrodt LLC,No,,,Allopathic & Osteopathic Physicians|Family Medicine,disallowed
"Varian Medical Systems, Inc.",No,,,,disallowed
3M Company,No,,Clinpro 5000 Toothpaste-Spearmint,Dental Providers|Dentist|General Practice,disallowed
Novo Nordisk Inc,No,,NovoLog,Allopathic & Osteopathic Physicians|Obstetrics & Gynecology|Obstetrics,disallowed
Baxter Healthcare,No,,BioSurgery - COSEAL,Allopathic & Osteopathic Physicians|Surgery,disallowed
Premier Dental Products Company,No,Big Easy Insert #1000 Triple Bend 25K,,Dental Providers|Dentist|General Practice,disallowed
"FOREST PHARMACEUTICALS, INC.",No,,FETZIIMA,Allopathic & Osteopathic Physicians|Psychiatry & Neurology|Psychosomatic Medicine,disallowed
Novo Nordisk Inc,No,,Victoza,Allopathic & Osteopathic Physicians|Thoracic Surgery (Cardiothoracic Vascular Surgery),disallowed
"Medtronic, Inc.",No,Aortic Stent Grafts,,Allopathic & Osteopathic Physicians|Surgery,disallowed
ViiV Healthcare Company,No,,TIVICAY,"Allopathic & Osteopathic Physicians|Internal Medicine|Endocrinology, Diabetes & Metabolism",disallowed
"Teva Pharmaceuticals USA, Inc.",No,,TREANDA,Allopathic & Osteopathic Physicians|Psychiatry & Neurology|Psychiatry,disallowed
"Genentech USA, Inc.",No,,Pulmozyme,Dental Providers|Dentist,disallowed
Stryker Corporation,No,TRAUMA & EXTREMITIES,,Allopathic & Osteopathic Physicians|Surgery|Surgery of the Hand,disallowed
Allergan Inc.,No,,OZURDEX,Allopathic & Osteopathic Physicians|Ophthalmology,disallowed
"St. Jude Medical, Inc.",No,CRM,,Hospitals|Special Hospital,disallowed
"Teva Pharmaceuticals USA, Inc.",No,,SYNRIBO,Allopathic & Osteopathic Physicians|Internal Medicine|Pulmonary Disease,disallowed
Alcon Research Ltd,No,,,Eye and Vision Services Providers|Optometrist|Low Vision Rehabilitation,disallowed
SeaPearl Inc,No,ARTHREX PRODUCT LINE SHOULDER & ELBOW ARTHROSCOPY,,Allopathic & Osteopathic Physicians|Orthopaedic Surgery|Sports Medicine,disallowed
Convatec Inc.,No,OSTOMY,,Allopathic & Osteopathic Physicians|Pathology|Anatomic Pathology & Clinical Pathology,disallowed
Southtech Orthopedics,No,ARTHREX PRODUCT LINE KNEE & HIP ARTHROSCOPY,,Allopathic & Osteopathic Physicians|Orthopaedic Surgery,disallowed
Allergan Inc.,No,,,Allopathic & Osteopathic Physicians|Internal Medicine|Hematology & Oncology,disallowed
Incyte Corporation,No,,,Allopathic & Osteopathic Physicians|Psychiatry & Neurology|Neurology,disallowed
Zimmer Holding Inc,No,Knee,,Allopathic & Osteopathic Physicians|Pediatrics,disallowed
Covidien Sales LLC,No,Thrombectomy,,Allopathic & Osteopathic Physicians|Radiology|Neuroradiology,disallowed
Alcon Research Ltd,No,,Azopt,,allowed
"Janssen Scientific Affairs, LLC",No,,Procrit,Allopathic & Osteopathic Physicians|Pediatrics,disallowed
Cook Incorporated,No,SUR - SIS,,Allopathic & Osteopathic Physicians|General Practice,disallowed
"Bard Peripheral Vascular, Inc.",No,Oncology,,"Respiratory, Developmental, Rehabilitative and Restorative Service Providers|Physical Therapist|Orthopedic",disallowed
Davol Inc.,No,Surgical,,Allopathic & Osteopathic Physicians|Emergency Medicine|Emergency Medical Services,disallowed
Cook Incorporated,No,IR - Drainage,,Allopathic & Osteopathic Physicians|Radiology|Body Imaging,disallowed
CareFusion Corporation,No,,Blood Culture Kit,Allopathic & Osteopathic Physicians|Pathology|Blood Banking & Transfusion Medicine,disallowed
"Teva Pharmaceuticals USA, Inc.",No,,QNASL,Allopathic & Osteopathic Physicians|Otolaryngology|Facial Plastic Surgery,disallowed
"Alliqua  BioMedical, Inc.",No,SilverSeal,,Podiatric Medicine & Surgery Service Providers|Podiatrist|Foot Surgery,disallowed
Astellas Pharma US Inc,No,,MYCAMINE,Allopathic & Osteopathic Physicians|Pediatrics|Pediatric Hematology-Oncology,disallowed
"Mid-Atlantic Surgical Systems, LLC",No,ARTHREX PRODUCT LINE SHOULDER & ELBOW ARTHROSCOPY,,Allopathic & Osteopathic Physicians|Orthopaedic Surgery,disallowed
"FUJIFILM Medical Systems USA, Inc.",No,Synase,,Allopathic & Osteopathic Physicians|Internal Medicine|Pulmonary Disease,disallowed
LifeCell Corporation,No,Spy,,Allopathic & Osteopathic Physicians|Internal Medicine|Geriatric Medicine,disallowed
"Actelion Pharmaceuticals US, Inc.",No,,VENTAVIS ILOPROST,Allopathic & Osteopathic Physicians|Hospitalist,disallowed
ITxM Diagnostics,No,,blood,,disallowed
SANOFI-AVENTIS U.S. LLC,No,,JEVTANA,Allopathic & Osteopathic Physicians|Hospitalist,disallowed
ELLMAN INTERNATIONAL,No,Lasers,,Other Service Providers|Specialist,disallowed
Novartis Pharmaceuticals Corporation,No,,NON BRAND,Behavioral Health & Social Service Providers|Psychologist,disallowed
"Medtronic USA, Inc.",No,Drug Infusion Systems,,Allopathic & Osteopathic Physicians|Hospitalist,disallowed
"Vertical Pharmaceuticals, LLC",No,,ConZip,Allopathic & Osteopathic Physicians|Anesthesiology,disallowed
Mylan Specialty L.P.,No,,,,allowed
Sanofi Pasteur Inc.,No,,DAPTACEL,Dental Providers|Dentist|General Practice,disallowed
"W. L. Gore & Associates, Inc.",No,C3 Delivery System,,Allopathic & Osteopathic Physicians|Colon & Rectal Surgery,disallowed
Ethicon Inc.,No,Biosurgicals,,Allopathic & Osteopathic Physicians|Orthopaedic Surgery|Orthopaedic Surgery of the Spine,disallowed
Baxter Healthcare,No,,BioTherapeutics - ARALAST,Allopathic & Osteopathic Physicians|Thoracic Surgery (Cardiothoracic Vascular Surgery),disallowed
"Sotera Wireless, Inc.",No,Visi Mobile System,,,allowed
Pfizer Inc.,No,,RELPAX,Allopathic & Osteopathic Physicians|Emergency Medicine,disallowed
"Bard Peripheral Vascular, Inc.",No,Vascular,,Allopathic & Osteopathic Physicians|Psychiatry & Neurology|Neurology,disallowed
"Aptalis Pharma US, Inc",No,,PYLERA,Allopathic & Osteopathic Physicians|General Practice,disallowed
BioMarin Pharmaceutical Inc.,No,,BMN 190,Allopathic & Osteopathic Physicians|Psychiatry & Neurology|Neurology with Special Qualifications in Child Neurology,disallowed
Amgen Inc.,No,,Prolia,Allopathic & Osteopathic Physicians|Ophthalmology,disallowed
AstraZeneca Pharmaceuticals LP,No,,SYMBICORT,Behavioral Health & Social Service Providers|Psychologist,disallowed
"Braemar Manufacturing, LLC",No,Cardiac Monitoring Suite,,Allopathic & Osteopathic Physicians|Internal Medicine|Geriatric Medicine,disallowed
"EMPI, INC.",No,TENS,,Allopathic & Osteopathic Physicians|Pain Medicine|Interventional Pain Medicine,disallowed
Arthrosurface Incorporated,No,HemiCAP Knee,,Allopathic & Osteopathic Physicians|Orthopaedic Surgery|Sports Medicine,disallowed
"Sysmex America, Inc.",No,,,Allopathic & Osteopathic Physicians|Surgery|Surgical Oncology,disallowed
Teleflex Medical Incorporated,No,EFx,,Allopathic & Osteopathic Physicians|Obstetrics & Gynecology,disallowed
"Takeda Pharmaceuticals U.S.A., Inc.",No,,,Allopathic & Osteopathic Physicians|Family Medicine|Adult Medicine,disallowed
"Medtronic Vascular, Inc.",No,,,Allopathic & Osteopathic Physicians|Pathology|Anatomic Pathology & Clinical Pathology,disallowed
"DJO, LLC",No,Orthoses  Off-The-Shelf,,Allopathic & Osteopathic Physicians|Orthopaedic Surgery|Sports Medicine,disallowed
Sanofi Pasteur Inc.,No,,PENTACEL,Other Service Providers|Legal Medicine,disallowed
Boston Scientific Corporation,No,PELVIC ORGAN PROLAPSE,,"Student, Health Care|Student in an Organized Health Care Education/Training Program",disallowed
Micromed Inc,No,ARTHREX PRODUCT LINE ARTHROPLASTY,,Allopathic & Osteopathic Physicians|Neuromusculoskeletal Medicine & OMM,disallowed
Merck Sharp & Dohme Corporation,No,,VYTORIN,Allopathic & Osteopathic Physicians|Internal Medicine|Rheumatology,disallowed
Pfizer Inc.,No,,ZYVOX,,allowed
"Uroplasty, Inc.",No,Urgent PC,Urgent PC,Allopathic & Osteopathic Physicians|Surgery,disallowed
Mylan Specialty L.P.,No,,EpiPen,Dental Providers|Dentist|Periodontics,disallowed
"E.R. Squibb & Sons, L.L.C.",No,,KOMBIGLYZE XR,Allopathic & Osteopathic Physicians|Internal Medicine|Rheumatology,disallowed
"Alere Informatics, Inc.",No,RALS,,Allopathic & Osteopathic Physicians|Internal Medicine,disallowed
"MedImmune, LLC",No,,SYNAGIS,Allopathic & Osteopathic Physicians|Radiology|Diagnostic Radiology,disallowed
"Genentech USA, Inc.",No,,Activase,Allopathic & Osteopathic Physicians|Pediatrics|Adolescent Medicine,disallowed
Pfizer Inc.,No,,PRISTIQ,Allopathic & Osteopathic Physicians|Emergency Medicine,disallowed
"Janssen Pharmaceuticals, Inc",No,,Xarelto,Allopathic & Osteopathic Physicians|Psychiatry & Neurology|Neurology with Special Qualifications in Child Neurology,disallowed
"AbbVie, Inc.",No,,Lupron,Allopathic & Osteopathic Physicians|Obstetrics & Gynecology|Critical Care Medicine,disallowed
Bayer HealthCare Pharmaceuticals Inc.,No,,Finacea,Other Service Providers|Specialist,disallowed
"UCB, Inc.",No,,Vimpat,Ambulatory Health Care Facilities|Clinic/Center|Infusion Therapy,disallowed
"Medimetriks Pharmaceuticals, Inc.",No,,Synalar TS Kit,Allopathic & Osteopathic Physicians|Dermatology,disallowed
"Carl Zeiss Meditec, Inc.",No,VisuMax,,Allopathic & Osteopathic Physicians|Ophthalmology,allowed
"Cumberland Pharmaceuticals, Inc.",No,,Kristalose 10gm,Allopathic & Osteopathic Physicians|Surgery|Pediatric Surgery,disallowed
"LeMaitre Vascular, Inc.",No,VALVULOTOM,,Allopathic & Osteopathic Physicians|Internal Medicine|Cardiovascular Disease,disallowed
"AbbVie, Inc.",No,,ABT-719,Allopathic & Osteopathic Physicians|Anesthesiology|Critical Care Medicine,disallowed
"Siemens Medical Solutions USA, Inc.",No,HS - incl. all products and services,,Allopathic & Osteopathic Physicians|Psychiatry & Neurology|Neurology with Special Qualifications in Child Neurology,disallowed
Incyte Corporation,No,,JAKAFI,Allopathic & Osteopathic Physicians|Pathology|Immunopathology,disallowed
"Ipsen Biopharmaceuticals, Inc",No,,Dysport 300 U1,"Respiratory, Developmental, Rehabilitative and Restorative Service Providers|Physical Therapist",disallowed
Cook Incorporated,No,AI - Advanced Tech,,Allopathic & Osteopathic Physicians|Internal Medicine|Interventional Cardiology,disallowed
"E.R. Squibb & Sons, L.L.C.",No,,SUSTIVA,Dental Providers|Dentist|Oral and Maxillofacial Surgery,disallowed
"DUSA Pharmaceuticals, Inc.",No,,Levulan Kerastick,Other Service Providers|Legal Medicine,disallowed
"Takeda Pharmaceuticals America, Inc.",No,,AMITIZA,Allopathic & Osteopathic Physicians|Physical Medicine & Rehabilitation|Hospice and Palliative Medicine,disallowed
"Onyx Pharmaceuticals, Inc., an Amgen subsidiary",No,,,,allowed
"Impax Laboratories, Inc.",No,,PD,Podiatric Medicine & Surgery Service Providers|Podiatrist|Foot & Ankle Surgery,disallowed
"RTI Surgical, Inc.",No,RTI Product,,Allopathic & Osteopathic Physicians|Neurological Surgery,disallowed
"Takeda Pharmaceuticals International, Inc.",No,,Edarbyclor,,allowed
"Navidea Biopharmaceuticals, Inc.",No,,,Allopathic & Osteopathic Physicians|Internal Medicine|Infectious Disease,disallowed
"E.R. Squibb & Sons, L.L.C.",No,,SYMLIN,Allopathic & Osteopathic Physicians|Pediatrics,disallowed
DePuy Synthes Products LLC,No,Joint Reconstruction,,,allowed
"Galderma Laboratories, L.P.",No,,EPIDUO,Allopathic & Osteopathic Physicians|Family Medicine,disallowed
Pfizer Inc.,No,,LYRICA,Allopathic & Osteopathic Physicians|Otolaryngology,disallowed
Novartis Pharmaceuticals Corporation,No,,GLEEVEC,Allopathic & Osteopathic Physicians|General Practice,disallowed
"ALK-Abello, Inc",No,,,Allopathic & Osteopathic Physicians|Internal Medicine|Allergy & Immunology,disallowed
"Vascular Solutions, Inc.",No,Vari-Lase,,Other Service Providers|Specialist,disallowed
NOVARTIS PHARMACEUTICALS CORPORATION,No,,FEVIPIPRANT,Allopathic & Osteopathic Physicians|Allergy & Immunology|Allergy,disallowed
Ethicon Inc.,No,Advanced Wound Care,,Allopathic & Osteopathic Physicians|Obstetrics & Gynecology,disallowed
BIOVENTUS LLC,No,Ultrasound Bone Healing,,,disallowed
"K2M, Inc.",No,CHESAPEAKE,,Allopathic & Osteopathic Physicians|Orthopaedic Surgery|Orthopaedic Surgery of the Spine,disallowed
Mallinckrodt LLC,No,,Exalgo,Allopathic & Osteopathic Physicians|Physical Medicine & Rehabilitation|Neuromuscular Medicine,disallowed
"Alphatec Spine, Inc",No,Iridium,,Allopathic & Osteopathic Physicians|Orthopaedic Surgery,disallowed
"Genentech USA, Inc.",No,,Erivedge,Allopathic & Osteopathic Physicians|Orthopaedic Surgery,disallowed
Avinger Inc.,No,Vascular Disease,,Allopathic & Osteopathic Physicians|Urology,disallowed
"Horizon Pharma USA, Inc.",No,,DUEXIS-800mg Ibuprofen- 26.6mg Famotidine,Allopathic & Osteopathic Physicians|Family Medicine|Geriatric Medicine,disallowed
Pfizer Inc.,No,,GELFOAM,Allopathic & Osteopathic Physicians|Otolaryngology,disallowed
"Salix Pharmaceuticals, Ltd",No,,RELISTOR,Allopathic & Osteopathic Physicians|Urology,disallowed
Boston Scientific Corporation,No,STENTS,,Other Service Providers|Specialist,disallowed
Astellas Pharma US Inc,No,,Myrbetriq,Allopathic & Osteopathic Physicians|Preventive Medicine|Public Health & General Preventive Medicine,disallowed
Cook Incorporated,No,PI - Filters,,Allopathic & Osteopathic Physicians|Pediatrics,disallowed
"E.R. Squibb & Sons, L.L.C.",No,,,Allopathic & Osteopathic Physicians|Psychiatry & Neurology|Addiction Medicine,disallowed
"OmniGuide, Inc.",No,Precision Energy Products for Head & Neck Surgical Applications,,Other Service Providers|Specialist,disallowed
"Takeda Pharmaceuticals International, Inc.",No,,Nesina,Allopathic & Osteopathic Physicians|Internal Medicine,disallowed
TEI Biosciences Inc,No,PriMatrix,PriMatrix,Allopathic & Osteopathic Physicians|Radiology|Diagnostic Radiology,disallowed
"Pacific Medical, Inc",No,ALL ARTHREX PRODUCT LINES,,Podiatric Medicine & Surgery Service Providers|Podiatrist,disallowed
"Takeda Pharmaceuticals U.S.A., Inc.",No,,Nesina,Other Service Providers|Specialist,disallowed
"AbbVie, Inc.",No,,Synthroid,Allopathic & Osteopathic Physicians|Obstetrics & Gynecology|Reproductive Endocrinology,disallowed
"Smith & Nephew, Inc.",No,,Santyl,Allopathic & Osteopathic Physicians|Radiology|Vascular & Interventional Radiology,disallowed
"MedImmune, LLC",No,,SYNAGIS,Allopathic & Osteopathic Physicians|Surgery|Pediatric Surgery,disallowed
Warner Chilcott LLC,No,,ENABLEX,Allopathic & Osteopathic Physicians|Allergy & Immunology,disallowed
Olympus America Inc.,No,Urology & Gynecology Products,,Allopathic & Osteopathic Physicians|Preventive Medicine|Aerospace Medicine,disallowed
Olympus Biotech Corporation,No,Orthopedic Products,,Podiatric Medicine & Surgery Service Providers|Podiatrist|Foot Surgery,disallowed
"Takeda Development Center Americas, Inc.",No,,,Allopathic & Osteopathic Physicians|Anesthesiology|Pain Medicine,allowed
"E.R. Squibb & Sons, L.L.C.",No,,REYATAZ,Allopathic & Osteopathic Physicians|Pediatrics|Pediatric Infectious Diseases,disallowed
Zimmer Holding Inc,No,Knee,,Allopathic & Osteopathic Physicians|Internal Medicine|Rheumatology,disallowed
"Milliken Healthcare Products, LLC",No,Wound Dressings,,Allopathic & Osteopathic Physicians|Surgery|Plastic and Reconstructive Surgery,disallowed
"Advanced Respiratory, Inc",No,Airway Clearance Device,,Allopathic & Osteopathic Physicians|Pediatrics|Adolescent Medicine,disallowed
AstraZeneca Pharmaceuticals LP,No,,PULMICORT TURBUHALER,Allopathic & Osteopathic Physicians|Internal Medicine|Allergy & Immunology,disallowed
Novo Nordisk Inc,No,,,Allopathic & Osteopathic Physicians|Psychiatry & Neurology|Neurology with Special Qualifications in Child Neurology,disallowed
Boston Scientific Corporation,No,VASCULAR ACCESS,,Other Service Providers|Specialist,disallowed
"Janssen Scientific Affairs, LLC",No,,Procrit,Allopathic & Osteopathic Physicians|Hospitalist,disallowed
Boston Scientific Corporation,No,PERIPHERAL CUTTING BALLOON,,Allopathic & Osteopathic Physicians|Internal Medicine|Nephrology,disallowed
CareFusion Corporation,No,,,Allopathic & Osteopathic Physicians|Internal Medicine,disallowed
"AbbVie, Inc.",No,,ABT-719,Allopathic & Osteopathic Physicians|Colon & Rectal Surgery,disallowed
Tactile Systems Technology Inc,No,Flexitouch,,Allopathic & Osteopathic Physicians|Internal Medicine|Nephrology,disallowed
Covidien Sales LLC,No,Access,,"Student, Health Care|Student in an Organized Health Care Education/Training Program",disallowed
"Amendia, Inc.",No,Savannah-T pedicle screw,Savannah-T pedicle screw,Allopathic & Osteopathic Physicians|Neurological Surgery,disallowed
"Otsuka Pharmaceutical Co., Ltd.",No,,,Allopathic & Osteopathic Physicians|Internal Medicine,disallowed
Desert Mountain Medical,No,ARTHREX PRODUCT LINE DISTAL EXTREMITY ARTHROSCOPY,,Allopathic & Osteopathic Physicians|Orthopaedic Surgery|Hand Surgery,disallowed
Covidien Sales LLC,No,Interventional Lung Solutions,,Allopathic & Osteopathic Physicians|Obstetrics & Gynecology,disallowed
Zimmer Holding Inc,No,Trauma,,Allopathic & Osteopathic Physicians|Orthopaedic Surgery|Adult Reconstructive Orthopaedic Surgery,disallowed
ELI LILLY EXPORT S.A. PUERTO RICO BRANCH,No,,,Allopathic & Osteopathic Physicians|Psychiatry & Neurology|Psychiatry,allowed
SANOFI-AVENTIS U.S. LLC,No,,AUVIQ,Allopathic & Osteopathic Physicians|Internal Medicine|Addiction Medicine,disallowed
"Medtronic Xomed, Inc.",No,Advanced Energy Hemostatic Device,,Other Service Providers|Specialist,disallowed
"Medimetriks Pharmaceuticals, Inc.",No,,Morgidox 1x100 Kit,Allopathic & Osteopathic Physicians|Dermatology,disallowed
"Vatech America, Inc.",No,,,Dental Providers|Dentist,disallowed
"DFINE, Inc",No,STAR,,Allopathic & Osteopathic Physicians|Radiology|Neuroradiology,disallowed
AstraZeneca Pharmaceuticals LP,No,,ONGLYZA,"Other Service Providers|Medical Genetics, Ph.D. Medical Genetics",disallowed
Novartis Pharmaceuticals Corporation,No,,EXELON PATCH,Allopathic & Osteopathic Physicians|Orthopaedic Surgery|Sports Medicine,disallowed
"IsoTis OrthoBioligics, Inc.",No,Ortho-Bone Grafts,,Allopathic & Osteopathic Physicians|Psychiatry & Neurology|Neurology,disallowed
Bayer HealthCare LLC,No,Contour,,Eye and Vision Services Providers|Optometrist,disallowed
Allergan Inc.,No,,OZURDEX,Allopathic & Osteopathic Physicians|Family Medicine,disallowed
GE Healthcare,No,PATIENT CARE AND MONITORING PRODUCTS,,Allopathic & Osteopathic Physicians|Internal Medicine|Cardiovascular Disease,disallowed
"Janssen Research & Development, LLC",No,,JNJ-16175328-AAA,Allopathic & Osteopathic Physicians|Internal Medicine|Infectious Disease,disallowed
SHIONOGI INC,No,,Osphena,Allopathic & Osteopathic Physicians|Orthopaedic Surgery|Adult Reconstructive Orthopaedic Surgery,disallowed
Merit Medical Systems Inc,No,,,Allopathic & Osteopathic Physicians|Radiology|Diagnostic Radiology,disallowed
ELI LILLY AND COMPANY,No,,AXIRON,"Allopathic & Osteopathic Physicians|Internal Medicine|Endocrinology, Diabetes & Metabolism",allowed
Biogen Idec Inc.,No,,,Allopathic & Osteopathic Physicians|Pathology|Cytopathology,disallowed
Thoratec Corporation,No,HeartMate II,,Physician Assistants & Advanced Practice Nursing Providers|Clinical Nurse Specialist|Adult Health,disallowed
DePuy Synthes Sales Inc.,No,MIS#Lateral,,Allopathic & Osteopathic Physicians|Neurological Surgery,disallowed
"NeuroPace, Inc.",No,RNS System,,Allopathic & Osteopathic Physicians|Radiology|Therapeutic Radiology,disallowed
EKOS Corporation,No,EKOSONIC,,Allopathic & Osteopathic Physicians|Internal Medicine|Interventional Cardiology,disallowed
BIOVENTUS LLC,No,Ultrasound Bone Healing,,Allopathic & Osteopathic Physicians|Internal Medicine|Sports Medicine,disallowed
SANOFI-AVENTIS U.S. LLC,No,,MULTAQ,Allopathic & Osteopathic Physicians|Internal Medicine|Interventional Cardiology,allowed
Ethicon Inc.,No,,EVARREST,Allopathic & Osteopathic Physicians|Surgery,disallowed
"W. L. Gore & Associates, Inc.",No,BIO-A  Tissue Reinforcement,,Allopathic & Osteopathic Physicians|Surgery,disallowed
Stryker Corporation,No,MAXFACE,,Allopathic & Osteopathic Physicians|Internal Medicine|Geriatric Medicine,disallowed
"OmniGuide, Inc.",No,Precision Energy Products for Head & Neck Surgical Applications,,Allopathic & Osteopathic Physicians|Otolaryngology|Otolaryngology/Facial Plastic Surgery,disallowed
Boston Scientific Corporation,No,OTHER,,Hospitals|General Acute Care Hospital|Critical Access,disallowed
"Depomed, Inc.",No,,Gralise and Zipsor,Allopathic & Osteopathic Physicians|Psychiatry & Neurology|Behavioral Neurology & Neuropsychiatry,disallowed
Daiichi Sankyo Inc.,No,,Tribenzor,Allopathic & Osteopathic Physicians|Radiology|Diagnostic Radiology,disallowed
Stryker Corporation,No,HIPS,,Allopathic & Osteopathic Physicians|Surgery|Plastic and Reconstructive Surgery,disallowed
Novartis Pharmaceuticals Corporation,No,,NON_BRAND,Allopathic & Osteopathic Physicians|Psychiatry & Neurology|Vascular Neurology,disallowed
Novo Nordisk AS,No,,NovoLog,"Allopathic & Osteopathic Physicians|Internal Medicine|Endocrinology, Diabetes & Metabolism",disallowed
"Medtronic Xomed, Inc.",No,Cranial Surgery,,Allopathic & Osteopathic Physicians|Orthopaedic Surgery|Orthopaedic Surgery of the Spine,disallowed
"Cardinal Health 200, LLC",No,,,Allopathic & Osteopathic Physicians|Internal Medicine|Medical Oncology,disallowed
"Henry Schein, Inc.",No,,,Allopathic & Osteopathic Physicians|Obstetrics & Gynecology|Obstetrics,disallowed
"Medtronic Sofamor Danek USA, Inc.",No,Interventional Therapies,,Allopathic & Osteopathic Physicians|Radiology|Diagnostic Radiology,disallowed
AstraZeneca Pharmaceuticals LP,No,,,Allopathic & Osteopathic Physicians|Orthopaedic Surgery|Foot and Ankle Surgery,disallowed
Covidien LP,No,Flow Diversion,,Allopathic & Osteopathic Physicians|Radiology|Diagnostic Neuroimaging,disallowed
"NPS Pharmaceuticals, Inc.",No,,GATTEX,Physician Assistants & Advanced Practice Nursing Providers|Physician Assistant,disallowed
"Medtronic Sofamor Danek USA, Inc.",No,,Prolia,Allopathic & Osteopathic Physicians|Obstetrics & Gynecology,disallowed
"LILLY USA, LLC",No,,HUMALOG,Allopathic & Osteopathic Physicians|Orthopaedic Surgery,disallowed
DePuy Synthes Sales Inc.,No,ShoulderSMJT,,Allopathic & Osteopathic Physicians|Orthopaedic Surgery|Hand Surgery,disallowed
Theravance Inc.,No,,,Allopathic & Osteopathic Physicians|Internal Medicine,disallowed
BIOVENTUS LLC,No,Diagnostic Ultrasound,,Allopathic & Osteopathic Physicians|Orthopaedic Surgery|Adult Reconstructive Orthopaedic Surgery,disallowed
Corcept Therapeutics,No,,Korlym,,disallowed
Purdue Pharma L.P.,No,,BUTRANS,Allopathic & Osteopathic Physicians|Dermatology,disallowed
Philips Electronics North America Corporation,No,CS Computed Tomography,,,allowed
Genzyme Corporation,No,,THYROGEN,Allopathic & Osteopathic Physicians|Hospitalist,disallowed
SANOFI-AVENTIS U.S. LLC,No,,JEVTANA,Allopathic & Osteopathic Physicians|Radiology|Nuclear Radiology,disallowed
Warner Chilcott LLC,No,,MINASTRIN 24 FE,Allopathic & Osteopathic Physicians|Pediatrics|Adolescent Medicine,disallowed
"Janssen Biotech, Inc.",No,,Zytiga,Group|Single Specialty,disallowed
"Teva Pharmaceuticals USA, Inc.",Yes,,QVAR,Allopathic & Osteopathic Physicians|Pediatrics,disallowed
The Spectranetics Corporation,No,UPSTREAM PRODUCTS,,Allopathic & Osteopathic Physicians|Internal Medicine|Cardiovascular Disease,disallowed
"Chek-Med Systems, Inc.",No,,,Allopathic & Osteopathic Physicians|Internal Medicine|Gastroenterology,allowed
"Bio Products Laboratory, Inc.",No,,Gammaplex,Allopathic & Osteopathic Physicians|Allergy & Immunology,disallowed
"Janssen Research & Development, LLC",No,,Imbruvica,,allowed
"AbbVie, Inc.",No,,Trilipix,"Allopathic & Osteopathic Physicians|Internal Medicine|Endocrinology, Diabetes & Metabolism",disallowed
"Janssen Scientific Affairs, LLC",No,,Simponi,Allopathic & Osteopathic Physicians|Radiology|Diagnostic Neuroimaging,disallowed
Shire US Holdings,No,DERMAGRAFT,,Allopathic & Osteopathic Physicians|Preventive Medicine|Occupational Medicine,disallowed
"Biomet Biologics, LLC",No,BIOLOGICS - TISSUE PRODUCTS,,Allopathic & Osteopathic Physicians|Plastic Surgery,disallowed
"Vascular Solutions, Inc.",No,Langston,,Allopathic & Osteopathic Physicians|Surgery|Vascular Surgery,disallowed
Gilead Sciences Inc,No,,,Allopathic & Osteopathic Physicians|Dermatology,disallowed
GENZYME CORPORATION,No,,,Allopathic & Osteopathic Physicians|Internal Medicine|Rheumatology,disallowed
"ACell, Inc.",No,,,Allopathic & Osteopathic Physicians|Emergency Medicine|Undersea and Hyperbaric Medicine,disallowed
Bayer HealthCare Pharmaceuticals Inc.,No,Essure,,Allopathic & Osteopathic Physicians|Psychiatry & Neurology|Geriatric Psychiatry,disallowed
Stryker Corporation,No,KNEES,,Allopathic & Osteopathic Physicians|Surgery|Plastic and Reconstructive Surgery,disallowed
"Toshiba America Medical Systems, Inc.",No,XR,,Allopathic & Osteopathic Physicians|Internal Medicine|Gastroenterology,disallowed
"Torax Medical, Inc.",No,LINX,,Allopathic & Osteopathic Physicians|Surgery,disallowed
"Medtronic Vascular, Inc.",No,Implantable Cardioverter Defibrillators - ICDs,,Allopathic & Osteopathic Physicians|Radiology|Vascular & Interventional Radiology,disallowed
ZOLL Lifecor Corporation,No,LifeVest,,Allopathic & Osteopathic Physicians|Obstetrics & Gynecology|Gynecology,disallowed
"Bard Peripheral Vascular, Inc.",No,Vascular,,Allopathic & Osteopathic Physicians|Nuclear Medicine,disallowed
"Medtronic USA, Inc.",No,,,Allopathic & Osteopathic Physicians|Psychiatry & Neurology|Pain Medicine,disallowed
"Everett Laboratories, Inc",No,,Select-OB DHA Caplets,Allopathic & Osteopathic Physicians|Obstetrics & Gynecology|Obstetrics,disallowed
"Ascension Orthopedics, Inc.",No,Recon-Upper Extremity Metal,,Allopathic & Osteopathic Physicians|Orthopaedic Surgery,disallowed
Covidien Sales LLC,No,Procedural Support and Other,,Podiatric Medicine & Surgery Service Providers|Podiatrist|Primary Podiatric Medicine,disallowed
"Biomet Microfixation, LLC",No,MICROFIXATION - THORACIC,,Allopathic & Osteopathic Physicians|Surgery|Pediatric Surgery,disallowed
"Medtronic Xomed, Inc.",No,Image Guided Surgery Products,,,disallowed
Novartis Pharmaceuticals Corporation,No,,AFINITOR,Allopathic & Osteopathic Physicians|Internal Medicine|Rheumatology,disallowed
"Medline Industries, Inc.",No,Dermatology and Wound Care,,Allopathic & Osteopathic Physicians|Radiology|Radiation Oncology,disallowed
"Takeda Pharmaceuticals America, Inc.",No,,Nesina,Allopathic & Osteopathic Physicians|Internal Medicine|Pulmonary Disease,disallowed
AstraZeneca Pharmaceuticals LP,No,,CRESTOR,Allopathic & Osteopathic Physicians|Emergency Medicine|Emergency Medical Services,disallowed
"Medline Industries, Inc.",No,Dermatology and Wound Care,,Allopathic & Osteopathic Physicians|Surgery|Plastic and Reconstructive Surgery,disallowed
Boston Scientific Corporation,No,TACHY HF,,Allopathic & Osteopathic Physicians|Internal Medicine|Pulmonary Disease,disallowed
"W. L. Gore & Associates, Inc.",No,Carotid Stent,,Allopathic & Osteopathic Physicians|Internal Medicine|Cardiovascular Disease,disallowed
"Elekta, Inc.",No,ELEKTA LINEAR ACCELERATOR,,Allopathic & Osteopathic Physicians|Radiology|Radiation Oncology,disallowed
Pfizer Inc.,No,,LYRICA,Allopathic & Osteopathic Physicians|Family Medicine,disallowed
Genzyme Corporation,No,,,Allopathic & Osteopathic Physicians|Internal Medicine|Hematology & Oncology,disallowed
Cook Medical LLC,No,SUR - SIS,,Allopathic & Osteopathic Physicians|Obstetrics & Gynecology|Female Pelvic Medicine and Reconstructive Surgery,disallowed
Johnson and Johnson International,No,Harmonic  Enseal,,Allopathic & Osteopathic Physicians|Obstetrics & Gynecology|Obstetrics,disallowed
Covidien LP,No,Thrombectomy,,Allopathic & Osteopathic Physicians|Surgery,disallowed
"Medtronic Vascular, Inc.",No,Renal Denervation - International Only,,Allopathic & Osteopathic Physicians|Internal Medicine|Clinical Cardiac Electrophysiology,disallowed
Ethicon Inc.,No,Other NA,,Allopathic & Osteopathic Physicians|Orthopaedic Surgery,disallowed
"FOREST PHARMACEUTICALS, INC.",No,,LINZESS,Other Service Providers|Community Health Worker,disallowed
Boston Scientific Corporation,No,DBS,,Allopathic & Osteopathic Physicians|Neurological Surgery,disallowed
Trilliant Surgical Ltd.,No,Gridlock,,Podiatric Medicine & Surgery Service Providers|Podiatrist|Primary Podiatric Medicine,disallowed
"AngioScore, Inc.",No,,,"Technologists, Technicians & Other Technical Service Providers|Spec/Tech, Cardiovascular|Vascular Specialist",disallowed
"Arthrex, Inc.",No,ARTHREX PRODUCT LINE DISTAL EXTREMITY ARTHROSCOPY,,Other Service Providers|Legal Medicine,disallowed
"AbbVie, Inc.",No,,ABT-354,Allopathic & Osteopathic Physicians|Psychiatry & Neurology|Psychiatry,disallowed
Clinician's Choice Dental Products Inc.,No,FG 557 Edge Operative Carbides Clinic pack (100),,Dental Providers|Dentist|General Practice,disallowed
"Devicor Medical Products, Inc.",No,Revolve,,Allopathic & Osteopathic Physicians|Radiology|Diagnostic Radiology,disallowed
"Santarus, Inc",No,,Uceris,Allopathic & Osteopathic Physicians|Physical Medicine & Rehabilitation,disallowed
"Vascular Solutions, Inc.",No,Vasc Band,,Allopathic & Osteopathic Physicians|Surgery,disallowed
Philips Electronics North America Corporation,No,Research,,Allopathic & Osteopathic Physicians|Family Medicine,disallowed
"SI-BONE, Inc.",No,iFuse Implant,,Allopathic & Osteopathic Physicians|Radiology|Vascular & Interventional Radiology,disallowed
DASH Medical Gloves Inc,No,DASH Branded Examination Gloves,Examination Gloves,Dental Providers|Dentist|Pediatric Dentistry,disallowed
"Aegerion Pharmaceuticals, Inc.",No,,JUXTAPID,Allopathic & Osteopathic Physicians|Emergency Medicine,disallowed
"Actelion Pharmaceuticals US, Inc.",No,,ZAVESCA MIGLUSTAT,Allopathic & Osteopathic Physicians|Internal Medicine,disallowed
AstraZeneca Pharmaceuticals LP,No,,BRILINTA,Allopathic & Osteopathic Physicians|Electrodiagnostic Medicine,disallowed
"Wright Medical Technology, Inc.",No,,R&D EXTREMITIES,Allopathic & Osteopathic Physicians|Orthopaedic Surgery|Foot and Ankle Surgery,disallowed
"NPS Pharmaceuticals, Inc.",No,,GATTEX,Allopathic & Osteopathic Physicians|Thoracic Surgery (Cardiothoracic Vascular Surgery),disallowed
"Takeda Pharmaceuticals America, Inc.",No,,DEXILANT,Allopathic & Osteopathic Physicians|Pediatrics,disallowed
Benco Dental Supply Co.,No,,,Podiatric Medicine & Surgery Service Providers|Podiatrist|Foot & Ankle Surgery,disallowed
Premier Dental Products Company,No,Rotary,,Dental Providers|Dentist|General Practice,disallowed
Ethicon Inc.,No,Biosurgicals,Evicel,Allopathic & Osteopathic Physicians|Internal Medicine|Rheumatology,disallowed
B. Braun Medical Inc.,No,Pain Control,,Allopathic & Osteopathic Physicians|Orthopaedic Surgery,disallowed
KARLSTORZ Endoscopy-America,No,SPINAL SURGERY,,,disallowed
"ACell, Inc.",No,,,Allopathic & Osteopathic Physicians|Orthopaedic Surgery|Foot and Ankle Surgery,disallowed
SANOFI-AVENTIS U.S. LLC,No,,CABAZITAXEL,Allopathic & Osteopathic Physicians|Urology,disallowed
Baxter Healthcare,No,,BioTherapeutics - GAMMAGARD-KIOVIG,Allopathic & Osteopathic Physicians|Hospitalist,disallowed
Sunovion Pharmaceuticals Inc.,No,,Aptiom,Allopathic & Osteopathic Physicians|Psychiatry & Neurology|Neurology,disallowed
Bayer HealthCare Pharmaceuticals Inc.,No,,Adempas,Allopathic & Osteopathic Physicians|Nuclear Medicine|Nuclear Imaging & Therapy,disallowed
"Medtronic Sofamor Danek USA, Inc.",No,Enabling Technologies - NIM NAV Power,,Allopathic & Osteopathic Physicians|Anesthesiology,disallowed
"FOREST PHARMACEUTICALS, INC.",No,,TEFLARO,Allopathic & Osteopathic Physicians|Pediatrics|Pediatric Infectious Diseases,disallowed
bioMerieux,No,Procalcitonin,,Other Service Providers|Specialist,disallowed
"AbbVie, Inc.",No,,Androgel,Allopathic & Osteopathic Physicians|Hospitalist,disallowed
"QIAGEN Sciences, LLC",No,QUANTIFERON - TB GOLD QFT,,Allopathic & Osteopathic Physicians|Family Medicine|Adult Medicine,disallowed
Cochlear Americas,Yes,Nucleus,,,disallowed
"AngioDynamics, Inc.",No,,,Allopathic & Osteopathic Physicians|Radiology|Body Imaging,disallowed
Fisher Scientific Company L.L.C.,No,Procalcitonin,Procalcitonin,Allopathic & Osteopathic Physicians|Internal Medicine|Critical Care Medicine,disallowed
"Kowa Pharmaceuticals America, Inc.",No,,LIVALO,Allopathic & Osteopathic Physicians|Family Medicine|Hospice and Palliative Medicine,disallowed
Ethicon Inc.,No,Endoscopy# Endocutters,,Allopathic & Osteopathic Physicians|Psychiatry & Neurology|Psychiatry,disallowed
"Roxane Laboratories, Inc.",No,,,Allopathic & Osteopathic Physicians|Internal Medicine|Cardiovascular Disease,disallowed
"ACell, Inc.",No,,,Allopathic & Osteopathic Physicians|Otolaryngology,disallowed
"DARA Biosciences, Inc.",No,,Gelclair,Dental Providers|Dentist|Oral and Maxillofacial Surgery,disallowed
"Medtronic Vascular, Inc.",No,Cardiac Monitors - Insertable,,Allopathic & Osteopathic Physicians|Internal Medicine|Hematology & Oncology,disallowed
"Becton, Dickinson and Company",No,Diabetes Care Pen Needles,,Allopathic & Osteopathic Physicians|Obstetrics & Gynecology,disallowed
Pacira Pharmaceuticals Incorporated,No,,Exparel,Allopathic & Osteopathic Physicians|Surgery|Pediatric Surgery,disallowed
"E.R. Squibb & Sons, L.L.C.",No,,ORENCIA,Allopathic & Osteopathic Physicians|Orthopaedic Surgery|Hand Surgery,disallowed
Shire US Holdings,No,DERMAGRAFT,,Allopathic & Osteopathic Physicians|Psychiatry & Neurology|Psychiatry,disallowed
"Teva Pharmaceuticals USA, Inc.",No,,TREANDA,Allopathic & Osteopathic Physicians|Internal Medicine|Medical Oncology,disallowed
PFIZER INC.,No,,ELIQUIS,Allopathic & Osteopathic Physicians|Internal Medicine|Interventional Cardiology,disallowed
Sanofi Pasteur Inc.,No,,PENTACEL,Allopathic & Osteopathic Physicians|Obstetrics & Gynecology,disallowed
Mylan Specialty L.P.,No,,Ultiva,Allopathic & Osteopathic Physicians|Anesthesiology,disallowed
"Medtronic Vascular, Inc.",No,Cardiac Monitors - Insertable,,Allopathic & Osteopathic Physicians|Anesthesiology|Pain Medicine,disallowed
Eisai Inc.,No,,Belviq,Allopathic & Osteopathic Physicians|Internal Medicine|Allergy & Immunology,disallowed
"Auxilium Pharmaceuticals, Inc.",No,,XIAFLEX,Allopathic & Osteopathic Physicians|Internal Medicine|Rheumatology,disallowed
Cook Incorporated,No,Peripheral Intervention,,Allopathic & Osteopathic Physicians|Thoracic Surgery (Cardiothoracic Vascular Surgery),disallowed
"Acclarent, Inc",No,Rhinology,,Podiatric Medicine & Surgery Service Providers|Podiatrist|Foot Surgery,disallowed
Pfizer Inc.,No,,XALKORI,Allopathic & Osteopathic Physicians|Family Medicine,disallowed
"Medtronic Xomed, Inc.",No,Shunts,,Allopathic & Osteopathic Physicians|Surgery,disallowed
Daiichi Sankyo Inc.,No,,Effient,Allopathic & Osteopathic Physicians|Plastic Surgery,disallowed
3M Company,No,3M True Definition Scanner,,Dental Providers|Dentist,allowed
"Intersect ENT, Inc.",No,Propel,,Pharmacy Service Providers|Pharmacist,disallowed
OPTIMER PHARMACEUTICALS INC,No,,Dificid,Allopathic & Osteopathic Physicians|Anesthesiology|Pain Medicine,disallowed
"Janssen Biotech, Inc.",No,,Remicade,Dental Providers|Dentist|Orthodontics and Dentofacial Orthopedics,disallowed
"FOREST PHARMACEUTICALS, INC.",No,,TUDORZA,Allopathic & Osteopathic Physicians|Pediatrics|Pediatric Critical Care Medicine,disallowed
Boston Scientific Corporation,No,Guidewires,,,disallowed
"Bard Peripheral Vascular, Inc.",No,Vascular,,Allopathic & Osteopathic Physicians|Internal Medicine|Gastroenterology,disallowed
Valeant Pharmaceuticals North America LLC,No,,ZYCLARA,Allopathic & Osteopathic Physicians|Dermatology,disallowed
"R&M Distributing, LLC",No,ARTHREX PRODUCT LINE DISTAL EXTREMITY ARTHROSCOPY,,Podiatric Medicine & Surgery Service Providers|Podiatrist|Foot & Ankle Surgery,disallowed
ArthroCare Corporation,No,Sports Med Coblation & Fixation,,Allopathic & Osteopathic Physicians|Radiology|Diagnostic Radiology,disallowed
Covidien Sales LLC,No,Hardware,,"Allopathic & Osteopathic Physicians|Internal Medicine|Endocrinology, Diabetes & Metabolism",disallowed
"Takeda Pharmaceuticals America, Inc.",No,,Colcrys,Podiatric Medicine & Surgery Service Providers|Podiatrist|Foot & Ankle Surgery,disallowed
"Vascular Solutions, Inc.",No,VASC Band,,Allopathic & Osteopathic Physicians|Internal Medicine,disallowed
Cook Incorporated,No,Aortic Intervention,,Allopathic & Osteopathic Physicians|Surgery|Surgical Critical Care,disallowed
Baxter Healthcare,No,,BioTherapeutics - GAMMAGARD-KIOVIG,Allopathic & Osteopathic Physicians|Pediatrics|Pediatric Infectious Diseases,disallowed
"Janssen Biotech, Inc.",No,,Prezista,Allopathic & Osteopathic Physicians|Pediatrics|Pediatric Gastroenterology,disallowed
"Takeda Pharmaceuticals U.S.A., Inc.",No,,Nesina,Other Service Providers|Legal Medicine,disallowed
Merck Sharp & Dohme Corporation,No,,JANUVIA,Allopathic & Osteopathic Physicians|Pediatrics|Pediatric Gastroenterology,allowed
Nuo Therapeutics,No,Aurix,,Allopathic & Osteopathic Physicians|Family Medicine,disallowed
"Janssen Scientific Affairs, LLC",No,,Invokana,"Allopathic & Osteopathic Physicians|Internal Medicine|Endocrinology, Diabetes & Metabolism",disallowed
Novartis Pharmaceuticals Corporation,No,,AFINITOR,Other Service Providers|Specialist,allowed
"W. L. Gore & Associates, Inc.",No,VIABAHN Endoprosthesis with PRO,,Allopathic & Osteopathic Physicians|Internal Medicine|Nephrology,disallowed
Sanofi Pasteur Inc.,No,,ADACEL,Allopathic & Osteopathic Physicians|Family Medicine|Adult Medicine,disallowed
Ultradent Products Inc,No,,Dental and Orthodontic supplies,Dental Providers|Dentist|Oral and Maxillofacial Surgery,disallowed
Pfizer Inc.,No,,TOVIAZ,Allopathic & Osteopathic Physicians|Anesthesiology,disallowed
"FOREST PHARMACEUTICALS, INC.",No,,FETZIIMA,Behavioral Health & Social Service Providers|Counselor|Mental Health,disallowed
Boston Scientific Corporation,No,CLINICAL TRIAL PRODUCT,,Allopathic & Osteopathic Physicians|Internal Medicine|Pulmonary Disease,disallowed
"Genentech, Inc.",No,,Non-Covered Product,Allopathic & Osteopathic Physicians|Radiology|Diagnostic Radiology,disallowed
"Medtronic, Inc.",No,,,Allopathic & Osteopathic Physicians|General Practice,disallowed
"Vascular Solutions, Inc.",No,PRONTO,,Allopathic & Osteopathic Physicians|Family Medicine,disallowed
Cook Incorporated,No,PI - Self-Expanding Stent,,Allopathic & Osteopathic Physicians|Emergency Medicine|Undersea and Hyperbaric Medicine,disallowed
Novartis Pharmaceuticals Corporation,No,,EXELON PATCH,Allopathic & Osteopathic Physicians|Obstetrics & Gynecology|Gynecology,disallowed
"Takeda Development Center Americas, Inc.",No,,Velcade,Allopathic & Osteopathic Physicians|Internal Medicine|Hematology,allowed
Merck Sharp & Dohme Corporation,No,,VYTORIN,Allopathic & Osteopathic Physicians|Surgery|Vascular Surgery,disallowed
Ethicon Inc.,No,Biosurgicals,Evicel,Allopathic & Osteopathic Physicians|Emergency Medicine,disallowed
Hollister Incorporated,No,Endoform Dermal Template,,Allopathic & Osteopathic Physicians|Surgery,disallowed
"Arthrex, Inc.",No,ARTHREX PRODUCT LINE ARTHROPLASTY KNEEHIPSHOULDER,,Allopathic & Osteopathic Physicians|Orthopaedic Surgery|Sports Medicine,disallowed
"Otsuka Pharmaceutical Development & Commercialization, Inc.",No,,,Allopathic & Osteopathic Physicians|Internal Medicine|Medical Oncology,disallowed
Duchesnay USA Incorporated,No,,Diclegis,Dental Providers|Dentist|General Practice,disallowed
Actavis Pharma Inc,No,,RAPAFLO,Allopathic & Osteopathic Physicians|Urology,disallowed
Pfizer Inc.,No,,PRISTIQ,Allopathic & Osteopathic Physicians|Preventive Medicine|Public Health & General Preventive Medicine,disallowed
"Takeda Pharmaceuticals U.S.A., Inc.",No,,Brintellix,Allopathic & Osteopathic Physicians|Psychiatry & Neurology|Child & Adolescent Psychiatry,disallowed
SANOFI-AVENTIS U.S. LLC,No,,,Allopathic & Osteopathic Physicians|Internal Medicine|Clinical Cardiac Electrophysiology,disallowed
Merge Healthcare Incorporated,No,Merge hemo,,Allopathic & Osteopathic Physicians|Surgery,disallowed
"Boehringer Ingelheim Pharmaceuticals, Inc.",No,,,Dental Providers|Dentist|Oral and Maxillofacial Surgery,disallowed
Valeant Pharmaceuticals North America LLC,No,,ELIDEL,Allopathic & Osteopathic Physicians|Pediatrics,allowed
"Janssen Pharmaceuticals, Inc",No,,Procrit,Allopathic & Osteopathic Physicians|Radiology|Radiation Oncology,disallowed
"AbbVie, Inc.",No,,,Allopathic & Osteopathic Physicians|Dermatology|MOHS-Micrographic Surgery,disallowed
Genzyme Corporation,No,,AUBAGIO,"Allopathic & Osteopathic Physicians|Neuromusculoskeletal Medicine, Sports Medicine",disallowed
Pfizer Inc.,No,,CELEBREX,Allopathic & Osteopathic Physicians|Internal Medicine,disallowed
"Janssen Products, LP",No,,Prezista,Allopathic & Osteopathic Physicians|Plastic Surgery,disallowed
"Aesculap, Inc.",Yes,Surgical Technologies,,,disallowed
Medartis Inc.,No,Aptus,,Allopathic & Osteopathic Physicians|Plastic Surgery,disallowed
Warner Chilcott LLC,No,,ENABLEX,Allopathic & Osteopathic Physicians|Obstetrics & Gynecology|Female Pelvic Medicine and Reconstructive Surgery,disallowed
Jazz Pharmaceuticals Inc.,No,,Prialt,Allopathic & Osteopathic Physicians|Family Medicine,disallowed
Merck Sharp & Dohme Corporation,No,,ZOSTAVAX,Allopathic & Osteopathic Physicians|Internal Medicine|Sleep Medicine,disallowed
GE Healthcare,No,,ADREVIEW IOBENGUANE,Allopathic & Osteopathic Physicians|Internal Medicine|Gastroenterology,disallowed
Bayer HealthCare Pharmaceuticals Inc.,No,,Xofigo,Allopathic & Osteopathic Physicians|Urology,disallowed
Baxter Healthcare,No,,BioSurgery - FLOSEAL,Allopathic & Osteopathic Physicians|General Practice,disallowed
Merck Sharp & Dohme Corporation,No,,NON-PRODUCT,Allopathic & Osteopathic Physicians|Psychiatry & Neurology|Pain Medicine,disallowed
SANOFI US SERVICES INC.,No,,LANTUS-VIAL,,allowed
"Clariance, Inc.",No,NeoFacet,,,disallowed
Novartis Pharmaceuticals Corporation,No,,NON BRAND,Managed Care Organizations|Exclusive Provider Organization,disallowed
Team_Makena_LLC,No,DVT,,Allopathic & Osteopathic Physicians|Anesthesiology,disallowed
"AbbVie, Inc.",No,,Humira,Podiatric Medicine & Surgery Service Providers|Podiatrist|Foot & Ankle Surgery,disallowed
"Henry Schein, Inc.",No,"Equipment  Large, Small, High Technology Equipment",,Dental Providers|Dentist|Periodontics,disallowed
Northeast Cryotherapy LP,No,Cryo Probe,,Allopathic & Osteopathic Physicians|Urology,disallowed
SANOFI-AVENTIS U.S. LLC,No,,ELITEK,,disallowed
Genzyme Corporation,No,,MIPOMERSEN,Allopathic & Osteopathic Physicians|Psychiatry & Neurology|Neurology with Special Qualifications in Child Neurology,disallowed
SANOFI-AVENTIS U.S. LLC,No,,APIDRA,Allopathic & Osteopathic Physicians|Internal Medicine|Rheumatology,disallowed
"Genentech USA, Inc.",No,,Valcyte,Allopathic & Osteopathic Physicians|Pediatrics|Pediatric Nephrology,disallowed
SANOFI-AVENTIS U.S. LLC,No,,APIDRA,Eye and Vision Services Providers|Optometrist,disallowed
Amgen Inc.,No,,Prolia,,disallowed
"AbbVie, Inc.",No,,Humira,Allopathic & Osteopathic Physicians|Pediatrics|Adolescent Medicine,disallowed
"Vascular Solutions, Inc.",No,D-stat dry,,Allopathic & Osteopathic Physicians|Internal Medicine|Cardiovascular Disease,disallowed
"Dutch Ophthalmic, USA",No,Associate 2500,,Allopathic & Osteopathic Physicians|Ophthalmology,disallowed
Mylan Specialty L.P.,No,,EpiPen,Allopathic & Osteopathic Physicians|Internal Medicine|Cardiovascular Disease,disallowed
PFIZER INC.,No,,CELEBREX,Allopathic & Osteopathic Physicians|Internal Medicine,disallowed
Abbott Laboratories,No,Diagnostics,,Allopathic & Osteopathic Physicians|Emergency Medicine,disallowed
Sunovion Pharmaceuticals Inc.,No,,Latuda,Behavioral Health & Social Service Providers|Psychologist|Clinical,disallowed
Daiichi Sankyo Inc.,No,,Azor,Allopathic & Osteopathic Physicians|General Practice,disallowed
"Supernus Pharmaceuticals, Inc.",No,,,Allopathic & Osteopathic Physicians|Neuromusculoskeletal Medicine & OMM,disallowed
"Avanir Pharmaceuticals, Inc.",No,,Nuedexta,Allopathic & Osteopathic Physicians|Family Medicine|Sports Medicine,disallowed
"Medtronic Sofamor Danek USA, Inc.",No,Thoracolumbar Therapies,,Allopathic & Osteopathic Physicians|Internal Medicine|Gastroenterology,disallowed
"Henry Schein, Inc.",No,Software for Diagnosis or Treatment  e.g. Imaging Software,,"Student, Health Care|Student in an Organized Health Care Education/Training Program",disallowed
Inova Labs Inc,No,,,Allopathic & Osteopathic Physicians|Internal Medicine|Pulmonary Disease,disallowed
"Medtronic Sofamor Danek USA, Inc.",No,Thoracolumbar Therapies,,Allopathic & Osteopathic Physicians|Otolaryngology,disallowed
LAERDAL MEDICAL CORPORATION,No,SPINAL IMMOBILIZATION,,,disallowed
"Medical Engineering and Development Institute, Inc.",No,Aortic Intervention,,Allopathic & Osteopathic Physicians|Thoracic Surgery (Cardiothoracic Vascular Surgery),disallowed
"Boehringer Ingelheim Pharmaceuticals, Inc.",No,,GILOTRIF,Allopathic & Osteopathic Physicians|Internal Medicine|Infectious Disease,disallowed
Covidien LP,No,Monitors Advanced Parameters,,Allopathic & Osteopathic Physicians|Internal Medicine|Pulmonary Disease,disallowed
Pfizer Inc.,No,,PREVNAR  13,Podiatric Medicine & Surgery Service Providers|Podiatrist,disallowed
Sanofi Pasteur Inc.,No,,,Allopathic & Osteopathic Physicians|Emergency Medicine|Emergency Medical Services,allowed
ArthroCare Corporation,No,Sports Med Coblation & Fixation,,Allopathic & Osteopathic Physicians|Physical Medicine & Rehabilitation|Pain Medicine,disallowed
NOVARTIS PHARMACEUTICALS CORPORATION,No,,SANDOSTATIN,Allopathic & Osteopathic Physicians|Internal Medicine|Hematology & Oncology,disallowed
"Aptalis Pharma US, Inc",No,,PYLERA,Physician Assistants & Advanced Practice Nursing Providers|Physician Assistant|Surgical Technologist,disallowed
Jazz Pharmaceuticals Inc.,No,,Erwinaze,Allopathic & Osteopathic Physicians|Pediatrics|Pediatric Rheumatology,disallowed
"K2M, Inc.",No,MESA Small Stature Spinal System,,Allopathic & Osteopathic Physicians|Orthopaedic Surgery|Pediatric Orthopaedic Surgery,disallowed
Stryker Corporation,No,NEW PRODUCT DEVELOPMENT,,Allopathic & Osteopathic Physicians|Otolaryngology,disallowed
Phadia US Inc.,No,SDG-IDD-Allergy,,Allopathic & Osteopathic Physicians|Pediatrics|Adolescent Medicine,disallowed
Materialise Dental NV Belgium,No,Implant Dentistry,,Dental Providers|Dentist,disallowed
ELI LILLY AND COMPANY,No,,EFFIENT,Allopathic & Osteopathic Physicians|Preventive Medicine|Public Health & General Preventive Medicine,disallowed
"QIAGEN Sciences, LLC",No,DIGENE HC2 HPV,,Allopathic & Osteopathic Physicians|Internal Medicine|Infectious Disease,disallowed
DePuy Synthes Sales Inc.,No,Biomaterials,,"Student, Health Care|Student in an Organized Health Care Education/Training Program",disallowed
"Janssen Biotech, Inc.",No,,Olysio,Allopathic & Osteopathic Physicians|Internal Medicine|Infectious Disease,disallowed
"ACell, Inc.",No,,,Allopathic & Osteopathic Physicians|Emergency Medicine|Emergency Medical Services,disallowed
DePuy Synthes Sales Inc.,No,CMF-Maxillofacial Reconstruction/Fixation,,Allopathic & Osteopathic Physicians|Surgery,disallowed
"W. L. Gore & Associates, Inc.",No,C3 Delivery System,,Allopathic & Osteopathic Physicians|Thoracic Surgery (Cardiothoracic Vascular Surgery),disallowed
Cook Incorporated,No,PI - Self-Expanding Stent,,Other Service Providers|Military Health Care Provider,disallowed
"GlaxoSmithKline, LLC.",No,,,Allopathic & Osteopathic Physicians|General Practice,disallowed
Gilead Sciences Inc,No,,Ranexa,Allopathic & Osteopathic Physicians|Internal Medicine|Critical Care Medicine,disallowed
"Salix Pharmaceuticals, Ltd",No,,,Allopathic & Osteopathic Physicians|Internal Medicine|Gastroenterology,disallowed
GE Healthcare,No,,ADREVIEW IOBENGUANE,"Other Service Providers|Sleep Specialist, PhD",disallowed
"Ivoclar Vivadent, Inc.",No,Multilink Primer AB Refill 2 x 3 g,,Dental Providers|Dentist|General Practice,disallowed
"Seattle Genetics, Inc.",No,,SGN35,Pharmacy Service Providers|Pharmacist|Oncology,disallowed
"Horizon Pharma USA, Inc.",No,,DUEXIS-800mg Ibuprofen- 26.6mg Famotidine,Allopathic & Osteopathic Physicians|Family Medicine|Sports Medicine,disallowed
"EMPI, INC.",No,Osteogenesis Stimulators,,Allopathic & Osteopathic Physicians|Anesthesiology,disallowed
"Merz North America, Inc.",No,Radiesse,,Allopathic & Osteopathic Physicians|Preventive Medicine|Preventive Medicine/Occupational Environmental Medicine,disallowed
SANOFI-AVENTIS U.S. LLC,No,,APIDRA,Podiatric Medicine & Surgery Service Providers|Podiatrist,disallowed
"Sorin Group USA, Inc",No,Bioprosthetic Valve,,Allopathic & Osteopathic Physicians|Internal Medicine|Critical Care Medicine,disallowed
"NeuroPace, Inc.",No,RNS System,,Allopathic & Osteopathic Physicians|Psychiatry & Neurology|Neurology,disallowed
Reckitt Benckiser Pharmaceuticals Inc.,No,,SUBOXONE SUBLINGUAL FILM,Ambulatory Health Care Facilities|Clinic/Center|Prison Health,disallowed
"Smith & Nephew, Inc.",No,"Trauma Plates, Screws, and Nails",,Allopathic & Osteopathic Physicians|Orthopaedic Surgery,disallowed
"FOREST PHARMACEUTICALS, INC.",No,,,Allopathic & Osteopathic Physicians|Emergency Medicine|Emergency Medical Services,disallowed
"Meda Pharmaceuticals, Inc.",No,,Dymista,Allopathic & Osteopathic Physicians|Anesthesiology|Pain Medicine,disallowed
"Genentech, Inc.",No,,,Allopathic & Osteopathic Physicians|Internal Medicine|Infectious Disease,disallowed
"AbbVie, Inc.",No,,Androgel,Allopathic & Osteopathic Physicians|Nuclear Medicine,disallowed
Promius Pharma LLC,No,,CLODERM CREAM,Allopathic & Osteopathic Physicians|Plastic Surgery,disallowed
"Vital Images, Inc.",No,VitreaAdvanced,,Allopathic & Osteopathic Physicians|Radiology|Neuroradiology,disallowed
"UCB, Inc.",No,,Cimzia,Allopathic & Osteopathic Physicians|Obstetrics & Gynecology,disallowed
Covidien Sales LLC,No,Sutures,,Allopathic & Osteopathic Physicians|Family Medicine,disallowed
"FOREST PHARMACEUTICALS, INC.",No,,FETZIIMA,Allopathic & Osteopathic Physicians|Family Medicine,disallowed
"BTG International, Inc.",No,,CROFAB,Allopathic & Osteopathic Physicians|Internal Medicine|Hematology & Oncology,disallowed
"Boehringer Ingelheim Pharmaceuticals, Inc.",No,,SPIRIVA,Allopathic & Osteopathic Physicians|Psychiatry & Neurology|Clinical Neurophysiology,disallowed
"DFINE, Inc",No,StabiliT,,Allopathic & Osteopathic Physicians|Pain Medicine|Interventional Pain Medicine,disallowed
"DJO, LLC",No,Orthoses  Off-The-Shelf,,Allopathic & Osteopathic Physicians|Internal Medicine,disallowed
CSL Behring,No,,Berinert,Allopathic & Osteopathic Physicians|Internal Medicine|Cardiovascular Disease,disallowed
Cook Incorporated,No,AI - AAA,,Allopathic & Osteopathic Physicians|Family Medicine,disallowed
Ethicon Inc.,No,,Evicel,Allopathic & Osteopathic Physicians|Surgery|Surgical Critical Care,disallowed
Septodont Inc.,No,,ORAVERSE,,allowed
Pfizer Inc.,No,,ELIQUIS,Allopathic & Osteopathic Physicians|Otolaryngology,disallowed
Sanofi Pasteur Inc.,No,,FLUZONE INTRADERMAL,Allopathic & Osteopathic Physicians|Surgery,disallowed
Sunovion Pharmaceuticals Inc.,No,,Zetonna,Allopathic & Osteopathic Physicians|Allergy & Immunology,disallowed
Covidien Sales LLC,No,Endo Stapling,,Allopathic & Osteopathic Physicians|Pediatrics|Neonatal-Perinatal Medicine,disallowed
Stryker Corporation,No,KNEES,,Allopathic & Osteopathic Physicians|Orthopaedic Surgery,allowed
"FOREST PHARMACEUTICALS, INC.",No,,NAMENDA XR,Allopathic & Osteopathic Physicians|Psychiatry & Neurology|Neurology with Special Qualifications in Child Neurology,disallowed
"Cardinal Health 200, LLC",No,ENDOTRACHEAL TUBES,,Allopathic & Osteopathic Physicians|Surgery,disallowed
Astellas Pharma US Inc,No,,Prograf,Allopathic & Osteopathic Physicians|Transplant Surgery,disallowed
"Cumberland Pharmaceuticals, Inc.",No,,Kristalose 10gm,Allopathic & Osteopathic Physicians|Internal Medicine,disallowed
"LILLY USA, LLC",No,,,Allopathic & Osteopathic Physicians|Family Medicine|Geriatric Medicine,disallowed
Cubist Pharmaceuticals Inc,No,,Anti-Bacterial,Allopathic & Osteopathic Physicians|Colon & Rectal Surgery,disallowed
"Hospira Worldwide, Inc.",No,,Epoetin Hospira,Allopathic & Osteopathic Physicians|Internal Medicine|Nephrology,allowed
Stryker Corporation,No,THORACO-LUMBAR,,Allopathic & Osteopathic Physicians|Internal Medicine|Pulmonary Disease,disallowed
"Becton, Dickinson and Company",No,Biosciences,,Allopathic & Osteopathic Physicians|Pathology|Anatomic Pathology & Clinical Pathology,disallowed
"Janssen Biotech, Inc.",No,,Zytiga,Allopathic & Osteopathic Physicians|Pathology|Blood Banking & Transfusion Medicine,disallowed
Cordis Corporation,No,CardiovascularEndovascular,,Allopathic & Osteopathic Physicians|Radiology|Diagnostic Radiology,disallowed
AstraZeneca Pharmaceuticals LP,No,,SYMBICORT,Allopathic & Osteopathic Physicians|Internal Medicine|Geriatric Medicine,disallowed
Astellas Pharma US Inc,No,,VESIcare,Allopathic & Osteopathic Physicians|Allergy & Immunology|Allergy,disallowed
PFIZER PHARMACEUTICALS LLC,No,,PREVNAR - 13,Allopathic & Osteopathic Physicians|Preventive Medicine|Public Health & General Preventive Medicine,disallowed
"Medtronic USA, Inc.",No,Deep Brain Neurostimulation,,Allopathic & Osteopathic Physicians|Physical Medicine & Rehabilitation|Pain Medicine,disallowed
Cornerstone Therapeutics Inc.,No,,CARDENE IV 20mg Sodium Chloride,Allopathic & Osteopathic Physicians|Emergency Medicine|Emergency Medical Services,disallowed
Spectrum Pharmaceuticals Inc.,No,,Zevalin,Allopathic & Osteopathic Physicians|Plastic Surgery,disallowed
"Medtronic Sofamor Danek USA, Inc.",No,Interventional Therapies,,Allopathic & Osteopathic Physicians|Psychiatry & Neurology|Pain Medicine,disallowed
"MedImmune, LLC",No,,SYNAGIS,Dental Providers|Dentist|Pediatric Dentistry,disallowed
HOLOGIC INC,No,Celero,,Allopathic & Osteopathic Physicians|Radiology|Diagnostic Radiology,disallowed
Novartis Pharmaceuticals Corporation,No,,EXELON PATCH,Allopathic & Osteopathic Physicians|Internal Medicine|Allergy & Immunology,disallowed
Agfa HealthCare Corporation,No,NX Cathether Processing,,,disallowed
"Penumbra, Inc.",No,Penumbra Coil 400,,Allopathic & Osteopathic Physicians|Radiology|Diagnostic Radiology,disallowed
Merck Sharp & Dohme Corporation,No,,NON-PRODUCT,Allopathic & Osteopathic Physicians|Preventive Medicine|Aerospace Medicine,disallowed
INNOCUTIS Holdings LLC,No,,BIONECT,Other Service Providers|Specialist,disallowed
Bayer HealthCare LLC,No,,Gadavist,Allopathic & Osteopathic Physicians|Pediatrics,disallowed
Baxter Healthcare,No,,BioTherapeutics - GAMMAGARD-KIOVIG,Allopathic & Osteopathic Physicians|Allergy & Immunology,disallowed
Amgen Inc.,No,,Vectibix,Other Service Providers|Specialist,disallowed
"Teva Pharmaceuticals USA, Inc.",No,,FENTORA,Allopathic & Osteopathic Physicians|Internal Medicine|Cardiovascular Disease,disallowed
"DFINE, Inc",No,StabiliT,,Allopathic & Osteopathic Physicians|Internal Medicine,disallowed
HOLOGIC INC,No,Myosure,,Allopathic & Osteopathic Physicians|Pediatrics,disallowed
"Grifols, Inc.",No,,Gamunex-C,,allowed
"Integra York PA, Inc.",No,Niti Endodontic Files,,Dental Providers|Dentist|Endodontics,disallowed
"LILLY USA, LLC",No,,TRADJENTA,Allopathic & Osteopathic Physicians|Surgery,disallowed
Mylan Specialty L.P.,No,,Perforomist,Allopathic & Osteopathic Physicians|Internal Medicine|Infectious Disease,disallowed
"LILLY USA, LLC",No,,CIALIS,Chiropractic Providers|Chiropractor|Radiology,disallowed
Pfizer Inc.,No,,ZYVOX,Allopathic & Osteopathic Physicians|Obstetrics & Gynecology|Gynecology,disallowed
"Medtronic Vascular, Inc.",No,Cardiac Resynchronization Therapy - CRT,,,allowed
"Nihon Kohden America, Inc.",No,BSM-6000,,,disallowed
"FOREST PHARMACEUTICALS, INC.",No,,LINZESS,Allopathic & Osteopathic Physicians|Pathology|Anatomic Pathology,disallowed
"Janssen Pharmaceuticals, Inc",No,,Zytiga,Allopathic & Osteopathic Physicians|Emergency Medicine,disallowed
Astellas Pharma US Inc,No,,Myrbetriq,Allopathic & Osteopathic Physicians|Internal Medicine|Cardiovascular Disease,disallowed
CSL Behring,No,,Kcentra Beriplex,Allopathic & Osteopathic Physicians|Hospitalist,disallowed
"Teva Pharmaceuticals USA, Inc.",No,,AMRIX,Allopathic & Osteopathic Physicians|Orthopaedic Surgery,disallowed
Roche Products Limited,No,,Non-Covered Product,Allopathic & Osteopathic Physicians|Medical Genetics|Clinical Genetics (M.D.),disallowed
Shire US Holdings,No,,INTUNIV,Allopathic & Osteopathic Physicians|Allergy & Immunology|Allergy,disallowed
Dental Equipment LLC,No,General Dentistry,,Dental Providers|Dentist|Prosthodontics,disallowed
SANOFI US SERVICES INC.,No,,,Allopathic & Osteopathic Physicians|Allergy & Immunology|Allergy,allowed
Duchesnay USA Incorporated,No,,Diclegis,Other Service Providers|Legal Medicine,disallowed
"AbbVie, Inc.",No,,,Allopathic & Osteopathic Physicians|Preventive Medicine|Preventive Medicine/Occupational Environmental Medicine,disallowed
Stryker Corporation,No,TRAUMA and EXTREMITIES,,Allopathic & Osteopathic Physicians|Plastic Surgery|Surgery of the Hand,disallowed
ELLMAN INTERNATIONAL,No,Lasers,,Allopathic & Osteopathic Physicians|Ophthalmology,disallowed
Cook Incorporated,No,PI - Balloon-Expanding Stent,,Allopathic & Osteopathic Physicians|Pediatrics,disallowed
Mentor Worldwide LLC,No,Reconstruction,,Allopathic & Osteopathic Physicians|Internal Medicine|Cardiovascular Disease,disallowed
Philips Electronics North America Corporation,No,Interventional X-Ray,,Allopathic & Osteopathic Physicians|Radiology|Body Imaging,disallowed
Daiichi Sankyo Inc.,No,,Benicar,Chiropractic Providers|Chiropractor,disallowed
"SeaSpine, Inc.",No,Sierra,,Allopathic & Osteopathic Physicians|Neurological Surgery,disallowed
Sorin Group USA Inc.,No,All Sorin CP,,"Student, Health Care|Student in an Organized Health Care Education/Training Program",disallowed
"Ironwood Pharmaceuticals, Inc",No,,LINZESS 145 mcg,Ambulatory Health Care Facilities|Clinic/Center|Prison Health,disallowed
Mallinckrodt LLC,No,,Sumavel DosePro,Allopathic & Osteopathic Physicians|Physical Medicine & Rehabilitation|Pain Medicine,disallowed
"Medtronic Vascular, Inc.",No,Ablation,,Allopathic & Osteopathic Physicians|Hospitalist,disallowed
"Teva Pharmaceuticals USA, Inc.",No,,NUVIGIL,Allopathic & Osteopathic Physicians|Urology|Pediatric Urology,disallowed
"Par Pharmaceutical, Inc.",No,,"NASCOBAL CYANOCOBALAMIN, USP",Podiatric Medicine & Surgery Service Providers|Podiatrist,disallowed
Daiichi Sankyo Inc.,No,,Tribenzor,Other Service Providers|Legal Medicine,disallowed
"GlaxoSmithKline, LLC.",No,,BENLYSTA,Allopathic & Osteopathic Physicians|Family Medicine,disallowed
Ethicon Endo-Surgery Inc.,No,Energy# Harmonic,,Allopathic & Osteopathic Physicians|Plastic Surgery,disallowed
Johnson & Johnson Health Care Systems Inc.,No,,Remicade,,disallowed
"Millennium Pharmaceuticals, Inc.",No,,,Allopathic & Osteopathic Physicians|Allergy & Immunology,disallowed
LEO Pharma Inc.,No,,TACLONEX,Allopathic & Osteopathic Physicians|Internal Medicine,disallowed
Cardiovascular Systems Inc.,No,Atherectomy Device,,Allopathic & Osteopathic Physicians|Obstetrics & Gynecology|Gynecology,disallowed
Jazz Pharmaceuticals Inc.,No,,Xyrem,Allopathic & Osteopathic Physicians|Internal Medicine|Pulmonary Disease,disallowed
LifeCell Corporation,No,AlloDerm,,Allopathic & Osteopathic Physicians|Surgery|Surgical Critical Care,disallowed
Covidien Sales LLC,No,Compression,,Allopathic & Osteopathic Physicians|Orthopaedic Surgery|Orthopaedic Surgery of the Spine,disallowed
American Medical Systems Inc.,No,Monarc,,Allopathic & Osteopathic Physicians|Family Medicine,disallowed
HZNP USA Inc.,No,,Actimmune,Allopathic & Osteopathic Physicians|Pediatrics|Pediatric Infectious Diseases,disallowed
Ethicon Inc.,No,Sutures,,Allopathic & Osteopathic Physicians|Surgery|Trauma Surgery,disallowed
Bayer HealthCare Pharmaceuticals Inc.,No,,Eovist,Allopathic & Osteopathic Physicians|Pediatrics|Pediatric Hematology-Oncology,disallowed
"Biogen, Inc.",No,,ZINBRYTA,,allowed
"BTG International, Inc.",No,,CROFAB,Allopathic & Osteopathic Physicians|Pediatrics|Pediatric Hematology-Oncology,disallowed
"Genentech USA, Inc.",No,,Xolair,Allopathic & Osteopathic Physicians|Allergy & Immunology|Clinical & Laboratory Immunology,disallowed
"FOREST PHARMACEUTICALS, INC.",No,,NAMENDA,Allopathic & Osteopathic Physicians|Neuromusculoskeletal Medicine & OMM,disallowed
EKOS Corporation,No,EKOSONIC,,Allopathic & Osteopathic Physicians|Family Medicine,disallowed
Novartis Pharmaceuticals Corporation,No,,CTL019,,disallowed
Boston Scientific Corporation,No,OTHER,,Allopathic & Osteopathic Physicians|Surgery|Pediatric Surgery,disallowed
"Genentech, Inc.",No,,Xolair,,disallowed
DePuy Synthes Sales Inc.,No,Trauma,,Allopathic & Osteopathic Physicians|Pediatrics,disallowed
Sanofi Pasteur Inc.,No,,,Allopathic & Osteopathic Physicians|General Practice,disallowed
"NPS Pharmaceuticals, Inc.",No,,GATTEX,Allopathic & Osteopathic Physicians|Plastic Surgery,allowed
Purdue Transdermal Technologies L.P.,No,,BUTRANS,"Allopathic & Osteopathic Physicians|Internal Medicine|Endocrinology, Diabetes & Metabolism",disallowed
"Biomet Orthopedics, LLC",No,Ortho - General,,,allowed
Alcon Laboratories Inc,No,,Azopt,Allopathic & Osteopathic Physicians|Internal Medicine,disallowed
"W. L. Gore & Associates, Inc.",No,PROPATEN Vascular Graft,,Allopathic & Osteopathic Physicians|Anesthesiology,disallowed
BioHorizons Implant Systems Inc.,No,BioHorizons Dental Implants,,Dental Providers|Dentist|Endodontics,disallowed
Implant Direct Sybron International LLC,No,LOANER,,Dental Providers|Dentist,disallowed
"Janssen Scientific Affairs, LLC",No,,Invega Sustenna,Allopathic & Osteopathic Physicians|Pathology|Anatomic Pathology,disallowed
"Siemens Medical Solutions USA, Inc.",No,HS - incl. all products and services,,Eye and Vision Services Providers|Optometrist,disallowed
Pfizer Inc.,No,,PRISTIQ,Allopathic & Osteopathic Physicians|Ophthalmology,disallowed
Bioventus LLC,No,Exogen,,Allopathic & Osteopathic Physicians|Family Medicine|Geriatric Medicine,disallowed
Merck Sharp & Dohme Corporation,No,,MK-4305,,allowed
Merck Sharp & Dohme Corporation,No,,NON-PRODUCT,Allopathic & Osteopathic Physicians|Urology|Pediatric Urology,disallowed
Exelixis Inc.,No,,,Allopathic & Osteopathic Physicians|Psychiatry & Neurology|Neurology,disallowed
Biogen Idec Inc.,No,,TECFIDERA,Eye and Vision Services Providers|Technician/Technologist|Ophthalmic Assistant,disallowed
"EMD Serono, Inc.",No,,Serostim,Allopathic & Osteopathic Physicians|Internal Medicine|Gastroenterology,disallowed
"Abraxis BioScience, LLC",No,,Abraxane,Other Service Providers|Specialist,disallowed
Orthofix International N.V.,No,Orthopedics-Internal Fixation-Ankle Compression Nail,,Podiatric Medicine & Surgery Service Providers|Podiatrist,disallowed
Baxter Healthcare,No,,Fluid Systems  - Infusion Systems,Allopathic & Osteopathic Physicians|Anesthesiology,disallowed
Kensey Nash,No,XCM Biologic Tissue Matrix,,Allopathic & Osteopathic Physicians|Surgery,disallowed
"Henry Schein, Inc.",No,Equipment  Large Small High Tech,,Allopathic & Osteopathic Physicians|Ophthalmology,disallowed
"St. Jude Medical, Inc.",No,Neuro-Chronic Pain,,Allopathic & Osteopathic Physicians|Orthopaedic Surgery|Hand Surgery,disallowed
"BIOLASE, INC.",No,Waterlase iPlus,,Other Service Providers|Specialist,disallowed
"Medimetriks Pharmaceuticals, Inc.",No,,Clindacin Pac,Allopathic & Osteopathic Physicians|Pediatrics,disallowed
"Roxane Laboratories, Inc.",No,,Fluticasone Salmeterol,,allowed
TEI Biosciences Inc,No,PriMatrix,PriMatrix,Allopathic & Osteopathic Physicians|Plastic Surgery|Surgery of the Hand,disallowed
Duchesnay USA Incorporated,No,,Diclegis,Allopathic & Osteopathic Physicians|Obstetrics & Gynecology|Maternal & Fetal Medicine,disallowed
"Salix Pharmaceuticals, Ltd",No,,FULYZAQ,Allopathic & Osteopathic Physicians|Internal Medicine|Pulmonary Disease,disallowed
Sandoz Inc.,No,,VEREGEN,Allopathic & Osteopathic Physicians|Obstetrics & Gynecology|Gynecology,disallowed
"PENTAX of America, Inc.",No,Gastroenterology,,Allopathic & Osteopathic Physicians|Internal Medicine|Pulmonary Disease,disallowed
"Medtronic Sofamor Danek USA, Inc.",No,Biologics Therapies,,Allopathic & Osteopathic Physicians|Orthopaedic Surgery|Sports Medicine,disallowed
Baxter Healthcare,No,,,Allopathic & Osteopathic Physicians|Physical Medicine & Rehabilitation|Pain Medicine,disallowed
DePuy Synthes Products LLC,Yes,,,Allopathic & Osteopathic Physicians|Oral & Maxillofacial Surgery,disallowed
"Medtronic Vascular, Inc.",No,Implantable Cardioverter Defibrillators - ICDs,,Allopathic & Osteopathic Physicians|Nuclear Medicine|Nuclear Cardiology,disallowed
"Genentech, Inc.",No,,Rituxan,Allopathic & Osteopathic Physicians|Internal Medicine|Pulmonary Disease,disallowed
"AKRIMAX PHARMACEUTICALS, LLC",No,,PRIMLEV,Allopathic & Osteopathic Physicians|Family Medicine,disallowed
"Horizon Pharma USA, Inc.",No,,RAYOS-1mg Prednisone,Allopathic & Osteopathic Physicians|Hospitalist,disallowed
Alcon Laboratories Inc,No,,,Allopathic & Osteopathic Physicians|Nuclear Medicine,disallowed
HF Acquisition Co. LLC,No,Other Clinical Products  Supplies,,Dental Providers|Dentist|Pediatric Dentistry,disallowed
Shire US Holdings,No,,FIRAZYR,Allopathic & Osteopathic Physicians|Psychiatry & Neurology|Neurology,disallowed
Stryker Corporation,No,BONE SUBSTITUTESBIOLOGICS,,Podiatric Medicine & Surgery Service Providers|Podiatrist|Foot & Ankle Surgery,disallowed
"Janssen Biotech, Inc.",No,,Remicade,Allopathic & Osteopathic Physicians|Pathology|Clinical Pathology/Laboratory Medicine,disallowed
"Arthrex, Inc.",No,ARTHREX PRODUCT LINE ARTHROPLASTY,,Other Service Providers|Specialist,disallowed
"Meda Pharmaceuticals, Inc.",No,,Dymista,Podiatric Medicine & Surgery Service Providers|Podiatrist|Foot & Ankle Surgery,disallowed
Pfizer Inc.,No,,PREVNAR  13,Allopathic & Osteopathic Physicians|Internal Medicine|Nephrology,disallowed
"MedImmune, LLC",No,,,Eye and Vision Services Providers|Optometrist,disallowed
"EMD Serono, Inc.",No,,Gonal-f,Allopathic & Osteopathic Physicians|Radiology|Radiation Oncology,disallowed
"Alere San Diego, Inc.",No,Triage,,"Allopathic & Osteopathic Physicians|Internal Medicine|Endocrinology, Diabetes & Metabolism",disallowed
"Spine Wave, Inc.",No,Expandable ALIF,,Allopathic & Osteopathic Physicians|Orthopaedic Surgery|Orthopaedic Surgery of the Spine,disallowed
"CARDIVA MEDICAL, INC.",No,Vascular Closure Device,,Other Service Providers|Specialist,disallowed
Allergan Inc.,No,,BOTOX,Allopathic & Osteopathic Physicians|Surgery|Plastic and Reconstructive Surgery,disallowed
"Biomet Microfixation, LLC",No,MICROFIXATION - THORACIC,,Allopathic & Osteopathic Physicians|Thoracic Surgery (Cardiothoracic Vascular Surgery),disallowed
Lundbeck LLC,No,,ONFI,Dental Providers|Dentist|General Practice,disallowed
Boston Scientific Corporation,No,ANGIOPLASTY,,Allopathic & Osteopathic Physicians|Internal Medicine|Rheumatology,disallowed
"U.S.S.C. Puerto Rico, Inc.",No,Sutures,,Allopathic & Osteopathic Physicians|Surgery,disallowed
"AbbVie, Inc.",No,,Androgel,Allopathic & Osteopathic Physicians|Internal Medicine|Rheumatology,disallowed
Novo Nordisk Inc,No,,Victoza,Allopathic & Osteopathic Physicians|Pediatrics|Pediatric Endocrinology,disallowed
"AbbVie, Inc.",No,,Lupron,Allopathic & Osteopathic Physicians|Pediatrics|Adolescent Medicine,disallowed
"Hu-Friedy Mfg. Co., LLC",No,Ultrasonic Scaling,,Eye and Vision Services Providers|Optometrist,disallowed
Luitpold Pharmaceuticals Inc,No,Sprix,Sprix,Allopathic & Osteopathic Physicians|Internal Medicine|Gastroenterology,disallowed
Novartis Pharmaceuticals Corporation,No,,TASIGNA,Allopathic & Osteopathic Physicians|Obstetrics & Gynecology,disallowed
"UCB, Inc.",No,,,Allopathic & Osteopathic Physicians|Orthopaedic Surgery,disallowed
SANOFI-AVENTIS U.S. LLC,No,,,Allopathic & Osteopathic Physicians|Pathology|Hematology,disallowed
"Siemens Medical Solutions USA, Inc.",No,MR - MRI,,Allopathic & Osteopathic Physicians|Internal Medicine|Cardiovascular Disease,disallowed
"Genentech USA, Inc.",No,,Activase,Allopathic & Osteopathic Physicians|Obstetrics & Gynecology,disallowed
"Actelion Pharmaceuticals, Ltd",No,,TRACLEER BOSENTAN,,allowed
"Vascular Solutions, Inc.",No,Cardiovascular Products,,Allopathic & Osteopathic Physicians|Emergency Medicine,disallowed
"Bard Peripheral Vascular, Inc.",No,Vascular,,Allopathic & Osteopathic Physicians|Internal Medicine|Cardiovascular Disease,disallowed
"Nonin Medical, Inc.",No,Regional Oximeters,,Allopathic & Osteopathic Physicians|Surgery,allowed
"Hu-Friedy Mfg. Co., LLC",No,Instrument Management,,Dental Providers|Dentist|Prosthodontics,disallowed
Eisai Inc.,No,,Lenvima,Allopathic & Osteopathic Physicians|Internal Medicine|Hematology,disallowed
AstraZeneca Pharmaceuticals LP,No,,BRILINTA,Allopathic & Osteopathic Physicians|Internal Medicine|Sleep Medicine,disallowed
"Genentech, Inc.",No,,,Allopathic & Osteopathic Physicians|Dermatology|MOHS-Micrographic Surgery,disallowed
Ethicon Inc.,No,BioPatch,,Other Service Providers|Specialist,disallowed
Warner Chilcott LLC,No,,ATELVIA,Allopathic & Osteopathic Physicians|Physical Medicine & Rehabilitation|Pain Medicine,disallowed
HOLOGIC INC,No,Sureswab,,Allopathic & Osteopathic Physicians|Obstetrics & Gynecology,disallowed
"W. L. Gore & Associates, Inc.",No,ACUSEAL Vascular Graft,,Allopathic & Osteopathic Physicians|Internal Medicine,disallowed
"Santarus, Inc",No,,Glumetza,Allopathic & Osteopathic Physicians|Pediatrics,disallowed
"FUJIFILM SonoSite, Inc.",No,SONOSITE EDGE ULTRASOUND SYSTEM,,Allopathic & Osteopathic Physicians|Physical Medicine & Rehabilitation|Sports Medicine,disallowed
"Regeneron Pharmaceuticals, Inc.",No,,,Allopathic & Osteopathic Physicians|Internal Medicine,disallowed
"SeaSpine, Inc.",No,Spine-New Product in Development,,Allopathic & Osteopathic Physicians|Orthopaedic Surgery,disallowed
AstraZeneca Pharmaceuticals LP,No,,BRILINTA,Allopathic & Osteopathic Physicians|Family Medicine,allowed
PFIZER INC.,No,,XALKORI,Allopathic & Osteopathic Physicians|Internal Medicine|Medical Oncology,disallowed
"Teva Pharmaceuticals USA, Inc.",No,,AZILECT,Allopathic & Osteopathic Physicians|General Practice,disallowed
Johnson & Johnson Health Care Systems Inc.,No,,,Allopathic & Osteopathic Physicians|Psychiatry & Neurology|Forensic Psychiatry,disallowed
"BioHorizons Implant Systems, Inc.",No,Dental Prosthetics,,Dental Providers|Dentist|General Practice,disallowed
AstraZeneca Pharmaceuticals LP,No,,,Dental Providers|Dentist|General Practice,disallowed
Edwards Lifesciences Corporation,No,Minimal Incision Valve Surgery,,Allopathic & Osteopathic Physicians|Surgery|Vascular Surgery,disallowed
Bayer HealthCare LLC,No,Contour,,Allopathic & Osteopathic Physicians|Hospitalist,disallowed
"Everett Laboratories, Inc",No,,Select-OB DHA Caplets,Allopathic & Osteopathic Physicians|General Practice,disallowed
Stryker Corporation,No,TRAUMA & EXTREMITIES,,Dental Providers|Dentist|General Practice,disallowed
SANOFI-AVENTIS U.S. LLC,No,Surgical Adhesion Barrier,,Allopathic & Osteopathic Physicians|Dermatology|Procedural Dermatology,disallowed
"Janssen Pharmaceuticals, Inc",No,,Xarelto,Allopathic & Osteopathic Physicians|Emergency Medicine|Pediatric Emergency Medicine,disallowed
"Devicor Medical Products, Inc.",No,Elite,,Allopathic & Osteopathic Physicians|Radiology|Body Imaging,disallowed
KLS Martin L.P.,No,Surgical Planning,,Dental Providers|Dentist|Prosthodontics,disallowed
"Tosoh Bioscience, Inc.",No,,,Allopathic & Osteopathic Physicians|Pathology|Anatomic Pathology,disallowed
"Mercedes Medical, LLC",No,Reagent Ac T Tainer 4L,,Allopathic & Osteopathic Physicians|Family Medicine,disallowed
Eisai Inc.,No,,Belviq,Allopathic & Osteopathic Physicians|Radiology|Diagnostic Radiology,disallowed
"Millennium Pharmaceuticals, Inc.",No,,ADCETRIS,Allopathic & Osteopathic Physicians|Dermatology,disallowed
Covidien Sales LLC,No,Interventional Lung Solutions,,Allopathic & Osteopathic Physicians|Psychiatry & Neurology|Psychiatry,disallowed
Covidien Sales LLC,No,Vascular,,Allopathic & Osteopathic Physicians|Hospitalist,disallowed
"AbbVie, Inc.",No,,,Allopathic & Osteopathic Physicians|Internal Medicine|Rheumatology,disallowed
"E.R. Squibb & Sons, L.L.C.",No,,ORENCIA,Allopathic & Osteopathic Physicians|Urology,disallowed
Novadaq Technologies Inc.,No,PINPOINT,,Allopathic & Osteopathic Physicians|Obstetrics & Gynecology,disallowed
Cook Incorporated,No,SUR - SIS,,Nursing Service Providers|Registered Nurse|Community Health,disallowed
"EMD Serono, Inc.",No,,Rebif,Allopathic & Osteopathic Physicians|Psychiatry & Neurology|Neurology,disallowed
Philips Electronics North America Corporation,No,Interventional X-Ray,,Allopathic & Osteopathic Physicians|Anesthesiology|Pain Medicine,disallowed
SANOFI-AVENTIS U.S. LLC,No,,JEVTANA,Dental Providers|Dentist|General Practice,disallowed
"Medtronic Sofamor Danek USA, Inc.",No,Interventional Therapies,,"Allopathic & Osteopathic Physicians|Internal Medicine|Endocrinology, Diabetes & Metabolism",disallowed
Zogenix Inc.,No,,Sumavel DosePro,Allopathic & Osteopathic Physicians|Internal Medicine|Medical Oncology,disallowed
LEO Pharma Inc.,No,,,Allopathic & Osteopathic Physicians|Dermatology,disallowed
Cepheid,No,Xpert SA Nasal Complete,,,disallowed
Philips Electronics North America Corporation,No,Interventional X-Ray,,Other Service Providers|Specialist,disallowed
Cook Incorporated,No,Interventional Radiology,,,disallowed
"Ventana Medical Systems, Inc.",No,RTD - Advanced Staining - instruments-assays,,Allopathic & Osteopathic Physicians|Pathology|Hematology,disallowed
"Lupin Pharmaceuticals, Inc",No,,Suprax,Allopathic & Osteopathic Physicians|Internal Medicine|Adolescent Medicine,disallowed
"Takeda Pharmaceuticals America, Inc.",No,,AMITIZA,Allopathic & Osteopathic Physicians|Urology,disallowed
Gyrus Medical GmbH,No,ENT Products,,,disallowed
"Janssen Biotech, Inc.",No,,Zytiga,Allopathic & Osteopathic Physicians|Ophthalmology,disallowed
Edwards Lifesciences Corporation,No,Pressure Monitoring,,Allopathic & Osteopathic Physicians|Surgery,disallowed
Ethicon Inc.,No,Advanced Wound Care,,Dental Providers|Dentist,disallowed
Roche Diagnostics International Ltd,No,PD - CD Lab Operations,,Allopathic & Osteopathic Physicians|Internal Medicine|Cardiovascular Disease,disallowed
Dendreon Corporation,No,,SIPULEUCEL-T,,allowed
"DentalEZ, Inc.",No,Slow speed accessories,,Dental Providers|Dentist|General Practice,disallowed
DePuy Synthes Sales Inc.,No,Spine,,Allopathic & Osteopathic Physicians|Emergency Medicine,disallowed
"Onyx Pharmaceuticals, Inc., an Amgen subsidiary",No,,Nexavar,Allopathic & Osteopathic Physicians|Radiology|Vascular & Interventional Radiology,disallowed
Amgen Inc.,No,,Prolia,Other Service Providers|Specialist,disallowed
"Medtronic Xomed, Inc.",No,Image Guided Surgery Products,,Allopathic & Osteopathic Physicians|Orthopaedic Surgery|Orthopaedic Surgery of the Spine,disallowed
"ACE Surgical Supply Co., Inc.",No,infinity INTERNAL 3.7x11.5MM 3.5HD HEX IMPLANT,,,disallowed
TERUMO MEDICAL CORPORATION,No,INTERVENTIONAL PRODUCT,,Allopathic & Osteopathic Physicians|Internal Medicine|Nephrology,disallowed
Amgen Inc.,No,,Prolia,Allopathic & Osteopathic Physicians|Family Medicine|Sports Medicine,disallowed
"Noven Therapeutics, LLC",No,,BRISDELLE,Allopathic & Osteopathic Physicians|General Practice,disallowed
Cook Incorporated,No,PI - Micropuncture,,Allopathic & Osteopathic Physicians|Internal Medicine|Interventional Cardiology,disallowed
Ethicon Inc.,No,Sutures,,Allopathic & Osteopathic Physicians|Family Medicine,disallowed
"Arthrex, Inc.",No,ARTHREX PRODUCT LINE IMAGING & RESECTION,,Allopathic & Osteopathic Physicians|Orthopaedic Surgery|Sports Medicine,disallowed
"Active Medical, LLC",No,,ARTHREX PRODUCT LINE BIOLOGICS,Allopathic & Osteopathic Physicians|Orthopaedic Surgery,disallowed
Convatec Inc.,No,WOUND THERAPEUTICS,,Allopathic & Osteopathic Physicians|Orthopaedic Surgery,disallowed
Amgen Inc.,No,,Enbrel,Allopathic & Osteopathic Physicians|Pathology|Clinical Pathology/Laboratory Medicine,disallowed
Purdue Pharma L.P.,No,,,Allopathic & Osteopathic Physicians|Internal Medicine|Adolescent Medicine,disallowed
HOLOGIC INC,No,Myosure,,Allopathic & Osteopathic Physicians|Allergy & Immunology|Allergy,disallowed
The Medicines Company,No,,,,disallowed
"Janssen Scientific Affairs, LLC",No,,Stelara,"Student, Health Care|Student in an Organized Health Care Education/Training Program",disallowed
"Cumberland Pharmaceuticals, Inc.",No,,Caldolor,Allopathic & Osteopathic Physicians|Internal Medicine|Nephrology,disallowed
"Janssen Pharmaceuticals, Inc",No,,Invega Sustenna,Behavioral Health & Social Service Providers|Psychologist|Cognitive & Behavioral,disallowed
Baxter Healthcare,No,,BioSurgery - TISSEEL,Allopathic & Osteopathic Physicians|Family Medicine,disallowed
Stryker Corporation,No,KNEES,,Allopathic & Osteopathic Physicians|Obstetrics & Gynecology,disallowed
"Ivoclar Vivadent, Inc.",No,"IPS e.max CAD Crystallization Pins, IPS e.max CAD Speed Crystallization Kit",,Dental Providers|Dentist,disallowed
Johnson & Johnson Health Care Systems Inc.,No,Other#NA,,Allopathic & Osteopathic Physicians|Internal Medicine|Hematology & Oncology,disallowed
"Takeda Pharmaceuticals U.S.A., Inc.",No,,Nesina,Allopathic & Osteopathic Physicians|Internal Medicine|Adolescent Medicine,disallowed
Merck Sharp & Dohme Corporation,No,,INTEGRILIN,"Student, Health Care|Student in an Organized Health Care Education/Training Program",disallowed
"St. Jude Medical, Inc.",No,Neuro-Chronic Pain,,Chiropractic Providers|Chiropractor,disallowed
"Acorda Therapeutics, Inc",No,,AMPYRA,Allopathic & Osteopathic Physicians|Pathology|Anatomic Pathology & Clinical Pathology,disallowed
Safco Dental Supply Co.,No,Aquasil Ultra Cordless,,Dental Providers|Dentist|General Practice,disallowed
DePuy Synthes Sales Inc.,Yes,Spine,,Allopathic & Osteopathic Physicians|Orthopaedic Surgery,disallowed
Luitpold Pharmaceuticals Inc,No,Injectafer,Injectafer,Allopathic & Osteopathic Physicians|Emergency Medicine|Emergency Medical Services,disallowed
"CooperSurgical, Inc.",No,Laparoscopic Instruments,,Allopathic & Osteopathic Physicians|Obstetrics & Gynecology|Gynecology,disallowed
"Smith & Nephew, Inc.",No,Sports Med Shoulder,,Allopathic & Osteopathic Physicians|Orthopaedic Surgery|Pediatric Orthopaedic Surgery,disallowed
HOLOGIC INC,No,myosure,,Allopathic & Osteopathic Physicians|Obstetrics & Gynecology,disallowed
"BTG International, Inc.",No,,CROFAB,Allopathic & Osteopathic Physicians|Pediatrics,disallowed
Institute for Transfusion Medicine,No,,Blood,Other Service Providers|Specialist,allowed
"Synergetics USA, Inc",No,Other,,Other Service Providers|Specialist,disallowed
Luitpold Pharmaceuticals Inc,No,,Sprix,Allopathic & Osteopathic Physicians|Pain Medicine|Interventional Pain Medicine,disallowed
Covidien LP,No,,,,disallowed
"Takeda Pharmaceuticals America, Inc.",No,,Kazano,Allopathic & Osteopathic Physicians|Internal Medicine|Geriatric Medicine,disallowed
"Biomet Trauma, LLC",No,ORTHO - TRAUMA,,Allopathic & Osteopathic Physicians|Orthopaedic Surgery|Pediatric Orthopaedic Surgery,disallowed
SANOFI-AVENTIS U.S. LLC,No,,AFLIBERCEPT,Allopathic & Osteopathic Physicians|Radiology|Body Imaging,disallowed
Spectrum Pharmaceuticals Inc.,No,,Zevalin,Allopathic & Osteopathic Physicians|Internal Medicine|Hematology,disallowed
Merck Sharp & Dohme Corporation,No,,NON-PRODUCT,Allopathic & Osteopathic Physicians|Otolaryngology|Plastic Surgery within the Head & Neck,disallowed
Eisai Inc.,No,,Aloxi,,disallowed
NOVARTIS PHARMACEUTICALS CORPORATION,No,,PRADIGASTAT,"Allopathic & Osteopathic Physicians|Internal Medicine|Endocrinology, Diabetes & Metabolism",disallowed
"GlaxoSmithKline, LLC.",No,,,Allopathic & Osteopathic Physicians|Internal Medicine,disallowed
"Ivoclar Vivadent, Inc.",No,IPS e.max CAD CERECinLab HT A2 I125,,Dental Providers|Dentist|General Practice,disallowed
"Smith & Nephew, Inc.",No,"Trauma Plates, Screws, and Nails",,Allopathic & Osteopathic Physicians|Pathology|Forensic Pathology,disallowed
"ProStrakan, Inc.",No,,SANCUSO,Other Service Providers|Acupuncturist,disallowed
"FOREST PHARMACEUTICALS, INC.",No,,,Allopathic & Osteopathic Physicians|Ophthalmology,disallowed
Boston Scientific Corporation,No,OTHER,,Allopathic & Osteopathic Physicians|Family Medicine|Sports Medicine,disallowed
"Biomet Sports Medicine, LLC",No,SET - SPORTS MEDICINE,,Podiatric Medicine & Surgery Service Providers|Podiatrist,disallowed
Novartis Pharmaceuticals Corporation,No,,GLEEVEC,Allopathic & Osteopathic Physicians|Internal Medicine|Hematology & Oncology,allowed
"LeMaitre Vascular, Inc.",No,ANASTOCLIP,,Allopathic & Osteopathic Physicians|Orthopaedic Surgery,disallowed
The Medicines Company,No,,ANGIOMAX,Allopathic & Osteopathic Physicians|Anesthesiology,disallowed
Novartis Consumer Health Inc.,No,,,Allopathic & Osteopathic Physicians|Internal Medicine|Cardiovascular Disease,disallowed
Roche Diagnostics Corporation,No,PD - CD Reagents and Disease States,,Allopathic & Osteopathic Physicians|Pathology|Anatomic Pathology,disallowed
"Otsuka America Pharmaceutical, Inc.",No,,ABILIFY TABLET,Allopathic & Osteopathic Physicians|Internal Medicine|Critical Care Medicine,disallowed
Pfizer Inc.,No,,ELIQUIS,Allopathic & Osteopathic Physicians|Surgery|Vascular Surgery,disallowed
Halozyme Inc,No,,Hylenex,Allopathic & Osteopathic Physicians|Ophthalmology,disallowed
"Tandem Diabetes Care, Inc.",No,t-slim insulin pump,,Allopathic & Osteopathic Physicians|Family Medicine|Sports Medicine,disallowed
Stryker Corporation,No,HIPS,,Allopathic & Osteopathic Physicians|Orthopaedic Surgery|Adult Reconstructive Orthopaedic Surgery,allowed
"Vascular Solutions, Inc.",No,guardian,,Allopathic & Osteopathic Physicians|Radiology|Diagnostic Radiology,disallowed
"Renaissance Pharma, Inc.",No,,DENAVIR,Allopathic & Osteopathic Physicians|Internal Medicine|Medical Oncology,disallowed
"EMD Serono, Inc.",No,,Rebif,Allopathic & Osteopathic Physicians|Surgery,disallowed
"MRI Interventions, Inc.",Yes,ClearPoint System,,Allopathic & Osteopathic Physicians|Neurological Surgery,disallowed
Sunovion Pharmaceuticals Inc.,No,,Alvesco,"Allopathic & Osteopathic Physicians|Internal Medicine|Endocrinology, Diabetes & Metabolism",disallowed
Warner Chilcott LLC,No,,MINASTRIN 24 FE,Allopathic & Osteopathic Physicians|Psychiatry & Neurology|Psychiatry,disallowed
Orthofix International N.V.,No,Orthopedics-External Fixation,,Allopathic & Osteopathic Physicians|Family Medicine,disallowed
Cardiovascular Systems Inc.,No,Atherectomy Device,,Ambulatory Health Care Facilities|Clinic/Center|Research,disallowed
"Takeda Development Center Americas, Inc.",No,,Uloric,Allopathic & Osteopathic Physicians|Internal Medicine|Pulmonary Disease,allowed
"Endologix, Inc.",No,AFX,,"Student, Health Care|Student in an Organized Health Care Education/Training Program",disallowed
"Grifols USA, LLC",No,,Gamunex-C,Allopathic & Osteopathic Physicians|Psychiatry & Neurology|Psychiatry,disallowed
"Kowa Pharmaceuticals America, Inc.",No,,LIVALO,Allopathic & Osteopathic Physicians|Physical Medicine & Rehabilitation|Spinal Cord Injury Medicine,disallowed
"EMD Serono, Inc.",No,,Gonal-f,Allopathic & Osteopathic Physicians|Obstetrics & Gynecology,disallowed
"Janssen Pharmaceuticals, Inc",No,,Invega Sustenna,"Allopathic & Osteopathic Physicians|Internal Medicine|Endocrinology, Diabetes & Metabolism",disallowed
Novartis Pharmaceuticals Corporation,No,,NON BRAND,Behavioral Health & Social Service Providers|Counselor|Professional,disallowed
Astellas Pharma US Inc,No,,TARCEVA,Allopathic & Osteopathic Physicians|Surgery|Surgical Critical Care,disallowed
Novartis Pharmaceuticals Corporation,No,,SANDOSTATIN LAR,Allopathic & Osteopathic Physicians|Radiology|Diagnostic Radiology,disallowed
VOCO America Inc.,No,Rebuilda DC,,,disallowed
Novo Nordisk Inc,No,,NovoLog,Allopathic & Osteopathic Physicians|Obstetrics & Gynecology|Maternal & Fetal Medicine,disallowed
Luitpold Pharmaceuticals Inc,No,Sod Thiosulfate,Sod Thiosulfate,Allopathic & Osteopathic Physicians|Internal Medicine,disallowed
Bausch and Lomb Inc.,No,ENVISTA,,Allopathic & Osteopathic Physicians|Ophthalmology,disallowed
"Anika Therapeutics, Inc.",No,Hyalomatrix,,Allopathic & Osteopathic Physicians|Plastic Surgery,disallowed
"Janssen Pharmaceuticals, Inc",No,,Xarelto,Allopathic & Osteopathic Physicians|Family Medicine|Geriatric Medicine,disallowed
Daiichi Sankyo Inc.,No,,Welchol,Allopathic & Osteopathic Physicians|Internal Medicine|Sleep Medicine,disallowed
"Advanced Bionics, LLC",No,HiResolution Bionic Ear System,HiResolution Bionic Ear System,,allowed
"Brainlab, Inc.",No,Surgical planning and navigation radiation treatment planning and positioning,,"Student, Health Care|Student in an Organized Health Care Education/Training Program",disallowed
"US WORLDMEDS, LLC",No,,APOKYN,Allopathic & Osteopathic Physicians|Family Medicine,disallowed
"Merz North America, Inc.",No,Radiesse,,Allopathic & Osteopathic Physicians|Dermatology|Clinical & Laboratory Dermatological Immunology,disallowed
"W. L. Gore & Associates, Inc.",No,VIABAHN Endoprosthesis with Heparin Bioactive Surface,,Allopathic & Osteopathic Physicians|Radiology|Vascular & Interventional Radiology,disallowed
"Santarus, Inc",No,,Glumetza,Other Service Providers|Legal Medicine,disallowed
Merck Sharp & Dohme Corporation,No,,SAPHRIS,Allopathic & Osteopathic Physicians|Orthopaedic Surgery,allowed
Boston Scientific Corporation,No,CUTTING BALLOON CATHETER,,Allopathic & Osteopathic Physicians|Internal Medicine|Clinical Cardiac Electrophysiology,disallowed
Allergan Inc.,No,,ACULAR LS,Other Service Providers|Specialist,disallowed
Ortho Development Corporation,No,,,Allopathic & Osteopathic Physicians|Orthopaedic Surgery|Adult Reconstructive Orthopaedic Surgery,disallowed
ArthroCare Corporation,No,ENT Coblation,,Dental Providers|Dentist,disallowed
The Spectranetics Corporation,No,TURBO-TANDEM,,Allopathic & Osteopathic Physicians|Radiology|Vascular & Interventional Radiology,disallowed
"CooperSurgical, Inc.",No,Incontinence Products,,Allopathic & Osteopathic Physicians|Obstetrics & Gynecology|Obstetrics,disallowed
"Sysmex America, Inc.",No,XE Series,,,allowed
"Hill-Rom Company, Inc",No,Airway Clearance Device,,,disallowed
Luitpold Pharmaceuticals Inc,No,Injectafer,Injectafer,Allopathic & Osteopathic Physicians|Radiology|Radiation Oncology,disallowed
NOVARTIS PHARMACEUTICALS CORPORATION,No,,NON BRAND,Eye and Vision Services Providers|Optometrist,disallowed
Bayer HealthCare Pharmaceuticals Inc.,No,,Betaseron,Allopathic & Osteopathic Physicians|Pain Medicine|Pain Medicine,disallowed
"Regeneron Pharmaceuticals, Inc.",No,,,Eye and Vision Services Providers|Optometrist,disallowed
Ferring Pharmaceuticals Inc.,No,,,Other Service Providers|Specialist,disallowed
"W. L. Gore & Associates, Inc.",No,VIABAHN Endoprosthesis with PROPATEN Bioactive Surface,,Allopathic & Osteopathic Physicians|Internal Medicine|Interventional Cardiology,disallowed
SHIONOGI INC,No,,Osphena,Allopathic & Osteopathic Physicians|Obstetrics & Gynecology|Gynecology,disallowed
Ethicon Inc.,No,Endoscopy# Other,,Allopathic & Osteopathic Physicians|Internal Medicine|Gastroenterology,disallowed
AstraZeneca Pharmaceuticals LP,No,,BRILINTA,Allopathic & Osteopathic Physicians|Otolaryngology|Plastic Surgery within the Head & Neck,disallowed
"Vertical Pharmaceuticals, LLC",No,,Lorzone,Allopathic & Osteopathic Physicians|Pain Medicine|Pain Medicine,disallowed
"Janssen Pharmaceuticals, Inc",No,,Xarelto,Allopathic & Osteopathic Physicians|Family Medicine|Sports Medicine,disallowed
KARLSTORZ Endoscopy-America,No,ANESTHESIOLOGY,,Allopathic & Osteopathic Physicians|Family Medicine,disallowed
"Janssen Biotech, Inc.",No,,Procrit,Allopathic & Osteopathic Physicians|Internal Medicine|Hematology & Oncology,disallowed
Merck Sharp & Dohme Corporation,No,,MK-0822,"Allopathic & Osteopathic Physicians|Internal Medicine|Endocrinology, Diabetes & Metabolism",disallowed
UCB Biosciences Inc.,No,,Neupro,Allopathic & Osteopathic Physicians|Psychiatry & Neurology|Neurology,allowed
"Janssen Pharmaceuticals, Inc",No,,Aciphex,Allopathic & Osteopathic Physicians|Emergency Medicine|Emergency Medical Services,disallowed
"Medtronic USA, Inc.",No,Drug Infusion Systems - Neuro,,,allowed
Stryker Corporation,No,PATIENT CARE,,Allopathic & Osteopathic Physicians|Anesthesiology,disallowed
Pfizer Inc.,No,,,Allopathic & Osteopathic Physicians|Psychiatry & Neurology|Child & Adolescent Psychiatry,disallowed
Merck Sharp & Dohme Corporation,No,,Follistim,Allopathic & Osteopathic Physicians|Obstetrics & Gynecology,allowed
"SI-Bone, Inc.",No,iFuse Implant,,Allopathic & Osteopathic Physicians|Anesthesiology,disallowed
Edwards Lifesciences Corporation,No,Noninvasive Hemodynamic Monitoring,,,allowed
Novartis Pharmaceuticals Corporation,No,,NON BRAND,Allopathic & Osteopathic Physicians|Surgery|Surgical Critical Care,disallowed
Vansen Pharma Inc.,No,,Prednisolone 25,Allopathic & Osteopathic Physicians|Allergy & Immunology,disallowed
Novartis Pharmaceuticals Corporation,No,,SANDOSTATIN LAR,Allopathic & Osteopathic Physicians|Anesthesiology|Pain Medicine,disallowed
Peerless Surgical Inc.,No,ARTHREX PRODUCT LINE DISTAL EXTREMITY ARTHROSCOPY,,Podiatric Medicine & Surgery Service Providers|Podiatrist|Primary Podiatric Medicine,disallowed
Animas Corporation,No,,Invokana,"Allopathic & Osteopathic Physicians|Internal Medicine|Endocrinology, Diabetes & Metabolism",disallowed
DePuy Mitek LLC,No,Sports Medicine,,Allopathic & Osteopathic Physicians|Orthopaedic Surgery|Sports Medicine,disallowed
Novadaq Technologies Inc.,No,PINPOINT,,Allopathic & Osteopathic Physicians|Obstetrics & Gynecology|Gynecology,disallowed
Johnson & Johnson Health Care Systems Inc.,No,,,,disallowed
"Intuitive Surgical, Inc.",No,Da Vinci Surgical System,,Allopathic & Osteopathic Physicians|Otolaryngology|Plastic Surgery within the Head & Neck,disallowed
"Genentech USA, Inc.",No,,Xolair,Eye and Vision Services Providers|Optometrist,disallowed
Boston Scientific Corporation,No,PAIN MANAGEMENT,,Allopathic & Osteopathic Physicians|Pediatrics|Pediatric Gastroenterology,disallowed
"Aptalis Pharma US, Inc",No,,RECTIV,Other Service Providers|Legal Medicine,disallowed
Endo Pharmaceuticals Inc.,No,,OPANA ER,Allopathic & Osteopathic Physicians|Internal Medicine|Addiction Medicine,disallowed
Covidien LP,No,Thrombectomy,,Other Service Providers|Specialist,disallowed
AstraZeneca Pharmaceuticals LP,No,,ATACAND,Allopathic & Osteopathic Physicians|Internal Medicine,disallowed
Novartis Pharmaceuticals Corporation,No,,GLEEVEC,Allopathic & Osteopathic Physicians|Internal Medicine|Infectious Disease,disallowed
Sunovion Pharmaceuticals Inc.,No,,Brovana,Allopathic & Osteopathic Physicians|Allergy & Immunology|Clinical & Laboratory Immunology,disallowed
Sunovion Pharmaceuticals Inc.,No,,Latuda,Behavioral Health & Social Service Providers|Psychologist|Adult Development & Aging,disallowed
Merck Sharp & Dohme Corporation,No,,MK-1775,Allopathic & Osteopathic Physicians|Obstetrics & Gynecology|Gynecologic Oncology,allowed
"Auxilium Pharmaceuticals, Inc.",No,,XIAFLEX,Allopathic & Osteopathic Physicians|Emergency Medicine,disallowed
"LILLY USA, LLC",No,,TRADJENTA,Allopathic & Osteopathic Physicians|Internal Medicine|Gastroenterology,disallowed
"Salix Pharmaceuticals, Ltd",No,,APRISO,Allopathic & Osteopathic Physicians|Obstetrics & Gynecology,disallowed
"Intuitive Surgical, Inc.",No,Da Vinci Surgical System,,Allopathic & Osteopathic Physicians|Internal Medicine|Interventional Cardiology,disallowed
Stryker Corporation,No,NAVIGATION,,Allopathic & Osteopathic Physicians|Physical Medicine & Rehabilitation,disallowed
"LILLY USA, LLC",No,,JENTADUETO,Allopathic & Osteopathic Physicians|Internal Medicine|Cardiovascular Disease,disallowed
Pfizer Inc.,No,,,Allopathic & Osteopathic Physicians|Physical Medicine & Rehabilitation,disallowed
"Janssen Products, LP",No,,Prezista,Allopathic & Osteopathic Physicians|Allergy & Immunology,disallowed
SANOFI-AVENTIS U.S. LLC,No,,APIDRA,Allopathic & Osteopathic Physicians|Internal Medicine|Nephrology,disallowed
Hand Biomechanics Laboratory,No,,,Allopathic & Osteopathic Physicians|Orthopaedic Surgery|Hand Surgery,disallowed
Ethicon Inc.,No,Endoscopy Endocutters,,Allopathic & Osteopathic Physicians|Surgery|Surgical Critical Care,disallowed
Cordis Corporation,No,CardiovascularEndovascular,,Allopathic & Osteopathic Physicians|Obstetrics & Gynecology|Gynecology,disallowed
"Aptalis Pharma Us, Inc",No,,APT-1008,,allowed
"Exactech, Inc.",No,Equinoxe,Equinoxe,Allopathic & Osteopathic Physicians|Orthopaedic Surgery,disallowed
Cordis Corporation,No,Endovascular,,Allopathic & Osteopathic Physicians|Psychiatry & Neurology|Psychiatry,disallowed
Covidien Sales LLC,No,Dialysis_Vascular Access,,Allopathic & Osteopathic Physicians|Anesthesiology,disallowed
Covidien LP,No,Surgical,,Allopathic & Osteopathic Physicians|Obstetrics & Gynecology,disallowed
"Otsuka America Pharmaceutical, Inc.",No,,SPRYCEL,Allopathic & Osteopathic Physicians|Internal Medicine|Medical Oncology,disallowed
Amarin Pharma Inc.,No,,Vascepa,,allowed
The Spectranetics Corporation,No,,,Allopathic & Osteopathic Physicians|Internal Medicine|Cardiovascular Disease,disallowed
Cordis Corporation,No,CardiovascularEndovascular,,Allopathic & Osteopathic Physicians|Anesthesiology|Critical Care Medicine,disallowed
Stryker Corporation,No,BIOMATERIALS,,Allopathic & Osteopathic Physicians|Anesthesiology|Pain Medicine,disallowed
"Medtronic Xomed, Inc.",No,Intra-Operative Imaging Products,,Other Service Providers|Specialist,disallowed
Merck Sharp & Dohme Corporation,Yes,,NON-PRODUCT,Allopathic & Osteopathic Physicians|Psychiatry & Neurology|Psychiatry,disallowed
"Janssen Biotech, Inc.",No,,Simponi,Allopathic & Osteopathic Physicians|Hospitalist,disallowed
"Otsuka Pharmaceutical Development & Commercialization, Inc.",No,,BUSULFEX,Allopathic & Osteopathic Physicians|Internal Medicine|Hematology & Oncology,disallowed
Cornerstone Therapeutics Inc.,No,,PERTZYE 16000 250 CAPS,Allopathic & Osteopathic Physicians|Pediatrics|Pediatric Endocrinology,disallowed
Novo Nordisk Inc,No,,Levemir,Dental Providers|Dentist,disallowed
AmerisourceBergen Drug Corporation,No,,,Allopathic & Osteopathic Physicians|Internal Medicine|Hematology & Oncology,disallowed
"Alkermes, Inc.",No,,Vivitrol,Allopathic & Osteopathic Physicians|Ophthalmology,disallowed
Allergan Inc.,No,LAP-BAND,,Allopathic & Osteopathic Physicians|Urology,disallowed
Astellas Pharma US Inc,No,,Myrbetriq,Allopathic & Osteopathic Physicians|Pediatrics|Pediatric Infectious Diseases,disallowed
GE Healthcare,No,,DaTSCAN (Ioflupane I-123),,allowed
Daiichi Sankyo Inc.,No,,Effient,Allopathic & Osteopathic Physicians|Dermatology,disallowed
Eisai Inc.,No,,Banzel,Allopathic & Osteopathic Physicians|Radiology|Vascular & Interventional Radiology,disallowed
Beacon Endoscopic Corporation,No,GI Solutions,,Allopathic & Osteopathic Physicians|Internal Medicine|Gastroenterology,disallowed
"W. L. Gore & Associates, Inc.",No,Product in Development,,Allopathic & Osteopathic Physicians|Transplant Surgery,disallowed
"MAQUET Cardiovascular U.S. Sales, L.L.C.",No,Beating Heart Surgery,,Ambulatory Health Care Facilities|Clinic/Center|Prison Health,disallowed
TERUMO MEDICAL CORPORATION,No,INTERVENTIONAL PRODUCT,,Behavioral Health & Social Service Providers|Psychologist|Clinical,disallowed
"AngioDynamics, Inc.",No,VenaCure EVLT System,,,disallowed
Jazz Pharmaceuticals Inc.,No,,Fazaclo LD and HD,Allopathic & Osteopathic Physicians|Pediatrics,disallowed
Boston Scientific Corporation,No,URETERAL DILATATION,,Allopathic & Osteopathic Physicians|Orthopaedic Surgery,disallowed
"Medtronic Vascular, Inc.",No,Embolic Protection System,,Allopathic & Osteopathic Physicians|Internal Medicine|Interventional Cardiology,disallowed
"Avanir Pharmaceuticals, Inc.",No,,Nuedexta,Allopathic & Osteopathic Physicians|Psychiatry & Neurology|Behavioral Neurology & Neuropsychiatry,disallowed
GC America Inc.,No,"Restorative, Dental",,Allopathic & Osteopathic Physicians|Family Medicine,disallowed
Merck Sharp & Dohme Corporation,No,,TEMODAR Oncology,Allopathic & Osteopathic Physicians|Internal Medicine|Hematology & Oncology,disallowed
Pfizer Inc.,No,,QUILLIVANT XR,Allopathic & Osteopathic Physicians|Internal Medicine|Nephrology,disallowed
"Medtronic USA, Inc.",No,Drug Infusion Systems - Neuro,,Eye and Vision Services Providers|Optometrist,disallowed
"Dainippon Sumitomo Pharma Co., Ltd.",No,,Ambisome,Allopathic & Osteopathic Physicians|Internal Medicine|Critical Care Medicine,disallowed
"Aegerion Pharmaceuticals, Inc.",No,,JUXTAPID,Allopathic & Osteopathic Physicians|Internal Medicine,disallowed
CooperVision Inc.,No,CVI Contact Lens,,Allopathic & Osteopathic Physicians|Obstetrics & Gynecology,disallowed
Endo Pharmaceuticals Inc.,No,,FORTESTA,Allopathic & Osteopathic Physicians|Radiology|Therapeutic Radiology,disallowed
OPTIMER PHARMACEUTICALS INC,No,,Dificid,Allopathic & Osteopathic Physicians|Allergy & Immunology,disallowed
"Medtronic Xomed, Inc.",No,Advanced Energy Hemostatis Device,,Allopathic & Osteopathic Physicians|Hospitalist,disallowed
"W. L. Gore & Associates, Inc.",No,TAG Thoracic Endoprosthesis,,"Student, Health Care|Student in an Organized Health Care Education/Training Program",disallowed
3M Company,No,Dental Direct Restorative Materials,,Dental Providers|Dentist|Oral and Maxillofacial Surgery,disallowed
bioMerieux,No,easyMAG,,,disallowed
Daiichi Sankyo Inc.,No,,Tribenzor,Physician Assistants & Advanced Practice Nursing Providers|Nurse Practitioner|Acute Care,disallowed
"Biomet Microfixation, LLC",No,MICROFIXATION - PLASTIC RECONSTRUCTION,,Allopathic & Osteopathic Physicians|Emergency Medicine,disallowed
Covidien Sales LLC,No,Access,,Allopathic & Osteopathic Physicians|Internal Medicine,disallowed
VOCO America Inc.,No,Structur Premium,,,disallowed
Daiichi Sankyo Inc.,No,,Benicar,Allopathic & Osteopathic Physicians|Nuclear Medicine,disallowed
"Otsuka America Pharmaceutical, Inc.",No,,ABILIFY TABLET,Allopathic & Osteopathic Physicians|Pathology|Anatomic Pathology & Clinical Pathology,disallowed
"Salix Pharmaceuticals, Ltd",No,,DEFLUX,Allopathic & Osteopathic Physicians|Pediatrics|Pediatric Hematology-Oncology,disallowed
"Everett Laboratories, Inc",No,,,Allopathic & Osteopathic Physicians|Dermatology,disallowed
"Alphatec Spine, Inc",No,Other - Thoraco-Lumbar,,Allopathic & Osteopathic Physicians|Orthopaedic Surgery,disallowed
"Janssen Biotech, Inc.",No,,Zytiga,Allopathic & Osteopathic Physicians|Radiology|Body Imaging,disallowed
Boston Scientific Corporation,No,CUTTING BALLOON CATHETER,,Allopathic & Osteopathic Physicians|Internal Medicine|Interventional Cardiology,disallowed
Merck Sharp & Dohme Corporation,No,,ZOSTAVAX,Allopathic & Osteopathic Physicians|Psychiatry & Neurology|Psychiatry,disallowed
"Medtronic Vascular, Inc.",No,Leads,,Allopathic & Osteopathic Physicians|Hospitalist,disallowed
"Actelion Pharmaceuticals US, Inc.",No,,TRACLEER BOSENTAN,Allopathic & Osteopathic Physicians|Emergency Medicine,disallowed
Novartis Pharmaceuticals Corporation,No,,TOBI,Allopathic & Osteopathic Physicians|Pediatrics|Pediatric Emergency Medicine,disallowed
Purdue Pharma L.P.,No,,,Allopathic & Osteopathic Physicians|Emergency Medicine,disallowed
"Biomet Orthopedics, LLC",Yes,ORTHO - HIPS,,Allopathic & Osteopathic Physicians|Orthopaedic Surgery,disallowed
"AbbVie, Inc.",No,,Humira,Allopathic & Osteopathic Physicians|Radiology|Diagnostic Radiology,disallowed
Astellas Pharma Inc,No,,MYCAMINE,Allopathic & Osteopathic Physicians|Internal Medicine|Pulmonary Disease,disallowed
"Depomed, Inc.",No,,Gralise,Allopathic & Osteopathic Physicians|Pediatrics,disallowed
United Therapeutics Corporation,No,,ADCIRCA,Allopathic & Osteopathic Physicians|Internal Medicine|Rheumatology,disallowed
American Medical Systems Inc.,No,Acticon Neosphincter,,Allopathic & Osteopathic Physicians|Colon & Rectal Surgery,disallowed
"Otsuka America Pharmaceutical, Inc.",No,,,"Allopathic & Osteopathic Physicians|Internal Medicine|Endocrinology, Diabetes & Metabolism",disallowed
"Salix Pharmaceuticals, Ltd",No,,RELISTOR,Allopathic & Osteopathic Physicians|Anesthesiology,disallowed
Roche Diagnostics Corporation,No,PD - POC Hospital - cobas POC IT Solutions,,Other Service Providers|Specialist,disallowed
Flowonix Medical Incorporated,No,Programmable Pump,,Allopathic & Osteopathic Physicians|Anesthesiology|Pain Medicine,allowed
"Acclarent, Inc",No,Otology,,Allopathic & Osteopathic Physicians|Otolaryngology,disallowed
"Blue Belt Technologies, Inc.",No,Navio PFS System,,Allopathic & Osteopathic Physicians|Orthopaedic Surgery,disallowed
"MAQUET Cardiovascular U.S. Sales, L.L.C.",No,Ventilation,,Allopathic & Osteopathic Physicians|Internal Medicine|Pulmonary Disease,disallowed
"Biosense Webster, Inc.",No,Ablation Catheters#Accessories,,Allopathic & Osteopathic Physicians|Radiology|Radiation Oncology,disallowed
"Actelion Pharmaceuticals US, Inc.",No,,ZAVESCA MIGLUSTAT,Allopathic & Osteopathic Physicians|Pediatrics|Adolescent Medicine,disallowed
Merck Sharp & Dohme Corporation,No,,ZEMURON,Allopathic & Osteopathic Physicians|Surgery|Vascular Surgery,disallowed
VERTEX PHARMACEUTICALS INCORPORATED,No,,INCIVEK,Allopathic & Osteopathic Physicians|Plastic Surgery|Surgery of the Hand,disallowed
"Medtronic Xomed, Inc.",No,Autotransfusion and Diagnostics,,Allopathic & Osteopathic Physicians|Internal Medicine|Cardiovascular Disease,disallowed
"Takeda Pharmaceuticals America, Inc.",No,,Uloric,Allopathic & Osteopathic Physicians|Family Medicine|Hospice and Palliative Medicine,disallowed
"Tornier, Inc.",No,DEV - Post Aug Glenoid Replace,,Allopathic & Osteopathic Physicians|Orthopaedic Surgery,allowed
"Meda Pharmaceuticals, Inc.",No,,Dymista,Dental Providers|Dentist|General Practice,disallowed
"Aptalis Pharma US, Inc",No,,RECTIV,Hospitals|General Acute Care Hospital|Critical Access,disallowed
"Tornier, Inc.",No,LE - Mini MaxTorque Sys,LE - Mini MaxTorque Sys,Podiatric Medicine & Surgery Service Providers|Podiatrist|Sports Medicine,disallowed
ELI LILLY EXPORT S.A. PUERTO RICO BRANCH,No,,ALIMTA,Allopathic & Osteopathic Physicians|Radiology|Radiation Oncology,disallowed
"TYRX, Inc.",No,Antibacterial Mesh,,Allopathic & Osteopathic Physicians|Family Medicine,disallowed
"FOREST PHARMACEUTICALS, INC.",No,,TUDORZA,Allopathic & Osteopathic Physicians|Family Medicine|Hospice and Palliative Medicine,disallowed
Questcor Pharmaceuticals,No,,ACTHAR,Allopathic & Osteopathic Physicians|Ophthalmology,disallowed
NOVARTIS PHARMACEUTICALS CORPORATION,No,,XOLAIR,Allopathic & Osteopathic Physicians|Allergy & Immunology,disallowed
"Otsuka America Pharmaceutical, Inc.",No,,ABILIFY TABLET,Allopathic & Osteopathic Physicians|Legal Medicine,disallowed
HOLOGIC INC,No,Myosure,,Allopathic & Osteopathic Physicians|Pediatrics|Pediatric Critical Care Medicine,disallowed
"Reichert, Inc.",No,OCULAR RESPONSE ANALYZER,,Allopathic & Osteopathic Physicians|Ophthalmology,disallowed
"Janssen Pharmaceuticals, Inc",No,,Xarelto,Allopathic & Osteopathic Physicians|Pediatrics,disallowed
Astellas Pharma US Inc,No,,Lexiscan,Allopathic & Osteopathic Physicians|Orthopaedic Surgery|Hand Surgery,disallowed
"Smith & Nephew, Inc.",No,,Santyl,Allopathic & Osteopathic Physicians|Physical Medicine & Rehabilitation,disallowed
Amarin Pharma Inc.,No,,Vascepa,Allopathic & Osteopathic Physicians|Preventive Medicine|Public Health & General Preventive Medicine,disallowed
"Medtronic USA, Inc.",No,Deep Brain Neurostimulation,,Allopathic & Osteopathic Physicians|Psychiatry & Neurology|Clinical Neurophysiology,disallowed
Purdue Pharma L.P.,No,,BUTRANS,Allopathic & Osteopathic Physicians|Internal Medicine|Geriatric Medicine,disallowed
Celleration_Inc,No,MIST Therapy,MIST Therapy,Allopathic & Osteopathic Physicians|Surgery|Surgery of the Hand,disallowed
"Varian Medical Systems, Inc.",No,Linac System   Multiple Components,,Allopathic & Osteopathic Physicians|Radiology|Therapeutic Radiology,disallowed
3M Company,No,3M Tegaderm CHG I.V. Securement Dressing,,Allopathic & Osteopathic Physicians|Internal Medicine|Infectious Disease,disallowed
Cornerstone Therapeutics Inc.,No,,CARDENE IV  40mg Dextrose,Allopathic & Osteopathic Physicians|Emergency Medicine,disallowed
Merck Sharp & Dohme Corporation,No,,Non-Product,Allopathic & Osteopathic Physicians|Physical Medicine & Rehabilitation,disallowed
Covidien Sales LLC,No,PTA,,Other Service Providers|Specialist,disallowed
"Salix Pharmaceuticals, Ltd",No,,Xifaxan 550 mg,Allopathic & Osteopathic Physicians|Internal Medicine|Adolescent Medicine,disallowed
CSL Behring,No,,,Allopathic & Osteopathic Physicians|Family Medicine|Adult Medicine,disallowed
"Medical Engineering and Development Institute, Inc.",No,,,Allopathic & Osteopathic Physicians|Urology,disallowed
HOLOGIC INC,No,MRI biopsy,,Allopathic & Osteopathic Physicians|Radiology|Diagnostic Radiology,disallowed
KARLSTORZ Endoscopy-America,No,ENT,,Allopathic & Osteopathic Physicians|Internal Medicine|Hematology & Oncology,disallowed
"Janssen Pharmaceuticals, Inc",No,,Invokana,Podiatric Medicine & Surgery Service Providers|Podiatrist|Primary Podiatric Medicine,disallowed
"Boehringer Ingelheim Pharmaceuticals, Inc.",No,,GILOTRIF,Allopathic & Osteopathic Physicians|Radiology|Vascular & Interventional Radiology,disallowed
"Elekta, Inc.",No,ELEKTA BRACHYTHERAPY,,Allopathic & Osteopathic Physicians|Internal Medicine|Nephrology,disallowed
"RTI Surgical, Inc.",No,Tritium STAT Bone Wax,,Allopathic & Osteopathic Physicians|Surgery|Plastic and Reconstructive Surgery,disallowed
SEIKAGAKU CORPORATION,No,,Gel-One/Phosphate buffer saline,Allopathic & Osteopathic Physicians|Internal Medicine|Rheumatology,allowed
Cardiovascular Systems Inc.,No,Atherectomy Device,,Allopathic & Osteopathic Physicians|Internal Medicine|Adolescent Medicine,disallowed
"FOREST PHARMACEUTICALS, INC.",No,,DALIRESP,Allopathic & Osteopathic Physicians|Internal Medicine,disallowed
Boston Scientific Corporation,No,BALLOON CATHETERS,,Allopathic & Osteopathic Physicians|Thoracic Surgery (Cardiothoracic Vascular Surgery),disallowed
"K2M, Inc.",No,"MESA,RAVINE,RANGE,EVEREST",,Allopathic & Osteopathic Physicians|Orthopaedic Surgery|Orthopaedic Surgery of the Spine,disallowed
Bayer HealthCare Pharmaceuticals Inc.,No,,Adempas,Allopathic & Osteopathic Physicians|Allergy & Immunology,disallowed
AstraZeneca Pharmaceuticals LP,No,,SYMBICORT,Allopathic & Osteopathic Physicians|Family Medicine,disallowed
AstraZeneca Pharmaceuticals LP,No,,FASLODEX,Allopathic & Osteopathic Physicians|Thoracic Surgery (Cardiothoracic Vascular Surgery),disallowed
TEI Biosciences Inc,No,PriMatrix,PriMatrix,"Respiratory, Developmental, Rehabilitative and Restorative Service Providers|Rehabilitation Practitioner",disallowed
SANOFI-AVENTIS U.S. LLC,No,,,Allopathic & Osteopathic Physicians|Internal Medicine|Geriatric Medicine,disallowed
Novartis Pharmaceuticals Corporation,No,,EXELON PATCH,Allopathic & Osteopathic Physicians|Psychiatry & Neurology|Sleep Medicine,disallowed
Daiichi Sankyo Inc.,No,,Benicar,Allopathic & Osteopathic Physicians|Obstetrics & Gynecology|Maternal & Fetal Medicine,disallowed
PFIZER INC.,No,,ELIQUIS,Allopathic & Osteopathic Physicians|Emergency Medicine,disallowed
Ethicon Inc.,No,Biosurgicals,,Allopathic & Osteopathic Physicians|Thoracic Surgery (Cardiothoracic Vascular Surgery),disallowed
Integra LifeSciences Corporation,No,Recon-Upper Extremity Metal,,Allopathic & Osteopathic Physicians|Orthopaedic Surgery|Orthopaedic Trauma,disallowed
Baxter Healthcare,No,,BioSurgery - COSEAL,Allopathic & Osteopathic Physicians|Anesthesiology|Critical Care Medicine,disallowed
"Neuronetics, Inc.",No,NeuroStar TMS Therapy,,Allopathic & Osteopathic Physicians|Ophthalmology,disallowed
CareFusion Corporation,No,,Surg ChlrPrp 26 ml,Allopathic & Osteopathic Physicians|Thoracic Surgery (Cardiothoracic Vascular Surgery),disallowed
"Janssen Pharmaceuticals, Inc",No,,Invokana,Allopathic & Osteopathic Physicians|Psychiatry & Neurology|Psychosomatic Medicine,disallowed
Clinician's Choice Dental Products Inc.,No,,,Dental Providers|Dentist|General Practice,disallowed
"AbbVie, Inc.",No,,Humira,Allopathic & Osteopathic Physicians|Otolaryngology|Facial Plastic Surgery,disallowed
"Vertos Medical, Inc.",No,MILD Kit,,Allopathic & Osteopathic Physicians|Anesthesiology,allowed
"Janssen Pharmaceuticals, Inc",No,,Risperdal Consta,Allopathic & Osteopathic Physicians|Ophthalmology,disallowed
"Medtronic Xomed, Inc.",No,Advanced Energy Hemostatic Device,,Allopathic & Osteopathic Physicians|Orthopaedic Surgery|Hand Surgery,disallowed
"Takeda Pharmaceuticals America, Inc.",No,,ULORIC,Allopathic & Osteopathic Physicians|Neuromusculoskeletal Medicine & OMM,disallowed
"ThromboGenics, Inc.",No,,JETREA,Allopathic & Osteopathic Physicians|Pediatrics|Pediatric Emergency Medicine,disallowed
Warner Chilcott LLC,No,,DORYX,Allopathic & Osteopathic Physicians|Surgery,disallowed
"Octapharma USA, Inc.",No,,OCTAGAM,Allopathic & Osteopathic Physicians|Internal Medicine|Medical Oncology,disallowed
"RIKCO INTERNATIONAL, LLC",No,Non-covered Item,,Allopathic & Osteopathic Physicians|Pediatrics,disallowed
"Millennium Pharmaceuticals, Inc.",No,,,Allopathic & Osteopathic Physicians|Psychiatry & Neurology|Neurology,disallowed
"MicroVention, Inc.",No,NEUROLOGICAL PRODUCT,,Allopathic & Osteopathic Physicians|Radiology|Neuroradiology,disallowed
3M Company,No,3M Tegaderm CHG I.V. Securement Dressing,,Allopathic & Osteopathic Physicians|Surgery,disallowed
New Wave Surgical Corp.,No,,,Allopathic & Osteopathic Physicians|Surgery,disallowed
Purdue Pharma L.P.,No,,OXYCONTIN,Allopathic & Osteopathic Physicians|Surgery|Plastic and Reconstructive Surgery,disallowed
Boston Scientific Corporation,No,GYNECOLOGY,,Allopathic & Osteopathic Physicians|Obstetrics & Gynecology,disallowed
"Boehringer Ingelheim Pharmaceuticals, Inc.",No,,COMBIVENT RESPIMAT,Allopathic & Osteopathic Physicians|Psychiatry & Neurology|Psychiatry,disallowed
Boston Scientific Corporation,No,TACHY LEAD,,Allopathic & Osteopathic Physicians|Internal Medicine|Interventional Cardiology,disallowed
Integra LifeSciences Corporation,No,Neuro-Monitoring Catheters and Equipment,,"Student, Health Care|Student in an Organized Health Care Education/Training Program",disallowed
"KCI USA, Inc",No,Negative Pressure Wound Therapy and Surgical Management,,Allopathic & Osteopathic Physicians|Surgery,disallowed
"Janssen Research & Development, LLC",No,,Nucynta,,allowed
Ethicon Inc.,No,Biosurgicals,,Allopathic & Osteopathic Physicians|Orthopaedic Surgery,disallowed
Covidien LP,No,Ablation,,Allopathic & Osteopathic Physicians|Radiology|Diagnostic Ultrasound,disallowed
Merck Sharp & Dohme Corporation,No,,MK0859,Allopathic & Osteopathic Physicians|Psychiatry & Neurology|Neurology,disallowed
"Genentech USA, Inc.",No,,Pulmozyme,Other Service Providers|Specialist,disallowed
"Precision Therapeutics, Inc.",No,,ChemoFx,Allopathic & Osteopathic Physicians|General Practice,disallowed
"Janssen Pharmaceuticals, Inc",No,,Xarelto,Allopathic & Osteopathic Physicians|Plastic Surgery,disallowed
Reckitt Benckiser Pharmaceuticals Inc.,No,,SUBOXONE SUBLINGUAL FILM,Allopathic & Osteopathic Physicians|Physical Medicine & Rehabilitation|Pain Medicine,disallowed
"E.R. Squibb & Sons, L.L.C.",No,,BYDUREON,,disallowed
Abbott Laboratories,No,Diagnostics,,Allopathic & Osteopathic Physicians|Pathology|Immunopathology,disallowed
Ethicon Inc.,No,Advanced Wound Care,,Allopathic & Osteopathic Physicians|Surgery,disallowed
"ISTO TECHNOLOGIES, INC.",No,INQU,,Allopathic & Osteopathic Physicians|Physical Medicine & Rehabilitation,disallowed
"Cadence Pharmaceuticals, Inc.",No,,OFIRMEV,Allopathic & Osteopathic Physicians|Pain Medicine|Interventional Pain Medicine,disallowed
Merck Sharp & Dohme Corporation,No,,GARDASIL,Allopathic & Osteopathic Physicians|Emergency Medicine,disallowed
Jazz Pharmaceuticals Inc.,No,,,Allopathic & Osteopathic Physicians|Psychiatry & Neurology|Neurology with Special Qualifications in Child Neurology,disallowed
"Genentech USA, Inc.",No,,Zelboraf,Allopathic & Osteopathic Physicians|Internal Medicine|Hematology,disallowed
"Genentech, Inc.",No,,,Allopathic & Osteopathic Physicians|Emergency Medicine|Pediatric Emergency Medicine,disallowed
"Cumberland Pharmaceuticals, Inc.",No,,Kristalose 20gm,Allopathic & Osteopathic Physicians|Surgery,disallowed
"Titan Spine, LLC",No,Titan Spine Endoskeleton Interbody Device,,Allopathic & Osteopathic Physicians|Orthopaedic Surgery|Orthopaedic Surgery of the Spine,disallowed
Animas Corporation,No,One Touch Ping,Invokana,Allopathic & Osteopathic Physicians|Thoracic Surgery (Cardiothoracic Vascular Surgery),disallowed
Septodont Inc.,No,,MEPIVICAINE,Dental Providers|Dentist,disallowed
"Janssen Research & Development, LLC",No,,Zytiga,Allopathic & Osteopathic Physicians|Internal Medicine|Hematology & Oncology,allowed
"Cyberonics, Inc.",No,VNS Therapy,,Allopathic & Osteopathic Physicians|Otolaryngology|Plastic Surgery within the Head & Neck,disallowed
"Teva Pharmaceuticals USA, Inc.",No,,QNASL,Allopathic & Osteopathic Physicians|Internal Medicine|Allergy & Immunology,disallowed
"St. Jude Medical, Inc.",No,Structural Heart,,Allopathic & Osteopathic Physicians|Surgery|Vascular Surgery,disallowed
Endo Pharmaceuticals Inc.,No,,FORTESTA,Allopathic & Osteopathic Physicians|Emergency Medicine,disallowed
"TYRX, Inc.",No,Antibacterial Mesh,,Allopathic & Osteopathic Physicians|Surgery,disallowed
Sanofi Pasteur Inc.,No,,,Allopathic & Osteopathic Physicians|Internal Medicine|Infectious Disease,allowed
Purdue Transdermal Technologies L.P.,No,,BUP3031,Allopathic & Osteopathic Physicians|Pediatrics,disallowed
"E.R. Squibb & Sons, L.L.C.",No,,ELIQUIS,Allopathic & Osteopathic Physicians|Dermatology,disallowed
"Actelion Pharmaceuticals US, Inc.",No,,OPSUMIT MACITENTAN,Allopathic & Osteopathic Physicians|Orthopaedic Surgery|Orthopaedic Surgery of the Spine,disallowed
Boston Scientific Corporation,No,HYPERTENSION,,Allopathic & Osteopathic Physicians|Internal Medicine|Interventional Cardiology,disallowed
"LILLY USA, LLC",No,,HUMALOG,Allopathic & Osteopathic Physicians|Family Medicine|Sports Medicine,disallowed
"Takeda Pharmaceuticals U.S.A., Inc.",No,,Brintellix,Allopathic & Osteopathic Physicians|Neuromusculoskeletal Medicine & OMM,disallowed
"ACE Surgical Supply Co., Inc.",No,infinity INTERNAL 4.1x10MM 3.5HD HEX IMPLANT,,,disallowed
Terumo Medical Corporation,No,INTERVENTIONAL PRODUCT,,Allopathic & Osteopathic Physicians|Surgery|Vascular Surgery,disallowed
"AbbVie, Inc.",No,,Humira,Other Service Providers|Community Health Worker,disallowed
"Auxilium Pharmaceuticals, Inc.",No,,TESTOPEL,Allopathic & Osteopathic Physicians|Anesthesiology|Pain Medicine,disallowed
"Auxilium Pharmaceuticals, Inc.",No,ERECAID,,Allopathic & Osteopathic Physicians|Otolaryngology,disallowed
"Grifols, Inc.",No,,Gamunex-C,"Respiratory, Developmental, Rehabilitative and Restorative Service Providers|Rehabilitation Practitioner",disallowed
"Santarus, Inc",No,,Uceris,Allopathic & Osteopathic Physicians|Pathology|Anatomic Pathology & Clinical Pathology,disallowed
Actavis Pharma Inc,No,,RAPAFLO,Podiatric Medicine & Surgery Service Providers|Podiatrist,disallowed
"Medtronic Sofamor Danek USA, Inc.",No,,,Allopathic & Osteopathic Physicians|Surgery|Surgery of the Hand,disallowed
"ABL Medical, LLC",No,SilvrSTAT Antibacterial Wound Dressing Gel,,Podiatric Medicine & Surgery Service Providers|Podiatrist|Primary Podiatric Medicine,disallowed
"Diagnostica Stago, Inc",No,STA PTT-LA,,Allopathic & Osteopathic Physicians|Pediatrics,disallowed
PFIZER INC.,No,,XELJANZ,Allopathic & Osteopathic Physicians|Emergency Medicine,disallowed
Atrium Medical Corporation,No,Interventional,,Allopathic & Osteopathic Physicians|Radiology|Neuroradiology,disallowed
Cook Biotech Incorporated,No,SUR - SIS,,Allopathic & Osteopathic Physicians|Plastic Surgery,disallowed
"VisionCare Ophthalmic Technologies, Inc.",No,Implantable Miniature Telescope IMT by Dr  Isaac Lipshitz,,Allopathic & Osteopathic Physicians|Internal Medicine,disallowed
Gilead Sciences Inc,No,,Viread-HBV,Allopathic & Osteopathic Physicians|Anesthesiology,disallowed
F. Hoffmann-La Roche AG,No,,GAZYVA,Allopathic & Osteopathic Physicians|Internal Medicine|Hematology & Oncology,allowed
"Janssen Pharmaceuticals, Inc",No,,No Product,"Student, Health Care|Student in an Organized Health Care Education/Training Program",disallowed
Alcon Laboratories Inc,No,,Ilevro,Allopathic & Osteopathic Physicians|Pediatrics,disallowed
Tactile Systems Technology Inc,No,Flexitouch,,Allopathic & Osteopathic Physicians|Orthopaedic Surgery,disallowed
H. Lundbeck A S,No,,,Behavioral Health & Social Service Providers|Psychologist,disallowed
Roche Diagnostics Corporation,No,DC - ACCU-CHEK bG Monitoring,,,disallowed
Zogenix Inc.,No,,Sumavel DosePro,Allopathic & Osteopathic Physicians|Psychiatry & Neurology|Pain Medicine,disallowed
Bayer HealthCare Pharmaceuticals Inc.,No,,Gadavist,Allopathic & Osteopathic Physicians|Radiology|Diagnostic Radiology,disallowed
Cook Incorporated,No,PI - Filters,,Allopathic & Osteopathic Physicians|Thoracic Surgery (Cardiothoracic Vascular Surgery),disallowed
"Genentech USA, Inc.",No,,Valcyte,Allopathic & Osteopathic Physicians|Internal Medicine|Critical Care Medicine,disallowed
NOVARTIS PHARMACEUTICALS CORPORATION,No,,BIMAGRUMAB,Allopathic & Osteopathic Physicians|Internal Medicine|Medical Oncology,disallowed
Davol Inc.,No,Surgical,,Allopathic & Osteopathic Physicians|Colon & Rectal Surgery,disallowed
"Arjohuntleigh, Inc.",No,,,"Student, Health Care|Student in an Organized Health Care Education/Training Program",disallowed
"Carl Zeiss Meditec, Inc.",No,OPMI 1FC S100,,Dental Providers|Dentist|Endodontics,disallowed
3M Company,No,Dental Retraction Cord,,Dental Providers|Dentist|General Practice,disallowed
Baxter Healthcare,No,,BioTherapeutics - GAMMAGARD-KIOVIG,Allopathic & Osteopathic Physicians|Plastic Surgery,disallowed
Sunovion Pharmaceuticals Inc.,No,,Brovana,Allopathic & Osteopathic Physicians|Internal Medicine|Rheumatology,disallowed
GENZYME CORPORATION,No,,,Allopathic & Osteopathic Physicians|Psychiatry & Neurology|Neuromuscular Medicine,disallowed
KARLSTORZ Endoscopy-America,No,ENT,,Dental Providers|Dentist|General Practice,disallowed
"Ironwood Pharmaceuticals, Inc",No,,LINZESS 145 mcg,Allopathic & Osteopathic Physicians|Hospitalist,disallowed
INSULET CORPORATION,No,OMNIPODINSULINMANAGEMENTSYSTEM,,Allopathic & Osteopathic Physicians|Family Medicine,disallowed
SANOFI-AVENTIS U.S. LLC,No,Surgical Adhesion Barrier,,Allopathic & Osteopathic Physicians|Surgery|Trauma Surgery,disallowed
"LILLY USA, LLC",No,,STRATTERA,Allopathic & Osteopathic Physicians|Psychiatry & Neurology|Psychiatry,disallowed
"Varian Medical Systems, Inc.",No,ARIA,,Allopathic & Osteopathic Physicians|Emergency Medicine,disallowed
VOCO America Inc.,No,GrandioSo,,,disallowed
"Aesculap Implant Systems, LLC",No,Orthopedics,,,disallowed
Covidien Sales LLC,No,Vascular,,Allopathic & Osteopathic Physicians|Anesthesiology,disallowed
"Merz North America, Inc.",No,Belotero,Xeomin,Allopathic & Osteopathic Physicians|Plastic Surgery|Plastic Surgery Within the Head and Neck,disallowed
Ethicon Endo-Surgery Inc.,No,Energy Enseal,,Allopathic & Osteopathic Physicians|Surgery|Pediatric Surgery,disallowed
"Actelion Pharmaceuticals US, Inc.",No,,,Allopathic & Osteopathic Physicians|Pediatrics|Pediatric Infectious Diseases,disallowed
"Biomet Sports Medicine, LLC",No,SET - FOOT AND ANKLE,,Podiatric Medicine & Surgery Service Providers|Podiatrist|Foot & Ankle Surgery,disallowed
"EMPI, INC.",No,Osteogenesis Stimulators,,Allopathic & Osteopathic Physicians|Orthopaedic Surgery,disallowed
"Biomet Orthopedics, LLC",No,EXTREMITIES,,"Allopathic & Osteopathic Physicians|Neuromusculoskeletal Medicine, Sports Medicine",disallowed
"LILLY USA, LLC",No,,ZYPREXA,Allopathic & Osteopathic Physicians|Psychiatry & Neurology|Psychiatry,disallowed
"Janssen Pharmaceuticals, Inc",No,,Xarelto,"Respiratory, Developmental, Rehabilitative and Restorative Service Providers|Physical Therapist|Electrophysiology, Clinical",disallowed
Covidien Sales LLC,No,Embolic Protection,,Allopathic & Osteopathic Physicians|Neurological Surgery,disallowed
Stryker Corporation,No,STRYKER PERFORMANCE SOLUTIONS,,Allopathic & Osteopathic Physicians|Anesthesiology,disallowed
"ThromboGenics, Inc.",No,,JETREA,,allowed
"Medtronic USA, Inc.",No,Drug Infusion Systems - Neuro,,Allopathic & Osteopathic Physicians|Internal Medicine|Sleep Medicine,allowed
Merck Sharp & Dohme Corporation,No,,VICTRELIS,Allopathic & Osteopathic Physicians|Family Medicine|Addiction Medicine,disallowed
Convatec Inc.,No,WOUND THERAPEUTICS,,Allopathic & Osteopathic Physicians|Surgery,disallowed
"Medtronic Sofamor Danek USA, Inc.",No,,,Allopathic & Osteopathic Physicians|Emergency Medicine,disallowed
Merck Sharp & Dohme Corporation,No,,MK-8669,Allopathic & Osteopathic Physicians|Radiology|Diagnostic Radiology,allowed
"Molnlycke Health Care US, LLC",No,Safetac,,Dental Providers|Dentist|Oral and Maxillofacial Surgery,disallowed
"Janssen Pharmaceuticals, Inc",No,,Zytiga,Allopathic & Osteopathic Physicians|Internal Medicine|Geriatric Medicine,disallowed
"Medtronic, Inc.",No,Catheters,,Allopathic & Osteopathic Physicians|Surgery,disallowed
"E.R. Squibb & Sons, L.L.C.",No,,KOMBIGLYZE XR,Allopathic & Osteopathic Physicians|Family Medicine,disallowed
"E.R. Squibb & Sons, L.L.C.",No,,REYATAZ,Allopathic & Osteopathic Physicians|Psychiatry & Neurology|Addiction Medicine,disallowed
Avinger Inc.,No,Vascular Disease,,"Allopathic & Osteopathic Physicians|Internal Medicine|Endocrinology, Diabetes & Metabolism",disallowed
Roche Diagnostics GmbH,No,PD - CD Reagents and Disease States,,,disallowed
"Teva Pharmaceuticals USA, Inc.",No,,FENTORA,Allopathic & Osteopathic Physicians|Pain Medicine|Pain Medicine,disallowed
Alcon Laboratories Inc,No,,Cataract Equipment,Eye and Vision Services Providers|Optometrist|Low Vision Rehabilitation,disallowed
AstraZeneca Pharmaceuticals LP,No,,,Allopathic & Osteopathic Physicians|Internal Medicine|Infectious Disease,disallowed
Ethicon Inc.,No,Adhesion Prevention,,Allopathic & Osteopathic Physicians|Obstetrics & Gynecology|Obstetrics,disallowed
"Respiratory Technologies, Inc.",No,High Frequency Chest Compression Device,,Other Service Providers|Specialist,disallowed
"Toshiba America Medical Systems, Inc.",No,CT,,,disallowed
Baxter Healthcare,No,,BioSurgery - FLOSEAL,Allopathic & Osteopathic Physicians|Neuromusculoskeletal Medicine & OMM,disallowed
"LILLY USA, LLC",No,,EVISTA,Allopathic & Osteopathic Physicians|Internal Medicine|Pulmonary Disease,disallowed
"Taro Pharmaceuticals USA, Inc.",No,,Topicort,Allopathic & Osteopathic Physicians|Dermatology|Pediatric Dermatology,disallowed
Alpha Orthopedic Systems,No,ARTHREX PRODUCT LINE IMAGING & RESECTION,,Allopathic & Osteopathic Physicians|Orthopaedic Surgery,disallowed
"Spine Wave, Inc.",No,MIS Pedicle Screw System,,Physician Assistants & Advanced Practice Nursing Providers|Physician Assistant|Medical,disallowed
"Aptalis Pharma US, Inc",No,,ZENPEP,Allopathic & Osteopathic Physicians|Internal Medicine|Medical Oncology,disallowed
"Teva Pharmaceuticals USA, Inc.",No,,NUVIGIL,Allopathic & Osteopathic Physicians|Family Medicine|Sports Medicine,disallowed
"Braintree Laboratories, Inc.",No,,SUPREP,Allopathic & Osteopathic Physicians|Surgery|Trauma Surgery,disallowed
"RTI Surgical, Inc.",No,Strides,,Allopathic & Osteopathic Physicians|Neurological Surgery,disallowed
"Fresenius USA Marketing, Inc.",No,,,Allopathic & Osteopathic Physicians|Radiology|Diagnostic Radiology,disallowed
"Takeda Pharmaceuticals America, Inc.",No,,Dexilant,,disallowed
Actavis Pharma Inc,No,,ANDRODERM,Allopathic & Osteopathic Physicians|General Practice,disallowed
Reckitt Benckiser Pharmaceuticals Inc.,No,,SUBOXONE SUBLINGUAL FILM,Allopathic & Osteopathic Physicians|Family Medicine|Sports Medicine,disallowed
"Genentech USA, Inc.",No,,Perjeta,Allopathic & Osteopathic Physicians|Obstetrics & Gynecology,disallowed
Astellas Pharma US Inc,No,,Lexiscan,Allopathic & Osteopathic Physicians|Internal Medicine|Sleep Medicine,disallowed
JustRight Surgical LLC,No,JustRight Sealer,,Other Service Providers|Specialist,disallowed
"Santarus, Inc",No,,Glumetza,Podiatric Medicine & Surgery Service Providers|Podiatrist|Foot & Ankle Surgery,disallowed
"Millennium Pharmaceuticals, Inc.",No,,VELCADE,Allopathic & Osteopathic Physicians|Internal Medicine|Medical Oncology,disallowed
Bayer HealthCare Pharmaceuticals Inc.,No,,Nexavar,Allopathic & Osteopathic Physicians|Internal Medicine|Geriatric Medicine,disallowed
"Given Imaging, Inc.",No,PC COLON,,Allopathic & Osteopathic Physicians|Internal Medicine|Gastroenterology,disallowed
Merck Sharp & Dohme Corporation,No,,ROTATEQ,Allopathic & Osteopathic Physicians|Pediatrics,disallowed
"Actelion Pharmaceuticals US, Inc.",No,,TRACLEER BOSENTAN,Allopathic & Osteopathic Physicians|Pediatrics|Pediatric Pulmonology,disallowed
Reckitt Benckiser Pharmaceuticals Inc.,No,,SUBOXONE SUBLINGUAL FILM,Allopathic & Osteopathic Physicians|Pathology|Cytopathology,disallowed
Eisai Inc.,No,,Aciphex,Allopathic & Osteopathic Physicians|Internal Medicine,disallowed
Alcon Laboratories Inc,No,,Simbrinza,Allopathic & Osteopathic Physicians|Psychiatry & Neurology|Psychiatry,disallowed
Merck Sharp & Dohme Corporation,No,,SCH 420814--Preladenant,Allopathic & Osteopathic Physicians|Internal Medicine|Hepatology,disallowed
Actavis Pharma Inc,No,,trelstar,Allopathic & Osteopathic Physicians|Pediatrics,disallowed
EMD Millipore Corporation,No,,,Allopathic & Osteopathic Physicians|Medical Genetics|Clinical Genetics (M.D.),disallowed
Evalve Inc.,No,,,Allopathic & Osteopathic Physicians|Internal Medicine,disallowed
Ipsen Pharma SAS,No,,Somatuline Depot 120mg-.5ml,,disallowed
"Millennium Pharmaceuticals, Inc.",No,,VELCADE,Allopathic & Osteopathic Physicians|Pathology|Clinical Pathology,disallowed
Merck Sharp & Dohme Corporation,No,,NASONEX,Allopathic & Osteopathic Physicians|Family Medicine|Adolescent Medicine,disallowed
"Siemens Medical Solutions USA, Inc.",No,AX - Angiography Fluoroscopy-Radiology Systems,,Other Service Providers|Specialist,disallowed
"Boehringer Ingelheim Pharmaceuticals, Inc.",No,,PRADAXA,Allopathic & Osteopathic Physicians|Radiology|Vascular & Interventional Radiology,disallowed
"Regeneron Pharmaceuticals, Inc.",No,,EYLEA aflibercept injection,Eye and Vision Services Providers|Optometrist,disallowed
SHIONOGI INC,No,,Osphena,Allopathic & Osteopathic Physicians|Pathology|Anatomic Pathology,disallowed
"MAQUET Cardiovascular U.S. Sales, L.L.C.",No,Anesthesia,,Allopathic & Osteopathic Physicians|Pediatrics|Neonatal-Perinatal Medicine,disallowed
Covidien Sales LLC,No,Plaque Excision,,Other Service Providers|Specialist,disallowed
"Janssen Pharmaceuticals, Inc",No,,Invokana,Physician Assistants & Advanced Practice Nursing Providers|Physician Assistant|Medical,disallowed
"Ivoclar Vivadent, Inc.",No,Ivoclean Refill,,Dental Providers|Dentist|General Practice,disallowed
Ethicon Inc.,No,Biosurgicals,,Allopathic & Osteopathic Physicians|Allergy & Immunology,disallowed
"MedImmune, LLC",No,,,"Student, Health Care|Student in an Organized Health Care Education/Training Program",disallowed
TEI Biosciences Inc,No,SurgiMend,SurgiMend,Allopathic & Osteopathic Physicians|Surgery|Plastic and Reconstructive Surgery,disallowed
Cook Biotech Incorporated,No,,,Other Service Providers|Specialist,disallowed
"Bard Access Systems, Inc.",No,Oncology,,Allopathic & Osteopathic Physicians|Internal Medicine|Infectious Disease,disallowed
"Lutonix, Inc.",No,Vascular,,Allopathic & Osteopathic Physicians|Internal Medicine|Cardiovascular Disease,allowed
"FOREST RESEARCH INSTITUTE, INC.",No,,DALIRESP,Allopathic & Osteopathic Physicians|Family Medicine,disallowed
VIVUS Inc,No,,Qsymia,Allopathic & Osteopathic Physicians|Internal Medicine|Hematology & Oncology,disallowed
AstraZeneca Pharmaceuticals LP,No,,SEROQUEL XR,Behavioral Health & Social Service Providers|Psychologist|Adult Development & Aging,disallowed
"Becton, Dickinson and Company",No,Diabetes Care,,Allopathic & Osteopathic Physicians|Internal Medicine,disallowed
DMG AMERICA LLC,No,ICON,,,disallowed
Merck Sharp & Dohme Corporation,No,,ROTATEQ,Allopathic & Osteopathic Physicians|Pediatrics,allowed
"FOREST PHARMACEUTICALS, INC.",No,,NAMENDA,Allopathic & Osteopathic Physicians|Internal Medicine|Interventional Cardiology,disallowed
Eisai Inc.,No,,Belviq,Allopathic & Osteopathic Physicians|Pathology|Forensic Pathology,disallowed
Stryker Corporation,No,SURGICAL,,Other Service Providers|Specialist,disallowed
"W. L. Gore & Associates, Inc.",No,BIO-A  Tissue Reinforcement,,Other Service Providers|Military Health Care Provider,disallowed
Boston Scientific Corporation,No,BRONCHIAL THERMOPLASTY,,Allopathic & Osteopathic Physicians|Ophthalmology,disallowed
American Medical Systems Inc.,No,Malleable,,Allopathic & Osteopathic Physicians|Radiology|Diagnostic Radiology,disallowed
"Medtronic USA, Inc.",No,Spinal Cord Neurostimulation - Neuro,,Allopathic & Osteopathic Physicians|Psychiatry & Neurology|Neurology,disallowed
"E.R. Squibb & Sons, L.L.C.",No,,SUSTIVA,Allopathic & Osteopathic Physicians|Otolaryngology,disallowed
SANOFI-AVENTIS U.S. LLC,No,Surgical Adhesion Barrier,,Allopathic & Osteopathic Physicians|Obstetrics & Gynecology|Obstetrics,disallowed
Covidien Sales LLC,No,Powered,,Allopathic & Osteopathic Physicians|Surgery|Surgical Oncology,disallowed
DePuy Synthes Sales Inc.,No,Neuromodulation,,Allopathic & Osteopathic Physicians|General Practice,disallowed
Covidien Sales LLC,No,PTA,,Allopathic & Osteopathic Physicians|Surgery,disallowed
Sanofi Pasteur Inc.,No,,FLUZONE INTRADERMAL,Allopathic & Osteopathic Physicians|Pediatrics|Neonatal-Perinatal Medicine,disallowed
"Teva Pharmaceuticals USA, Inc.",No,,SYNRIBO,Allopathic & Osteopathic Physicians|Radiology|Diagnostic Radiology,disallowed
"W. L. Gore & Associates, Inc.",No,PROPATEN  Vascular Graft,,"Student, Health Care|Student in an Organized Health Care Education/Training Program",disallowed
Bacterin International Inc,No,OsteoSelect DBM Putty,,Allopathic & Osteopathic Physicians|Orthopaedic Surgery|Adult Reconstructive Orthopaedic Surgery,disallowed
"Takeda Pharmaceuticals U.S.A., Inc.",No,,Nesina,Allopathic & Osteopathic Physicians|Emergency Medicine,disallowed
Institute for Transfusion Medicine,No,,Blood Product,Other Service Providers|Specialist,allowed
Cubist Pharmaceuticals Inc,No,,CUBICIN,Allopathic & Osteopathic Physicians|Internal Medicine|Medical Oncology,disallowed
Merck Sharp & Dohme Corporation,No,,NEXPLANON,Allopathic & Osteopathic Physicians|Otolaryngology,disallowed
Celgene Corporation,No,,Abraxane,Allopathic & Osteopathic Physicians|Psychiatry & Neurology|Clinical Neurophysiology,disallowed
"Galderma Laboratories, L.P.",No,,,Allopathic & Osteopathic Physicians|General Practice,disallowed
"Arthrex, Inc.",No,HIPKNEE ARTHROSCOPY,,Allopathic & Osteopathic Physicians|Orthopaedic Surgery|Sports Medicine,disallowed
"Cyberonics, Inc.",No,VNS Therapy,,Allopathic & Osteopathic Physicians|Pediatrics|Neurodevelopmental Disabilities,disallowed
Covidien LP,No,Vascular,,Allopathic & Osteopathic Physicians|Radiology|Diagnostic Radiology,disallowed
Novo Nordisk AS,No,,,Allopathic & Osteopathic Physicians|Internal Medicine|Rheumatology,disallowed
EMD Millipore Corporation,No,,,,disallowed
Cook Incorporated,No,AI - Advanced Tech,,Allopathic & Osteopathic Physicians|Family Medicine,disallowed
Alcon Laboratories Inc,No,,Tobradex St,Eye and Vision Services Providers|Technician/Technologist|Ophthalmic,disallowed
Cook Incorporated,No,IR - GI Products,,Allopathic & Osteopathic Physicians|Radiology|Vascular & Interventional Radiology,disallowed
Allerderm  Laboratories,No,,,Allopathic & Osteopathic Physicians|Internal Medicine|Geriatric Medicine,disallowed
Celgene Corporation,No,,,Allopathic & Osteopathic Physicians|Neurological Surgery,disallowed
NOVARTIS PHARMACEUTICALS CORPORATION,No,,QAX576,Allopathic & Osteopathic Physicians|Pediatrics|Pediatric Allergy/Immunology,disallowed
"W. L. Gore & Associates, Inc.",No,Product in Development,,Allopathic & Osteopathic Physicians|Internal Medicine|Interventional Cardiology,disallowed
Nextremity Solutions Inc.,No,Nextra Hammertoe Implant,,Allopathic & Osteopathic Physicians|Orthopaedic Surgery,disallowed
INSYS Therapeutics Inc,No,,SUBSYS,Allopathic & Osteopathic Physicians|Hospitalist,disallowed
