gender,department,department_name,division,assignment_category,employee_position_title,date_first_hired,year_first_hired,current_annual_salary
M,FRS,Fire and Rescue Services,Station 29,Fulltime-Regular,Firefighter/Rescuer II,03/10/2014,2014,59027.0
F,FRS,Fire and Rescue Services,Station 25,Fulltime-Regular,Firefighter/Rescuer II,04/23/2012,2012,56990.0
,POL,Department of Police,MSB Communications Division,Fulltime-Regular,Public Safety Communications Specialist I,12/27/2016,2016,39257.0
M,POL,Department of Police,PSB 3rd District Patrol,Fulltime-Regular,Police Officer I,08/12/2013,2013,53788.0
M,FRS,Fire and Rescue Services,Safety,Fulltime-Regular,Fire/Rescue Captain,11/17/1997,1997,112266.0
M,DLC,Department of Liquor Control,Kensington,Fulltime-Regular,Liquor Store Manager,08/08/2000,2000,73547.33
F,DOT,Department of Transportation,Transit Gaithersburg Ride On,Fulltime-Regular,Bus Operator,06/04/2012,2012,43525.72
M,DLC,Department of Liquor Control,Stock Liquor and Wine Warehouse Operations,Fulltime-Regular,Supply Technician II,04/02/2012,2012,36707.05
F,HHS,Department of Health and Human Services,School Health Services,Parttime-Regular,School Health Room Technician I,10/16/2006,2006,40534.54
F,POL,Department of Police,FSB Security Services Division,Fulltime-Regular,Security Officer I,03/05/2007,2007,48260.15
M,DOT,Department of Transportation,Transit Silver Spring Ride On,Fulltime-Regular,Bus Operator,04/08/2013,2013,43525.72
M,OCP,Office of Consumer Protection,Investigations,Fulltime-Regular,Investigator III,11/24/2008,2008,93450.27
M,FRS,Fire and Rescue Services,Emergency Communications Center (ECC),Fulltime-Regular,Public Safety Communications Specialist II,11/09/1998,1998,52031.02
M,FRS,Fire and Rescue Services,Station 35,Fulltime-Regular,Firefighter/Rescuer III,03/19/2007,2007,65716.0
F,HHS,Department of Health and Human Services,Child Welfare Services,Fulltime-Regular,Social Worker III,06/04/1967,1967,100849.36
M,DGS,Department of General Services,Fleet Management Fleet Services,Fulltime-Regular,Mechanic Technician I,04/20/2015,2015,50820.87
F,LIB,Department of Public Libraries,Olney Library,Fulltime-Regular,Librarian II,01/29/1990,1990,100849.36
F,HHS,Department of Health and Human Services,Income Supports,Fulltime-Regular,Income Assistance Program Specialist I,07/11/2016,2016,42792.0
F,HCA,Department of Housing and Community Affairs,Housing Code Enforcement,Fulltime-Regular,Housing Code Inspector III,06/12/2006,2006,93396.0
F,HHS,Department of Health and Human Services,Child Welfare Services,Fulltime-Regular,Office Services Coordinator,12/15/2003,2003,57716.72
F,REC,Department of Recreation,Southern Region,Fulltime-Regular,Office Services Coordinator,09/21/1987,1987,69222.18
F,POL,Department of Police,MSB Personnel Division,Fulltime-Regular,Administrative Specialist III,04/10/1989,1989,95263.92
F,HHS,Department of Health and Human Services,Emergency Housing Assistance,Fulltime-Regular,Social Worker III,01/05/2009,2009,92152.37
F,POL,Department of Police,FSB Traffic Division Automated Traffic Enforcement Section,Fulltime-Regular,Police Aide,07/19/2004,2004,56236.95
F,FRS,Fire and Rescue Services,Emergency Medical Services,Fulltime-Regular,Fire/Rescue Lieutenant,09/11/2000,2000,106456.0
M,DPS,Department of Permitting Services,Fire Code Compliance,Fulltime-Regular,Permitting and Code Enforcement Inspector III,09/21/2015,2015,77774.66
M,DOT,Department of Transportation,Highway Services,Fulltime-Regular,Equipment Operator Apprentice,04/18/2016,2016,33395.15
M,COR,Correction and Rehabilitation,DS MCCF Unit 2 Security,Fulltime-Regular,Correctional Officer III (Corporal),02/19/2002,2002,74713.0
F,DOT,Department of Transportation,Transit COS Marketing,Fulltime-Regular,Transit Marketing Specialist,06/26/2000,2000,84974.0
M,POL,Department of Police,ISB Criminal Investigations Division 1st District Investigative Section,Fulltime-Regular,Police Sergeant,06/25/1990,1990,107128.71
M,DOT,Department of Transportation,Transit Nicholson Ride On,Fulltime-Regular,Bus Operator,01/07/2013,2013,45049.12
F,OCP,Office of Consumer Protection,Investigations,Fulltime-Regular,Investigator III,02/22/1994,1994,105743.92
M,DOT,Department of Transportation,Transit Nicholson Ride On,Fulltime-Regular,Bus Operator,03/02/2008,2008,48722.98
M,HHS,Department of Health and Human Services,Adult Drug Court,Fulltime-Regular,Therapist I,07/25/2016,2016,60048.75
M,POL,Department of Police,MSB Information Management and Technology Division,Fulltime-Regular,Information Technology Technician III,01/02/2001,2001,77343.0
M,DOT,Department of Transportation,Highway Services,Fulltime-Regular,Equipment Operator II,09/15/1997,1997,63274.56
F,FIN,Department of Finance,General Accounting,Fulltime-Regular,Accountant/Auditor II,02/09/2015,2015,80103.88
F,DOT,Department of Transportation,Transportation Engineering Administration,Fulltime-Regular,Executive Administrative Aide,04/03/2006,2006,70151.86
M,POL,Department of Police,PSB 5th District Patrol,Fulltime-Regular,Police Officer III,07/16/2007,2007,70435.0
M,DGS,Department of General Services,Facilities Maintenance,Fulltime-Regular,Building Services Worker II,09/22/2003,2003,45775.85
M,FRS,Fire and Rescue Services,Recruit Training,Fulltime-Regular,Firefighter/Rescuer I (Recruit),12/12/2016,2016,45261.0
F,LIB,Department of Public Libraries,Quince Orchard Library,Fulltime-Regular,Library Associate,11/27/2011,2011,47940.15
M,DOT,Department of Transportation,Transit Gaithersburg Ride On,Fulltime-Regular,Transit Operations Supervisor,10/17/2005,2005,69368.62
F,HHS,Department of Health and Human Services,Area Agency on Aging Administration,Fulltime-Regular,Program Manager I,01/27/2014,2014,60403.27
M,FRS,Fire and Rescue Services,Station 23,Fulltime-Regular,Firefighter/Rescuer II,01/14/2013,2013,52693.0
M,FRS,Fire and Rescue Services,Station 8,Fulltime-Regular,Firefighter/Rescuer III,03/17/2008,2008,63493.0
F,HHS,Department of Health and Human Services,Income Supports,Fulltime-Regular,Income Assistance Program Specialist II,07/10/1982,1982,83497.98
M,COR,Correction and Rehabilitation,DO Director,Fulltime-Regular,Director Department of Correction and Rehabilitation,12/04/2000,2000,206000.0
F,HHS,Department of Health and Human Services,STD and HIV Services,Fulltime-Regular,Community Health Nurse II,09/08/2014,2014,74617.86
F,HHS,Department of Health and Human Services,Child Welfare Services,Fulltime-Regular,Social Worker II,09/13/1999,1999,93386.32
F,LIB,Department of Public Libraries,Twinbrook Library,Fulltime-Regular,Librarian II,10/06/1985,1985,100849.36
M,DLC,Department of Liquor Control,Stock Liquor and Wine Warehouse Operations,Fulltime-Regular,Supply Technician II,02/28/1994,1994,57476.06
F,SHF,Sheriff's Office,Attachments,Fulltime-Regular,Deputy Sheriff Sergeant,09/05/1995,1995,96763.35
F,CUS,Community Use of Public Facilities,Finance and Administrative Support Team,Fulltime-Regular,Senior Information Technology Specialist,08/30/1999,1999,115324.45
M,DOT,Department of Transportation,Transit Nicholson Ride On,Fulltime-Regular,Transit Services Supervisor,05/21/1984,1984,78889.86
M,DLC,Department of Liquor Control,Special Order Liquor and Wine Warehouse Operations,Fulltime-Regular,Senior Supply Technician,10/06/2003,2003,58856.27
F,LIB,Department of Public Libraries,Rockville Library,Parttime-Regular,Library Associate II,03/17/1997,1997,37518.05
M,FRS,Fire and Rescue Services,Station 34,Fulltime-Regular,Master Firefighter/Rescuer,03/30/1986,1986,95187.98
M,POL,Department of Police,PSB 4th District Patrol,Fulltime-Regular,Police Officer I,02/24/2014,2014,61725.0
M,COR,Correction and Rehabilitation,DS MCCF Unit 1 Security,Fulltime-Regular,Correctional Unit Commander (Captain),02/25/1990,1990,114079.71
M,POL,Department of Police,PSB 2nd District Patrol,Fulltime-Regular,Police Officer II,08/12/2013,2013,58455.0
M,DLC,Department of Liquor Control,Milestone,Fulltime-Regular,Liquor Store Clerk II,09/22/2014,2014,40946.26
M,FRS,Fire and Rescue Services,Station 30,Fulltime-Regular,Firefighter/Rescuer III,05/16/2005,2005,79824.0
M,DOT,Department of Transportation,Transit Silver Spring Ride On,Fulltime-Regular,Bus Operator,02/24/2014,2014,42053.83
F,POL,Department of Police,MSB Communications Division,Fulltime-Regular,Public Safety Communications Specialist III,05/16/2005,2005,65680.86
F,FRS,Fire and Rescue Services,Third Battalion - Administration,Fulltime-Regular,Fire/Rescue Lieutenant,06/07/2004,2004,88168.0
F,HHS,Department of Health and Human Services,Child Welfare Services,Fulltime-Regular,Social Worker IV,03/11/2002,2002,98490.39
F,POL,Department of Police,FSB Traffic Division School Safety Section,Parttime-Regular,Crossing Guard,09/08/2014,2014,16610.68
F,POL,Department of Police,MSB Training and Education Division,Fulltime-Regular,Master Police Officer,08/19/1996,1996,97392.47
M,POL,Department of Police,FSB Traffic Division School Safety Section,Parttime-Regular,Crossing Guard,02/20/2007,2007,19728.85
M,POL,Department of Police,Field Services Bureau,Fulltime-Regular,Police Officer III,02/06/1995,1995,92756.7
M,POL,Department of Police,PSB 4th District Patrol,Fulltime-Regular,Police Officer I,02/24/2014,2014,53788.0
M,POL,Department of Police,PSB 1st District Patrol,Fulltime-Regular,Police Officer III,07/17/2006,2006,72902.0
F,DEP,Department of Environmental Protection,Environmental Planning and Policy Implementation,Fulltime-Regular,Forest Conservation Coordinator,01/14/2002,2002,102664.0
M,PIO,Office of Public Information,Web Content and Graphic Management,Fulltime-Regular,Information Technology Specialist III,04/21/2003,2003,88712.56
M,POL,Department of Police,PSB 4th District Patrol,Fulltime-Regular,Police Officer II,07/16/2012,2012,60501.0
M,FRS,Fire and Rescue Services,Recruit Training,Fulltime-Regular,Firefighter/Rescuer I (Recruit),12/12/2016,2016,45261.0
F,HHS,Department of Health and Human Services,Behavioral Health Community Support Services,Fulltime-Regular,Community Services Aide III,05/01/2006,2006,73801.0
F,HHS,Department of Health and Human Services,"Chief, Children Youth and Families",Fulltime-Regular,Program Manager II,04/09/2001,2001,101657.58
M,DPS,Department of Permitting Services,"Team 4 Commercial Electrical, Mechanical and Fire Protection Systems",Fulltime-Regular,Senior Permitting Services Specialist,03/11/2002,2002,107657.0
M,FRS,Fire and Rescue Services,Station 23,Fulltime-Regular,Firefighter/Rescuer III,01/14/2013,2013,55328.0
M,POL,Department of Police,PSB 4th District Patrol,Fulltime-Regular,Police Officer II,05/21/2012,2012,58455.0
M,COR,Correction and Rehabilitation,PTS Supervision,Fulltime-Regular,Correctional Specialist III,01/20/1998,1998,95001.52
M,FRS,Fire and Rescue Services,Station 30,Fulltime-Regular,Firefighter/Rescuer III,03/17/2008,2008,65530.0
M,POL,Department of Police,PSB 5th District Patrol,Fulltime-Regular,Police Officer III,07/18/2005,2005,75453.0
M,FRS,Fire and Rescue Services,Station 5,Fulltime-Regular,Firefighter/Rescuer III,02/22/1994,1994,83611.44
M,DOT,Department of Transportation,Highway Services,Fulltime-Regular,Equipment Operator I,05/06/2002,2002,61231.0
M,DOT,Department of Transportation,Transit Silver Spring Ride On,Fulltime-Regular,Bus Operator,10/29/2007,2007,46626.87
M,DGS,Department of General Services,Facilities Maintenance,Fulltime-Regular,Public Service Craftsworker,11/28/2005,2005,64141.0
M,POL,Department of Police,PSB 5th District Patrol,Fulltime-Regular,Police Officer I,06/02/2014,2014,53788.0
F,REC,Department of Recreation,Youth Development Youth Services,Fulltime-Regular,Recreation Specialist,11/28/2016,2016,56850.0
M,DOT,Department of Transportation,Highway Services,Fulltime-Regular,Work Force Leader II,10/31/1988,1988,75277.02
M,DOT,Department of Transportation,Transit Silver Spring Ride On,Fulltime-Regular,Bus Operator,11/09/2015,2015,40631.32
M,DLC,Department of Liquor Control,Flower Avenue,Fulltime-Regular,Liquor Store Assistant Manager,08/27/1996,1996,69053.96
M,POL,Department of Police,HQ Office of the Chief Internal Affairs Division,Fulltime-Regular,Police Lieutenant,01/18/1994,1994,123902.96
F,COR,Correction and Rehabilitation,DS MCDC Custody and Security,Fulltime-Regular,Correctional Officer III (Corporal),07/23/2007,2007,62903.0
F,POL,Department of Police,ISB Criminal Investigations Division Crime Laboratory Section,Fulltime-Regular,Forensic Scientist,02/09/2015,2015,70820.32
F,HHS,Department of Health and Human Services,Health Planning and Epidemiology,Fulltime-Regular,Senior Planning Specialist,05/05/2014,2014,90704.11
M,DPS,Department of Permitting Services,Land Development Sediment and Stormwater Inspection,Fulltime-Regular,Permitting and Code Enforcement Inspector I,08/08/2016,2016,56300.0
M,PRO,Office of Procurement,LSBRP (Local Small Business Reserve Program),Fulltime-Regular,Procurement Specialist II,04/04/2005,2005,83594.69
M,DGS,Department of General Services,Fleet Management Administration,Fulltime-Regular,Program Manager I,11/04/2013,2013,93396.0
M,DOT,Department of Transportation,Transit Silver Spring Ride On,Fulltime-Regular,Bus Operator,01/04/2016,2016,40631.32
M,SHF,Sheriff's Office,Court and Transport,Fulltime-Regular,Deputy Sheriff Sergeant,05/10/1993,1993,96763.35
M,POL,Department of Police,MSB Communications Division,Fulltime-Regular,Public Safety Communications Specialist II,12/01/2014,2014,48571.6
F,HHS,Department of Health and Human Services,Child Welfare Services,Fulltime-Regular,Office Services Coordinator,11/26/2007,2007,63171.74
M,COR,Correction and Rehabilitation,DS MCDC Central Processing Unit,Fulltime-Regular,Correctional Officer III (Corporal),05/28/1996,1996,79647.84
F,HHS,Department of Health and Human Services,School Health Services,Parttime-Regular,School Health Room Technician I,01/22/2007,2007,40534.54
F,HHS,Department of Health and Human Services,Medical Assistance Eligibility Services,Fulltime-Regular,Income Assistance Program Specialist II,08/06/2001,2001,74148.26
F,SHF,Sheriff's Office,Sheriff Domestic Violence,Fulltime-Regular,Client Assistance Specialist,06/29/2015,2015,50785.86
F,COR,Correction and Rehabilitation,DS MCDC Custody and Security,Fulltime-Regular,Correctional Officer III (Corporal),02/14/2000,2000,77328.0
M,DGS,Department of General Services,Building Design and Construction,Fulltime-Regular,Capital Projects Manager,11/29/2004,2004,117935.19
M,POL,Department of Police,PSB 1st District Patrol,Fulltime-Regular,Police Officer III,01/18/1994,1994,92756.7
M,DTS,Department of Technology Services,ETSD Network Services,Fulltime-Regular,Senior Information Technology Specialist,10/17/2005,2005,118400.0
M,FRS,Fire and Rescue Services,Field Relief Personnel,Fulltime-Regular,Fire/Rescue Battalion Chief,10/11/1987,1987,135945.95
F,HHS,Department of Health and Human Services,Latino Health Initiative,Fulltime-Regular,Principal Administrative Aide,01/31/1999,1999,57068.63
M,FRS,Fire and Rescue Services,Emergency Communications Center (ECC),Fulltime-Regular,Master Firefighter/Rescuer,02/22/1988,1988,100237.98
F,POL,Department of Police,FSB Traffic Division School Safety Section,Parttime-Regular,Crossing Guard,10/02/2000,2000,24134.31
F,LIB,Department of Public Libraries,Aspen Hill Library,Fulltime-Regular,Librarian II,02/14/1977,1977,100849.36
M,DGS,Department of General Services,Automation,Fulltime-Regular,Information Technology Specialist III,02/08/1999,1999,83449.3
M,DGS,Department of General Services,Fleet Management Services,Fulltime-Regular,Fiscal Assistant,06/26/2006,2006,50317.92
F,DOT,Department of Transportation,Transit Gaithersburg Ride On,Fulltime-Regular,Bus Operator,03/02/2008,2008,48722.98
F,HHS,Department of Health and Human Services,School Health Services,Fulltime-Regular,Community Health Nurse II,01/27/2014,2014,82802.65
F,FIN,Department of Finance,Accounts Payable,Fulltime-Regular,Fiscal Assistant,11/24/2008,2008,46972.96
M,DGS,Department of General Services,Facilities Maintenance,Fulltime-Regular,HVAC Mechanic II,12/10/2000,2000,77343.0
M,POL,Department of Police,PSB 2nd District Station,Fulltime-Regular,Police Officer III,01/14/2002,2002,89620.0
M,DOT,Department of Transportation,Highway Services,Fulltime-Regular,Work Force Leader II,11/06/1989,1989,75277.02
M,HCA,Department of Housing and Community Affairs,Grants Management,Fulltime-Regular,Senior Planning Specialist,03/26/2001,2001,102664.0
F,HHS,Department of Health and Human Services,Adult Protective and Case Management Services,Fulltime-Regular,Social Worker III,07/29/2013,2013,73272.88
M,POL,Department of Police,PSB 5th District Patrol,Fulltime-Regular,Police Officer II,02/24/2014,2014,60501.0
M,DOT,Department of Transportation,Transit Nicholson Ride On,Fulltime-Regular,Bus Operator,08/27/2007,2007,46626.87
F,LIB,Department of Public Libraries,Bethesda Library,Parttime-Regular,Library Desk Assistant,10/23/2014,2014,18611.94
F,POL,Department of Police,Management Services Bureau,Fulltime-Regular,Manager III,09/08/1986,1986,135392.0
M,DOT,Department of Transportation,Traffic Engineering Studies Section,Fulltime-Regular,Engineer III,11/12/2002,2002,102664.0
F,HHS,Department of Health and Human Services,Access to Behavioral Health Services,Fulltime-Regular,Therapist II,09/02/1986,1986,100849.36
M,HCA,Department of Housing and Community Affairs,Multi-Family Housing Program,Fulltime-Regular,Senior Planning Specialist,01/26/2015,2015,85117.0
M,FRS,Fire and Rescue Services,Station 29,Fulltime-Regular,Firefighter/Rescuer III,02/27/2012,2012,65382.0
F,DOT,Department of Transportation,Transportation Construction Section,Fulltime-Regular,Highway Construction Field Supervisor,10/07/2013,2013,88011.34
M,FRS,Fire and Rescue Services,Third Battalion - Administration,Fulltime-Regular,Fire/Rescue Captain,09/20/1993,1993,114087.02
M,COR,Correction and Rehabilitation,DS MCDC Custody and Security,Fulltime-Regular,Correctional Officer II (PFC),08/11/2014,2014,49831.0
F,CEX,Offices of the County Executive,Chief Administrative Officer's Office,Fulltime-Regular,"Special Projects Manager, Office of the CAO",01/23/1989,1989,165746.0
M,DOT,Department of Transportation,Transit Gaithersburg Ride On,Fulltime-Regular,Bus Operator,12/06/2010,2010,45048.5
M,POL,Department of Police,FSB Security Services Division,Fulltime-Regular,Security Officer I,07/29/2013,2013,43525.71
F,POL,Department of Police,MSB Communications Division,Fulltime-Regular,Public Safety Communications Specialist III,03/27/2000,2000,76465.53
F,LIB,Department of Public Libraries,White Oak Library,Parttime-Regular,Librarian I,11/06/1995,1995,37690.56
M,DLC,Department of Liquor Control,Muddy Branch,Parttime-Regular,Liquor Store Clerk I,02/17/2008,2008,28780.63
F,HHS,Department of Health and Human Services,Adult Protective Services - Nurse Assessment,Fulltime-Regular,Community Health Nurse II,10/11/2004,2004,95629.79
F,HHS,Department of Health and Human Services,Area Health Centers,Fulltime-Regular,Office Services Coordinator,01/03/1995,1995,69222.18
F,HHS,Department of Health and Human Services,Adult Protective and Case Management Services,Fulltime-Regular,Social Worker III,06/12/2000,2000,97912.0
F,POL,Department of Police,PSB 4th District Station,Fulltime-Regular,Office Services Coordinator,09/10/2003,2003,52409.96
F,DEP,Department of Environmental Protection,Stormwater Facility Inspection and Maintenance,Fulltime-Regular,Engineer III,01/05/2009,2009,99939.88
M,REC,Department of Recreation,Youth Development Your Sports/Activities,Fulltime-Regular,Recreation Specialist,11/19/2012,2012,65209.54
F,DOT,Department of Transportation,Director Management Services,Fulltime-Regular,Office Services Coordinator,12/17/2000,2000,67206.0
F,DGS,Department of General Services,Building Design and Construction,Fulltime-Regular,Office Services Coordinator,01/09/1996,1996,69222.18
F,POL,Department of Police,PSB 2nd District Educational Facilities Officers,Fulltime-Regular,Police Officer III,01/14/2002,2002,83658.0
F,HHS,Department of Health and Human Services,Medical Assistance Eligibility Services,Fulltime-Regular,Income Assistance Program Specialist II,04/03/2006,2006,75170.29
F,LIB,Department of Public Libraries,Damascus Library,Parttime-Regular,Library Assistant I,08/20/1996,1996,30100.72
M,DOT,Department of Transportation,Transit Nicholson Ride On,Fulltime-Regular,Bus Operator,01/09/1996,1996,66065.23
F,PRO,Office of Procurement,Business Relations and Compliance Division,Fulltime-Regular,Program Manager I,09/27/1998,1998,102153.0
M,HHS,Department of Health and Human Services,Contract Team,Fulltime-Regular,Program Manager I,03/09/2015,2015,89122.19
M,DOT,Department of Transportation,Transit Nicholson Ride On,Fulltime-Regular,Bus Operator,08/18/2014,2014,42053.83
F,SHF,Sheriff's Office,Administration,Fulltime-Regular,Program Manager I,04/18/2005,2005,90006.97
M,CEC,Community Engagement Cluster,Wheaton Urban District,Fulltime-Regular,Urban District Public Service Team Supervisor,06/01/2010,2010,45384.51
F,HHS,Department of Health and Human Services,School Health Services,Parttime-Regular,School Health Room Technician I,01/09/2006,2006,41953.24
F,POL,Department of Police,MSB Management and Budget Division,Fulltime-Regular,Manager III,08/20/2007,2007,122970.57
M,FRS,Fire and Rescue Services,Fire and Explosive Investigations,Fulltime-Regular,Fire/Rescue Captain,02/29/1988,1988,120117.06
F,SHF,Sheriff's Office,Court and Transport,Fulltime-Regular,Deputy Sheriff I,09/20/2004,2004,49364.0
M,POL,Department of Police,PSB 3rd District Patrol,Fulltime-Regular,Police Officer III,01/16/2007,2007,70435.0
M,POL,Department of Police,PSB 5th District Patrol,Fulltime-Regular,Police Officer III,06/13/1994,1994,92756.7
M,DGS,Department of General Services,Fleet Management Fleet Services,Fulltime-Regular,Mechanic Technician II,06/28/2004,2004,73801.0
M,FRS,Fire and Rescue Services,Station 34,Fulltime-Regular,Firefighter/Rescuer III,09/11/2000,2000,89485.0
M,OCP,Office of Consumer Protection,Investigations,Fulltime-Regular,Investigator III,10/03/1994,1994,105743.92
F,PIO,Office of Public Information,MC311,Fulltime-Regular,Program Manager II,10/11/2010,2010,94532.52
M,DOT,Department of Transportation,Highway Services,Fulltime-Regular,Work Force Leader IV,07/06/1998,1998,74891.62
M,POL,Department of Police,PSB 4th District Patrol,Fulltime-Regular,Police Officer III,06/02/2003,2003,80829.0
M,POL,Department of Police,ISB Family Crimes Division Pedophile Section,Fulltime-Regular,Police Officer III,02/06/1995,1995,92756.7
F,HHS,Department of Health and Human Services,OESS-Health Care for the Uninsured,Fulltime-Regular,Income Assistance Program Specialist II,04/09/2012,2012,54402.73
F,COR,Correction and Rehabilitation,DS MCCF Unit 3 Security,Fulltime-Regular,Correctional Officer III (Corporal),04/25/1999,1999,65105.0
F,HHS,Department of Health and Human Services,School Health Services,Parttime-Regular,School Health Room Technician I,10/04/1999,1999,51574.16
M,POL,Department of Police,PSB 3rd District Patrol,Fulltime-Regular,Police Sergeant,11/08/1999,1999,103506.0
M,DOT,Department of Transportation,Transit Silver Spring Ride On,Fulltime-Regular,Bus Operator,09/20/2004,2004,55123.38
M,FIN,Department of Finance,Information Technology,Fulltime-Regular,Manager II,12/12/2005,2005,156516.65
M,DOT,Department of Transportation,Highway Services,Fulltime-Regular,Equipment Operator I,01/27/2002,2002,55022.21
F,COR,Correction and Rehabilitation,MSD Fiscal Services,Fulltime-Regular,Office Services Coordinator,08/12/1990,1990,69222.18
M,SHF,Sheriff's Office,Civil Process,Fulltime-Regular,Deputy Sheriff II,07/16/2012,2012,58562.0
F,LIB,Department of Public Libraries,Public Service Administration,Fulltime-Regular,Program Manager II,11/14/2016,2016,81750.0
M,FRS,Fire and Rescue Services,Station 2,Fulltime-Regular,Firefighter/Rescuer III,05/21/2007,2007,65716.0
M,DOT,Department of Transportation,Transit Silver Spring Ride On,Fulltime-Regular,Bus Operator,01/11/1998,1998,64141.0
F,COR,Correction and Rehabilitation,DS Inmate Records,Fulltime-Regular,Correctional Records Technician,11/26/2001,2001,68254.34
F,HHS,Department of Health and Human Services,Budget Team,Fulltime-Regular,Management and Budget Specialist II,03/22/2004,2004,87662.12
M,FRS,Fire and Rescue Services,Recruit Training,Fulltime-Regular,Firefighter/Rescuer I (Recruit),12/12/2016,2016,45261.0
M,DGS,Department of General Services,Fleet Automotive Heavy Equipment,Fulltime-Regular,Mechanic Technician II,03/10/1997,1997,73801.0
F,HHS,Department of Health and Human Services,School Health Services,Parttime-Regular,School Health Room Technician I,06/07/2012,2012,35552.43
M,FRS,Fire and Rescue Services,Recruit Training,Fulltime-Regular,Firefighter/Rescuer I (Recruit),12/12/2016,2016,45261.0
F,FIN,Department of Finance,Treasury Operations,Fulltime-Regular,Office Services Coordinator,08/13/2012,2012,56520.51
M,POL,Department of Police,PSB 6th District Patrol,Fulltime-Regular,Police Officer III,11/08/1999,1999,89620.0
F,LIB,Department of Public Libraries,Potomac Library,Parttime-Regular,Library Aide,09/01/2000,2000,18247.04
M,FRS,Fire and Rescue Services,Station 24,Fulltime-Regular,Firefighter/Rescuer III,06/04/2012,2012,57265.0
M,FRS,Fire and Rescue Services,Station 22,Fulltime-Regular,Fire/Rescue Captain,02/08/1999,1999,110229.0
M,DOT,Department of Transportation,Transit Nicholson Ride On,Fulltime-Regular,Bus Operator,07/16/2012,2012,45048.5
F,HHS,Department of Health and Human Services,School Health Services,Parttime-Regular,School Health Room Technician I,07/28/2014,2014,36797.13
F,HHS,Department of Health and Human Services,Child Welfare Services,Parttime-Regular,Child Welfare Caseworker,11/29/1999,1999,46693.16
M,POL,Department of Police,MSB Training and Education Division,Fulltime-Regular,Police Officer III,03/04/1991,1991,92756.7
M,CCL,County Council,Council Members and Staff,Fulltime-Regular,Confidential Aide,09/10/2012,2012,107615.05
M,HHS,Department of Health and Human Services,Adult Behavioral Health Services,Parttime-Regular,Medical Doctor III - Psychiatrist,09/29/1997,1997,94250.92
F,FRS,Fire and Rescue Services,HR Labor Relations,Fulltime-Regular,Administrative Specialist III,11/12/1996,1996,93396.0
F,CUS,Community Use of Public Facilities,Finance and Administrative Support Team,Fulltime-Regular,Program Specialist I,05/26/2006,2006,58178.18
F,REC,Department of Recreation,Southern Region Area III,Fulltime-Regular,Recreation Supervisor,10/17/1993,1993,95263.92
M,DOT,Department of Transportation,Transit Gaithersburg Ride On,Fulltime-Regular,Bus Operator,08/14/2006,2006,50699.16
F,DOT,Department of Transportation,Transit Nicholson Ride On,Fulltime-Regular,Bus Operator,02/22/2016,2016,39257.31
M,POL,Department of Police,ISB Criminal Investigations Division 4th District Investigative Section,Fulltime-Regular,Police Officer III,07/21/2003,2003,86588.0
M,DLC,Department of Liquor Control,Darnestown,Parttime-Regular,Liquor Store Clerk I,06/18/2013,2013,29779.09
M,DOT,Department of Transportation,Transportation Materials Testing Lab,Fulltime-Regular,Construction Representative III,01/27/2014,2014,87302.71
M,FRS,Fire and Rescue Services,Station 34,Fulltime-Regular,Firefighter/Rescuer III,02/22/1994,1994,83611.44
F,DOT,Department of Transportation,Director's Office,Fulltime-Regular,Manager II,07/14/2014,2014,136713.45
M,POL,Department of Police,PSB 2nd District Patrol,Fulltime-Regular,Police Officer III,01/31/1982,1982,92756.7
M,FRS,Fire and Rescue Services,Property and Supply,Fulltime-Regular,Messenger-Clerk,10/08/2012,2012,41897.13
F,POL,Department of Police,FSB Traffic Division School Safety Section,Parttime-Regular,Crossing Guard,05/22/2000,2000,24978.81
F,FIN,Department of Finance,Payroll,Fulltime-Regular,Manager III,04/05/2004,2004,135313.72
F,DOT,Department of Transportation,Transit Special Transportation and Medicaid,Fulltime-Regular,Community Services Aide II,09/08/2015,2015,44207.44
M,DOT,Department of Transportation,Transit Silver Spring Ride On,Fulltime-Regular,Bus Operator,05/27/2014,2014,42053.83
F,POL,Department of Police,PSB 2nd District Patrol,Fulltime-Regular,Police Officer I,05/22/2008,2008,51969.0
M,FRS,Fire and Rescue Services,Station 8,Fulltime-Regular,Fire/Rescue Captain,06/15/1992,1992,114087.02
M,SHF,Sheriff's Office,Civil Process,Fulltime-Regular,Deputy Sheriff III,01/18/2005,2005,71908.0
M,DOT,Department of Transportation,Highway Services,Fulltime-Regular,District Supervisor,05/03/1993,1993,93628.15
M,HHS,Department of Health and Human Services,Facilities and Logistical Services,Fulltime-Regular,Principal Administrative Aide,01/29/1996,1996,60201.44
M,DGS,Department of General Services,Fleet Automotive Heavy Equipment,Fulltime-Regular,Mechanic Technician II,01/26/2004,2004,73801.0
F,DOT,Department of Transportation,Transit Gaithersburg Ride On,Fulltime-Regular,Bus Operator,06/30/2014,2014,42053.83
M,FRS,Fire and Rescue Services,Station 32,Fulltime-Regular,Firefighter/Rescuer III,01/14/2013,2013,55328.0
M,DLC,Department of Liquor Control,White Oak,Parttime-Regular,Liquor Store Clerk I,11/07/2012,2012,29779.06
M,POL,Department of Police,ISB Criminal Investigations Division 5th District Investigative Section,Fulltime-Regular,Police Officer III,09/12/1988,1988,92756.7
M,CCL,County Council,Council Central Staff,Fulltime-Regular,Program Manager I,08/01/2010,2010,84019.97
M,FRS,Fire and Rescue Services,Station 35,Fulltime-Regular,Fire/Rescue Captain,08/04/1982,1982,120117.06
M,DOT,Department of Transportation,Transit Nicholson Ride On,Fulltime-Regular,Bus Operator,03/02/2008,2008,61390.5
M,DOT,Department of Transportation,Parking Management Engineering and Capital Project Management,Fulltime-Regular,Public Service Craftsworker I,11/05/2001,2001,48641.37
F,POL,Department of Police,MSB Personnel Division Recruitment Section,Fulltime-Regular,Police Officer III,01/17/2006,2006,86588.0
M,FRS,Fire and Rescue Services,Station 22,Fulltime-Regular,Firefighter/Rescuer II,01/14/2013,2013,52693.0
F,HHS,Department of Health and Human Services,School Health Services,Fulltime-Regular,Community Health Nurse II,08/03/2009,2009,88700.01
F,FIN,Department of Finance,Tax Operations,Fulltime-Regular,Office Services Coordinator,12/27/1997,1997,64428.28
M,FRS,Fire and Rescue Services,Station 24,Fulltime-Regular,Firefighter/Rescuer III,03/19/2007,2007,65716.0
M,PIO,Office of Public Information,MC311,Fulltime-Regular,Customer Service Representative II,01/09/2006,2006,51062.83
M,DOT,Department of Transportation,Transit Silver Spring Ride On,Fulltime-Regular,Bus Operator,03/05/2000,2000,62836.91
M,DOT,Department of Transportation,Transit Nicholson Ride On,Fulltime-Regular,Bus Operator,08/18/2014,2014,42053.83
M,POL,Department of Police,ISB Family Crimes Division Child Abuse Sexual Assault Section,Fulltime-Regular,Police Officer III,01/04/1998,1998,68054.0
F,OCP,Office of Consumer Protection,Investigations,Fulltime-Regular,Manager III,04/04/2016,2016,129142.5
F,CEC,Community Engagement Cluster,Silver Spring Urban District,Fulltime-Regular,Office Services Coordinator,06/29/2003,2003,49336.78
M,DOT,Department of Transportation,Highway Services,Fulltime-Regular,Equipment Operator I,12/14/2015,2015,39003.45
M,DLC,Department of Liquor Control,Olney,Parttime-Regular,Liquor Store Clerk I,10/02/2005,2005,35368.71
F,POL,Department of Police,PSB 4th District Patrol,Fulltime-Regular,Police Services Assistant,10/15/2007,2007,50671.75
M,DOT,Department of Transportation,Transit Operations and Planning,Fulltime-Regular,Transit Analyst,09/28/1983,1983,69222.18
M,LIB,Department of Public Libraries,Wheaton Library,Fulltime-Regular,Librarian II,10/08/2012,2012,77749.82
M,HHS,Department of Health and Human Services,Substance Abuse Prevention,Fulltime-Regular,Program Manager I,03/26/2012,2012,62517.39
F,HHS,Department of Health and Human Services,School Health Services,Parttime-Regular,School Health Room Technician I,01/06/1997,1997,55251.81
M,DOT,Department of Transportation,Transit Gaithersburg Ride On,Fulltime-Regular,Bus Operator,05/23/1988,1988,48258.81
M,POL,Department of Police,MSB Training and Education Division,Fulltime-Regular,Police Officer Candidate,07/11/2016,2016,50211.0
M,DOT,Department of Transportation,Transportation Technical Center,Fulltime-Regular,Transportation Systems Technician III,10/22/1989,1989,83497.98
F,POL,Department of Police,ISB Criminal Investigations Division Crime Laboratory Section,Fulltime-Regular,Senior Forensic Scientist,10/15/2007,2007,88440.86
F,DOT,Department of Transportation,Transit Safety and Instruction,Fulltime-Regular,Safety and Training Supervisor,02/12/1996,1996,84974.0
F,DOT,Department of Transportation,Transit Gaithersburg Ride On,Fulltime-Regular,Bus Operator,08/18/1996,1996,66065.23
M,FRS,Fire and Rescue Services,Station 10,Fulltime-Regular,Fire/Rescue Lieutenant,07/24/1977,1977,106754.6
F,HHS,Department of Health and Human Services,Clinical Assessment and Triage Services,Fulltime-Regular,Therapist II,04/22/2013,2013,66518.09
M,DOT,Department of Transportation,Highway Services,Fulltime-Regular,Depot Supply Coordinator,01/06/1992,1992,66065.23
M,DOT,Department of Transportation,Transportation Management,Fulltime-Regular,Senior Information Technology Specialist,01/09/1989,1989,120768.0
F,HHS,Department of Health and Human Services,Adult Behavioral Health Services,Fulltime-Regular,Supervisory Therapist,08/14/1989,1989,104717.28
M,POL,Department of Police,Management Services Bureau,Fulltime-Regular,Police Lieutenant,01/15/1996,1996,119713.0
M,DLC,Department of Liquor Control,Stock Liquor and Wine Warehouse Operations,Fulltime-Regular,Warehouse Equipment Operator,07/13/2006,2006,44476.25
M,POL,Department of Police,MSB Training and Education Division,Fulltime-Regular,Police Officer Candidate,07/11/2016,2016,59638.0
F,FIN,Department of Finance,Accounts Receivable,Fulltime-Regular,Administrative Specialist II,09/19/2005,2005,84974.0
M,POL,Department of Police,FSB Special Operations Division Tactical Operations Section,Fulltime-Regular,Police Officer III,09/18/1995,1995,92756.7
M,POL,Department of Police,MSB Personnel Division,Parttime-Regular,Police Cadet,05/20/2013,2013,16049.0
M,DPS,Department of Permitting Services,"Team 4 Commercial Electrical, Mechanical and Fire Protection Systems",Fulltime-Regular,Program Manager II,06/20/1988,1988,104717.28
M,POL,Department of Police,PSB 1st District Community Action Team,Fulltime-Regular,Police Officer III,07/14/2008,2008,68054.0
F,HHS,Department of Health and Human Services,Women's Health Services,Fulltime-Regular,Community Services Aide II,04/08/2013,2013,45384.51
M,DTS,Department of Technology Services,ESOD Server Support,Fulltime-Regular,Technology Expert,02/24/2014,2014,140794.0
F,BOE,Board of Elections,Polling Place Management,Fulltime-Regular,Principal Administrative Aide,01/02/2008,2008,56462.68
F,LIB,Department of Public Libraries,Gaithersburg Library,Fulltime-Regular,Library Associate,07/20/2013,2013,47940.3
F,HHS,Department of Health and Human Services,STD and HIV Services,Fulltime-Regular,Administrative Specialist III,03/20/2006,2006,89919.38
M,POL,Department of Police,PSB 3rd District Community Action Team,Fulltime-Regular,Police Sergeant,12/03/2001,2001,103506.0
M,HRC,Office of Human Rights,Director,Fulltime-Regular,Manager I,09/22/2008,2008,166078.77
M,DOT,Department of Transportation,Transit Nicholson Ride On,Fulltime-Regular,Bus Operator,03/03/2008,2008,46626.87
F,POL,Department of Police,FSB Traffic Division School Safety Section,Parttime-Regular,Crossing Guard,08/18/2008,2008,19060.62
F,HHS,Department of Health and Human Services,Income Supports,Fulltime-Regular,Income Assistance Program Specialist II,12/21/1986,1986,83497.98
F,HHS,Department of Health and Human Services,Child Welfare Services,Fulltime-Regular,Social Worker III,08/20/2007,2007,72967.96
F,FRS,Fire and Rescue Services,Station 24,Fulltime-Regular,Fire/Rescue Lieutenant,09/04/2001,2001,97755.0
M,FRS,Fire and Rescue Services,Station 29,Fulltime-Regular,Master Firefighter/Rescuer,02/08/1999,1999,99597.0
M,POL,Department of Police,PSB 5th District Patrol,Fulltime-Regular,Police Officer III,07/17/2000,2000,89620.0
F,BOE,Board of Elections,Absentee Voting,Fulltime-Regular,Office Services Coordinator,08/30/1999,1999,56588.09
F,HHS,Department of Health and Human Services,School Health Services,Parttime-Regular,School Health Room Technician I,10/04/2004,2004,43422.51
M,DOT,Department of Transportation,Highway Services,Fulltime-Regular,Equipment Operator Apprentice,05/02/2016,2016,33395.15
M,DPS,Department of Permitting Services,Zoning,Fulltime-Regular,Permitting Services Specialist II,06/11/1990,1990,100849.36
M,FRS,Fire and Rescue Services,Emergency Communications Center (ECC),Fulltime-Regular,Firefighter/Rescuer III,03/19/2007,2007,70766.0
M,DEP,Department of Environmental Protection,Watershed Restoration and Capital Projects,Fulltime-Regular,Senior Engineer,01/04/2010,2010,112899.0
M,FRS,Fire and Rescue Services,Station 17,Fulltime-Regular,Fire/Rescue Lieutenant,11/17/1997,1997,97755.0
M,COR,Correction and Rehabilitation,DS MCCF Unit 2 Security,Fulltime-Regular,Correctional Officer III (Corporal),08/19/2002,2002,74713.0
M,FRS,Fire and Rescue Services,Station 25,Fulltime-Regular,Firefighter/Rescuer III,03/19/2007,2007,69790.0
M,OCP,Office of Consumer Protection,Director,Fulltime-Regular,Director Office of Consumer Protection,06/30/1980,1980,165288.0
M,LIB,Department of Public Libraries,Germantown Library,Parttime-Regular,Library Associate,12/02/2013,2013,24268.53
F,POL,Department of Police,FSB Security Services Division,Fulltime-Regular,Security Officer I,10/15/2000,2000,58941.9
F,BOE,Board of Elections,Director,Fulltime-Regular,Manager I,08/12/2001,2001,157996.4
F,LIB,Department of Public Libraries,Gaithersburg Library,Fulltime-Regular,Librarian II,11/05/2012,2012,64872.75
F,POL,Department of Police,MSB Information Mgmt and Tech Division Records Management Section,Fulltime-Regular,Office Services Coordinator,09/22/1986,1986,69222.18
M,DLC,Department of Liquor Control,Stock Liquor and Wine Warehouse Operations,Fulltime-Regular,Supply Technician II,07/28/2014,2014,36707.05
F,CAT,County Attorney's Office,Finance and Procurement,Fulltime-Regular,Office Services Coordinator,03/29/1998,1998,61685.72
F,POL,Department of Police,PSB 5th District Patrol,Fulltime-Regular,Police Officer I,06/01/2015,2015,51969.0
F,POL,Department of Police,FSB Traffic Division School Safety Section,Parttime-Regular,Crossing Guard,09/12/2011,2011,18416.07
F,COR,Correction and Rehabilitation,DS MCDC Custody and Security,Fulltime-Regular,Correctional Officer III (Corporal),07/09/2007,2007,62903.0
M,POL,Department of Police,MSB Information Mgmt and Tech Division Telephone Reporting Section,Fulltime-Regular,Public Safety Telephone Reporting Aide I,06/08/1998,1998,67206.0
F,POL,Department of Police,ISB Major Crimes Division Homicide and Sex Section,Fulltime-Regular,Police Officer III,01/14/2002,2002,83658.0
M,DGS,Department of General Services,Fleet Management Fleet Services,Fulltime-Regular,Mechanic Technician II,09/09/1985,1985,76015.03
F,BOA,Board of Appeals Department,Board of Appeals Division,Fulltime-Regular,Office Services Coordinator,11/13/2007,2007,49336.78
M,DGS,Department of General Services,Facilities Major Programs,Fulltime-Regular,Senior Engineer,01/04/1999,1999,112899.0
F,POL,Department of Police,FSB Security Services Division,Fulltime-Regular,Security Officer I,10/18/2004,2004,53505.69
M,POL,Department of Police,PSB 5th District Patrol,Fulltime-Regular,Police Sergeant,08/12/2002,2002,103506.0
M,FRS,Fire and Rescue Services,Station 34,Fulltime-Regular,Firefighter/Rescuer II,09/22/2014,2014,50910.0
M,LIB,Department of Public Libraries,Cataloging and Preparation,Parttime-Regular,Library Technician,01/16/1990,1990,21485.7
M,DOT,Department of Transportation,Highway Services,Fulltime-Regular,Public Service Craftsworker,05/31/2005,2005,48641.36
M,DLC,Department of Liquor Control,Beer Delivery Operations,Fulltime-Regular,Truck Driver/Warehouse Worker,11/18/2013,2013,43525.72
F,POL,Department of Police,PSB 6th District Patrol,Fulltime-Regular,Police Officer II,07/16/2012,2012,60501.0
M,DLC,Department of Liquor Control,Goshen Crossing,Parttime-Regular,Liquor Store Clerk I,08/22/2016,2016,27805.44
M,DOT,Department of Transportation,Transit Nicholson Ride On,Fulltime-Regular,Bus Operator,03/02/2008,2008,52700.74
M,DLC,Department of Liquor Control,Beer Delivery Operations,Fulltime-Regular,Truck Driver Helper/Warehouse Worker,09/20/2004,2004,42486.52
M,DPS,Department of Permitting Services,Land Development Sediment Stormwater Plan Review,Fulltime-Regular,Senior Permitting Services Specialist,06/03/2013,2013,90309.51
M,DOT,Department of Transportation,Transit Nicholson Ride On,Fulltime-Regular,Bus Operator,08/11/2008,2008,42053.42
M,COR,Correction and Rehabilitation,DS MCCF Unit 2 Security,Fulltime-Regular,Correctional Officer III (Corporal),09/24/2012,2012,58720.0
F,CCL,County Council,Council Central Staff,Fulltime-Regular,Information Technology Specialist III,12/26/2006,2006,87758.24
M,FRS,Fire and Rescue Services,Station 25,Fulltime-Regular,Firefighter/Rescuer II,03/10/2014,2014,52947.0
F,HHS,Department of Health and Human Services,Information Systems and Technology,Fulltime-Regular,Senior Information Technology Specialist,10/02/2000,2000,118400.0
M,POL,Department of Police,PSB 5th District Station,Fulltime-Regular,Police Lieutenant,07/21/2003,2003,115006.37
M,LIB,Department of Public Libraries,Technology Management,Fulltime-Regular,Information Technology Technician II,07/27/2015,2015,52008.75
F,FRS,Fire and Rescue Services,Emergency Communications Center (ECC),Fulltime-Regular,Firefighter/Rescuer II,09/03/2002,2002,79383.0
M,DTS,Department of Technology Services,ETSD Telephone Services,Fulltime-Regular,Telecommunications Technician,10/07/2013,2013,73801.0
M,FRS,Fire and Rescue Services,Station 34,Fulltime-Regular,Fire/Rescue Captain,12/30/1985,1985,126781.06
F,HCA,Department of Housing and Community Affairs,Multi-Family Housing Program,Fulltime-Regular,Office Services Coordinator,10/17/1988,1988,69222.18
M,FRS,Fire and Rescue Services,Fleet Operations,Fulltime-Regular,Emergency Vehicle Maintenance Crew Chief,06/26/2006,2006,85865.58
M,FRS,Fire and Rescue Services,Station 19,Fulltime-Regular,Firefighter/Rescuer III,06/04/2012,2012,57265.0
M,DGS,Department of General Services,Contracting and Accounts Payable,Fulltime-Regular,Office Services Coordinator,04/23/2000,2000,67206.0
M,LIB,Department of Public Libraries,Virtual Services,Fulltime-Regular,Librarian I,05/29/2007,2007,63177.63
M,DGS,Department of General Services,Fleet Management Services,Fulltime-Regular,Supply Technician III,04/17/2000,2000,58448.0
M,SHF,Sheriff's Office,Court and Transport,Fulltime-Regular,Deputy Sheriff III,07/05/1998,1998,85405.0
M,POL,Department of Police,MSB Training and Education Division,Fulltime-Regular,Firearms Instructor,07/13/2015,2015,72812.25
M,FRS,Fire and Rescue Services,Station 15,Fulltime-Regular,Master Firefighter/Rescuer,03/19/2007,2007,79676.0
M,DOT,Department of Transportation,Transit Silver Spring Ride On,Fulltime-Regular,Bus Operator,02/24/2014,2014,42053.42
M,FRS,Fire and Rescue Services,Fire and Explosive Investigations,Fulltime-Regular,Master Firefighter/Rescuer,11/28/1988,1988,97224.98
M,DOT,Department of Transportation,Transit Silver Spring Ride On,Fulltime-Regular,Bus Operator,05/12/2008,2008,46626.87
F,LIB,Department of Public Libraries,Silver Spring Library,Parttime-Regular,Library Aide,06/08/2007,2007,18246.76
M,DOT,Department of Transportation,Highway Services,Fulltime-Regular,Equipment Operator I,06/20/1988,1988,63067.93
F,DPS,Department of Permitting Services,Land Development,Fulltime-Regular,Manager III,05/06/1996,1996,135392.0
M,POL,Department of Police,PSB 2nd District Patrol,Fulltime-Regular,Police Officer III,05/13/2002,2002,83658.0
M,POL,Department of Police,PSB 5th District Patrol,Fulltime-Regular,Police Officer III,01/14/2002,2002,83658.0
M,POL,Department of Police,MSB Management and Budget Division Abandoned Vehicle Section,Fulltime-Regular,Abandoned Vehicle Code Enforcement Specialist,02/26/1990,1990,69222.18
M,FRS,Fire and Rescue Services,Recruit Training,Fulltime-Regular,Firefighter/Rescuer I (Recruit),12/12/2016,2016,45261.0
F,HHS,Department of Health and Human Services,School Health Services,Parttime-Regular,School Health Room Technician I,08/08/2012,2012,30473.48
M,POL,Department of Police,PSB 2nd District Patrol,Fulltime-Regular,Police Officer II,01/28/2013,2013,58455.0
M,DEP,Department of Environmental Protection,Construction,Fulltime-Regular,Engineer III,11/04/2013,2013,93878.75
F,HHS,Department of Health and Human Services,Emergency Housing Assistance,Fulltime-Regular,Community Services Aide III,04/02/2001,2001,73801.0
M,DOT,Department of Transportation,Transit Silver Spring Ride On,Fulltime-Regular,Bus Operator,01/07/2013,2013,45049.12
F,OLO,Office of Legislative Oversight,Legislative Oversight Staff,Fulltime-Regular,Manager II,09/18/2006,2006,146899.63
M,DGS,Department of General Services,Fleet Management Fleet Services,Fulltime-Regular,Equipment Maintenance Crew Chief,01/22/2008,2008,81381.07
M,DOT,Department of Transportation,Transit Gaithersburg Ride On,Fulltime-Regular,Bus Operator,09/24/2007,2007,48258.81
M,COR,Correction and Rehabilitation,DS MCCF Custody and Security,Fulltime-Regular,Manager III,10/21/1984,1984,135392.0
M,FRS,Fire and Rescue Services,Station 34,Fulltime-Regular,Master Firefighter/Rescuer,01/12/1998,1998,97560.0
M,FRS,Fire and Rescue Services,Fourth Battalion - Administration,Fulltime-Regular,Fire/Rescue Lieutenant,09/04/2001,2001,106456.0
F,POL,Department of Police,MSB Communications Division,Fulltime-Regular,Public Safety Communications Specialist III,12/13/1999,1999,77343.0
M,DEP,Department of Environmental Protection,Solid Waste Northern Operations,Fulltime-Regular,Senior Engineer,06/24/2002,2002,112899.0
M,HHS,Department of Health and Human Services,Medication Assisted Treatment - Clinical and Vocational Services,Fulltime-Regular,Community Services Aide III,05/20/2013,2013,49922.95
F,HHS,Department of Health and Human Services,School Health Services,Parttime-Regular,School Health Room Technician I,10/07/2003,2003,44945.53
F,HHS,Department of Health and Human Services,Child Welfare Services,Fulltime-Regular,Principal Administrative Aide,11/01/2004,2004,54507.65
M,FRS,Fire and Rescue Services,Special Operations,Fulltime-Regular,Fire/Rescue Battalion Chief,06/13/1988,1988,135945.95
M,POL,Department of Police,PSB 3rd District Patrol,Fulltime-Regular,Police Officer II,01/13/2014,2014,56478.0
F,HHS,Department of Health and Human Services,Latino Health Initiative,Fulltime-Regular,Program Manager I,11/25/2002,2002,83755.85
F,LIB,Department of Public Libraries,Collection Development,Parttime-Regular,Library Assistant I,01/07/2002,2002,29224.0
F,HHS,Department of Health and Human Services,Home Care Services,Fulltime-Regular,Community Services Aide III,03/14/1994,1994,76015.03
M,POL,Department of Police,PSB 2nd District Special Assignment Team,Fulltime-Regular,Police Officer III,07/07/1980,1980,92756.7
M,FRS,Fire and Rescue Services,Station 34,Fulltime-Regular,Firefighter/Rescuer III,03/19/2007,2007,65716.0
F,DOT,Department of Transportation,Transit Gaithersburg Ride On,Fulltime-Regular,Bus Operator,05/16/2016,2016,39257.31
M,FRS,Fire and Rescue Services,Station 35,Fulltime-Regular,Firefighter/Rescuer II,01/14/2013,2013,58773.0
M,FRS,Fire and Rescue Services,Station 22,Fulltime-Regular,Firefighter/Rescuer II,09/02/2008,2008,60468.0
M,POL,Department of Police,MSB Personnel Division,Fulltime-Regular,Police Captain,08/31/1981,1981,141539.36
M,FRS,Fire and Rescue Services,Fire Chief,Fulltime-Regular,"Fire Chief, Fire/Rescue Service",08/27/1990,1990,206000.0
M,DOT,Department of Transportation,Transit Silver Spring Ride On,Fulltime-Regular,Bus Operator,04/08/2013,2013,41229.25
M,FRS,Fire and Rescue Services,Station 9,Fulltime-Regular,Fire/Rescue Captain,02/26/1990,1990,114087.02
F,OMB,Office of Management and Budget,Special Projects,Fulltime-Regular,Senior Management and Budget Specialist,11/21/2011,2011,103457.43
F,HHS,Department of Health and Human Services,Emergency Housing Assistance,Fulltime-Regular,Social Worker IV,02/01/1999,1999,102664.0
M,HHS,Department of Health and Human Services,Child Welfare Services,Fulltime-Regular,Community Services Aide I,05/03/1999,1999,54675.7
M,HHS,Department of Health and Human Services,Environmental Health and Regulatory Services,Fulltime-Regular,Manager II,02/19/2008,2008,132884.55
M,POL,Department of Police,ISB Criminal Investigations Division 3rd District Investigative Section,Fulltime-Regular,Police Officer III,07/17/2006,2006,83658.0
F,COR,Correction and Rehabilitation,PTS Alternative Community Services,Fulltime-Regular,Correctional Specialist I,08/01/2011,2011,58715.54
M,POL,Department of Police,FSB Special Operations Division Police Community Action Team,Fulltime-Regular,Police Officer III,07/18/2011,2011,65752.0
F,COR,Correction and Rehabilitation,PTS Supervision,Fulltime-Regular,Correctional Specialist III,01/27/1997,1997,100849.36
F,HHS,Department of Health and Human Services,School Health Services,Fulltime-Regular,Community Health Nurse II,11/03/2015,2015,77297.6
F,HHS,Department of Health and Human Services,Behavioral Health Community Support Services,Fulltime-Regular,Behavioral Health Associate Counselor,05/01/2000,2000,81066.0
F,HHS,Department of Health and Human Services,24 Hours Crisis Center,Parttime-Regular,Therapist II,06/30/1985,1985,50424.68
M,HCA,Department of Housing and Community Affairs,Finance and Administration Division,Fulltime-Regular,Manager II,08/21/2006,2006,132160.95
F,OMB,Office of Management and Budget,"Process, Production and Technology",Fulltime-Regular,Administrative Specialist II,10/21/2013,2013,64541.65
F,HHS,Department of Health and Human Services,School Health Services,Fulltime-Regular,Community Health Nurse II,08/09/2004,2004,89952.8
F,LIB,Department of Public Libraries,Gaithersburg Library,Fulltime-Regular,Librarian I,09/17/2000,2000,70045.13
M,CEC,Community Engagement Cluster,Wheaton Urban District,Fulltime-Regular,Urban District Public Service Team Supervisor,06/03/1996,1996,53109.41
F,HHS,Department of Health and Human Services,Head Start,Fulltime-Regular,Program Aide,09/10/2012,2012,56753.62
F,PIO,Office of Public Information,MC311,Fulltime-Regular,Customer Service Representative II,02/02/2009,2009,45384.51
F,LIB,Department of Public Libraries,Gaithersburg Library,Parttime-Regular,Library Desk Assistant,01/26/2015,2015,17982.55
F,SHF,Sheriff's Office,Courthouse Security,Fulltime-Regular,Deputy Sheriff III,05/28/2002,2002,64854.0
M,DGS,Department of General Services,Building Design and Construction,Fulltime-Regular,Capital Projects Manager,11/27/2006,2006,118400.0
M,HHS,Department of Health and Human Services,Behavioral Health Planning and Management,Fulltime-Regular,Manager II,02/26/2001,2001,156404.85
M,COR,Correction and Rehabilitation,DS MCDC Custody and Security,Fulltime-Regular,Correctional Officer III (Corporal),02/05/2007,2007,62903.0
M,DOT,Department of Transportation,Transit Silver Spring Ride On,Fulltime-Regular,Bus Operator,04/12/1993,1993,66065.23
F,POL,Department of Police,PSB 1st District Patrol,Fulltime-Regular,Police Services Assistant,03/29/1999,1999,63552.04
M,HCA,Department of Housing and Community Affairs,Housing Code Enforcement,Fulltime-Regular,Public Administration Associate,11/16/2005,2005,51074.68
M,OMB,Office of Management and Budget,Administration,Fulltime-Regular,Senior Management and Budget Specialist,01/03/1989,1989,115156.98
F,POL,Department of Police,PSB 3rd District Patrol,Fulltime-Regular,Police Services Assistant,06/23/2008,2008,53318.05
M,DEP,Department of Environmental Protection,Solid Waste Services Collection Operations,Fulltime-Regular,Program Specialist II,08/18/1988,1988,87523.22
M,FRS,Fire and Rescue Services,Station 15,Fulltime-Regular,Firefighter/Rescuer III,02/27/2012,2012,57265.0
M,FIN,Department of Finance,Accounts Receivable,Fulltime-Regular,Accountant/Auditor III,08/12/2013,2013,87890.51
F,HHS,Department of Health and Human Services,Nursing Home Inspections,Fulltime-Regular,Community Health Nurse II,12/08/2008,2008,86910.51
M,POL,Department of Police,FSB Special Operations Division,Fulltime-Regular,Police Captain,09/18/1995,1995,141063.02
M,FRS,Fire and Rescue Services,Station 16,Fulltime-Regular,Firefighter/Rescuer III,06/07/2004,2004,72861.0
M,DOT,Department of Transportation,Transit Gaithersburg Ride On,Fulltime-Regular,Bus Operator,08/06/2007,2007,45048.5
F,HHS,Department of Health and Human Services,Medical Assistance Eligibility Services,Fulltime-Regular,Office Services Coordinator,10/16/1991,1991,69222.18
F,POL,Department of Police,FSB Traffic Division School Safety Section,Parttime-Regular,Crossing Guard,10/06/2003,2003,21766.2
M,COR,Correction and Rehabilitation,DS MCCF Unit 3 Security,Fulltime-Regular,Correctional Officer III (Corporal),08/16/1999,1999,77328.0
M,DPS,Department of Permitting Services,"Team 4 Commercial Electrical, Mechanical and Fire Protection Systems",Fulltime-Regular,Permitting Services Specialist II,08/04/2008,2008,84364.83
F,REC,Department of Recreation,Management Services,Fulltime-Regular,Office Services Coordinator,09/07/2003,2003,59325.62
F,BOE,Board of Elections,Absentee Voting,Fulltime-Regular,Office Services Coordinator,03/01/2000,2000,55956.05
M,FRS,Fire and Rescue Services,Station 23,Fulltime-Regular,Master Firefighter/Rescuer,01/12/1998,1998,97560.0
F,HHS,Department of Health and Human Services,Clinical Assessment and Triage Services,Fulltime-Regular,Therapist II,08/08/1988,1988,100849.36
F,HHS,Department of Health and Human Services,Public Health Emergency Preparedness and Response Program,Parttime-Regular,Community Health Nurse II,12/08/2008,2008,43455.26
,DGS,Department of General Services,Central Duplicating,Fulltime-Regular,Printing Technician I,12/27/2016,2016,42000.0
M,FRS,Fire and Rescue Services,Station 8,Fulltime-Regular,Fire/Rescue Lieutenant,09/03/2002,2002,94449.0
M,POL,Department of Police,PSB 3rd District Patrol,Fulltime-Regular,Police Sergeant,02/06/1995,1995,107128.71
M,DTS,Department of Technology Services,ESOD Public Safety Data Support,Fulltime-Regular,Senior Information Technology Specialist,05/31/2005,2005,118400.0
F,POL,Department of Police,PSB 3rd District Patrol,Fulltime-Regular,Police Officer II,02/24/2014,2014,56478.0
F,PIO,Office of Public Information,MC311,Fulltime-Regular,Customer Service Representative II,12/05/2010,2010,57660.28
M,POL,Department of Police,FSB Special Operations Division Canine Section,Fulltime-Regular,Police Officer III,12/30/2002,2002,83658.0
F,DGS,Department of General Services,Building Design and Construction,Fulltime-Regular,Office Services Coordinator,08/14/2000,2000,61325.8
M,FRS,Fire and Rescue Services,Station 10,Fulltime-Regular,Master Firefighter/Rescuer,11/17/1997,1997,90896.0
F,LIB,Department of Public Libraries,Twinbrook Library,Parttime-Regular,Library Assistant I,11/25/1998,1998,28294.42
M,DGS,Department of General Services,Fleet Management Fleet Services,Fulltime-Regular,Mechanic Technician II,07/14/1997,1997,73801.0
M,DOT,Department of Transportation,Transit Gaithersburg Ride On,Fulltime-Regular,Bus Operator,09/15/2002,2002,56687.16
M,COR,Correction and Rehabilitation,DS MCCF Unit 3 Security,Fulltime-Regular,Correctional Supervisor (Sergeant),03/05/2001,2001,85445.0
F,HHS,Department of Health and Human Services,Aging and Disability Resource Unit,Fulltime-Regular,Client Assistance Specialist,03/17/1981,1981,83497.98
M,DLC,Department of Liquor Control,Silver Spring,Parttime-Regular,Liquor Store Clerk I,06/08/2008,2008,30820.88
F,REC,Department of Recreation,Schweinhaut Senior Center,Fulltime-Regular,Recreation Specialist,05/04/2015,2015,61536.75
F,DOT,Department of Transportation,Transit Special Transportation and Medicaid,Fulltime-Regular,Community Services Aide II,09/01/2011,2011,43850.22
M,FRS,Fire and Rescue Services,Station 11,Fulltime-Regular,Master Firefighter/Rescuer,12/09/1979,1979,95187.98
F,POL,Department of Police,PSB 4th District Patrol,Fulltime-Regular,Police Officer I,10/06/2014,2014,53788.0
F,DOT,Department of Transportation,Transit Silver Spring Ride On,Fulltime-Regular,Bus Operator,12/20/1999,1999,50699.14
M,FRS,Fire and Rescue Services,Station 4,Fulltime-Regular,Master Firefighter/Rescuer,03/27/2006,2006,74815.0
M,POL,Department of Police,PSB 1st District Patrol,Fulltime-Regular,Police Officer II,02/24/2014,2014,56478.0
M,COR,Correction and Rehabilitation,DS MCCF Unit 2 Security,Fulltime-Regular,Correctional Officer III (Corporal),10/08/2001,2001,77328.0
M,FRS,Fire and Rescue Services,Station 29,Fulltime-Regular,Fire/Rescue Captain,08/14/1989,1989,119211.02
F,DEP,Department of Environmental Protection,Solid Waste Services Administration,Fulltime-Regular,Information Technology Specialist III,08/09/1999,1999,107657.0
M,POL,Department of Police,FSB Animal Services Division,Fulltime-Regular,Code Enforcement Inspector III,01/14/2013,2013,54709.01
M,HHS,Department of Health and Human Services,Behavioral Health Planning and Management,Fulltime-Regular,Program Manager II,12/27/2004,2004,102664.0
F,DOT,Department of Transportation,Highway Services,Fulltime-Regular,Depot Supply Coordinator,02/18/2003,2003,64141.0
M,POL,Department of Police,PSB 4th District Patrol,Fulltime-Regular,Police Officer I,06/01/2015,2015,59638.0
M,DOT,Department of Transportation,Transit Gaithersburg Ride On,Fulltime-Regular,Bus Operator,07/22/2001,2001,56866.31
F,CEC,Community Engagement Cluster,Silver Spring Urban District,Fulltime-Regular,Urban District Public Service Aide,11/15/2004,2004,47344.63
F,HHS,Department of Health and Human Services,Cancer and Tobacco Prevention,Fulltime-Regular,Nurse Manager,03/06/2006,2006,102664.0
M,FRS,Fire and Rescue Services,Station 25,Fulltime-Regular,Master Firefighter/Rescuer,12/13/2004,2004,82182.0
M,HHS,Department of Health and Human Services,Positive Youth Development,Fulltime-Regular,Community Services Aide III,12/17/2012,2012,53609.78
M,DLC,Department of Liquor Control,Leisure World,Fulltime-Regular,Liquor Store Clerk II,11/07/2010,2010,43861.82
M,DEP,Department of Environmental Protection,Water Quality Monitoring and Planning,Fulltime-Regular,Water Quality Specialist II,04/09/2012,2012,64216.01
F,DGS,Department of General Services,Facilities Maintenance,Fulltime-Regular,Building Services Worker II,07/29/2013,2013,36914.25
M,DOT,Department of Transportation,Transportation Construction Section,Fulltime-Regular,Manager III,05/14/2008,2008,119637.66
F,HHS,Department of Health and Human Services,Child Welfare Services,Fulltime-Regular,Social Worker IV,05/25/1997,1997,79298.55
M,FRS,Fire and Rescue Services,Station 24,Fulltime-Regular,Firefighter/Rescuer III,09/02/2008,2008,63493.0
M,PIO,Office of Public Information,MC311,Fulltime-Regular,Customer Service Representative II,05/21/2005,2005,52852.96
M,POL,Department of Police,PSB 4th District Station,Fulltime-Regular,Police Lieutenant,05/25/1997,1997,119032.41
F,DEP,Department of Environmental Protection,Solid Waste Services Administration,Fulltime-Regular,Administrative Specialist II,08/25/1997,1997,84974.0
F,POL,Department of Police,ISB Family Crimes Division Family Outreach Section,Fulltime-Regular,Police Officer III,01/14/2002,2002,83658.0
M,FRS,Fire and Rescue Services,Station 6,Fulltime-Regular,Master Firefighter/Rescuer,02/20/2001,2001,85854.0
F,DOT,Department of Transportation,Transit Safety and Instruction,Fulltime-Regular,Administrative Specialist III,01/06/1992,1992,93643.25
M,POL,Department of Police,HQ Office of the Chief,Fulltime-Regular,Police Sergeant,01/17/2006,2006,84201.0
M,FRS,Fire and Rescue Services,Station 35,Fulltime-Regular,Master Firefighter/Rescuer,05/16/2005,2005,77434.0
F,HHS,Department of Health and Human Services,Child Welfare Services,Fulltime-Regular,Social Worker I,08/22/2016,2016,51394.0
M,FRS,Fire and Rescue Services,Station 34,Fulltime-Regular,Firefighter/Rescuer III,02/27/2012,2012,57265.0
F,DPS,Department of Permitting Services,Land Development Sediment Stormwater Plan Review,Fulltime-Regular,Senior Permitting Services Specialist,05/19/2014,2014,95715.51
M,DGS,Department of General Services,Fleet Automotive Heavy Equipment,Fulltime-Regular,Mechanic Technician II,01/13/1997,1997,73801.0
M,DOT,Department of Transportation,Transit Gaithersburg Ride On,Fulltime-Regular,Bus Operator,04/30/2007,2007,48258.81
M,HHS,Department of Health and Human Services,Urine Monitoring Program,Fulltime-Regular,Community Services Aide III,12/02/2013,2013,50407.03
F,LIB,Department of Public Libraries,Germantown Library,Fulltime-Regular,Librarian I,03/10/2014,2014,53421.78
F,HHS,Department of Health and Human Services,Behavioral Health Planning and Management,Fulltime-Regular,Program Manager II,03/04/1980,1980,102664.0
M,COR,Correction and Rehabilitation,PRRS Facility and Security,Fulltime-Regular,Resident Supervisor II,01/13/2014,2014,52734.33
F,DPS,Department of Permitting Services,Information Technology Services,Fulltime-Regular,Office Services Coordinator,09/02/1986,1986,68550.12
M,POL,Department of Police,PSB 1st District Traffic Squad,Fulltime-Regular,Police Officer III,09/08/1987,1987,92756.7
M,SHF,Sheriff's Office,Court and Transport,Fulltime-Regular,Deputy Sheriff Sergeant,09/05/1989,1989,96763.35
M,DPS,Department of Permitting Services,Land Development Sediment and Stormwater Inspection,Fulltime-Regular,Permitting and Code Enforcement Inspector III,05/03/2004,2004,93287.69
M,DOT,Department of Transportation,Transit Silver Spring Ride On,Fulltime-Regular,Bus Operator,10/08/2012,2012,45049.12
F,POL,Department of Police,FSB Traffic Division School Safety Section,Parttime-Regular,Crossing Guard,12/17/2001,2001,23318.28
M,POL,Department of Police,FSB Traffic Division Automated Traffic Enforcement Section,Fulltime-Regular,Traffic Enforcement Field Service Technician II,03/05/2001,2001,47821.87
F,POL,Department of Police,PSB 2nd District Patrol,Fulltime-Regular,Police Officer I,06/01/2015,2015,51969.0
F,DLC,Department of Liquor Control,Wheaton,Parttime-Regular,Liquor Store Clerk I,02/22/2016,2016,27799.2
M,DTS,Department of Technology Services,ESOD Server Support,Fulltime-Regular,Enterprise Technology Expert,05/03/2004,2004,149164.0
M,DOT,Department of Transportation,Traffic Engineering Studies Section,Fulltime-Regular,Engineer Technician II,09/22/2014,2014,72475.44
M,SHF,Sheriff's Office,Court and Transport,Fulltime-Regular,Deputy Sheriff III,07/21/2003,2003,77029.0
M,DEP,Department of Environmental Protection,Construction,Fulltime-Regular,Senior Engineer,02/11/2001,2001,112899.0
F,POL,Department of Police,FSB Traffic Division School Safety Section,Parttime-Regular,Crossing Guard,09/11/2008,2008,19060.61
M,DPS,Department of Permitting Services,"Team 4 Commercial Electrical, Mechanical and Fire Protection Systems",Fulltime-Regular,Manager III,07/28/2003,2003,115480.72
M,FRS,Fire and Rescue Services,Station 15,Fulltime-Regular,Firefighter/Rescuer II,03/10/2014,2014,56990.0
F,POL,Department of Police,MSB Communications Division,Fulltime-Regular,Public Safety Communications Specialist III,01/12/2004,2004,63458.74
F,HHS,Department of Health and Human Services,School Health Services,Fulltime-Regular,Manager III,08/18/1997,1997,119796.3
F,DOT,Department of Transportation,Transit Silver Spring Ride On,Fulltime-Regular,Bus Operator,06/27/2016,2016,39257.31
F,HHS,Department of Health and Human Services,Adult Foster Care - Project Home,Fulltime-Regular,Social Worker III,06/14/2004,2004,97190.31
F,HHS,Department of Health and Human Services,Child Welfare Services,Fulltime-Regular,Community Health Nurse II,12/11/2000,2000,97912.0
F,HCA,Department of Housing and Community Affairs,Affordable Housing Programs,Fulltime-Regular,Office Services Coordinator,07/12/2004,2004,57302.89
M,HHS,Department of Health and Human Services,24 Hours Crisis Center,Parttime-Regular,Therapist II,03/20/1994,1994,50424.68
F,HHS,Department of Health and Human Services,Chief Operating Officer,Fulltime-Regular,Executive Administrative Aide,11/26/2007,2007,66330.33
M,DOT,Department of Transportation,Transit Silver Spring Ride On,Fulltime-Regular,Bus Operator,12/09/2002,2002,56689.66
F,HHS,Department of Health and Human Services,School Health Services,Parttime-Regular,School Health Room Technician I,08/06/2007,2007,40534.48
M,CUS,Community Use of Public Facilities,Silver Spring Civic Building,Fulltime-Regular,Program Aide,11/28/2016,2016,53000.0
M,FRS,Fire and Rescue Services,Station 25,Fulltime-Regular,Master Firefighter/Rescuer,09/02/2008,2008,77231.0
F,OHR,Office of Human Resources,Classification and Compensation Team,Fulltime-Regular,Human Resources Specialist III,05/27/2008,2008,96299.77
M,DOT,Department of Transportation,Highway Services,Fulltime-Regular,Work Force Leader II,06/25/1979,1979,75277.02
M,FRS,Fire and Rescue Services,Station 16,Fulltime-Regular,Fire/Rescue Captain,02/29/1988,1988,118080.06
M,HHS,Department of Health and Human Services,Facilities and Logistical Services,Fulltime-Regular,Office Clerk,07/17/2000,2000,40919.0
M,DOT,Department of Transportation,Transit Special Transportation and Medicaid,Fulltime-Regular,Program Manager I,12/10/2007,2007,73856.98
F,DOT,Department of Transportation,Transit COS Taxicab Regulation,Fulltime-Regular,Program Specialist II,11/18/2013,2013,66071.27
M,CCL,County Council,Council Central Staff,Fulltime-Regular,Legislative Attorney,07/15/2013,2013,125058.86
F,OHR,Office of Human Resources,Classification and Compensation Team,Parttime-Regular,Human Resources Specialist III,05/04/2006,2006,76998.0
M,SHF,Sheriff's Office,Child Support,Fulltime-Regular,Deputy Sheriff III,01/14/2008,2008,64854.0
M,DOT,Department of Transportation,Transit Nicholson Ride On,Fulltime-Regular,Bus Operator,03/02/2008,2008,52701.95
F,POL,Department of Police,MSB Information Management and Technology Division,Fulltime-Regular,Information Technology Specialist III,07/14/1997,1997,107657.0
F,HHS,Department of Health and Human Services,Infants and Toddlers,Fulltime-Regular,Program Manager II,11/21/2011,2011,94413.38
M,FRS,Fire and Rescue Services,Station 33,Fulltime-Regular,Firefighter/Rescuer III,09/02/2008,2008,63493.0
F,HHS,Department of Health and Human Services,Service Coordination and Individual Support Services,Fulltime-Regular,Program Specialist II,11/16/2015,2015,55857.4
M,DPS,Department of Permitting Services,"Team 3 Commercial Building, Life Safety, Structural and Accessibility",Fulltime-Regular,Permitting Services Specialist II,07/26/1982,1982,100849.36
M,FRS,Fire and Rescue Services,Station 21,Fulltime-Regular,Master Firefighter/Rescuer,03/27/2006,2006,74815.0
M,SHF,Sheriff's Office,Warrant Section,Fulltime-Regular,Deputy Sheriff Lieutenant,06/25/1990,1990,106448.44
F,CCL,County Council,Council Central Staff,Fulltime-Regular,Deputy Clerk County Council,02/13/1989,1989,93396.0
M,FRS,Fire and Rescue Services,Station 25,Fulltime-Regular,Fire/Rescue Lieutenant,02/11/2002,2002,98523.0
F,DOT,Department of Transportation,Transportation Management,Fulltime-Regular,Traffic Management Technician I,04/18/2016,2016,39257.31
M,DOT,Department of Transportation,Transportation Technical Center,Fulltime-Regular,Transportation Systems Technician I,01/18/2011,2011,44708.88
F,HHS,Department of Health and Human Services,STD and HIV Services,Fulltime-Regular,Public Health Advisor,04/14/1997,1997,84974.0
F,PIO,Office of Public Information,Information,Fulltime-Regular,Public Information Officer II,07/30/2014,2014,85154.67
M,COR,Correction and Rehabilitation,DS MCCF Unit 2 Security,Fulltime-Regular,Correctional Officer III (Corporal),04/17/2006,2006,65105.0
M,POL,Department of Police,FSB Animal Services Division,Fulltime-Regular,Client Assistance Specialist,12/30/2013,2013,54403.08
M,DLC,Department of Liquor Control,Wheaton,Parttime-Regular,Liquor Store Clerk I,01/23/2001,2001,39218.77
F,HHS,Department of Health and Human Services,Emergency Housing Assistance,Fulltime-Regular,Manager II,09/29/2009,2009,133103.57
M,POL,Department of Police,PSB 4th District Patrol,Fulltime-Regular,Police Officer II,06/01/2010,2010,58455.0
M,HHS,Department of Health and Human Services,Adult Protective and Case Management Services,Fulltime-Regular,Program Specialist II,11/26/2007,2007,72998.31
M,SHF,Sheriff's Office,Sheriff Domestic Violence,Fulltime-Regular,Deputy Sheriff III,02/06/2006,2006,67126.0
M,FRS,Fire and Rescue Services,Station 11,Fulltime-Regular,Firefighter/Rescuer III,06/07/2004,2004,72861.0
F,HHS,Department of Health and Human Services,TB and Refugee Health,Fulltime-Regular,Community Health Nurse II,02/03/1986,1986,100849.36
F,POL,Department of Police,MSB Communications Division,Fulltime-Regular,Public Safety Emergency Communications Supervisor,10/01/2001,2001,87053.43
M,HHS,Department of Health and Human Services,Outpatient Addiction and Mental Health Clinic,Fulltime-Regular,Human Services Specialist,02/14/2000,2000,93396.0
M,POL,Department of Police,MSB Information Management and Technology Division,Fulltime-Regular,Senior Information Technology Specialist,04/11/1988,1988,120768.0
F,POL,Department of Police,FSB Special Operations Division,Fulltime-Regular,Office Services Coordinator,06/25/1998,1998,64430.78
F,POL,Department of Police,PSB 3rd District Patrol,Fulltime-Regular,Police Services Assistant,03/04/2002,2002,66199.42
M,POL,Department of Police,PSB 5th District Community Action Team,Fulltime-Regular,Police Officer III,02/03/2003,2003,80829.0
M,POL,Department of Police,PSB 5th District Educational Facilities Officers,Fulltime-Regular,Police Officer III,06/13/1988,1988,92756.7
M,DOT,Department of Transportation,Transit Silver Spring Ride On,Fulltime-Regular,Bus Operator,03/02/2008,2008,54816.24
F,HHS,Department of Health and Human Services,School Health Services,Fulltime-Regular,Community Health Nurse II,07/28/2015,2015,75737.22
M,DOT,Department of Transportation,Transit Silver Spring Ride On,Fulltime-Regular,Bus Operator,05/26/2015,2015,40631.32
F,HHS,Department of Health and Human Services,Adult Protective and Case Management Services,Fulltime-Regular,Principal Administrative Aide,01/08/2007,2007,44853.06
M,CEC,Community Engagement Cluster,Silver Spring Urban District,Fulltime-Regular,Urban District Public Service Aide,10/05/1992,1992,52416.7
M,POL,Department of Police,FSB Animal Services Division,Fulltime-Regular,Animal Care Attendant,06/30/2014,2014,40369.0
M,DTS,Department of Technology Services,ERP Technical Support,Fulltime-Regular,Senior Information Technology Specialist,03/07/2005,2005,118400.0
F,HHS,Department of Health and Human Services,Area Health Centers,Fulltime-Regular,Community Health Nurse II,05/20/1985,1985,100849.36
M,POL,Department of Police,PSB 5th District Patrol,Fulltime-Regular,Police Officer III,07/17/2006,2006,72902.0
F,DOT,Department of Transportation,Transit COS Taxicab Regulation,Fulltime-Regular,Program Specialist II,12/17/2012,2012,71000.64
M,POL,Department of Police,PSB 6th District Patrol,Fulltime-Regular,Police Officer II,02/24/2014,2014,62620.0
M,DOT,Department of Transportation,Transit Silver Spring Ride On,Fulltime-Regular,Bus Operator,02/14/2011,2011,43525.72
F,HHS,Department of Health and Human Services,Service Coordination and Individual Support Services,Fulltime-Regular,Program Specialist II,09/12/2011,2011,63744.82
M,POL,Department of Police,PSB 4th District Patrol,Fulltime-Regular,Police Officer II,08/12/2013,2013,69429.0
F,SHF,Sheriff's Office,Court and Transport,Fulltime-Regular,Deputy Sheriff I,06/01/2015,2015,49364.0
M,DOT,Department of Transportation,Highway Administration,Fulltime-Regular,Highway Inspector II,11/04/2006,2006,83811.81
M,FIN,Department of Finance,Director,Fulltime-Regular,Director Department of Finance,12/15/1997,1997,200000.0
M,POL,Department of Police,PSB 4th District Special Assignment Team,Fulltime-Regular,Master Police Officer,07/18/2005,2005,79227.0
F,DOT,Department of Transportation,Transportation Planning and Design Section,Fulltime-Regular,Capital Projects Manager,06/07/1999,1999,129589.4
M,DLC,Department of Liquor Control,Cloverly,Parttime-Regular,Liquor Store Clerk I,04/08/2015,2015,28772.07
F,HHS,Department of Health and Human Services,Area Health Centers,Fulltime-Regular,Manager II,03/12/1990,1990,154333.27
F,HHS,Department of Health and Human Services,Child Welfare Services,Fulltime-Regular,Social Worker IV,08/20/1990,1990,104717.28
M,FRS,Fire and Rescue Services,Station 10,Fulltime-Regular,Firefighter/Rescuer II,03/27/2006,2006,64776.0
F,DOT,Department of Transportation,Transportation Property Acquisition Section,Fulltime-Regular,Real Estate Specialist I,10/11/1998,1998,84974.0
M,DLC,Department of Liquor Control,Kensington,Parttime-Regular,Liquor Store Clerk I,06/15/2015,2015,28772.07
M,POL,Department of Police,FSB Special Operations Division Canine Section,Fulltime-Regular,Master Police Officer,06/13/1994,1994,97392.47
F,POL,Department of Police,FSB Traffic Division School Safety Section,Parttime-Regular,Crossing Guard,02/28/1994,1994,26208.35
F,POL,Department of Police,MSB Information Mgmt and Tech Division Warrant Control Section,Fulltime-Regular,Office Services Coordinator,09/15/1997,1997,65486.66
F,CEC,Community Engagement Cluster,Silver Spring Urban District,Fulltime-Regular,Urban District Public Service Aide,11/03/2008,2008,36190.94
M,DOT,Department of Transportation,Transit Nicholson Ride On,Fulltime-Regular,Bus Operator,02/25/2013,2013,43525.72
M,COR,Correction and Rehabilitation,DS MCCF Unit 2 Security,Fulltime-Regular,Correctional Officer III (Corporal),01/22/2008,2008,60775.0
F,HHS,Department of Health and Human Services,Service Coordination and Individual Support Services,Fulltime-Regular,Office Services Coordinator,12/12/2016,2016,41500.0
M,FRS,Fire and Rescue Services,Station 24,Fulltime-Regular,Firefighter/Rescuer III,02/27/2012,2012,63345.0
M,DOT,Department of Transportation,Transit Gaithersburg Ride On,Fulltime-Regular,Bus Operator,11/15/2010,2010,45049.12
M,FRS,Fire and Rescue Services,Station 24,Fulltime-Regular,Fire/Rescue Captain,02/14/2000,2000,110229.0
M,DOT,Department of Transportation,Traffic Engineering and Operations Development Review,Fulltime-Regular,Engineer III,01/18/2011,2011,94427.09
F,POL,Department of Police,FSB Animal Services Division,Fulltime-Regular,Program Specialist I,08/11/2014,2014,47940.52
F,POL,Department of Police,FSB Traffic Division School Safety Section,Parttime-Regular,Crossing Guard,10/19/1998,1998,25445.0
M,FRS,Fire and Rescue Services,Station 13,Fulltime-Regular,Master Firefighter/Rescuer,02/20/2001,2001,97560.0
M,POL,Department of Police,MSB Policy and Planning Division,Fulltime-Regular,Program Manager I,07/01/2013,2013,93396.0
F,REC,Department of Recreation,Youth Development Your Sports/Activities,Fulltime-Regular,Recreation Specialist,11/17/2014,2014,61020.09
M,DPS,Department of Permitting Services,Land Development Sediment Stormwater Plan Review,Fulltime-Regular,Manager III,04/10/1995,1995,135392.0
M,FRS,Fire and Rescue Services,Emergency Communications Center (ECC),Fulltime-Regular,Master Firefighter/Rescuer,02/11/2002,2002,90904.0
M,DOT,Department of Transportation,Transit Gaithersburg Ride On,Fulltime-Regular,Bus Operator,03/16/1992,1992,66065.23
F,LIB,Department of Public Libraries,Little Falls Library,Fulltime-Regular,Librarian II,08/06/1995,1995,93595.75
F,HHS,Department of Health and Human Services,School Health Services,Parttime-Regular,School Health Room Technician I,08/17/1998,1998,53380.28
M,DLC,Department of Liquor Control,Leisure World,Parttime-Regular,Liquor Store Clerk I,02/17/2008,2008,29779.07
M,DOT,Department of Transportation,Transit Gaithersburg Ride On,Fulltime-Regular,Transit Coordinator,05/12/2003,2003,61434.92
M,FRS,Fire and Rescue Services,Station 29,Fulltime-Regular,Firefighter/Rescuer III,03/19/2007,2007,67753.0
F,HHS,Department of Health and Human Services,Child Welfare Services,Fulltime-Regular,Social Worker III,11/01/2004,2004,95384.01
M,DOT,Department of Transportation,Transit Nicholson Ride On,Fulltime-Regular,Bus Operator,03/30/2015,2015,40631.32
M,FRS,Fire and Rescue Services,Station 35,Fulltime-Regular,Master Firefighter/Rescuer,08/16/1999,1999,97560.0
F,DLC,Department of Liquor Control,Milestone,Fulltime-Regular,Liquor Store Assistant Manager,10/08/2002,2002,59315.72
,HHS,Department of Health and Human Services,Infants and Toddlers,Fulltime-Regular,Program Aide,12/27/2016,2016,41200.0
M,FRS,Fire and Rescue Services,Rescue 1,Fulltime-Regular,Firefighter/Rescuer III,09/04/2001,2001,80784.0
M,HHS,Department of Health and Human Services,STD and HIV Services,Fulltime-Regular,Senior Public Health Advisor,01/29/1990,1990,99870.24
F,COR,Correction and Rehabilitation,PRRS Reentry Services and Programs,Fulltime-Regular,Correctional Specialist III,10/03/2016,2016,59072.0
F,POL,Department of Police,PSB 2nd District Station,Fulltime-Regular,Police Officer III,07/06/1992,1992,92756.7
M,FRS,Fire and Rescue Services,Station 31,Fulltime-Regular,Firefighter/Rescuer II,01/14/2013,2013,60810.0
M,DOT,Department of Transportation,Transit Nicholson Ride On,Fulltime-Regular,Bus Operator,12/22/2014,2014,42053.42
F,FRS,Fire and Rescue Services,Emergency Communications Center (ECC),Fulltime-Regular,Public Safety Communications Specialist II,01/26/2015,2015,44694.45
M,FRS,Fire and Rescue Services,Special Operations,Fulltime-Regular,Fire/Rescue Battalion Chief,06/15/1992,1992,131348.75
M,FRS,Fire and Rescue Services,Station 23,Fulltime-Regular,Firefighter/Rescuer III,07/29/2013,2013,55328.0
M,CCL,County Council,Council Central Staff,Parttime-Regular,Manager II,07/23/2007,2007,78262.5
M,FRS,Fire and Rescue Services,Station 3,Fulltime-Regular,Firefighter/Rescuer III,10/09/2006,2006,76716.0
M,LIB,Department of Public Libraries,Collection Development,Fulltime-Regular,Librarian II,03/17/1997,1997,93573.18
F,HHS,Department of Health and Human Services,Head Start/Pre-K (Health),Parttime-Regular,School Health Room Technician I,04/29/2002,2002,38523.24
M,DOT,Department of Transportation,Transit Silver Spring Ride On,Fulltime-Regular,Bus Operator,11/30/1997,1997,64141.0
M,DOT,Department of Transportation,Transit Gaithersburg Ride On,Fulltime-Regular,Bus Operator,03/14/1999,1999,64141.0
M,DOT,Department of Transportation,Parking Management Parking Operations,Fulltime-Regular,Parking Meter Mechanic,04/16/1990,1990,66065.23
M,FRS,Fire and Rescue Services,Recruit Training,Fulltime-Regular,Firefighter/Rescuer I (Recruit),12/12/2016,2016,45261.0
F,HHS,Department of Health and Human Services,School Health Services,Parttime-Regular,School Health Room Technician I,10/04/1999,1999,51576.21
F,HHS,Department of Health and Human Services,Medical Assistance Eligibility Services,Fulltime-Regular,Office Services Coordinator,08/29/1994,1994,69222.18
M,FRS,Fire and Rescue Services,Station 23,Fulltime-Regular,Master Firefighter/Rescuer,09/20/1993,1993,91969.07
F,HHS,Department of Health and Human Services,School Health Services,Fulltime-Regular,Community Health Nurse II,07/28/2015,2015,72094.53
F,POL,Department of Police,PSB 1st District Patrol,Parttime-Regular,Police Officer III,01/18/1994,1994,44810.0
M,DLC,Department of Liquor Control,Retail Operations,Fulltime-Regular,Manager II,09/28/1998,1998,156525.0
M,FRS,Fire and Rescue Services,Station 28,Fulltime-Regular,Firefighter/Rescuer II,07/24/2000,2000,78973.0
F,LIB,Department of Public Libraries,Little Falls Library,Parttime-Regular,Library Assistant I,01/15/2013,2013,19542.54
M,DGS,Department of General Services,Facilities Maintenance,Fulltime-Regular,Plumber II,11/14/2005,2005,77343.0
M,COR,Correction and Rehabilitation,DS MCCF Unit 1 Security,Fulltime-Regular,Correctional Officer III (Corporal),08/11/2014,2014,54814.0
F,HHS,Department of Health and Human Services,School Health Services,Parttime-Regular,School Health Room Technician I,02/19/2008,2008,39163.74
F,BOE,Board of Elections,Director's Office,Fulltime-Regular,Management and Budget Specialist III,10/22/1984,1984,104717.28
M,FRS,Fire and Rescue Services,Recruit Training,Fulltime-Regular,Firefighter/Rescuer I (Recruit),12/12/2016,2016,45261.0
M,POL,Department of Police,FSB Traffic Division School Safety Section,Fulltime-Regular,Police Sergeant,05/05/1985,1985,107128.71
M,POL,Department of Police,PSB 5th District Patrol,Fulltime-Regular,Police Officer II,02/24/2014,2014,54568.0
M,CEC,Community Engagement Cluster,Silver Spring Urban District,Fulltime-Regular,Urban District Public Service and Maintenance Team Supv,11/22/1993,1993,72534.66
M,SHF,Sheriff's Office,Court and Transport,Fulltime-Regular,Deputy Sheriff III,09/29/1997,1997,85405.0
M,DOT,Department of Transportation,Highway Services,Fulltime-Regular,Equipment Operator I,11/29/2004,2004,51366.29
M,POL,Department of Police,PSB 5th District Patrol,Fulltime-Regular,Police Officer III,07/18/2011,2011,65752.0
M,POL,Department of Police,HQ Office of the Chief,Fulltime-Regular,Police Lieutenant,06/24/1996,1996,123902.96
F,HHS,Department of Health and Human Services,STD and HIV Services,Fulltime-Regular,Program Manager II,06/27/2005,2005,100047.77
M,DOT,Department of Transportation,Transit Silver Spring Ride On,Fulltime-Regular,Bus Operator,09/27/1993,1993,66065.23
F,PRO,Office of Procurement,Procurement Services Section,Fulltime-Regular,Principal Administrative Aide,06/26/2000,2000,58448.0
F,POL,Department of Police,FSB Animal Services Division,Fulltime-Regular,Program Manager II,12/16/2013,2013,68614.81
M,POL,Department of Police,PSB 5th District Patrol,Fulltime-Regular,Police Sergeant,07/20/1987,1987,107128.71
M,DLC,Department of Liquor Control,Potomac,Fulltime-Regular,Liquor Store Clerk II,01/26/2005,2005,50334.11
M,DOT,Department of Transportation,Transit Gaithersburg Ride On,Fulltime-Regular,Bus Operator,05/25/2012,2012,45049.12
F,LIB,Department of Public Libraries,Gaithersburg Library,Fulltime-Regular,Library Assistant II,02/19/2008,2008,51369.11
F,CAT,County Attorney's Office,"Zoning, Land Use and Economic Development",Fulltime-Regular,Assistant County Attorney III,10/08/2000,2000,140794.0
F,NDA,Non-Departmental Account,MCERP,Fulltime-Regular,Senior Financial Specialist,06/16/2014,2014,102664.0
F,HHS,Department of Health and Human Services,Child Welfare Services,Fulltime-Regular,Social Worker II,06/18/2012,2012,62678.21
M,DLC,Department of Liquor Control,Downtown Rockville,Parttime-Regular,Liquor Store Clerk I,09/06/2016,2016,27805.44
F,DEP,Department of Environmental Protection,Solid Waste Services Collection Operations,Fulltime-Regular,Manager III,11/13/2007,2007,115791.71
F,HHS,Department of Health and Human Services,School Health Services,Fulltime-Regular,Community Health Nurse II,08/11/2014,2014,78387.63
M,FRS,Fire and Rescue Services,Station 11,Fulltime-Regular,Firefighter/Rescuer II,02/22/1994,1994,79628.76
M,HCA,Department of Housing and Community Affairs,Asset Management,Fulltime-Regular,Program Manager II,07/29/2013,2013,102664.0
F,COR,Correction and Rehabilitation,PTS Intervention Program for Substance Abusers,Fulltime-Regular,Correctional Specialist II,06/23/2008,2008,62520.44
M,FRS,Fire and Rescue Services,Station 26,Fulltime-Regular,Firefighter/Rescuer II,09/22/2014,2014,50910.0
F,POL,Department of Police,FSB Traffic Division Automated Traffic Enforcement Section,Fulltime-Regular,Police Aide,05/19/2003,2003,52042.22
M,COR,Correction and Rehabilitation,DS MCCF Unit 1 Security,Fulltime-Regular,Correctional Officer II (PFC),09/22/2014,2014,49831.0
M,COR,Correction and Rehabilitation,DS MCCF Unit 2 Security,Fulltime-Regular,Correctional Officer III (Corporal),05/15/2006,2006,65105.0
M,DEP,Department of Environmental Protection,Solid Waste Services Operations,Fulltime-Regular,Refuse Disposal Cashier,02/16/1993,1993,60201.44
F,POL,Department of Police,FSB Animal Services Division,Fulltime-Regular,Code Enforcement Inspector III,07/22/2002,2002,68888.03
M,DOT,Department of Transportation,Highway Services,Fulltime-Regular,Public Service Craftsworker,03/19/2007,2007,48641.81
F,FRS,Fire and Rescue Services,Recruit Training,Fulltime-Regular,Firefighter/Rescuer I (Recruit),04/28/2015,2015,45261.0
F,REC,Department of Recreation,Kennedy Shriver Aquatic Center,Fulltime-Regular,Recreation Supervisor,09/18/1986,1986,95263.92
M,OMB,Office of Management and Budget,Special Projects,Fulltime-Regular,Senior Management and Budget Specialist,10/13/2008,2008,82356.81
M,FRS,Fire and Rescue Services,Station 10,Fulltime-Regular,Master Firefighter/Rescuer,09/04/2001,2001,90896.0
M,HHS,Department of Health and Human Services,Information Systems and Technology,Fulltime-Regular,Manager II,06/17/2002,2002,156525.0
M,DPS,Department of Permitting Services,Land Development Sediment and Stormwater Inspection,Fulltime-Regular,Permitting and Code Enforcement Inspector III,01/13/2003,2003,93396.0
F,HHS,Department of Health and Human Services,School Health Services,Parttime-Regular,School Health Room Technician I,07/30/2013,2013,38084.99
M,DOT,Department of Transportation,Transit Gaithersburg Ride On,Fulltime-Regular,Motor Pool Attendant,12/10/2007,2007,43432.94
M,SHF,Sheriff's Office,Evictions,Fulltime-Regular,Deputy Sheriff III,07/22/2002,2002,79728.0
M,COR,Correction and Rehabilitation,PRRS Facility and Security,Fulltime-Regular,Resident Supervisor III,08/17/1998,1998,84189.59
M,FRS,Fire and Rescue Services,Station 25,Fulltime-Regular,Firefighter/Rescuer II,07/29/2013,2013,54730.0
M,DGS,Department of General Services,Fleet Management Fleet Services,Fulltime-Regular,Mechanic Technician II,02/19/2008,2008,61035.5
F,COR,Correction and Rehabilitation,DS Intake Classification and Re-Entry Services,Fulltime-Regular,Correctional Specialist V,05/29/2001,2001,91882.2
M,POL,Department of Police,PSB 1st District Station,Fulltime-Regular,Police Lieutenant,05/23/1986,1986,123902.96
M,DLC,Department of Liquor Control,Stock Liquor and Wine Warehouse Operations,Fulltime-Regular,Supply Technician II,04/10/2013,2013,36363.35
M,DGS,Department of General Services,Fleet Management Administration,Fulltime-Regular,Program Specialist II,06/27/2005,2005,84974.0
M,HHS,Department of Health and Human Services,"Chief, Behavioral Health and Crisis Services",Fulltime-Regular,Medical Doctor III - Psychiatrist,03/05/2001,2001,195815.0
F,HHS,Department of Health and Human Services,Adult Protective and Case Management Services,Fulltime-Regular,Social Worker III,03/28/1988,1988,92083.33
M,POL,Department of Police,PSB 6th District Patrol,Fulltime-Regular,Police Officer III,05/03/2005,2005,68054.0
M,DOT,Department of Transportation,Transit Gaithersburg Ride On,Fulltime-Regular,Bus Operator,06/23/1997,1997,64141.0
M,DLC,Department of Liquor Control,Beer Delivery Operations,Fulltime-Regular,Truck Driver/Warehouse Worker,10/23/1989,1989,66065.23
F,POL,Department of Police,PSB Duty Commander,Fulltime-Regular,Police Captain,07/06/1992,1992,136292.77
M,POL,Department of Police,PSB 3rd District Patrol,Fulltime-Regular,Police Officer II,02/24/2014,2014,56478.0
F,FIN,Department of Finance,Tax Operations,Fulltime-Regular,Accountant/Auditor III,07/08/2002,2002,93396.0
M,DTS,Department of Technology Services,ETSD Radio Communications Services,Fulltime-Regular,Manager III,07/16/2012,2012,123803.77
M,CEC,Community Engagement Cluster,Community Partnerships,Fulltime-Regular,Director Office of Community Partnerships,03/19/2007,2007,176837.0
M,DOT,Department of Transportation,Transit Silver Spring Ride On,Fulltime-Regular,Bus Operator,12/08/2003,2003,55122.12
M,FRS,Fire and Rescue Services,Station 1,Fulltime-Regular,Firefighter/Rescuer II,07/29/2013,2013,52693.0
M,FRS,Fire and Rescue Services,Station 31,Fulltime-Regular,Firefighter/Rescuer II,03/10/2014,2014,59027.0
M,SHF,Sheriff's Office,Court and Transport,Fulltime-Regular,Deputy Sheriff Sergeant,03/03/1997,1997,93945.0
M,DLC,Department of Liquor Control,Beer Warehouse Operations,Fulltime-Regular,Senior Supply Technician,07/17/2012,2012,42792.0
M,POL,Department of Police,PSB 5th District Patrol,Fulltime-Regular,Police Officer II,01/28/2013,2013,58455.0
F,POL,Department of Police,PSB 3rd District Station,Fulltime-Regular,Police Officer III,07/06/1992,1992,92756.7
F,POL,Department of Police,MSB Management and Budget Division Abandoned Vehicle Section,Fulltime-Regular,Principal Administrative Aide,03/18/2002,2002,58448.0
M,DTS,Department of Technology Services,ETSD Network Services,Fulltime-Regular,Senior Information Technology Specialist,04/20/2015,2015,116707.64
M,COR,Correction and Rehabilitation,DS MCCF Unit 2 Security,Fulltime-Regular,Correctional Officer III (Corporal),03/21/2005,2005,67384.0
M,FRS,Fire and Rescue Services,Training,Fulltime-Regular,Program Manager II,10/19/2015,2015,89412.72
F,POL,Department of Police,FSB Traffic Division School Safety Section,Parttime-Regular,Crossing Guard,02/07/2005,2005,21031.35
M,DOT,Department of Transportation,Transit Gaithersburg Ride On,Fulltime-Regular,Bus Operator,11/12/1991,1991,66065.23
M,SHF,Sheriff's Office,Court and Transport,Fulltime-Regular,Deputy Sheriff III,12/26/2006,2006,69475.0
M,CEC,Community Engagement Cluster,Wheaton Urban District,Fulltime-Regular,Public Service Worker II,04/05/2004,2004,42634.57
F,POL,Department of Police,ISB Criminal Investigations Division Crime Laboratory Section,Fulltime-Regular,Forensic Scientist,01/06/2003,2003,101492.79
F,POL,Department of Police,PSB 4th District Patrol,Fulltime-Regular,Police Officer II,08/12/2013,2013,58455.0
F,HHS,Department of Health and Human Services,Access to Behavioral Health Services,Fulltime-Regular,Therapist I,04/21/1997,1997,93396.0
M,POL,Department of Police,PSB 1st District Traffic Squad,Fulltime-Regular,Police Officer III,09/29/1997,1997,89620.0
M,FRS,Fire and Rescue Services,Station 33,Fulltime-Regular,Master Firefighter/Rescuer,09/27/1987,1987,97224.98
F,CUS,Community Use of Public Facilities,Scheduling Team,Fulltime-Regular,Program Specialist I,02/04/2001,2001,73801.0
F,CCL,County Council,Council Members and Staff,Parttime-Regular,Legislative Senior Aide II,12/03/2001,2001,41598.04
M,DGS,Department of General Services,Central Duplicating,Fulltime-Regular,Mail Clerk Leader,11/10/1999,1999,50957.62
F,HHS,Department of Health and Human Services,School Health Services,Parttime-Regular,Community Health Nurse II,07/30/2013,2013,69024.51
M,DLC,Department of Liquor Control,Potomac,Fulltime-Regular,Liquor Store Clerk II,01/04/2010,2010,40946.23
F,DOT,Department of Transportation,Parking Management Parking Operations,Fulltime-Regular,Revenue Counter,09/17/2007,2007,41428.3
M,COR,Correction and Rehabilitation,PTS Supervision,Fulltime-Regular,Correctional Officer III (Corporal),05/02/2005,2005,67384.0
F,DTS,Department of Technology Services,ERP Division Chief's Office,Fulltime-Regular,Manager I,09/01/1972,1972,175127.0
M,DOT,Department of Transportation,Parking Management Parking Operations,Fulltime-Regular,Program Manager II,12/19/1988,1988,99644.73
F,LIB,Department of Public Libraries,Collection Development,Fulltime-Regular,Administrative Specialist I,07/18/1977,1977,75277.02
F,POL,Department of Police,FSB Traffic Division Automated Traffic Enforcement Section,Fulltime-Regular,Police Aide,10/10/1977,1977,66065.23
M,FRS,Fire and Rescue Services,Station 24,Fulltime-Regular,Firefighter/Rescuer III,03/17/2008,2008,63493.0
F,HHS,Department of Health and Human Services,Adult Protective and Case Management Services,Fulltime-Regular,Social Worker IV,03/05/2001,2001,102049.83
M,DOT,Department of Transportation,Transit Gaithersburg Ride On,Fulltime-Regular,Bus Operator,03/04/2001,2001,60711.33
M,DPS,Department of Permitting Services,Land Development,Fulltime-Regular,Manager II,10/24/1988,1988,156525.0
M,DEP,Department of Environmental Protection,Stormwater Facility Inspection and Maintenance,Fulltime-Regular,Program Manager II,08/20/1973,1973,93215.14
M,DTS,Department of Technology Services,ERP Financials,Fulltime-Regular,Manager III,02/26/2001,2001,135132.17
F,LIB,Department of Public Libraries,Silver Spring Library,Fulltime-Regular,Librarian I,11/17/2014,2014,55054.21
M,DOT,Department of Transportation,Transit Silver Spring Ride On,Fulltime-Regular,Bus Operator,11/02/1997,1997,61926.05
F,LIB,Department of Public Libraries,Detention Center Library,Parttime-Regular,Librarian I,07/18/1988,1988,32695.06
F,LIB,Department of Public Libraries,Chevy Chase Library,Parttime-Regular,Library Assistant I,02/07/2005,2005,23822.32
M,DTS,Department of Technology Services,Enterprise Information Security Office,Fulltime-Regular,Senior Information Technology Specialist,03/07/2005,2005,118400.0
F,COR,Correction and Rehabilitation,DS MCCF Unit 2 Security,Fulltime-Regular,Correctional Officer II (PFC),07/27/2015,2015,48145.0
M,FRS,Fire and Rescue Services,Station 1,Fulltime-Regular,Firefighter/Rescuer III,06/01/2010,2010,57265.0
M,DPS,Department of Permitting Services,Fire Protection,Fulltime-Regular,Permitting and Code Enforcement Inspector III,12/19/2011,2011,82765.95
F,POL,Department of Police,MSB Information Management and Technology Division,Fulltime-Regular,Office Services Coordinator,01/05/2009,2009,53855.57
F,POL,Department of Police,FSB Traffic Division School Safety Section,Parttime-Regular,Crossing Guard,04/15/2002,2002,23318.28
M,DOT,Department of Transportation,Highway Services,Fulltime-Regular,Public Service Craftsworker,12/17/2001,2001,62287.65
F,LIB,Department of Public Libraries,Marilyn J Praisner Library,Parttime-Regular,Library Desk Assistant,10/29/1997,1997,22880.28
F,HHS,Department of Health and Human Services,Area Health Centers,Fulltime-Regular,Community Services Aide III,08/26/2013,2013,49922.96
F,HHS,Department of Health and Human Services,Adult Behavioral Health Services,Fulltime-Regular,Therapist II,12/06/1999,1999,82675.08
F,POL,Department of Police,PSB 6th District Station,Fulltime-Regular,Police Lieutenant,07/12/1982,1982,123902.96
F,HHS,Department of Health and Human Services,Income Supports,Fulltime-Regular,Executive Administrative Aide,04/05/2004,2004,54698.82
M,HHS,Department of Health and Human Services,School Health Services,Parttime-Regular,School Health Room Technician I,07/28/2015,2015,35552.39
F,OHR,Office of Human Resources,Administrative Services Team,Fulltime-Regular,Administrative Specialist III,05/27/2008,2008,77210.64
M,DOT,Department of Transportation,Transit Silver Spring Ride On,Fulltime-Regular,Bus Operator,11/09/2015,2015,40631.32
F,HHS,Department of Health and Human Services,Child Welfare Services,Fulltime-Regular,Social Worker III,11/22/2010,2010,67940.77
M,DOT,Department of Transportation,Highway Services,Fulltime-Regular,Public Service Craftsworker,07/01/2001,2001,61887.61
M,POL,Department of Police,PSB 4th District Patrol,Fulltime-Regular,Police Sergeant,11/08/1999,1999,103506.0
F,HHS,Department of Health and Human Services,Medication Assisted Treatment - Clinical and Vocational Services,Fulltime-Regular,Income Assistance Program Specialist II,02/02/2009,2009,61463.39
M,FRS,Fire and Rescue Services,Station 32,Fulltime-Regular,Fire/Rescue Captain,03/14/1986,1986,121167.06
M,POL,Department of Police,PSB 2nd District Patrol,Fulltime-Regular,Police Officer III,09/12/1988,1988,92756.7
F,DLC,Department of Liquor Control,"Licensure, Regulation and Education",Fulltime-Regular,Alcohol/Tobacco Enforcement Specialist II,05/06/1985,1985,87523.22
F,DLC,Department of Liquor Control,Potomac,Parttime-Regular,Liquor Store Clerk I,11/21/2010,2010,29779.07
M,FRS,Fire and Rescue Services,Station 10,Fulltime-Regular,Master Firefighter/Rescuer,08/17/1998,1998,90896.0
M,FRS,Fire and Rescue Services,Emergency Communications Center (ECC),Fulltime-Regular,Public Safety Communications Specialist II,01/26/2015,2015,44694.45
F,POL,Department of Police,MSB Communications Division,Fulltime-Regular,Public Safety Emergency Call-Taker II,12/01/2014,2014,46363.8
F,HHS,Department of Health and Human Services,Income Supports,Fulltime-Regular,Income Assistance Program Specialist II,03/22/2004,2004,67564.92
M,POL,Department of Police,PSB 6th District Station,Fulltime-Regular,Police Captain,01/18/1994,1994,155693.29
F,HHS,Department of Health and Human Services,Adult Protective and Case Management Services,Fulltime-Regular,Social Worker III,11/03/2014,2014,66902.52
F,POL,Department of Police,PSB 5th District Patrol,Fulltime-Regular,Police Officer III,07/18/2011,2011,65752.0
M,DOT,Department of Transportation,Transit Gaithersburg Ride On,Fulltime-Regular,Bus Operator,05/13/2001,2001,60713.84
M,FRS,Fire and Rescue Services,Station 10,Fulltime-Regular,Fire/Rescue Captain,02/11/2002,2002,108538.0
M,DOT,Department of Transportation,Transit Gaithersburg Ride On,Fulltime-Regular,Bus Operator,05/12/2002,2002,58671.02
F,HHS,Department of Health and Human Services,Contract Team,Fulltime-Regular,Program Manager I,01/11/1988,1988,93396.0
M,POL,Department of Police,FSB Special Operations Division Canine Section,Fulltime-Regular,Police Officer III,06/25/1990,1990,92756.7
F,POL,Department of Police,ISB Criminal Investigations Division 2nd District Investigative Section,Fulltime-Regular,Police Sergeant,02/06/1995,1995,107128.71
M,FRS,Fire and Rescue Services,Station 33,Fulltime-Regular,Firefighter/Rescuer III,06/04/2012,2012,57265.0
F,DTS,Department of Technology Services,EASD Web and Mobile Applications,Fulltime-Regular,Senior Information Technology Specialist,08/21/2006,2006,118400.0
M,FRS,Fire and Rescue Services,Emergency Medical Services,Fulltime-Regular,Fire/Rescue Captain,06/13/1988,1988,126781.06
F,POL,Department of Police,ISB Major Crimes Division Victim Witness Assistance Section,Fulltime-Regular,Program Manager II,12/01/1998,1998,102664.0
M,HHS,Department of Health and Human Services,24 Hours Crisis Center,Fulltime-Regular,Therapist I,12/07/2009,2009,60402.79
M,DOT,Department of Transportation,Transit Silver Spring Ride On,Fulltime-Regular,Bus Operator,10/19/1997,1997,64141.0
M,FRS,Fire and Rescue Services,Station 35,Fulltime-Regular,Fire/Rescue Lieutenant,01/23/1995,1995,101176.43
M,DOT,Department of Transportation,Traffic Engineering Design and Operations,Fulltime-Regular,Senior Engineer Technician,05/09/1999,1999,68530.21
M,SHF,Sheriff's Office,Court and Transport,Fulltime-Regular,Deputy Sheriff Sergeant,06/13/1994,1994,96763.35
M,DGS,Department of General Services,Fleet Automotive Heavy Equipment,Fulltime-Regular,Mechanic Technician II,01/22/2008,2008,56966.87
F,OAG,Office of Agriculture,Agricultural Services,Parttime-Regular,Principal Administrative Aide,01/29/1990,1990,30100.72
M,OMB,Office of Management and Budget,"Process, Production and Technology",Fulltime-Regular,Information Technology Technician I,05/19/2014,2014,39003.45
M,HCA,Department of Housing and Community Affairs,Housing Code Enforcement,Fulltime-Regular,Housing Code Inspector II,09/08/1997,1997,84974.0
M,DOT,Department of Transportation,Highway Services,Fulltime-Regular,Public Service Craftsworker,11/26/2007,2007,48641.36
M,COR,Correction and Rehabilitation,PRRS Facility and Security,Fulltime-Regular,Manager III,10/07/2002,2002,100544.06
M,POL,Department of Police,PSB 5th District Patrol,Fulltime-Regular,Police Officer III,01/18/1994,1994,92756.7
M,HHS,Department of Health and Human Services,Child Welfare Services,Fulltime-Regular,Manager III,02/13/2012,2012,131654.51
M,FRS,Fire and Rescue Services,Station 1,Fulltime-Regular,Firefighter/Rescuer III,06/04/2012,2012,57265.0
F,ECM,Ethics Commission,Administrative Support,Fulltime-Regular,Program Specialist II,06/16/2014,2014,73040.62
F,LIB,Department of Public Libraries,Olney Library,Fulltime-Regular,Library Assistant Supervisor,07/09/1990,1990,82687.32
F,LIB,Department of Public Libraries,Silver Spring Library,Fulltime-Regular,Librarian I,02/08/2016,2016,51394.0
M,DLC,Department of Liquor Control,Stock Liquor and Wine Warehouse Operations,Fulltime-Regular,Warehouse Worker,04/10/2007,2007,37934.69
M,POL,Department of Police,PSB 5th District Patrol,Fulltime-Regular,Police Officer II,02/24/2014,2014,67081.0
M,DOT,Department of Transportation,Transit Silver Spring Ride On,Fulltime-Regular,Bus Operator,04/04/2016,2016,39257.31
F,HHS,Department of Health and Human Services,School Health Services,Fulltime-Regular,Manager III,03/15/1999,1999,123486.7
F,HHS,Department of Health and Human Services,Budget Team,Fulltime-Regular,Senior Financial Specialist,06/21/1999,1999,96379.14
M,FRS,Fire and Rescue Services,Station 4,Fulltime-Regular,Firefighter/Rescuer III,10/09/2006,2006,75406.0
F,POL,Department of Police,MSB Communications Division,Fulltime-Regular,Public Safety Emergency Communications Supervisor,08/05/1996,1996,93396.0
M,FRS,Fire and Rescue Services,Station 1,Fulltime-Regular,Firefighter/Rescuer III,09/02/2008,2008,63493.0
M,FRS,Fire and Rescue Services,Station 25,Fulltime-Regular,Fire/Rescue Captain,11/17/1997,1997,123004.0
M,DOT,Department of Transportation,Transit Gaithersburg Ride On,Fulltime-Regular,Bus Operator,08/16/2010,2010,45048.5
M,DOT,Department of Transportation,Transit Gaithersburg Ride On,Fulltime-Regular,Bus Operator,08/02/1993,1993,66065.23
F,LIB,Department of Public Libraries,Olney Library,Parttime-Regular,Library Assistant I,11/04/1991,1991,30100.72
M,POL,Department of Police,ISB Criminal Investigations Division 3rd District Investigative Section,Fulltime-Regular,Police Officer III,01/26/2004,2004,78096.0
F,PIO,Office of Public Information,MC311,Fulltime-Regular,Customer Service Representative II,01/03/2000,2000,64367.46
F,HHS,Department of Health and Human Services,Child Welfare Services,Fulltime-Regular,Social Worker II,06/30/2014,2014,60559.39
M,REC,Department of Recreation,East County Community Recreation Center,Fulltime-Regular,Recreation Specialist,02/09/2015,2015,56231.86
M,HHS,Department of Health and Human Services,Home Care Services,Fulltime-Regular,Manager III,12/17/2012,2012,101633.26
F,LIB,Department of Public Libraries,Kensington Park Library,Parttime-Regular,Librarian I,06/08/1987,1987,43761.61
M,POL,Department of Police,PSB 2nd District Patrol,Fulltime-Regular,Master Police Officer,08/31/1998,1998,94099.0
M,HHS,Department of Health and Human Services,Chief Special Needs Housing,Fulltime-Regular,Program Manager II,07/30/2012,2012,94413.37
M,DLC,Department of Liquor Control,Pike,Fulltime-Regular,Liquor Store Manager,11/09/2005,2005,61787.48
F,HHS,Department of Health and Human Services,School Health Services,Parttime-Regular,School Health Room Technician I,03/10/2003,2003,47446.21
F,POL,Department of Police,FSB Traffic Division School Safety Section,Parttime-Regular,Crossing Guard,05/18/1987,1987,26208.35
M,FRS,Fire and Rescue Services,Recruit Training,Fulltime-Regular,Firefighter/Rescuer I (Recruit),12/12/2016,2016,45261.0
M,COR,Correction and Rehabilitation,DS MCCF Unit 2 Security,Fulltime-Regular,Correctional Officer III (Corporal),08/09/2004,2004,69744.0
M,DLC,Department of Liquor Control,Stock Liquor and Wine Warehouse Operations,Fulltime-Regular,Supply Technician II,06/01/1998,1998,53455.6
F,POL,Department of Police,MSB Communications Division,Fulltime-Regular,Public Safety Communications Specialist I,09/19/2016,2016,39257.0
M,POL,Department of Police,PSB 5th District Special Assignment Team,Fulltime-Regular,Police Officer III,09/27/1999,1999,89620.0
F,POL,Department of Police,ISB Family Crimes Division Child Abuse Sexual Assault Section,Fulltime-Regular,Master Police Officer,01/18/1994,1994,97392.47
M,DOT,Department of Transportation,Transit Silver Spring Ride On,Fulltime-Regular,Bus Operator,09/29/2014,2014,42053.42
F,DGS,Department of General Services,Facilities Maintenance,Fulltime-Regular,Building Services Worker II,08/03/1998,1998,46469.0
F,BOE,Board of Elections,Election Judge Recruitment,Fulltime-Regular,Administrative Specialist II,06/25/2007,2007,84974.0
M,FRS,Fire and Rescue Services,Station 18,Fulltime-Regular,Firefighter/Rescuer III,06/01/2010,2010,57265.0
F,HHS,Department of Health and Human Services,Child Care Subsidies - Admin,Fulltime-Regular,Income Assistance Program Specialist II,08/14/2000,2000,76741.59
M,POL,Department of Police,PSB 3rd District Patrol,Fulltime-Regular,Police Officer II,02/24/2014,2014,56478.0
F,POL,Department of Police,PSB 4th District Patrol,Fulltime-Regular,Police Officer III,01/26/2004,2004,89620.0
M,DOT,Department of Transportation,Transit Silver Spring Ride On,Fulltime-Regular,Bus Operator,07/25/2011,2011,42053.82
F,HHS,Department of Health and Human Services,Access to Behavioral Health Services,Fulltime-Regular,Supervisory Therapist,07/08/1991,1991,104717.28
M,FRS,Fire and Rescue Services,Station 22,Fulltime-Regular,Firefighter/Rescuer III,09/04/2007,2007,65716.0
M,POL,Department of Police,FSB Special Operations Division Tactical Operations Section,Fulltime-Regular,Police Officer III,06/13/1994,1994,92756.7
F,DGS,Department of General Services,Property Management,Fulltime-Regular,Property Manager II,01/27/2014,2014,88436.5
M,HCA,Department of Housing and Community Affairs,Housing Code Enforcement,Fulltime-Regular,Housing Code Inspector II,04/16/2007,2007,63176.75
F,HHS,Department of Health and Human Services,Income Supports,Fulltime-Regular,Income Assistance Program Specialist II,03/11/2013,2013,52563.37
F,HHS,Department of Health and Human Services,Health Care and Group Residential Services,Fulltime-Regular,Community Health Nurse II,12/06/1999,1999,97912.0
F,HHS,Department of Health and Human Services,24 Hours Crisis Center,Fulltime-Regular,Therapist II,09/10/2012,2012,68344.59
M,COR,Correction and Rehabilitation,DS Health Services,Fulltime-Regular,Manager II,10/06/1997,1997,156525.0
M,DOT,Department of Transportation,Highway Services,Fulltime-Regular,Equipment Operator Apprentice,04/04/2016,2016,33395.15
M,FRS,Fire and Rescue Services,Station 8,Fulltime-Regular,Firefighter/Rescuer II,03/10/2014,2014,50910.0
M,POL,Department of Police,PSB 4th District Patrol,Fulltime-Regular,Police Officer I,10/06/2014,2014,53788.0
F,CCL,County Council,Council Central Staff,Parttime-Regular,Legislative Services Coordinator,08/21/1989,1989,62851.64
M,FRS,Fire and Rescue Services,Station 7,Fulltime-Regular,Fire/Rescue Captain,01/23/1995,1995,116124.02
M,FRS,Fire and Rescue Services,Recruit Training,Fulltime-Regular,Firefighter/Rescuer I (Recruit),07/01/2013,2013,45261.0
F,SHF,Sheriff's Office,Sheriff Domestic Violence,Parttime-Regular,Public Safety Reporting Aide I,07/27/2015,2015,25420.64
M,FRS,Fire and Rescue Services,Recruit Training,Fulltime-Regular,Firefighter/Rescuer I (Recruit),06/01/2010,2010,45261.0
M,OHR,Office of Human Resources,Information Technology Team,Fulltime-Regular,Senior Information Technology Specialist,10/31/2016,2016,113000.0
,HHS,Department of Health and Human Services,Infants and Toddlers,Fulltime-Regular,Program Aide,12/27/2016,2016,44175.0
M,COR,Correction and Rehabilitation,DS Inmate Records,Fulltime-Regular,Correctional Records Technician,08/07/2006,2006,51564.44
M,DGS,Department of General Services,Facilities Maintenance,Fulltime-Regular,Manager III,12/03/2012,2012,127229.18
M,COR,Correction and Rehabilitation,DS MCCF Unit 1 Security,Fulltime-Regular,Correctional Officer I (Private),02/08/2016,2016,44300.0
M,DOT,Department of Transportation,Transit Gaithersburg Ride On,Fulltime-Regular,Bus Operator,06/30/2014,2014,42053.83
M,LIB,Department of Public Libraries,Bethesda Library,Fulltime-Regular,Librarian II,10/03/2016,2016,59072.0
M,SHF,Sheriff's Office,Evictions,Fulltime-Regular,Deputy Sheriff III,07/19/2004,2004,74424.0
M,DOT,Department of Transportation,Transit Gaithersburg Ride On,Fulltime-Regular,Bus Operator,02/03/2002,2002,58671.02
M,FRS,Fire and Rescue Services,Emergency Communications Center (ECC),Fulltime-Regular,Fire/Rescue Lieutenant,09/04/2001,2001,102805.0
M,CEC,Community Engagement Cluster,Silver Spring Urban District,Fulltime-Regular,Urban District Public Service Aide,04/18/2016,2016,32098.0
F,COR,Correction and Rehabilitation,DS MCCF Unit 3 Security,Fulltime-Regular,Correctional Officer III (Corporal),04/23/2012,2012,56733.0
F,OCP,Office of Consumer Protection,Operations,Fulltime-Regular,Executive Administrative Aide,04/24/1989,1989,66745.25
M,DOT,Department of Transportation,Transit Nicholson Ride On,Fulltime-Regular,Bus Operator,07/25/2005,2005,52472.36
M,DOT,Department of Transportation,Transit Silver Spring Ride On,Fulltime-Regular,Bus Operator,04/05/1998,1998,64141.0
M,DGS,Department of General Services,Facilities Maintenance,Fulltime-Regular,Public Service Craftsworker,04/28/2008,2008,56424.05
M,POL,Department of Police,MSB Communications Division,Fulltime-Regular,Public Safety Communications Specialist II,02/24/2014,2014,48572.17
F,COR,Correction and Rehabilitation,DS Health Services,Fulltime-Regular,Therapist II,02/23/2015,2015,61139.41
F,POL,Department of Police,FSB Traffic Division School Safety Section,Parttime-Regular,Crossing Guard,02/26/2001,2001,24134.31
M,FRS,Fire and Rescue Services,Station 33,Fulltime-Regular,Firefighter/Rescuer II,09/22/2014,2014,50910.0
M,FRS,Fire and Rescue Services,Information Technology,Fulltime-Regular,Senior Information Technology Specialist,03/31/2003,2003,118400.0
F,HHS,Department of Health and Human Services,Access to Behavioral Health Services,Fulltime-Regular,Program Specialist I,08/18/2008,2008,70403.73
M,OHR,Office of Human Resources,Communications and Strategic Planning Team,Fulltime-Regular,Office Clerk,09/30/1985,1985,41737.38
M,POL,Department of Police,PSB 1st District Educational Facilities Officers,Fulltime-Regular,Police Officer III,01/12/2009,2009,68054.0
M,POL,Department of Police,PSB 1st District Patrol,Fulltime-Regular,Police Officer II,07/16/2012,2012,60501.0
M,FRS,Fire and Rescue Services,Station 13,Fulltime-Regular,Fire/Rescue Captain,02/26/1990,1990,122788.02
M,FRS,Fire and Rescue Services,Station 18,Fulltime-Regular,Firefighter/Rescuer III,03/17/2008,2008,70884.0
M,DOT,Department of Transportation,Transportation Construction Section,Fulltime-Regular,Manager III,12/08/2008,2008,110623.67
M,FRS,Fire and Rescue Services,Station 11,Fulltime-Regular,Firefighter/Rescuer III,05/16/2005,2005,70396.0
M,FRS,Fire and Rescue Services,Third Battalion - Administration,Fulltime-Regular,Fire/Rescue Lieutenant,08/16/1999,1999,99792.0
M,FRS,Fire and Rescue Services,Station 20,Fulltime-Regular,Firefighter/Rescuer III,09/04/2007,2007,67753.0
M,DOT,Department of Transportation,Sign and Marking Shop,Fulltime-Regular,Public Service Worker III,06/30/2014,2014,37223.83
F,HHS,Department of Health and Human Services,Support Planning,Fulltime-Regular,Program Specialist II,06/28/2004,2004,73547.57
M,POL,Department of Police,MSB Information Management and Technology Division,Fulltime-Regular,Information Technology Technician III,10/20/2014,2014,53148.66
M,DGS,Department of General Services,Property Management,Fulltime-Regular,Property Manager II,06/01/1979,1979,99870.24
F,LIB,Department of Public Libraries,Bethesda Library,Parttime-Regular,Library Desk Assistant,01/31/2013,2013,19263.33
M,POL,Department of Police,PSB 5th District Patrol,Fulltime-Regular,Police Officer III,03/14/1988,1988,92756.7
M,DOT,Department of Transportation,Transit Silver Spring Ride On,Fulltime-Regular,Bus Operator,07/23/2000,2000,62835.65
F,DLC,Department of Liquor Control,Burtonsville,Parttime-Regular,Liquor Store Clerk I,08/19/2007,2007,31899.76
M,HHS,Department of Health and Human Services,School Based Health Centers,Fulltime-Regular,Principal Administrative Aide,01/08/1996,1996,60201.44
M,POL,Department of Police,PSB 5th District Patrol,Fulltime-Regular,Police Officer II,02/24/2014,2014,56478.0
F,HHS,Department of Health and Human Services,Area Health Centers,Fulltime-Regular,Office Services Coordinator,01/10/1988,1988,69222.18
M,FRS,Fire and Rescue Services,Station 29,Fulltime-Regular,Master Firefighter/Rescuer,09/04/2001,2001,99597.0
M,DGS,Department of General Services,Facilities Maintenance,Fulltime-Regular,HVAC Mechanic I,09/19/2016,2016,61000.0
F,DOT,Department of Transportation,Transit Commuter Services,Fulltime-Regular,Manager III,03/01/1999,1999,134886.84
F,CAT,County Attorney's Office,Human Resources and Appeals,Fulltime-Regular,Assistant County Attorney III,06/01/1987,1987,143609.88
F,FRS,Fire and Rescue Services,Recruit Training,Fulltime-Regular,Firefighter/Rescuer I (Recruit),07/14/2008,2008,45261.0
M,POL,Department of Police,PSB 5th District Patrol,Fulltime-Regular,Master Police Officer,01/18/1994,1994,97392.47
F,OLO,Office of Legislative Oversight,Legislative Oversight Staff,Fulltime-Regular,Legislative Analyst II,07/16/2012,2012,77649.51
M,HCA,Department of Housing and Community Affairs,Housing Code Enforcement,Fulltime-Regular,Program Manager II,05/30/2006,2006,102664.0
M,DPS,Department of Permitting Services,Fire Code Compliance,Fulltime-Regular,Permitting and Code Enforcement Inspector III,10/21/2013,2013,84989.18
M,DGS,Department of General Services,Fleet Management Fleet Services,Fulltime-Regular,Equipment Services Coordinator,03/17/2003,2003,97912.0
M,POL,Department of Police,FSB Special Operations Division,Fulltime-Regular,Police Lieutenant,09/12/1988,1988,123902.96
M,FRS,Fire and Rescue Services,Station 25,Fulltime-Regular,Master Firefighter/Rescuer,08/17/1998,1998,101634.0
F,HHS,Department of Health and Human Services,School Health Services,Parttime-Regular,School Health Room Technician I,10/16/2006,2006,40534.48
M,POL,Department of Police,PSB 1st District Patrol,Fulltime-Regular,Police Officer III,04/12/1999,1999,89620.0
F,FIN,Department of Finance,Accounts Payable,Fulltime-Regular,Program Manager II,10/17/1994,1994,102664.0
M,FRS,Fire and Rescue Services,Station 8,Fulltime-Regular,Firefighter/Rescuer II,07/29/2013,2013,52693.0
F,POL,Department of Police,PSB 2nd District Patrol,Fulltime-Regular,Police Officer III,07/22/2002,2002,83658.0
F,HHS,Department of Health and Human Services,Child Welfare Services,Fulltime-Regular,Manager III,05/01/2006,2006,135025.83
M,OAG,Office of Agriculture,Administration,Fulltime-Regular,Manager II,12/19/1988,1988,156525.0
F,HHS,Department of Health and Human Services,24 Hours Crisis Center,Parttime-Regular,Therapist II,08/21/2000,2000,48956.0
F,LIB,Department of Public Libraries,Noyes Library,Parttime-Regular,Librarian I,01/29/2003,2003,27527.0
M,DEP,Department of Environmental Protection,Watershed Restoration and Capital Projects,Fulltime-Regular,Planning Specialist III,02/28/2011,2011,83155.12
F,REC,Department of Recreation,Countywide Programs,Fulltime-Regular,Office Services Coordinator,10/28/2002,2002,61795.19
M,FRS,Fire and Rescue Services,Fleet Operations,Fulltime-Regular,Emergency Vehicle Mechanic Technician I,06/29/2015,2015,57650.92
F,DEP,Department of Environmental Protection,Management Services,Fulltime-Regular,Administrative Specialist III,08/01/1991,1991,93396.0
M,SHF,Sheriff's Office,Sheriff Domestic Violence,Fulltime-Regular,Deputy Sheriff Captain,06/02/1980,1980,128560.48
M,DGS,Department of General Services,Fleet Management Fleet Services,Fulltime-Regular,Manager III,01/03/2000,2000,114983.68
F,HHS,Department of Health and Human Services,Child Welfare Services,Fulltime-Regular,Social Worker II,01/19/2010,2010,65427.63
M,DOT,Department of Transportation,Transportation Technical Center,Fulltime-Regular,Supervisor Transportation Systems Technical Center,04/02/2001,2001,93396.0
M,HHS,Department of Health and Human Services,Income Supports,Fulltime-Regular,Fiscal Assistant,06/20/2005,2005,46972.96
F,POL,Department of Police,FSB Traffic Division School Safety Section,Parttime-Regular,Crossing Guard,03/08/2004,2004,21766.2
F,POL,Department of Police,PSB 4th District Patrol,Fulltime-Regular,Police Officer II,02/24/2014,2014,56478.0
F,DOT,Department of Transportation,Highway Administration,Fulltime-Regular,Manager III,05/02/2016,2016,104733.06
M,HHS,Department of Health and Human Services,Information Systems and Technology,Fulltime-Regular,Information Technology Specialist III,05/15/1994,1994,110886.71
F,CEX,Offices of the County Executive,Chief Administrative Officer's Office,Fulltime-Regular,Assistant Chief Administrative Officer,12/02/2013,2013,170687.0
F,LIB,Department of Public Libraries,Aspen Hill Library,Fulltime-Regular,Library Associate,12/10/2001,2001,69785.49
F,FIN,Department of Finance,Accounts Receivable,Fulltime-Regular,Administrative Specialist II,02/20/2001,2001,84974.0
M,LIB,Department of Public Libraries,Olney Library,Parttime-Regular,Library Assistant I,07/21/2005,2005,23210.03
F,HHS,Department of Health and Human Services,School Health Services,Parttime-Regular,School Health Room Technician I,08/02/2010,2010,37838.46
M,DLC,Department of Liquor Control,Goshen Crossing,Parttime-Regular,Liquor Store Clerk I,08/08/2016,2016,27805.44
F,HHS,Department of Health and Human Services,Compliance Team,Fulltime-Regular,Accountant/Auditor III,04/18/2016,2016,83616.0
M,HHS,Department of Health and Human Services,Income Supports,Fulltime-Regular,Income Assistance Program Specialist II,07/17/1989,1989,83497.98
M,FRS,Fire and Rescue Services,Station 28,Fulltime-Regular,Firefighter/Rescuer III,03/27/2006,2006,70052.0
M,POL,Department of Police,ISB Family Crimes Division Pedophile Section,Fulltime-Regular,Master Police Officer,03/04/1991,1991,97392.47
F,HHS,Department of Health and Human Services,Adult Behavioral Health Services,Parttime-Regular,Therapist II,11/01/2004,2004,41569.82
M,POL,Department of Police,PSB 6th District Patrol,Fulltime-Regular,Police Services Assistant,01/28/2013,2013,43850.22
M,POL,Department of Police,PSB 6th District Community Action Team,Fulltime-Regular,Police Officer III,07/18/2011,2011,65752.0
M,FRS,Fire and Rescue Services,Safety,Fulltime-Regular,Fire/Rescue Assistant Chief,05/07/1984,1984,149529.08
M,HHS,Department of Health and Human Services,Adult Protective Services - Nurse Assessment,Fulltime-Regular,Community Health Nurse II,08/21/2000,2000,97912.0
M,FRS,Fire and Rescue Services,Station 21,Fulltime-Regular,Firefighter/Rescuer II,09/22/2014,2014,50910.0
F,POL,Department of Police,PSB 2nd District Patrol,Fulltime-Regular,Police Officer III,11/08/1999,1999,89620.0
M,DOT,Department of Transportation,Transit Gaithersburg Ride On,Fulltime-Regular,Bus Operator,02/02/2015,2015,40631.32
M,FRS,Fire and Rescue Services,Station 18,Fulltime-Regular,Master Firefighter/Rescuer,12/13/2004,2004,80145.0
M,DOT,Department of Transportation,Highway Services,Fulltime-Regular,Equipment Operator I,05/30/1999,1999,58944.22
M,DEP,Department of Environmental Protection,Watershed Restoration and Capital Projects,Fulltime-Regular,Engineer III,01/04/2010,2010,94413.38
F,HHS,Department of Health and Human Services,STD and HIV Services,Fulltime-Regular,Community Health Nurse II,12/18/1988,1988,100849.36
M,FRS,Fire and Rescue Services,Station 17,Fulltime-Regular,Firefighter/Rescuer III,09/29/2009,2009,67424.0
F,HHS,Department of Health and Human Services,Income Supports,Fulltime-Regular,Income Assistance Program Specialist II,04/02/2007,2007,60318.22
F,HHS,Department of Health and Human Services,Income Supports,Fulltime-Regular,Income Assistance Program Specialist II,10/01/1990,1990,83497.98
M,HHS,Department of Health and Human Services,Income Supports,Fulltime-Regular,Income Assistance Program Supervisor,05/31/1972,1972,99870.24
M,DOT,Department of Transportation,Transit Silver Spring Ride On,Fulltime-Regular,Bus Operator,04/16/2012,2012,43525.72
M,DGS,Department of General Services,Building Design and Construction,Fulltime-Regular,Manager III,08/15/1983,1983,135392.0
F,DOT,Department of Transportation,Transit Gaithersburg Ride On,Fulltime-Regular,Bus Operator,02/25/2008,2008,46626.87
F,POL,Department of Police,ISB Criminal Investigations Division Central Auto Theft Section,Fulltime-Regular,Police Officer III,07/12/2010,2010,65752.0
F,DLC,Department of Liquor Control,Cloverly,Parttime-Regular,Liquor Store Clerk I,08/16/2012,2012,29779.07
M,DOT,Department of Transportation,Transit Gaithersburg Ride On,Fulltime-Regular,Bus Operator,05/09/1988,1988,66065.23
F,POL,Department of Police,ISB Family Crimes Division,Fulltime-Regular,Police Lieutenant,02/06/1995,1995,123902.96
F,POL,Department of Police,ISB Major Crimes Division Victim Witness Assistance Section,Fulltime-Regular,Client Assistance Specialist,03/31/1980,1980,83497.98
M,FRS,Fire and Rescue Services,Station 21,Fulltime-Regular,Firefighter/Rescuer III,10/17/2005,2005,70396.0
M,DGS,Department of General Services,Fleet Management Fleet Services,Fulltime-Regular,Mechanic Technician II,08/06/2007,2007,63171.73
M,DOT,Department of Transportation,Transit Management Services,Fulltime-Regular,Program Manager I,10/07/2013,2013,83033.41
M,DOT,Department of Transportation,Transit Gaithersburg Ride On,Fulltime-Regular,Bus Operator,08/27/2012,2012,45048.5
F,LIB,Department of Public Libraries,Silver Spring Library,Parttime-Regular,Library Desk Assistant,12/16/2013,2013,19263.33
M,DLC,Department of Liquor Control,Fallsgrove,Fulltime-Regular,Liquor Store Assistant Manager,09/03/2007,2007,51703.33
M,DOT,Department of Transportation,Highway Services,Fulltime-Regular,Public Service Craftsworker,01/27/2014,2014,42387.45
M,POL,Department of Police,PSB 4th District Patrol,Fulltime-Regular,Police Officer II,09/10/2012,2012,71860.0
F,POL,Department of Police,MSB Communications Division,Fulltime-Regular,Public Safety Communications Specialist III,06/19/1989,1989,79663.29
M,DHS,Office of Emergency Management and Homeland Security,Director's Office,Fulltime-Regular,Manager I,06/30/2014,2014,126630.0
F,HHS,Department of Health and Human Services,School Health Services,Fulltime-Regular,Community Health Nurse II,07/28/2015,2015,75737.22
F,HHS,Department of Health and Human Services,Emergency Housing Assistance,Fulltime-Regular,Community Services Aide III,02/22/2000,2000,73801.0
M,FRS,Fire and Rescue Services,Station 17,Fulltime-Regular,Firefighter/Rescuer III,08/27/1990,1990,83611.44
F,OIG,Office of the Inspector General,Inspector General Staff,Fulltime-Regular,Assistant Inspector General III,09/12/2011,2011,95696.1
M,POL,Department of Police,PSB 4th District Patrol,Fulltime-Regular,Police Officer III,07/17/2000,2000,89620.0
M,FRS,Fire and Rescue Services,Station 25,Fulltime-Regular,Firefighter/Rescuer III,03/19/2007,2007,69790.0
M,COR,Correction and Rehabilitation,DS MCCF Unit 1 Security,Fulltime-Regular,Correctional Officer II (PFC),09/02/2008,2008,55251.0
M,DOT,Department of Transportation,Transit Gaithersburg Ride On,Fulltime-Regular,Bus Operator,06/04/2012,2012,43525.72
M,FRS,Fire and Rescue Services,Second Battalion - Administration,Fulltime-Regular,Fire/Rescue Lieutenant,09/04/2007,2007,81557.0
M,DOT,Department of Transportation,Parking Management Engineering and Capital Project Management,Fulltime-Regular,Public Service Worker III,09/06/2005,2005,48399.27
F,HHS,Department of Health and Human Services,Support Planning,Fulltime-Regular,Program Specialist II,11/28/2005,2005,67678.71
F,PRO,Office of Procurement,Procurement Division,Fulltime-Regular,Manager II,01/23/1995,1995,139531.73
M,DOT,Department of Transportation,Transit Silver Spring Ride On,Fulltime-Regular,Bus Operator,11/20/2002,2002,55262.57
M,CEX,Offices of the County Executive,Chief Administrative Officer's Office,Fulltime-Regular,Manager II,11/16/2015,2015,124084.79
M,PIO,Office of Public Information,MC311,Fulltime-Regular,Program Manager I,04/11/2011,2011,83032.52
F,COR,Correction and Rehabilitation,DS Health Services,Fulltime-Regular,Correctional Health Nurse I,10/17/2006,2006,66515.0
M,DOT,Department of Transportation,Transit Silver Spring Ride On,Fulltime-Regular,Bus Operator,02/26/1979,1979,66065.23
F,POL,Department of Police,PSB 3rd District Educational Facilities Officers,Fulltime-Regular,Police Officer III,07/17/2006,2006,86588.0
M,REC,Department of Recreation,Ross Boddy Neighborhood Recreation Center,Fulltime-Regular,Public Administration Associate,02/22/2015,2015,54071.01
F,HHS,Department of Health and Human Services,Medication Assisted Treatment - Clinical and Vocational Services,Fulltime-Regular,Office Services Coordinator,10/22/2000,2000,67206.0
M,DLC,Department of Liquor Control,Stock Liquor and Wine Warehouse Operations,Fulltime-Regular,Supply Technician II,11/04/2013,2013,36363.34
M,FRS,Fire and Rescue Services,Station 12,Fulltime-Regular,Master Firefighter/Rescuer,06/07/2004,2004,80145.0
M,DLC,Department of Liquor Control,Stock Liquor and Wine Warehouse Operations,Fulltime-Regular,Supply Technician II,11/30/2009,2009,36707.05
M,POL,Department of Police,PSB 4th District Educational Facilities Officers,Fulltime-Regular,Police Officer III,02/06/1995,1995,92756.7
F,LIB,Department of Public Libraries,Director,Fulltime-Regular,Program Specialist II,01/28/2013,2013,72697.36
F,HHS,Department of Health and Human Services,Medication Assisted Treatment - Clinical and Vocational Services,Fulltime-Regular,Therapist II,07/25/2016,2016,66905.0
F,LIB,Department of Public Libraries,Virtual Services,Fulltime-Regular,Program Manager I,04/03/2006,2006,71929.07
M,DOT,Department of Transportation,Transit Gaithersburg Ride On,Fulltime-Regular,Bus Operator,03/10/2002,2002,58671.02
M,PRO,Office of Procurement,Procurement Operations Section,Fulltime-Regular,Manager II,05/15/1989,1989,156525.0
M,FRS,Fire and Rescue Services,Station 35,Fulltime-Regular,Master Firefighter/Rescuer,02/08/1999,1999,88859.0
F,DOT,Department of Transportation,Transit Gaithersburg Ride On,Fulltime-Regular,Bus Operator,10/16/2006,2006,48260.15
M,HHS,Department of Health and Human Services,Service Coordination and Individual Support Services,Fulltime-Regular,Program Specialist II,03/19/2007,2007,69349.64
M,POL,Department of Police,PSB 2nd District Special Assignment Team,Fulltime-Regular,Police Officer III,07/17/2006,2006,72902.0
F,FRS,Fire and Rescue Services,Station 12,Fulltime-Regular,Master Firefighter/Rescuer,10/09/2006,2006,83516.0
M,DEP,Department of Environmental Protection,Water and Waste Water Management,Fulltime-Regular,Planning Specialist II,08/22/2016,2016,75000.0
F,CUS,Community Use of Public Facilities,Finance and Administrative Support Team,Fulltime-Regular,Office Services Coordinator,07/31/2000,2000,65128.02
M,FRS,Fire and Rescue Services,Station 11,Fulltime-Regular,Firefighter/Rescuer II,05/16/2005,2005,67044.0
M,DLC,Department of Liquor Control,Silver Spring,Fulltime-Regular,Liquor Store Clerk II,12/19/2012,2012,40946.22
F,FIN,Department of Finance,Management and Operations - Director,Fulltime-Regular,Senior Executive Administrative Aide,11/09/1997,1997,73801.0
M,DEP,Department of Environmental Protection,Construction,Fulltime-Regular,Construction Representative III,04/04/2016,2016,70249.5
F,FRS,Fire and Rescue Services,Station 7,Fulltime-Regular,Firefighter/Rescuer II,01/14/2013,2013,54730.0
M,POL,Department of Police,FSB Special Operations Division Tactical Operations Section,Fulltime-Regular,Police Officer III,07/21/2003,2003,83658.0
M,HHS,Department of Health and Human Services,Child Welfare Services,Fulltime-Regular,Social Worker IV,07/27/1998,1998,102664.0
M,FRS,Fire and Rescue Services,Recruit Training,Fulltime-Regular,Firefighter/Rescuer I (Recruit),12/12/2016,2016,45261.0
M,POL,Department of Police,PSB 5th District Patrol,Fulltime-Regular,Police Officer I,02/09/2015,2015,61725.0
M,FRS,Fire and Rescue Services,Fire and Explosive Investigations,Fulltime-Regular,Fire/Rescue Lieutenant,02/08/1999,1999,99792.0
M,FRS,Fire and Rescue Services,Station 11,Fulltime-Regular,Firefighter/Rescuer III,03/19/2007,2007,65716.0
F,COR,Correction and Rehabilitation,DS MCDC Central Processing Unit,Fulltime-Regular,Correctional Supervisor (Sergeant),04/08/2002,2002,82556.0
M,DLC,Department of Liquor Control,Special Order Liquor and Wine Warehouse Operations,Fulltime-Regular,Supply Technician II,11/24/1998,1998,55802.0
M,FRS,Fire and Rescue Services,Fleet Support,Fulltime-Regular,Equipment Services Coordinator,05/03/1993,1993,99870.24
F,HHS,Department of Health and Human Services,Human Resources,Fulltime-Regular,Administrative Specialist I,04/11/1999,1999,92931.0
F,LIB,Department of Public Libraries,Little Falls Library,Parttime-Regular,Librarian I,10/20/2014,2014,27527.1
F,HHS,Department of Health and Human Services,24 Hours Crisis Center,Fulltime-Regular,Therapist I,02/08/2016,2016,56387.0
M,FRS,Fire and Rescue Services,Station 2,Fulltime-Regular,Firefighter/Rescuer II,07/29/2013,2013,52693.0
F,HHS,Department of Health and Human Services,Women's Health Services,Fulltime-Regular,Community Health Nurse II,03/05/2007,2007,90129.61
F,DOT,Department of Transportation,Transit Silver Spring Ride On,Fulltime-Regular,Bus Operator,04/14/2014,2014,42053.83
M,DOT,Department of Transportation,Highway Services,Fulltime-Regular,Equipment Operator II,05/15/2007,2007,48641.36
M,FRS,Fire and Rescue Services,Station 4,Fulltime-Regular,Firefighter/Rescuer III,09/04/2007,2007,73107.0
F,DPS,Department of Permitting Services,Land Development Sediment and Stormwater Inspection,Fulltime-Regular,Permitting and Code Enforcement Inspector II,05/05/2014,2014,71712.94
M,DOT,Department of Transportation,Transit Silver Spring Ride On,Fulltime-Regular,Bus Operator,12/22/2014,2014,42053.42
F,HHS,Department of Health and Human Services,Child Welfare Services,Parttime-Regular,Social Worker III,05/17/1993,1993,37588.29
M,DOT,Department of Transportation,Transportation Construction Section,Fulltime-Regular,Construction Representative III,12/26/2000,2000,93396.0
F,LIB,Department of Public Libraries,Little Falls Library,Fulltime-Regular,Library Assistant I,11/09/1998,1998,58448.0
F,HHS,Department of Health and Human Services,School Health Services,Parttime-Regular,School Health Room Technician I,02/19/2008,2008,39163.74
M,COR,Correction and Rehabilitation,DS MCCF Unit 3 Security,Fulltime-Regular,Correctional Officer III (Corporal),09/06/2005,2005,67384.0
M,FRS,Fire and Rescue Services,Station 28,Fulltime-Regular,Firefighter/Rescuer II,06/04/2012,2012,56575.0
F,SHF,Sheriff's Office,Civil Process,Fulltime-Regular,Principal Administrative Aide,01/31/2013,2013,41873.93
M,DOT,Department of Transportation,Transit Gaithersburg Ride On,Fulltime-Regular,Bus Operator,11/10/2014,2014,42053.42
M,FRS,Fire and Rescue Services,Station 11,Fulltime-Regular,Firefighter/Rescuer II,09/22/2014,2014,50910.0
M,FRS,Fire and Rescue Services,Station 16,Fulltime-Regular,Firefighter/Rescuer III,01/30/2006,2006,68015.0
M,DOT,Department of Transportation,Transit Silver Spring Ride On,Fulltime-Regular,Bus Operator,06/27/2016,2016,39257.31
F,HHS,Department of Health and Human Services,Linkages to Learning,Fulltime-Regular,Manager III,10/29/2007,2007,110336.91
M,FRS,Fire and Rescue Services,Fourth Battalion - Administration,Fulltime-Regular,Fire/Rescue Captain,02/14/2000,2000,112266.0
M,DOT,Department of Transportation,Transit Gaithersburg Ride On,Fulltime-Regular,Transit Operations Supervisor,10/02/1978,1978,78889.86
M,DPS,Department of Permitting Services,Central Services Unit,Fulltime-Regular,Principal Administrative Aide,04/25/2005,2005,52473.62
F,DLC,Department of Liquor Control,Walnut Hill,Fulltime-Regular,Liquor Store Manager,11/07/1996,1996,79480.52
M,FRS,Fire and Rescue Services,Station 33,Fulltime-Regular,Firefighter/Rescuer II,09/22/2014,2014,50910.0
M,DOT,Department of Transportation,Highway Services,Fulltime-Regular,Public Service Craftsworker,04/09/2002,2002,57827.07
F,FIN,Department of Finance,Tax Operations,Fulltime-Regular,Administrative Specialist II,06/01/2015,2015,70024.58
M,FRS,Fire and Rescue Services,Station 3,Fulltime-Regular,Firefighter/Rescuer II,03/10/2014,2014,56990.0
M,DOT,Department of Transportation,Transit Silver Spring Ride On,Fulltime-Regular,Bus Operator,06/27/2016,2016,39257.31
M,DOT,Department of Transportation,Parking Management Administration,Fulltime-Regular,Manager III,12/03/2012,2012,113449.29
M,FRS,Fire and Rescue Services,Station 14,Fulltime-Regular,Firefighter/Rescuer III,01/30/2006,2006,68015.0
F,HHS,Department of Health and Human Services,Adult Protective Services - Nurse Assessment,Fulltime-Regular,Community Health Nurse II,09/17/2007,2007,94373.24
M,DPS,Department of Permitting Services,Site Plan Enforcement,Fulltime-Regular,Permitting and Code Enforcement Inspector III,08/27/1989,1989,96197.88
M,LIB,Department of Public Libraries,Materials Delivery,Fulltime-Regular,Driver/Clerk,12/08/1998,1998,51204.38
F,HHS,Department of Health and Human Services,School Health Services,Fulltime-Regular,Community Health Nurse II,10/10/2005,2005,91718.6
F,COR,Correction and Rehabilitation,PTS Assessment,Fulltime-Regular,Correctional Specialist V,11/02/1987,1987,109810.14
F,LIB,Department of Public Libraries,Marilyn J Praisner Library,Parttime-Regular,Library Assistant I,01/11/1988,1988,30100.72
F,LIB,Department of Public Libraries,Germantown Library,Parttime-Regular,Library Aide,03/28/2006,2006,18247.04
M,POL,Department of Police,PSB 6th District Patrol,Fulltime-Regular,Police Officer III,06/25/1990,1990,92756.7
M,PRO,Office of Procurement,Procurement Operations Section,Fulltime-Regular,Procurement Specialist I,12/03/2001,2001,73801.0
F,HHS,Department of Health and Human Services,School Health Services,Parttime-Regular,School Health Room Technician I,02/17/2004,2004,43422.51
M,POL,Department of Police,PSB 3rd District Patrol,Fulltime-Regular,Police Officer II,01/28/2013,2013,60501.0
F,DPS,Department of Permitting Services,"Team 3 Commercial Building, Life Safety, Structural and Accessibility",Fulltime-Regular,Permitting Services Specialist II,10/06/2003,2003,85480.92
F,HHS,Department of Health and Human Services,Linkages to Learning,Fulltime-Regular,Human Services Specialist,08/08/1994,1994,89597.9
M,FRS,Fire and Rescue Services,Station 13,Fulltime-Regular,Master Firefighter/Rescuer,04/20/1987,1987,91969.07
F,HHS,Department of Health and Human Services,Information Systems and Technology,Fulltime-Regular,Senior Information Technology Specialist,04/17/2006,2006,118400.0
F,POL,Department of Police,FSB Special Operations Division Canine Section,Fulltime-Regular,Police Officer III,03/15/1999,1999,89620.0
F,COR,Correction and Rehabilitation,DS MCCF Unit 3 Security,Fulltime-Regular,Correctional Officer III (Corporal),09/23/2002,2002,74713.0
M,COR,Correction and Rehabilitation,DS MCCF Unit 2 Security,Fulltime-Regular,Correctional Supervisor (Sergeant),12/08/1997,1997,91532.0
M,FRS,Fire and Rescue Services,Station 19,Fulltime-Regular,Firefighter/Rescuer II,09/04/2001,2001,76936.0
M,DLC,Department of Liquor Control,Muddy Branch,Fulltime-Regular,Liquor Store Assistant Manager,08/10/1999,1999,63541.86
M,DOT,Department of Transportation,Parking Management Engineering and Capital Project Management,Fulltime-Regular,Public Service Craftsworker I,11/12/2002,2002,64141.0
F,HHS,Department of Health and Human Services,Jail Addiction Services,Fulltime-Regular,Therapist II,07/26/1998,1998,92601.29
M,POL,Department of Police,PSB 1st District Patrol,Fulltime-Regular,Police Officer III,12/03/2001,2001,89620.0
M,SHF,Sheriff's Office,Civil Process,Fulltime-Regular,Deputy Sheriff I,10/06/2014,2014,51091.0
M,POL,Department of Police,FSB Security Services Division,Fulltime-Regular,Security Officer IV (Lieutenant),01/03/2012,2012,60402.79
M,FRS,Fire and Rescue Services,Station 13,Fulltime-Regular,Firefighter/Rescuer III,09/04/2007,2007,63493.0
F,HHS,Department of Health and Human Services,Child Welfare Services,Fulltime-Regular,Social Worker IV,04/19/2004,2004,89418.95
F,HHS,Department of Health and Human Services,School Health Services,Parttime-Regular,School Health Room Technician I,04/07/2015,2015,35552.39
M,POL,Department of Police,ISB Major Crimes Division Robbery Section,Fulltime-Regular,Police Officer III,03/03/1997,1997,89620.0
F,POL,Department of Police,FSB Traffic Division School Safety Section,Parttime-Regular,Crossing Guard,04/17/2000,2000,24978.81
M,REC,Department of Recreation,Youth Development Your Sports/Activities,Fulltime-Regular,Recreation Specialist,07/18/2005,2005,57134.25
M,LIB,Department of Public Libraries,Materials Delivery,Fulltime-Regular,Driver/Clerk,04/25/2011,2011,38618.11
M,POL,Department of Police,PSB 3rd District Patrol,Fulltime-Regular,Police Officer II,01/28/2013,2013,58455.0
M,DLC,Department of Liquor Control,Director's Office,Fulltime-Regular,Manager I,02/21/1979,1979,175127.0
M,FRS,Fire and Rescue Services,Station 34,Fulltime-Regular,Firefighter/Rescuer II,07/29/2013,2013,52693.0
M,HHS,Department of Health and Human Services,Urine Monitoring Program,Fulltime-Regular,Program Manager II,10/22/2012,2012,94413.38
F,POL,Department of Police,ISB Criminal Investigations Division 3rd District Investigative Section,Fulltime-Regular,Police Officer III,01/26/2004,2004,78096.0
M,POL,Department of Police,PSB Duty Commander,Fulltime-Regular,Police Captain,03/14/1988,1988,141539.36
M,POL,Department of Police,ISB Major Crimes Division Homicide and Sex Section,Fulltime-Regular,Police Officer III,08/07/1989,1989,92756.7
M,POL,Department of Police,PSB 2nd District Patrol,Fulltime-Regular,Police Officer II,08/12/2013,2013,58455.0
M,DPS,Department of Permitting Services,Land Development Sediment Stormwater Plan Review,Fulltime-Regular,Senior Permitting Services Specialist,01/19/1988,1988,110886.71
M,COR,Correction and Rehabilitation,DS MCCF Unit 3 Security,Fulltime-Regular,Correctional Officer I (Private),12/12/2016,2016,44300.0
M,POL,Department of Police,FSB Animal Services Division,Fulltime-Regular,Manager II,03/23/2015,2015,141258.78
M,DLC,Department of Liquor Control,Liquor and Wine Delivery Operations,Fulltime-Regular,Truck Driver/Warehouse Worker,06/03/2013,2013,43525.72
F,LIB,Department of Public Libraries,Rockville Library,Parttime-Regular,Library Assistant I,04/20/1998,1998,29224.0
F,HHS,Department of Health and Human Services,Child Welfare Services,Fulltime-Regular,Community Services Aide III,07/28/2014,2014,47940.52
M,FRS,Fire and Rescue Services,Station 15,Fulltime-Regular,Firefighter/Rescuer II,03/10/2014,2014,56990.0
M,COR,Correction and Rehabilitation,PRRS Facility and Security,Fulltime-Regular,Resident Supervisor III,09/11/2000,2000,89079.0
F,REC,Department of Recreation,Praisner Community Recreation Center,Fulltime-Regular,Recreation Specialist,08/02/1982,1982,87523.22
M,FRS,Fire and Rescue Services,Station 8,Fulltime-Regular,Firefighter/Rescuer III,04/18/2012,2012,57265.0
F,HHS,Department of Health and Human Services,Infants and Toddlers,Parttime-Regular,Community Health Nurse II,09/28/1992,1992,83704.97
M,CCL,County Council,Council Central Staff,Fulltime-Regular,Principal Administrative Aide,10/23/1985,1985,58448.0
F,HHS,Department of Health and Human Services,Chief Operating Officer,Fulltime-Regular,Manager I,07/09/2007,2007,146258.77
F,FIN,Department of Finance,Accounts Payable,Fulltime-Regular,Senior Financial Specialist,10/19/2015,2015,83214.0
M,DEP,Department of Environmental Protection,Solid Waste Services Operations,Fulltime-Regular,Senior Engineer,01/27/2014,2014,102042.12
M,POL,Department of Police,MSB Communications Division,Fulltime-Regular,Public Safety Communications Specialist II,11/23/2009,2009,52032.17
M,DPS,Department of Permitting Services,Site Plan Enforcement,Fulltime-Regular,Permitting and Code Enforcement Inspector III,12/01/2014,2014,84554.68
M,DOT,Department of Transportation,Transit Silver Spring Ride On,Fulltime-Regular,Transit Operations Supervisor,06/08/1992,1992,78889.86
F,DLC,Department of Liquor Control,Goshen Crossing,Parttime-Regular,Liquor Store Clerk I,07/28/2013,2013,29779.06
M,REC,Department of Recreation,Olney Indoor Pool,Fulltime-Regular,Recreation Specialist,06/21/1983,1983,87523.22
F,CAT,County Attorney's Office,Health and Human Services,Fulltime-Regular,Assistant County Attorney III,10/10/2011,2011,114217.02
F,HHS,Department of Health and Human Services,Autism Waiver,Fulltime-Regular,Program Specialist II,12/17/2012,2012,62576.07
M,POL,Department of Police,MSB Communications Division,Fulltime-Regular,Public Safety Communications Specialist III,07/06/2010,2010,57234.14
F,SHF,Sheriff's Office,Sheriff Domestic Violence,Fulltime-Regular,Client Assistance Specialist,11/04/1996,1996,81066.0
F,POL,Department of Police,MSB Communications Division,Fulltime-Regular,Public Safety Emergency Communications Supervisor,09/20/2004,2004,66106.91
F,POL,Department of Police,PSB 6th District Patrol,Fulltime-Regular,Police Officer II,08/12/2013,2013,58455.0
F,POL,Department of Police,PSB 4th District Patrol,Fulltime-Regular,Police Officer I,06/01/2015,2015,51969.0
F,REC,Department of Recreation,Countywide Programs Sports,Fulltime-Regular,Recreation Supervisor,12/27/1993,1993,95263.92
M,FRS,Fire and Rescue Services,Station 12,Fulltime-Regular,Firefighter/Rescuer II,03/10/2014,2014,56990.0
F,POL,Department of Police,FSB Security Services Division,Fulltime-Regular,Security Officer I,01/27/2014,2014,42053.83
F,HHS,Department of Health and Human Services,Adult Protective and Case Management Services,Fulltime-Regular,Social Worker II,01/14/2013,2013,57231.78
M,DOT,Department of Transportation,Transit Silver Spring Ride On,Fulltime-Regular,Bus Operator,06/22/2015,2015,39257.31
F,HHS,Department of Health and Human Services,Medical Assistance Eligibility Services,Fulltime-Regular,Income Assistance Program Specialist II,09/18/2000,2000,75318.27
F,POL,Department of Police,ISB Criminal Investigations Division Financial Crimes Section,Fulltime-Regular,Program Specialist II,11/21/1988,1988,87523.22
M,DOT,Department of Transportation,Highway Services,Fulltime-Regular,Equipment Operator I,11/01/1994,1994,58941.9
M,DLC,Department of Liquor Control,Westwood,Fulltime-Regular,Liquor Store Clerk II,11/16/2005,2005,46987.33
M,DOT,Department of Transportation,Parking Management Parking Operations,Fulltime-Regular,Program Specialist I,03/21/2016,2016,55275.0
M,FRS,Fire and Rescue Services,Station 15,Fulltime-Regular,Firefighter/Rescuer III,09/04/2007,2007,65716.0
M,FRS,Fire and Rescue Services,First Battalion - Administration,Fulltime-Regular,Fire/Rescue Lieutenant,02/20/2001,2001,106456.0
F,POL,Department of Police,FSB Traffic Division Automated Traffic Enforcement Section,Fulltime-Regular,Police Aide,08/20/2000,2000,53050.89
M,DGS,Department of General Services,Facilities Maintenance,Fulltime-Regular,Public Service Craftsworker,06/20/1988,1988,66065.23
F,DPS,Department of Permitting Services,Team 2 Residential Inspection,Fulltime-Regular,Permitting and Code Enforcement Inspector II,06/27/1988,1988,87523.22
M,DGS,Department of General Services,Fleet Management Fleet Services,Fulltime-Regular,Mechanic Technician II,07/10/2000,2000,73801.0
F,POL,Department of Police,MSB Communications Division,Fulltime-Regular,Public Safety Communications Specialist I,12/27/2016,2016,39257.0
F,HCA,Department of Housing and Community Affairs,Community Development Neighborhood Revitalization,Fulltime-Regular,Senior Planning Specialist,11/13/1989,1989,99564.45
F,POL,Department of Police,PSB 5th District Station,Fulltime-Regular,Office Services Coordinator,08/07/1994,1994,69222.18
F,COR,Correction and Rehabilitation,DS MCDC Custody and Security,Fulltime-Regular,Correctional Officer II (PFC),01/26/2015,2015,48145.0
M,FRS,Fire and Rescue Services,Operations Division,Fulltime-Regular,Fire/Rescue Division Chief,02/26/1990,1990,158919.8
M,DOT,Department of Transportation,Transit Gaithersburg Ride On,Fulltime-Regular,Bus Operator,01/05/2015,2015,40631.32
M,FRS,Fire and Rescue Services,Fire and Explosive Investigations,Fulltime-Regular,Fire/Rescue Captain,09/20/1993,1993,124825.02
M,DOT,Department of Transportation,Transit Safety and Instruction,Fulltime-Regular,Safety and Training Instructor,12/06/1993,1993,77343.0
M,DGS,Department of General Services,Facilities Maintenance,Fulltime-Regular,Electrician I,01/13/2014,2014,63492.87
,DOT,Department of Transportation,Traffic Engineering and Operations Management Services,Fulltime-Regular,Information Technology Specialist III,12/27/2016,2016,86225.0
F,POL,Department of Police,MSB Communications Division,Fulltime-Regular,Public Safety Communications Specialist II,09/22/2014,2014,48571.6
M,HHS,Department of Health and Human Services,Behavioral Health Community Support Services,Fulltime-Regular,Behavioral Health Technician,08/11/2014,2014,67461.19
M,DPS,Department of Permitting Services,Fire Code Compliance,Fulltime-Regular,Permitting and Code Enforcement Inspector III,12/16/2013,2013,87963.8
M,DTS,Department of Technology Services,ETSD Network Services,Fulltime-Regular,Information Technology Specialist I,08/24/1981,1981,83497.98
F,LIB,Department of Public Libraries,Germantown Library,Parttime-Regular,Library Assistant I,11/21/1988,1988,45151.08
M,DGS,Department of General Services,Central Duplicating,Fulltime-Regular,Imaging Operator II,07/02/2012,2012,45772.08
F,POL,Department of Police,PSB 4th District Patrol,Fulltime-Regular,Police Officer I,10/06/2014,2014,53788.0
F,POL,Department of Police,HQ Office of the Chief,Fulltime-Regular,Senior Executive Administrative Aide,09/02/1997,1997,73801.0
F,POL,Department of Police,FSB Traffic Division School Safety Section,Parttime-Regular,Crossing Guard,06/11/2001,2001,22529.52
M,DOT,Department of Transportation,Parking Management Engineering and Capital Project Management,Fulltime-Regular,Capital Projects Manager,09/09/1991,1991,121952.0
F,DTS,Department of Technology Services,"ERP Payroll, Compensation & Labor Distribution",Fulltime-Regular,Manager III,02/06/2006,2006,135392.0
M,FRS,Fire and Rescue Services,Recruit Training,Fulltime-Regular,Firefighter/Rescuer I (Recruit),12/12/2016,2016,45261.0
M,DLC,Department of Liquor Control,Wheaton,Parttime-Regular,Liquor Store Clerk I,05/20/2012,2012,29779.07
M,DGS,Department of General Services,Building Design and Construction,Fulltime-Regular,Capital Projects Manager,08/05/1996,1996,121952.0
F,POL,Department of Police,PSB 4th District Patrol,Fulltime-Regular,Police Officer I,10/06/2014,2014,53788.0
M,FRS,Fire and Rescue Services,Third Battalion - Administration,Fulltime-Regular,Fire/Rescue Battalion Chief,08/27/1990,1990,131348.75
M,COR,Correction and Rehabilitation,PTS Supervision,Fulltime-Regular,Correctional Specialist III,08/26/2013,2013,75487.61
M,DLC,Department of Liquor Control,Muddy Branch,Parttime-Regular,Liquor Store Clerk I,09/29/2014,2014,28772.07
M,DOT,Department of Transportation,Transit Silver Spring Ride On,Fulltime-Regular,Bus Operator,06/30/2014,2014,42053.83
F,HHS,Department of Health and Human Services,Child Welfare Services,Fulltime-Regular,Manager II,09/05/2000,2000,136471.97
F,LIB,Department of Public Libraries,Olney Library,Fulltime-Regular,Librarian II,11/18/2013,2013,72404.0
F,FRS,Fire and Rescue Services,Station 17,Fulltime-Regular,Firefighter/Rescuer III,06/01/2010,2010,57265.0
M,POL,Department of Police,PSB 2nd District Patrol,Fulltime-Regular,Police Officer II,08/12/2013,2013,58455.0
F,HHS,Department of Health and Human Services,Emergency Housing Assistance,Fulltime-Regular,Social Worker III,08/04/2008,2008,71207.5
F,OMB,Office of Management and Budget,Operating Budget Management,Fulltime-Regular,Senior Management and Budget Specialist,08/13/2012,2012,88463.01
F,HHS,Department of Health and Human Services,Permanent Supportive Housing,Fulltime-Regular,Social Worker II,08/24/2015,2015,58360.55
M,OHR,Office of Human Resources,Communications and Strategic Planning Team,Fulltime-Regular,Manager II,09/21/2015,2015,125424.0
F,HHS,Department of Health and Human Services,School Health Services,Parttime-Regular,School Health Room Technician I,08/02/2010,2010,37838.73
M,FRS,Fire and Rescue Services,Station 15,Fulltime-Regular,Master Firefighter/Rescuer,06/07/2004,2004,80145.0
M,FRS,Fire and Rescue Services,Third Battalion - Administration,Fulltime-Regular,Fire/Rescue Battalion Chief,08/27/1990,1990,131348.75
F,HHS,Department of Health and Human Services,Income Supports,Fulltime-Regular,Income Assistance Program Specialist II,03/26/2012,2012,54402.73
F,HHS,Department of Health and Human Services,Medical Assistance Eligibility Services,Fulltime-Regular,Income Assistance Program Specialist II,11/13/2007,2007,61860.65
M,FRS,Fire and Rescue Services,Station 16,Fulltime-Regular,Firefighter/Rescuer III,03/17/2008,2008,70884.0
F,HHS,Department of Health and Human Services,School Health Services,Parttime-Regular,School Health Room Technician I,08/10/1992,1992,57807.08
M,POL,Department of Police,PSB 6th District Traffic Squad,Fulltime-Regular,Police Officer III,03/16/1998,1998,89620.0
M,PIO,Office of Public Information,MC311,Fulltime-Regular,Program Manager I,08/18/2008,2008,90290.12
F,SHF,Sheriff's Office,Sheriff Domestic Violence,Fulltime-Regular,Client Assistance Specialist,06/03/2013,2013,54402.73
F,COR,Correction and Rehabilitation,DS MCCF Unit 1 Security,Fulltime-Regular,Correctional Officer I (Private),02/22/2016,2016,44300.0
F,FRS,Fire and Rescue Services,Station 32,Fulltime-Regular,Firefighter/Rescuer III,06/04/2012,2012,63345.0
M,POL,Department of Police,MSB Information Mgmt and Tech Division Warrant Control Section,Fulltime-Regular,Office Services Coordinator,01/03/2012,2012,45049.11
M,HHS,Department of Health and Human Services,Child and Adolescent Mental Health Clinic Services,Fulltime-Regular,Therapist I,02/08/2016,2016,56387.0
M,FRS,Fire and Rescue Services,Station 31,Fulltime-Regular,Firefighter/Rescuer III,03/19/2007,2007,67753.0
M,POL,Department of Police,FSB Special Operations Division Tactical Operations Section,Fulltime-Regular,Police Sergeant,07/26/1993,1993,107128.71
M,DEP,Department of Environmental Protection,Field Services,Fulltime-Regular,Environmental Health Specialist III,06/01/2004,2004,73473.59
M,POL,Department of Police,PSB 3rd District Station,Fulltime-Regular,Police District Station Assistant,09/15/1997,1997,77343.0
F,HHS,Department of Health and Human Services,Adult Protective and Case Management Services,Fulltime-Regular,Social Worker III,10/02/2000,2000,97912.0
M,DOT,Department of Transportation,Transit Gaithersburg Ride On,Fulltime-Regular,Bus Operator,10/08/2012,2012,45049.12
M,FRS,Fire and Rescue Services,Emergency Communications Center (ECC),Fulltime-Regular,Firefighter/Rescuer III,09/04/2007,2007,70766.0
F,REC,Department of Recreation,Youth Development Your Sports/Activities,Fulltime-Regular,Recreation Specialist,11/17/2014,2014,61020.09
F,HHS,Department of Health and Human Services,School Health Services,Parttime-Regular,School Health Room Technician I,08/06/2007,2007,39163.74
M,POL,Department of Police,PSB 4th District Patrol,Fulltime-Regular,Police Officer III,11/25/2002,2002,83658.0
F,DGS,Department of General Services,Facilities,Fulltime-Regular,Administrative Specialist I,08/11/2014,2014,49922.19
F,HHS,Department of Health and Human Services,School Health Services,Fulltime-Regular,Community Health Nurse II,07/28/2014,2014,75737.22
F,POL,Department of Police,ISB Major Crimes Division,Fulltime-Regular,Executive Administrative Aide,01/12/1987,1987,70422.0
M,DTS,Department of Technology Services,EASD Geographic Information System,Fulltime-Regular,Senior Information Technology Specialist,11/29/1999,1999,118400.0
F,HHS,Department of Health and Human Services,Income Supports,Fulltime-Regular,Income Assistance Program Specialist III,06/08/2009,2009,59843.02
M,DOT,Department of Transportation,Transit Silver Spring Ride On,Fulltime-Regular,Bus Operator,04/28/2002,2002,58671.02
M,FRS,Fire and Rescue Services,Emergency Communications Center (ECC),Fulltime-Regular,Firefighter/Rescuer III,03/17/2008,2008,68543.0
M,FRS,Fire and Rescue Services,Emergency Communications Center (ECC),Fulltime-Regular,Firefighter/Rescuer III,09/20/1993,1993,88661.44
F,CEC,Community Engagement Cluster,Community Partnerships,Fulltime-Regular,Program Manager I,08/21/2006,2006,81501.89
M,DOT,Department of Transportation,Transit Silver Spring Ride On,Fulltime-Regular,Bus Operator,12/06/1993,1993,66065.23
F,SHF,Sheriff's Office,Sheriff Domestic Violence,Fulltime-Regular,Public Safety Telephone Reporting Aide I,04/28/2008,2008,48616.35
F,POL,Department of Police,MSB Communications Division,Fulltime-Regular,Public Safety Communications Specialist I,06/15/2015,2015,42662.88
M,FRS,Fire and Rescue Services,Station 3,Fulltime-Regular,Firefighter/Rescuer III,05/29/2005,2005,63345.0
M,FRS,Fire and Rescue Services,Station 3,Fulltime-Regular,Master Firefighter/Rescuer,09/20/1993,1993,92469.07
M,DOT,Department of Transportation,Transit Nicholson Ride On,Fulltime-Regular,Motor Pool Attendant,05/27/2008,2008,36493.52
M,DOT,Department of Transportation,Transit Silver Spring Ride On,Fulltime-Regular,Bus Operator,10/30/2006,2006,48260.15
M,FRS,Fire and Rescue Services,Station 9,Fulltime-Regular,Master Firefighter/Rescuer,01/23/1995,1995,91969.07
M,COR,Correction and Rehabilitation,DS MCCF Unit 2 Security,Fulltime-Regular,Correctional Officer III (Corporal),03/18/2002,2002,74713.0
M,POL,Department of Police,PSB 2nd District Patrol,Fulltime-Regular,Police Officer III,07/21/2003,2003,80829.0
F,HHS,Department of Health and Human Services,Income Supports,Fulltime-Regular,Income Assistance Program Specialist II,01/06/1992,1992,79257.1
M,HCA,Department of Housing and Community Affairs,Management Services,Fulltime-Regular,Senior Information Technology Specialist,02/16/1999,1999,113073.47
M,DOT,Department of Transportation,Transit Silver Spring Ride On,Fulltime-Regular,Bus Operator,11/26/2012,2012,45049.12
M,FRS,Fire and Rescue Services,Fourth Battalion - Administration,Fulltime-Regular,Fire/Rescue Lieutenant,03/03/2003,2003,103835.0
M,FRS,Fire and Rescue Services,Recruit Training,Fulltime-Regular,Firefighter/Rescuer I (Recruit),12/12/2016,2016,45261.0
F,FRS,Fire and Rescue Services,Station 29,Fulltime-Regular,Fire/Rescue Lieutenant,02/11/2002,2002,96486.0
F,LIB,Department of Public Libraries,Rockville Library,Parttime-Regular,Office Clerk,04/18/1988,1988,21073.29
M,FRS,Fire and Rescue Services,Fleet Operations,Fulltime-Regular,Emergency Vehicle Mechanic Technician II,07/01/2002,2002,79057.66
M,DOT,Department of Transportation,Transit Gaithersburg Ride On,Fulltime-Regular,Bus Operator,02/02/2015,2015,40631.32
M,DOT,Department of Transportation,Traffic Engineering Studies Section,Fulltime-Regular,Senior Planning Specialist,06/03/2002,2002,102664.0
M,POL,Department of Police,PSB 2nd District Traffic Squad,Fulltime-Regular,Police Officer III,01/06/2003,2003,83658.0
F,HHS,Department of Health and Human Services,Special Projects - Linkages to Learning,Parttime-Regular,Social Worker IV,09/21/1986,1986,52358.64
M,FRS,Fire and Rescue Services,Station 12,Fulltime-Regular,Firefighter/Rescuer II,03/10/2014,2014,50910.0
M,DOT,Department of Transportation,Transit Silver Spring Ride On,Fulltime-Regular,Bus Operator,08/13/1990,1990,66065.23
M,DOT,Department of Transportation,Transit Silver Spring Ride On,Fulltime-Regular,Bus Operator,01/10/2011,2011,43525.72
M,POL,Department of Police,ISB Criminal Investigations Division Financial Crimes Section,Fulltime-Regular,Police Officer III,07/21/2003,2003,86588.0
M,FRS,Fire and Rescue Services,Station 12,Fulltime-Regular,Firefighter/Rescuer III,02/27/2012,2012,57265.0
F,HHS,Department of Health and Human Services,Child Welfare Services,Fulltime-Regular,Social Worker III,01/17/2012,2012,66814.1
M,HHS,Department of Health and Human Services,Emergency Housing Assistance,Fulltime-Regular,Social Worker III,07/14/2003,2003,87497.4
M,FRS,Fire and Rescue Services,Station 1,Fulltime-Regular,Firefighter/Rescuer III,07/29/2013,2013,61408.0
F,POL,Department of Police,ISB Major Crimes Division Fugitive Section,Fulltime-Regular,Office Services Coordinator,04/14/1980,1980,69222.18
F,REC,Department of Recreation,Countywide Programs,Fulltime-Regular,Manager III,05/31/1981,1981,116042.92
F,DOT,Department of Transportation,Parking Management Financial Management,Fulltime-Regular,Senior Financial Specialist,03/28/1999,1999,97020.69
F,HHS,Department of Health and Human Services,Child Welfare Services,Fulltime-Regular,Principal Administrative Aide,05/14/2007,2007,48258.81
M,REC,Department of Recreation,Olney Indoor Pool,Fulltime-Regular,Recreation Supervisor,05/22/1985,1985,93396.0
M,COR,Correction and Rehabilitation,DS MCDC Custody and Security,Fulltime-Regular,Correctional Officer II (PFC),02/19/2002,2002,67922.0
F,HHS,Department of Health and Human Services,Adult Protective and Case Management Services,Fulltime-Regular,Social Worker III,02/05/1996,1996,92663.69
M,DOT,Department of Transportation,Transit Silver Spring Ride On,Fulltime-Regular,Bus Operator,11/10/2014,2014,42053.42
F,HHS,Department of Health and Human Services,Senior Health Promotion,Fulltime-Regular,Program Manager I,11/30/2015,2015,83214.0
M,SHF,Sheriff's Office,Court and Transport,Fulltime-Regular,Deputy Sheriff Sergeant,03/04/1991,1991,96763.35
M,POL,Department of Police,PSB 4th District Patrol,Fulltime-Regular,Police Officer II,08/12/2013,2013,58455.0
M,DLC,Department of Liquor Control,Administrative Services,Fulltime-Regular,Manager III,08/26/2013,2013,106436.2
F,HHS,Department of Health and Human Services,Adult Behavioral Health Services,Fulltime-Regular,Therapist II,11/18/2002,2002,88272.4
M,POL,Department of Police,PSB 6th District Patrol,Fulltime-Regular,Police Officer III,09/18/1995,1995,92756.7
M,DOT,Department of Transportation,Transit Silver Spring Ride On,Fulltime-Regular,Bus Operator,01/11/1998,1998,64141.0
F,HHS,Department of Health and Human Services,Adult Protective Services - Nurse Assessment,Fulltime-Regular,Community Health Nurse II,09/26/1994,1994,100849.36
M,DOT,Department of Transportation,Transit Silver Spring Ride On,Fulltime-Regular,Bus Operator,05/01/2006,2006,50699.15
F,DLC,Department of Liquor Control,Olney,Parttime-Regular,Liquor Store Clerk I,06/02/2000,2000,38061.11
F,HHS,Department of Health and Human Services,Income Supports,Fulltime-Regular,Income Assistance Program Specialist II,05/06/2013,2013,58157.89
M,FRS,Fire and Rescue Services,Station 26,Fulltime-Regular,Firefighter/Rescuer III,07/29/2013,2013,55328.0
M,DGS,Department of General Services,Facilities Maintenance,Fulltime-Regular,Building Services Worker II,02/08/1993,1993,47863.07
F,DEP,Department of Environmental Protection,Solid Waste Services Administration,Fulltime-Regular,Administrative Specialist II,10/13/2008,2008,77875.24
M,HHS,Department of Health and Human Services,Public Health Emergency Preparedness and Response Program,Fulltime-Regular,Emergency Management Specialist I,09/19/2016,2016,65000.0
F,CEX,Offices of the County Executive,Chief Administrative Officer's Office,Parttime-Regular,Office Services Coordinator,10/17/1994,1994,33603.0
M,FIN,Department of Finance,Operations and Administration - Treasury,Fulltime-Regular,Business Development Specialist II,08/06/2007,2007,93396.0
F,POL,Department of Police,MSB Training and Education Division,Fulltime-Regular,Police Officer Candidate,07/11/2016,2016,50211.0
M,COR,Correction and Rehabilitation,DS MCDC Custody and Security,Fulltime-Regular,Correctional Officer III (Corporal),05/28/1996,1996,79647.84
M,COR,Correction and Rehabilitation,DS MCCF Unit 1 Security,Fulltime-Regular,Correctional Officer III (Corporal),04/02/2001,2001,77328.0
M,DEP,Department of Environmental Protection,Solid Waste Services Collection Operations,Fulltime-Regular,Program Specialist II,04/02/2001,2001,84974.0
F,CEX,Offices of the County Executive,Chief Administrative Officer's Office,Fulltime-Regular,Senior Executive Administrative Aide,10/06/1986,1986,75277.02
F,HHS,Department of Health and Human Services,Treatment Services Admin,Fulltime-Regular,Program Specialist II,06/26/1994,1994,87523.22
M,DGS,Department of General Services,Facilities Maintenance,Fulltime-Regular,HVAC Mechanic I,11/29/2004,2004,73801.0
M,DOT,Department of Transportation,Transit Central Communication,Fulltime-Regular,Transit Communications Supervisor,02/14/2005,2005,59740.47
M,FRS,Fire and Rescue Services,Station 21,Fulltime-Regular,Master Firefighter/Rescuer,09/08/1985,1985,95187.98
M,POL,Department of Police,PSB 3rd District Patrol,Fulltime-Regular,Police Sergeant,01/18/2005,2005,87148.0
F,POL,Department of Police,MSB Communications Division,Fulltime-Regular,Public Safety Communications Specialist II,06/15/2015,2015,46929.17
M,DLC,Department of Liquor Control,Beer Delivery Operations,Fulltime-Regular,Truck Driver/Warehouse Worker,11/18/2002,2002,57315.42
M,FRS,Fire and Rescue Services,Station 10,Fulltime-Regular,Master Firefighter/Rescuer,07/10/1989,1989,94006.07
M,DGS,Department of General Services,Facilities Maintenance,Fulltime-Regular,Public Service Craftsworker,08/26/2013,2013,56340.45
M,DLC,Department of Liquor Control,Beer Delivery Operations,Fulltime-Regular,Truck Driver/Warehouse Worker,01/11/2016,2016,39257.31
M,CEX,Offices of the County Executive,CountyStat,Fulltime-Regular,Management and Budget Specialist III,06/03/2013,2013,79786.84
M,DOT,Department of Transportation,Parking Management Engineering and Capital Project Management,Fulltime-Regular,Program Specialist I,12/29/2003,2003,66876.13
F,LIB,Department of Public Libraries,Rockville Library,Fulltime-Regular,Library Assistant Supervisor,09/08/1994,1994,75004.76
F,HHS,Department of Health and Human Services,Housing Initiative Program,Fulltime-Regular,Program Manager I,09/08/2003,2003,74820.2
F,DLC,Department of Liquor Control,Cabin John,Fulltime-Regular,Liquor Store Assistant Manager,09/07/2004,2004,57307.14
M,POL,Department of Police,PSB 3rd District Patrol,Fulltime-Regular,Police Officer III,07/17/2000,2000,89620.0
F,HHS,Department of Health and Human Services,Women's Health Services,Fulltime-Regular,Principal Administrative Aide,10/03/2005,2005,48686.45
M,DOT,Department of Transportation,Transit Gaithersburg Ride On,Fulltime-Regular,Bus Operator,04/08/2013,2013,43525.72
F,LIB,Department of Public Libraries,Kensington Park Library,Parttime-Regular,Library Associate,04/22/2013,2013,23159.68
M,CEC,Community Engagement Cluster,Wheaton Urban District,Fulltime-Regular,Urban District Public Service Team Supervisor,09/01/2006,2006,55014.29
M,FRS,Fire and Rescue Services,Station 40,Fulltime-Regular,Firefighter/Rescuer II,09/22/2014,2014,50910.0
F,NDA,Non-Departmental Account,MCERP,Fulltime-Regular,Administrative Specialist II,02/23/2015,2015,71085.56
M,DOT,Department of Transportation,Highway Services,Fulltime-Regular,Equipment Operator I,11/03/2014,2014,40368.82
M,FRS,Fire and Rescue Services,Station 20,Fulltime-Regular,Master Firefighter/Rescuer,08/17/1998,1998,90896.0
F,REC,Department of Recreation,Countywide Programs Sports,Fulltime-Regular,Recreation Supervisor,07/11/2005,2005,83088.57
F,DOT,Department of Transportation,Transit Silver Spring Ride On,Fulltime-Regular,Bus Operator,09/29/2014,2014,42053.42
F,HHS,Department of Health and Human Services,School Health Services,Parttime-Regular,Community Health Nurse II,08/04/2008,2008,73941.03
M,POL,Department of Police,ISB Criminal Investigations Division 6th District Investigative Section,Fulltime-Regular,Police Officer III,12/11/2006,2006,72902.0
M,DOT,Department of Transportation,Highway Services,Fulltime-Regular,Equipment Operator I,10/20/2014,2014,39351.09
M,POL,Department of Police,FSB Animal Services Division,Fulltime-Regular,Code Enforcement Inspector I,12/16/2013,2013,51958.37
F,POL,Department of Police,MSB Communications Division,Fulltime-Regular,Public Safety Emergency Communications Manager,06/05/1984,1984,102664.0
M,DLC,Department of Liquor Control,Stock Liquor and Wine Warehouse Operations,Fulltime-Regular,Warehouse Equipment Operator,08/15/2007,2007,41727.83
F,COR,Correction and Rehabilitation,PTS Supervision,Fulltime-Regular,Correctional Specialist III,12/06/2010,2010,67941.56
F,COR,Correction and Rehabilitation,DS MCCF Unit 2 Security,Fulltime-Regular,Correctional Officer III (Corporal),04/30/2001,2001,77328.0
M,POL,Department of Police,FSB Animal Services Division,Fulltime-Regular,Code Enforcement Inspector II,12/30/2013,2013,48258.11
M,CEC,Community Engagement Cluster,Silver Spring Urban District,Fulltime-Regular,Urban District Public Service and Maintenance Team Supv,09/24/1996,1996,65578.23
M,POL,Department of Police,PSB 3rd District Patrol,Fulltime-Regular,Police Officer III,01/26/2004,2004,78096.0
F,CUS,Community Use of Public Facilities,Finance and Administrative Support Team,Fulltime-Regular,Office Services Coordinator,12/15/2014,2014,56552.8
M,POL,Department of Police,MSB Management and Budget Division Abandoned Vehicle Section,Fulltime-Regular,Abandoned Vehicle Code Enforcement Specialist,08/01/2001,2001,47300.92
M,DEP,Department of Environmental Protection,Solid Waste Services Administration,Fulltime-Regular,Senior Financial Specialist,03/14/1994,1994,104717.28
M,DOT,Department of Transportation,Transit Gaithersburg Ride On,Fulltime-Regular,Bus Operator,01/24/1999,1999,64141.0
M,FRS,Fire and Rescue Services,Second Battalion - Administration,Fulltime-Regular,Fire/Rescue Lieutenant,03/19/2007,2007,79520.0
M,POL,Department of Police,FSB Traffic Division Automated Traffic Enforcement Section,Fulltime-Regular,Traffic Enforcement Field Service Technician II,01/12/2015,2015,40953.87
M,DGS,Department of General Services,Fleet Automotive Heavy Equipment,Fulltime-Regular,Mechanic Technician II,09/05/2006,2006,73801.0
F,HHS,Department of Health and Human Services,Child Welfare Services,Fulltime-Regular,Social Worker III,12/11/2006,2006,94396.46
M,DOT,Department of Transportation,Transit Nicholson Ride On,Fulltime-Regular,Bus Operator,03/02/2015,2015,40631.32
F,CUS,Community Use of Public Facilities,Scheduling Team,Parttime-Regular,Program Specialist I,09/19/2016,2016,31500.0
M,FRS,Fire and Rescue Services,Second Battalion - Administration,Fulltime-Regular,Fire/Rescue Lieutenant,02/11/2002,2002,94449.0
M,POL,Department of Police,ISB Criminal Investigations Division Financial Crimes Section,Fulltime-Regular,Police Officer III,11/05/2001,2001,89620.0
M,DEP,Department of Environmental Protection,Stormwater Facility Inspection and Maintenance,Fulltime-Regular,Permitting and Code Enforcement Inspector III,03/21/2005,2005,93396.0
M,DLC,Department of Liquor Control,Hampden Lane,Fulltime-Regular,Liquor Store Clerk II,11/23/2010,2010,43862.59
F,HHS,Department of Health and Human Services,Medical Assistance Eligibility Services,Fulltime-Regular,Income Assistance Program Specialist II,02/04/1991,1991,83497.98
F,POL,Department of Police,ISB Criminal Investigations Division,Fulltime-Regular,Office Services Coordinator,06/17/2001,2001,46626.07
F,DOT,Department of Transportation,Transportation Planning and Design Section,Fulltime-Regular,Capital Projects Manager,04/18/1988,1988,121952.0
F,DLC,Department of Liquor Control,Westwood,Fulltime-Regular,Liquor Store Manager,08/31/1999,1999,74193.84
M,DLC,Department of Liquor Control,Wheaton,Parttime-Regular,Liquor Store Clerk I,08/25/2013,2013,29779.06
M,FRS,Fire and Rescue Services,Recruit Training,Fulltime-Regular,Firefighter/Rescuer I (Recruit),09/29/2008,2008,50183.0
F,LIB,Department of Public Libraries,Bethesda Library,Fulltime-Regular,Librarian I,10/31/1994,1994,87523.22
F,POL,Department of Police,PSB 4th District Patrol,Fulltime-Regular,Police Officer II,01/28/2013,2013,58455.0
M,DOT,Department of Transportation,Transit Silver Spring Ride On,Fulltime-Regular,Bus Operator,04/04/2016,2016,39257.31
M,FRS,Fire and Rescue Services,Station 18,Fulltime-Regular,Fire/Rescue Lieutenant,02/22/1994,1994,101176.43
F,POL,Department of Police,PSB 3rd District Patrol,Fulltime-Regular,Police Officer III,07/16/2007,2007,70435.0
F,SHF,Sheriff's Office,Administration,Fulltime-Regular,Administrative Specialist III,08/18/1997,1997,85698.61
F,POL,Department of Police,Management Services Bureau,Fulltime-Regular,Police Sergeant,08/12/2002,2002,103506.0
M,POL,Department of Police,Field Services Bureau,Fulltime-Regular,Police Sergeant,06/13/1994,1994,107128.71
M,POL,Department of Police,HQ Office of the Chief,Fulltime-Regular,Police Sergeant,11/18/2002,2002,96624.0
F,DTS,Department of Technology Services,COO Office - Management Services,Fulltime-Regular,Fiscal Assistant,10/03/2005,2005,67206.0
M,DGS,Department of General Services,ADA Compliance,Fulltime-Regular,Program Specialist II,12/29/2003,2003,72497.95
M,DOT,Department of Transportation,Transit Silver Spring Ride On,Fulltime-Regular,Bus Operator,07/28/1986,1986,66065.23
F,HHS,Department of Health and Human Services,Cancer and Tobacco Prevention,Fulltime-Regular,Program Specialist II,12/14/2015,2015,58769.89
M,POL,Department of Police,PSB 3rd District Patrol,Fulltime-Regular,Police Officer III,01/12/2009,2009,65752.0
M,POL,Department of Police,PSB 5th District Patrol,Fulltime-Regular,Master Police Officer,01/18/1994,1994,97392.47
M,FRS,Fire and Rescue Services,Station 23,Fulltime-Regular,Firefighter/Rescuer III,06/01/2010,2010,57265.0
M,FRS,Fire and Rescue Services,Recruit Training,Fulltime-Regular,Firefighter/Rescuer I (Recruit),12/12/2016,2016,45261.0
M,DOT,Department of Transportation,Highway Services,Fulltime-Regular,Equipment Operator II,11/16/2003,2003,55820.61
M,CEX,Offices of the County Executive,Planning Implementation,Fulltime-Regular,Senior Planning Specialist,06/11/2007,2007,102664.0
M,POL,Department of Police,PSB 2nd District Patrol,Fulltime-Regular,Police Officer II,06/03/2013,2013,58455.0
M,DEP,Department of Environmental Protection,Field Services,Fulltime-Regular,Code Enforcement Inspector III,09/30/1985,1985,83497.98
F,POL,Department of Police,FSB Traffic Division School Safety Section,Parttime-Regular,Crossing Guard,06/20/1994,1994,26208.35
M,FRS,Fire and Rescue Services,Fifth Battalion - Administration,Fulltime-Regular,Fire/Rescue Lieutenant,02/11/2002,2002,94449.0
M,SHF,Sheriff's Office,Attachments,Fulltime-Regular,Deputy Sheriff III,06/13/1994,1994,87967.15
M,DLC,Department of Liquor Control,Liquor and Wine Delivery Operations,Fulltime-Regular,Truck Driver/Warehouse Worker,05/03/1993,1993,64041.39
M,DGS,Department of General Services,Facilities Maintenance,Fulltime-Regular,Public Service Craftsworker,11/28/2005,2005,64141.0
M,FRS,Fire and Rescue Services,Station 23,Fulltime-Regular,Master Firefighter/Rescuer,01/30/2006,2006,74815.0
F,HHS,Department of Health and Human Services,Disease Control - Immunization,Fulltime-Regular,Community Health Nurse II,07/30/2012,2012,88700.01
M,FIN,Department of Finance,Division of the Treasury,Fulltime-Regular,Manager II,10/26/1992,1992,156500.16
F,HHS,Department of Health and Human Services,Income Supports,Fulltime-Regular,Income Assistance Program Specialist II,07/28/2014,2014,50785.5
F,REC,Department of Recreation,Special Programs,Fulltime-Regular,Recreation Specialist,10/31/2005,2005,84974.0
M,COR,Correction and Rehabilitation,DS MCDC Custody and Security,Fulltime-Regular,Correctional Officer II (PFC),10/29/2007,2007,57186.0
M,DOT,Department of Transportation,Transit Gaithersburg Ride On,Fulltime-Regular,Bus Operator,04/08/2013,2013,43525.72
M,SHF,Sheriff's Office,Administration,Fulltime-Regular,Deputy Sheriff Sergeant,07/26/1993,1993,96763.35
F,HHS,Department of Health and Human Services,School Health Services,Fulltime-Regular,Community Health Nurse II,04/26/1999,1999,97912.0
F,POL,Department of Police,ISB Criminal Investigations Division 6th District Investigative Section,Fulltime-Regular,Police Officer III,01/26/2004,2004,78096.0
M,DOT,Department of Transportation,Transit Gaithersburg Ride On,Fulltime-Regular,Bus Operator,01/06/2014,2014,43525.72
F,POL,Department of Police,PSB 5th District Patrol,Fulltime-Regular,Police Officer III,09/18/1995,1995,92756.7
F,CAT,County Attorney's Office,Health and Human Services,Fulltime-Regular,Paralegal Specialist,01/07/2008,2008,77210.6
M,COR,Correction and Rehabilitation,DS MCDC Central Processing Unit,Fulltime-Regular,Correctional Officer II (PFC),02/19/2002,2002,67922.0
M,POL,Department of Police,MSB Information Management and Technology Division,Fulltime-Regular,Police Officer III,06/13/1994,1994,92756.7
M,DTS,Department of Technology Services,ETSD Network Services,Fulltime-Regular,Information Technology Specialist II,02/03/1992,1992,96197.88
F,DOT,Department of Transportation,Transit Gaithersburg Ride On,Fulltime-Regular,Bus Operator,10/18/2010,2010,45048.5
F,POL,Department of Police,ISB Criminal Investigations Division 2nd District Investigative Section,Fulltime-Regular,Office Services Coordinator,04/19/2004,2004,58150.61
F,HHS,Department of Health and Human Services,School Health Services,Parttime-Regular,School Health Room Technician I,01/27/2014,2014,35552.78
F,OMB,Office of Management and Budget,"Process, Production and Technology",Fulltime-Regular,Senior Information Technology Specialist,01/27/2014,2014,108844.93
M,FRS,Fire and Rescue Services,Station 16,Fulltime-Regular,Fire/Rescue Lieutenant,06/15/1992,1992,101176.43
F,LIB,Department of Public Libraries,Davis Library,Fulltime-Regular,Library Assistant I,05/02/1997,1997,58448.0
M,DOT,Department of Transportation,Parking Management Parking Operations,Fulltime-Regular,Program Manager II,12/10/2001,2001,102664.0
M,FRS,Fire and Rescue Services,Station 21,Fulltime-Regular,Firefighter/Rescuer II,11/10/2008,2008,76936.0
M,DOT,Department of Transportation,Traffic Engineering and Operations,Fulltime-Regular,Manager II,05/31/2016,2016,135675.0
M,POL,Department of Police,MSB Training and Education Division,Fulltime-Regular,Police Officer Candidate,07/11/2016,2016,50211.0
M,COR,Correction and Rehabilitation,PRRS Facility and Security,Fulltime-Regular,Resident Supervisor III,02/25/2002,2002,75604.05
M,FRS,Fire and Rescue Services,Station 20,Fulltime-Regular,Firefighter/Rescuer III,09/04/2001,2001,80089.0
F,DOT,Department of Transportation,Transit Silver Spring Ride On,Fulltime-Regular,Bus Operator,02/22/2016,2016,39257.31
M,COR,Correction and Rehabilitation,DS MCCF Unit 1 Security,Fulltime-Regular,Correctional Officer III (Corporal),12/03/2012,2012,58720.0
M,DGS,Department of General Services,Fleet Management Fleet Services,Fulltime-Regular,Mechanic Technician II,08/13/2012,2012,62307.71
F,FIN,Department of Finance,Payroll,Fulltime-Regular,Program Specialist II,05/07/2001,2001,77287.31
F,DPS,Department of Permitting Services,Site Plan Enforcement,Fulltime-Regular,Permitting and Code Enforcement Inspector II,09/10/2012,2012,68971.62
F,LIB,Department of Public Libraries,Silver Spring Library,Parttime-Regular,Librarian I,12/05/2014,2014,25703.77
M,FRS,Fire and Rescue Services,Station 29,Fulltime-Regular,Fire/Rescue Captain,12/01/1985,1985,120617.06
M,DLC,Department of Liquor Control,Stock Liquor and Wine Warehouse Operations,Fulltime-Regular,Warehouse Equipment Operator,12/10/2007,2007,44475.41
F,HHS,Department of Health and Human Services,"Chief, Public Health",Fulltime-Regular,Management and Budget Specialist III,09/29/1986,1986,102664.0
M,FRS,Fire and Rescue Services,Recruit Training,Fulltime-Regular,Firefighter/Rescuer I (Recruit),05/20/2013,2013,66085.0
M,FRS,Fire and Rescue Services,Station 23,Fulltime-Regular,Firefighter/Rescuer II,03/10/2014,2014,50910.0
M,SHF,Sheriff's Office,Civil Process,Fulltime-Regular,Deputy Sheriff III,07/16/2007,2007,67126.0
F,HHS,Department of Health and Human Services,STD and HIV Services,Fulltime-Regular,Senior Supply Technician,03/07/2016,2016,56607.63
F,HHS,Department of Health and Human Services,School Health Services,Parttime-Regular,School Health Room Technician I,01/27/2014,2014,34350.5
F,DGS,Department of General Services,Fleet Operational Support,Fulltime-Regular,Program Specialist II,01/08/2001,2001,62776.59
F,HHS,Department of Health and Human Services,Income Supports,Fulltime-Regular,Income Assistance Program Specialist II,11/09/1992,1992,83497.98
M,COR,Correction and Rehabilitation,DS MCCF Unit 2 Security,Fulltime-Regular,Correctional Officer III (Corporal),04/05/2004,2004,69744.0
M,DLC,Department of Liquor Control,Seneca Meadows,Parttime-Regular,Liquor Store Clerk I,04/18/2016,2016,27799.2
M,LIB,Department of Public Libraries,White Oak Library,Parttime-Regular,Library Assistant I,09/10/2012,2012,20934.07
F,FIN,Department of Finance,Payroll,Fulltime-Regular,Office Services Coordinator,05/30/2000,2000,67206.0
M,FRS,Fire and Rescue Services,Station 19,Fulltime-Regular,Firefighter/Rescuer III,12/13/2004,2004,72861.0
M,FRS,Fire and Rescue Services,Station 32,Fulltime-Regular,Firefighter/Rescuer II,09/22/2014,2014,50910.0
F,HHS,Department of Health and Human Services,Montgomery Cares,Fulltime-Regular,Office Services Coordinator,03/30/2009,2009,46972.19
M,FRS,Fire and Rescue Services,Station 35,Fulltime-Regular,Firefighter/Rescuer III,02/27/2012,2012,57265.0
M,DGS,Department of General Services,Facilities Maintenance,Fulltime-Regular,HVAC Mechanic II,05/28/2002,2002,77343.0
F,POL,Department of Police,ISB Major Crimes Division Robbery Section,Fulltime-Regular,Police Officer III,01/26/2004,2004,78096.0
M,DOT,Department of Transportation,Highway Services,Fulltime-Regular,Equipment Operator II,04/28/2002,2002,54742.92
F,HHS,Department of Health and Human Services,Disease Control,Fulltime-Regular,Community Health Nurse II,08/19/1985,1985,100849.36
F,HHS,Department of Health and Human Services,Fiscal Team,Fulltime-Regular,Accountant/Auditor III,11/09/1986,1986,96197.88
M,DOT,Department of Transportation,Highway Services,Fulltime-Regular,Equipment Operator Apprentice,06/13/2016,2016,33395.15
F,HHS,Department of Health and Human Services,Senior Nutrition Program,Fulltime-Regular,Program Manager II,01/10/2005,2005,102664.0
M,POL,Department of Police,PSB 1st District Patrol,Fulltime-Regular,Police Officer III,07/16/2007,2007,70435.0
F,HHS,Department of Health and Human Services,School Health Services,Parttime-Regular,School Health Room Technician I,02/17/2004,2004,44945.53
M,LIB,Department of Public Libraries,Technology Management,Fulltime-Regular,Information Technology Technician III,01/16/2001,2001,68910.33
F,HCA,Department of Housing and Community Affairs,Affordable Housing Programs,Fulltime-Regular,Program Manager I,07/03/2000,2000,93396.0
M,DOT,Department of Transportation,Transit Gaithersburg Ride On,Fulltime-Regular,Bus Operator,06/18/1990,1990,66065.23
M,DOT,Department of Transportation,Transit Silver Spring Ride On,Fulltime-Regular,Bus Operator,07/16/2012,2012,45048.5
M,DGS,Department of General Services,Fleet Management Fleet Services,Fulltime-Regular,Equipment Maintenance Crew Chief,03/05/1990,1990,90860.58
F,HHS,Department of Health and Human Services,Autism Waiver,Fulltime-Regular,Program Specialist II,09/24/2001,2001,83006.73
M,DGS,Department of General Services,Fleet Management Fleet Services,Fulltime-Regular,Mechanic Technician II,12/17/2000,2000,73801.0
F,HHS,Department of Health and Human Services,Income Supports,Parttime-Regular,Program Specialist I,10/17/2016,2016,25000.0
F,POL,Department of Police,PSB 4th District Patrol,Fulltime-Regular,Police Services Assistant,07/25/1994,1994,69222.18
M,POL,Department of Police,PSB 2nd District Patrol,Fulltime-Regular,Police Services Assistant,06/16/2003,2003,58990.28
F,LIB,Department of Public Libraries,Poolesville Library,Parttime-Regular,Library Assistant I,02/06/1978,1978,37625.9
M,FRS,Fire and Rescue Services,Station 19,Fulltime-Regular,Firefighter/Rescuer III,11/29/1999,1999,80784.0
F,HHS,Department of Health and Human Services,TB and Refugee Health,Fulltime-Regular,Community Services Aide III,07/18/1994,1994,76015.03
M,DEP,Department of Environmental Protection,Water Quality Monitoring and Planning,Fulltime-Regular,Water Quality Specialist II,03/06/1995,1995,91751.37
F,HHS,Department of Health and Human Services,"Chief, Aging and Disability Services",Fulltime-Regular,Executive Administrative Aide,08/21/1995,1995,71830.44
M,FRS,Fire and Rescue Services,Station 17,Fulltime-Regular,Firefighter/Rescuer III,01/24/2005,2005,76744.8
M,FRS,Fire and Rescue Services,Station 4,Fulltime-Regular,Fire/Rescue Captain,10/09/1983,1983,126781.06
F,HHS,Department of Health and Human Services,School Health Services,Parttime-Regular,School Health Room Technician I,10/24/1988,1988,57807.08
M,POL,Department of Police,PSB 5th District Patrol,Fulltime-Regular,Master Police Officer,05/10/1991,1991,97392.47
M,FRS,Fire and Rescue Services,Station 7,Fulltime-Regular,Firefighter/Rescuer II,09/22/2014,2014,50910.0
M,POL,Department of Police,FSB Traffic Division Alcohol Initiatives Section,Fulltime-Regular,Police Officer III,06/03/2002,2002,83658.0
M,DGS,Department of General Services,Fleet Automotive Heavy Equipment,Fulltime-Regular,Mechanic Technician II,04/16/2007,2007,65699.03
M,DGS,Department of General Services,Facilities,Fulltime-Regular,Senior Engineer,11/24/2008,2008,112899.0
F,POL,Department of Police,FSB Traffic Division School Safety Section,Parttime-Regular,Crossing Guard,11/29/1993,1993,26208.35
F,POL,Department of Police,FSB Animal Services Division,Fulltime-Regular,Program Specialist I,04/04/2016,2016,44753.0
M,FRS,Fire and Rescue Services,Station 33,Fulltime-Regular,Firefighter/Rescuer III,09/04/2007,2007,71796.0
,COR,Correction and Rehabilitation,DS MCCF Unit 1 Security,Fulltime-Regular,Correctional Officer III (Corporal),08/26/2013,2013,56733.0
M,FRS,Fire and Rescue Services,Station 2,Fulltime-Regular,Master Firefighter/Rescuer,09/03/2002,2002,85854.0
M,COR,Correction and Rehabilitation,DS MCCF Case Managers Unit 2,Fulltime-Regular,Correctional Specialist II,08/19/1996,1996,91751.37
F,CEC,Community Engagement Cluster,Commission for Women,Fulltime-Regular,Manager I,04/20/2015,2015,138593.52
F,POL,Department of Police,FSB Traffic Division School Safety Section,Parttime-Regular,Crossing Guard,02/23/2004,2004,21766.2
M,POL,Department of Police,ISB Family Crimes Division Pedophile Section,Fulltime-Regular,Police Sergeant,06/14/1994,1994,107128.71
M,DOT,Department of Transportation,Transit Silver Spring Ride On,Fulltime-Regular,Bus Operator,11/10/2014,2014,42053.42
M,HCA,Department of Housing and Community Affairs,Housing Code Enforcement,Fulltime-Regular,Program Manager II,09/02/2008,2008,80849.42
F,DGS,Department of General Services,Building Design and Construction,Fulltime-Regular,Senior Architect,04/16/2000,2000,118400.0
F,CAT,County Attorney's Office,Insurance Defense Litigation,Fulltime-Regular,Program Specialist I,07/01/1997,1997,71130.74
M,FRS,Fire and Rescue Services,Station 21,Fulltime-Regular,Master Firefighter/Rescuer,02/22/1994,1994,91969.07
M,DOT,Department of Transportation,Transit Silver Spring Ride On,Fulltime-Regular,Bus Operator,01/07/2013,2013,45049.12
M,FRS,Fire and Rescue Services,Station 16,Fulltime-Regular,Master Firefighter/Rescuer,02/20/2001,2001,88859.0
M,FRS,Fire and Rescue Services,Rescue 1,Fulltime-Regular,Master Firefighter/Rescuer,06/07/2004,2004,88846.0
M,DPS,Department of Permitting Services,Team 1 Residential Plan Review,Fulltime-Regular,Permitting Services Specialist II,09/19/1988,1988,100849.36
F,HHS,Department of Health and Human Services,Director's Office,Fulltime-Regular,Manager II,11/03/2003,2003,156525.0
F,FRS,Fire and Rescue Services,Planning and Accreditation,Fulltime-Regular,Information Technology Specialist III,07/08/2002,2002,107657.0
M,CAT,County Attorney's Office,Insurance Defense Litigation,Fulltime-Regular,Assistant County Attorney II,01/27/2014,2014,92518.2
M,FRS,Fire and Rescue Services,Rescue 2,Fulltime-Regular,Firefighter/Rescuer II,03/27/2006,2006,64776.0
F,HHS,Department of Health and Human Services,Income Supports,Fulltime-Regular,Income Assistance Program Specialist III,07/25/2005,2005,89079.0
M,FRS,Fire and Rescue Services,Recruit Training,Fulltime-Regular,Firefighter/Rescuer I (Recruit),12/12/2016,2016,45261.0
F,HHS,Department of Health and Human Services,Child Welfare Services,Fulltime-Regular,Community Services Aide III,07/17/2000,2000,69048.25
M,POL,Department of Police,PSB 6th District Patrol,Fulltime-Regular,Police Officer I,07/16/2012,2012,59638.0
M,FRS,Fire and Rescue Services,Station 33,Fulltime-Regular,Firefighter/Rescuer II,06/24/1996,1996,79628.76
F,REC,Department of Recreation,Management Services,Fulltime-Regular,Administrative Specialist I,04/22/2014,2014,55200.0
F,POL,Department of Police,PSB 6th District Patrol,Fulltime-Regular,Police Officer II,08/12/2013,2013,58455.0
M,POL,Department of Police,PSB 2nd District Patrol,Fulltime-Regular,Master Police Officer,06/16/2003,2003,84871.0
F,HHS,Department of Health and Human Services,Emergency Housing Assistance,Fulltime-Regular,Social Worker II,01/03/1995,1995,91410.87
M,HHS,Department of Health and Human Services,Nursing Home Inspections,Fulltime-Regular,Community Health Nurse II,04/20/2015,2015,78128.34
M,FRS,Fire and Rescue Services,Special Operations,Fulltime-Regular,Master Firefighter/Rescuer,02/01/1988,1988,97224.98
M,POL,Department of Police,MSB Communications Division,Fulltime-Regular,Administrative Specialist II,10/01/1990,1990,86673.48
M,FRS,Fire and Rescue Services,Station 6,Fulltime-Regular,Master Firefighter/Rescuer,02/20/2001,2001,88859.0
M,POL,Department of Police,PSB 1st District Patrol,Fulltime-Regular,Police Officer III,03/03/1997,1997,89620.0
F,HHS,Department of Health and Human Services,School Health Services,Fulltime-Regular,Community Health Nurse II,02/12/1990,1990,100849.36
M,DOT,Department of Transportation,Highway Services,Fulltime-Regular,Work Force Leader IV,05/26/1996,1996,71322.93
F,HHS,Department of Health and Human Services,School Health Services,Parttime-Regular,School Health Room Technician I,01/27/2014,2014,35552.8
M,DOT,Department of Transportation,Highway Services,Fulltime-Regular,Equipment Operator Apprentice,06/14/2004,2004,53284.0
F,HHS,Department of Health and Human Services,Child and Adolescent Mental Health Clinic Services,Fulltime-Regular,Manager III,10/21/2002,2002,123422.86
M,POL,Department of Police,PSB 4th District Patrol,Fulltime-Regular,Police Sergeant,12/02/2002,2002,96624.0
M,POL,Department of Police,PSB 3rd District Patrol,Fulltime-Regular,Police Officer III,01/16/2007,2007,70435.0
M,COR,Correction and Rehabilitation,DS MCDC Custody and Security,Fulltime-Regular,Correctional Officer III (Corporal),09/18/2000,2000,77328.0
F,DOT,Department of Transportation,Transportation Planning and Design Section,Fulltime-Regular,Capital Projects Manager,06/18/2000,2000,117808.54
F,POL,Department of Police,PSB 4th District Patrol,Fulltime-Regular,Police Officer I,07/15/2013,2013,51969.0
M,HHS,Department of Health and Human Services,Environmental Health and Regulatory Services,Fulltime-Regular,Environmental Health Specialist III,05/03/2004,2004,97074.01
M,POL,Department of Police,PSB 3rd District Educational Facilities Officers,Fulltime-Regular,Police Officer III,07/19/2004,2004,78096.0
F,DEP,Department of Environmental Protection,Solid Waste Services Operations,Fulltime-Regular,Refuse Disposal Cashier,08/08/2016,2016,46000.0
M,DOT,Department of Transportation,Highway Services,Fulltime-Regular,Work Force Leader IV,09/25/1989,1989,86673.48
F,POL,Department of Police,MSB Communications Division,Fulltime-Regular,Public Safety Emergency Call-Taker II,06/15/2015,2015,44796.04
M,SHF,Sheriff's Office,Court and Transport,Fulltime-Regular,Deputy Sheriff III,10/04/1993,1993,87967.15
M,DGS,Department of General Services,Facilities Maintenance,Fulltime-Regular,HVAC Mechanic I,07/14/2014,2014,51069.59
M,POL,Department of Police,PSB 2nd District Patrol,Fulltime-Regular,Master Police Officer,09/23/1985,1985,97392.47
F,LIB,Department of Public Libraries,Davis Library,Parttime-Regular,Library Desk Assistant,09/22/2013,2013,18611.91
M,FRS,Fire and Rescue Services,Station 32,Fulltime-Regular,Firefighter/Rescuer II,03/10/2014,2014,50910.0
F,HHS,Department of Health and Human Services,Medical Assistance Eligibility Services,Fulltime-Regular,Income Assistance Program Specialist I,09/19/2016,2016,42792.0
F,HHS,Department of Health and Human Services,Access to Behavioral Health Services,Fulltime-Regular,Community Services Aide III,02/07/2000,2000,73801.0
F,HHS,Department of Health and Human Services,Medical Assistance Eligibility Services,Fulltime-Regular,Income Assistance Program Specialist I,10/03/2016,2016,42792.0
M,SHF,Sheriff's Office,Courthouse Security,Fulltime-Regular,Deputy Sheriff III,07/21/2003,2003,77029.0
F,HHS,Department of Health and Human Services,Child Welfare Services,Parttime-Regular,Social Worker II,02/22/1988,1988,48098.94
M,OHR,Office of Human Resources,Labor and Employee Relations Team,Fulltime-Regular,Labor Relations Advisor,10/28/2001,2001,112899.0
M,POL,Department of Police,PSB 5th District Patrol,Fulltime-Regular,Police Sergeant,02/06/1995,1995,107128.71
F,LIB,Department of Public Libraries,Silver Spring Library,Fulltime-Regular,Senior Librarian,08/25/2014,2014,85035.1
F,HHS,Department of Health and Human Services,Income Supports,Parttime-Regular,Program Specialist I,06/20/2012,2012,24402.51
F,HHS,Department of Health and Human Services,Early Childhood Services,Fulltime-Regular,Program Specialist I,08/24/2015,2015,49512.33
F,HHS,Department of Health and Human Services,Child Welfare Services,Fulltime-Regular,Community Services Aide III,07/25/2005,2005,64433.29
M,DPS,Department of Permitting Services,Land Development Permit Processing,Fulltime-Regular,Permit Technician II,09/11/1978,1978,72534.66
M,POL,Department of Police,MSB Communications Division,Fulltime-Regular,Public Safety Communications Specialist II,09/22/2014,2014,48571.6
M,FRS,Fire and Rescue Services,Station 2,Fulltime-Regular,Master Firefighter/Rescuer,08/17/1998,1998,88859.0
M,POL,Department of Police,ISB Criminal Investigations Division 4th District Investigative Section,Fulltime-Regular,Police Officer III,08/19/1996,1996,92756.7
M,DOT,Department of Transportation,Highway Services,Fulltime-Regular,Equipment Operator Apprentice,10/21/2002,2002,45048.5
M,POL,Department of Police,PSB 2nd District Patrol,Fulltime-Regular,Police Officer III,09/18/1995,1995,92756.7
F,POL,Department of Police,MSB Management and Budget Division,Fulltime-Regular,Administrative Specialist III,08/20/2007,2007,64705.5
F,FRS,Fire and Rescue Services,Station 33,Fulltime-Regular,Firefighter/Rescuer III,01/14/2013,2013,55328.0
M,POL,Department of Police,PSB 2nd District Traffic Squad,Fulltime-Regular,Police Officer III,07/12/2010,2010,65752.0
M,POL,Department of Police,PSB 5th District Patrol,Fulltime-Regular,Police Officer III,08/19/1996,1996,92756.7
F,HHS,Department of Health and Human Services,Care Coordination,Fulltime-Regular,Community Services Aide III,10/22/2001,2001,70083.45
F,HHS,Department of Health and Human Services,Screening and Assessment Services for Children and Adolescents,Fulltime-Regular,Therapist II,09/03/1980,1980,100849.36
M,CCL,County Council,Council Members and Staff,Fulltime-Regular,Confidential Aide,12/01/2014,2014,98830.15
F,DGS,Department of General Services,Facilities Maintenance,Fulltime-Regular,Building Services Worker II,08/10/1998,1998,46469.0
M,DOT,Department of Transportation,Transit Safety and Instruction,Fulltime-Regular,Safety and Training Instructor,09/10/2007,2007,53084.71
M,DOT,Department of Transportation,Transit Silver Spring Ride On,Fulltime-Regular,Bus Operator,01/05/2015,2015,42053.42
F,HHS,Department of Health and Human Services,Adult Behavioral Health Services,Fulltime-Regular,Behavioral Health Technician,04/21/2014,2014,47940.52
M,FRS,Fire and Rescue Services,Station 26,Fulltime-Regular,Firefighter/Rescuer II,01/14/2013,2013,52693.0
F,COR,Correction and Rehabilitation,PRRS Assessment and Quality Services,Fulltime-Regular,Correctional Specialist III,10/17/2016,2016,59072.0
M,DPS,Department of Permitting Services,Land Development Right-of-Way Plan Review,Fulltime-Regular,Senior Permitting Services Specialist,08/07/2006,2006,104087.84
F,ZAH,Office of Zoning and Administrative Hearings,Zoning and Administrative Hearings,Fulltime-Regular,Administrative Specialist II,10/16/2006,2006,84974.0
M,DLC,Department of Liquor Control,Beer Delivery Operations,Fulltime-Regular,Truck Driver/Warehouse Worker,05/30/2006,2006,49949.14
F,DOT,Department of Transportation,Transit Nicholson Ride On,Fulltime-Regular,Bus Operator,12/10/2007,2007,46626.87
M,DTS,Department of Technology Services,ESOD Server Support,Fulltime-Regular,Senior Information Technology Specialist,08/17/2009,2009,114116.68
M,CEC,Community Engagement Cluster,Silver Spring Urban District,Fulltime-Regular,Urban District Public Service Aide,11/22/2006,2006,40858.79
F,HHS,Department of Health and Human Services,School Health Services,Parttime-Regular,School Health Room Technician I,08/06/2007,2007,37838.53
M,COR,Correction and Rehabilitation,PTS ACS Work Crew,Fulltime-Regular,Correctional Officer III (Corporal),11/18/2013,2013,56733.0
M,DOT,Department of Transportation,Transit Nicholson Ride On,Fulltime-Regular,Bus Operator,01/07/2013,2013,45049.12
F,HHS,Department of Health and Human Services,Maternity Dental,Fulltime-Regular,Dental Assistant,04/18/2016,2016,45225.0
M,FRS,Fire and Rescue Services,Station 31,Fulltime-Regular,Firefighter/Rescuer III,09/04/2001,2001,88901.0
M,DTS,Department of Technology Services,Enterprise Information Security Office,Fulltime-Regular,Senior Information Technology Specialist,10/04/2004,2004,118400.0
M,DLC,Department of Liquor Control,Stock Liquor and Wine Warehouse Operations,Fulltime-Regular,Supply Technician II,04/16/2000,2000,44511.02
M,POL,Department of Police,PSB 4th District Patrol,Fulltime-Regular,Police Officer III,11/26/2007,2007,70435.0
M,POL,Department of Police,PSB 6th District Community Action Team,Fulltime-Regular,Police Officer II,10/11/2010,2010,62620.0
F,CAT,County Attorney's Office,Support Services,Fulltime-Regular,Legal Secretary II,06/18/2000,2000,66687.72
F,HHS,Department of Health and Human Services,Child Welfare Services,Fulltime-Regular,Office Services Coordinator,06/13/2005,2005,48049.32
M,POL,Department of Police,FSB Traffic Division,Fulltime-Regular,Police Officer III,02/23/1987,1987,92756.7
F,DOT,Department of Transportation,Transit Gaithersburg Ride On,Fulltime-Regular,Bus Operator,09/29/2014,2014,42053.42
M,REC,Department of Recreation,Youth Development Your Sports/Activities,Fulltime-Regular,Recreation Specialist,11/05/2012,2012,65209.54
M,POL,Department of Police,HQ Office of the Chief,Fulltime-Regular,Master Police Officer,05/26/1998,1998,94099.0
M,FRS,Fire and Rescue Services,Station 35,Fulltime-Regular,Fire/Rescue Captain,04/24/1983,1983,118080.06
M,DLC,Department of Liquor Control,Wheaton,Fulltime-Regular,Liquor Store Clerk II,05/16/2004,2004,52095.66
F,POL,Department of Police,FSB Traffic Division School Safety Section,Parttime-Regular,Crossing Guard,01/30/1995,1995,26208.35
F,OHR,Office of Human Resources,Records Management Team,Fulltime-Regular,Program Manager II,03/24/2014,2014,84278.28
M,SHF,Sheriff's Office,Sheriff Domestic Violence,Fulltime-Regular,Deputy Sheriff Sergeant,04/12/1999,1999,93945.0
M,CCL,County Council,Council Members and Staff,Fulltime-Regular,Legislative Senior Aide III,06/01/2004,2004,74830.89
F,LIB,Department of Public Libraries,Olney Library,Parttime-Regular,Library Assistant I,10/16/2000,2000,27569.84
M,FRS,Fire and Rescue Services,Station 22,Fulltime-Regular,Master Firefighter/Rescuer,08/17/1998,1998,88859.0
M,DOT,Department of Transportation,Highway Services,Fulltime-Regular,Equipment Operator II,09/20/2004,2004,52110.67
F,POL,Department of Police,PSB 2nd District Patrol,Fulltime-Regular,Police Officer I,10/06/2014,2014,53788.0
F,HHS,Department of Health and Human Services,Medical Assistance Eligibility Services,Fulltime-Regular,Income Assistance Program Specialist II,02/16/1999,1999,76745.39
F,POL,Department of Police,PSB 4th District Patrol,Fulltime-Regular,Police Officer III,05/22/1989,1989,92756.7
F,OHR,Office of Human Resources,Information Technology Team,Fulltime-Regular,Senior Information Technology Specialist,10/03/2005,2005,118400.0
F,POL,Department of Police,MSB Information Management and Technology Division,Fulltime-Regular,Police Aide,07/25/2005,2005,51697.52
F,DGS,Department of General Services,Fleet Management Administration,Fulltime-Regular,Program Specialist I,06/13/2016,2016,63315.0
F,REC,Department of Recreation,Countywide Programs,Fulltime-Regular,Recreation Supervisor,06/14/1983,1983,95263.92
M,FRS,Fire and Rescue Services,Station 13,Fulltime-Regular,Firefighter/Rescuer III,03/27/2006,2006,74095.0
M,FRS,Fire and Rescue Services,Station 3,Fulltime-Regular,Firefighter/Rescuer II,06/01/2010,2010,56990.0
F,DEP,Department of Environmental Protection,Solid Waste Services Administration,Fulltime-Regular,Office Services Coordinator,06/02/1997,1997,67206.0
F,HHS,Department of Health and Human Services,School Health Services,Parttime-Regular,School Health Room Technician I,03/07/2005,2005,43422.51
F,HHS,Department of Health and Human Services,Maternity Dental,Fulltime-Regular,Dental Assistant,01/11/2016,2016,50250.0
M,DLC,Department of Liquor Control,Stock Liquor and Wine Warehouse Operations,Fulltime-Regular,Warehouse Worker,09/25/2005,2005,39262.4
M,DTS,Department of Technology Services,Franchise Enforcement,Fulltime-Regular,Investigator III,01/08/2001,2001,102664.0
F,DOT,Department of Transportation,Traffic Engineering and Operations Development Review,Fulltime-Regular,Senior Planning Specialist,03/24/2014,2014,88136.06
M,HHS,Department of Health and Human Services,Child Welfare Services,Fulltime-Regular,Manager III,10/21/2002,2002,103505.29
M,FRS,Fire and Rescue Services,Recruit Training,Fulltime-Regular,Firefighter/Rescuer I (Recruit),02/08/2016,2016,45261.0
M,DOT,Department of Transportation,Transit Nicholson Ride On,Fulltime-Regular,Bus Operator,05/20/2013,2013,42053.42
F,HHS,Department of Health and Human Services,School Health Services,Fulltime-Regular,Manager III,08/17/1998,1998,127269.16
M,DOT,Department of Transportation,Transit Nicholson Ride On,Fulltime-Regular,Bus Operator,01/07/2013,2013,45049.12
F,POL,Department of Police,PSB 6th District Patrol,Fulltime-Regular,Police Officer II,08/12/2013,2013,62620.0
F,CEC,Community Engagement Cluster,Gilchrist Center,Fulltime-Regular,Program Manager I,02/21/2006,2006,77664.05
M,COR,Correction and Rehabilitation,DS MCCF Unit 1 Security,Fulltime-Regular,Correctional Officer III (Corporal),09/23/2002,2002,74713.0
M,FRS,Fire and Rescue Services,Station 16,Fulltime-Regular,Master Firefighter/Rescuer,11/16/1992,1992,91969.07
M,DOT,Department of Transportation,Highway Services,Fulltime-Regular,Equipment Operator I,06/17/2013,2013,41781.91
M,DGS,Department of General Services,Building Design and Construction,Fulltime-Regular,Construction Representative III,04/05/2004,2004,93396.0
F,DOT,Department of Transportation,Transit Silver Spring Ride On,Fulltime-Regular,Transit Coordinator,03/13/2006,2006,55769.06
M,DOT,Department of Transportation,Transit Silver Spring Ride On,Fulltime-Regular,Bus Operator,05/27/2014,2014,42053.83
M,HHS,Department of Health and Human Services,Child Welfare Services,Fulltime-Regular,Community Services Aide III,12/03/2012,2012,51355.08
F,OMB,Office of Management and Budget,Capital Budget Management,Fulltime-Regular,Management and Budget Specialist III,08/25/2014,2014,81490.85
F,HHS,Department of Health and Human Services,Adult Protective and Case Management Services,Fulltime-Regular,Office Services Coordinator,07/25/2016,2016,42000.0
M,FRS,Fire and Rescue Services,Station 15,Fulltime-Regular,Fire/Rescue Lieutenant,02/11/2002,2002,94449.0
M,DOT,Department of Transportation,Transit Gaithersburg Ride On,Fulltime-Regular,Bus Operator,09/09/1985,1985,66065.23
M,FRS,Fire and Rescue Services,Third Battalion - Administration,Fulltime-Regular,Fire/Rescue Lieutenant,06/07/2004,2004,90205.0
M,DGS,Department of General Services,Fleet Management Services,Fulltime-Regular,Depot Supply Coordinator,10/02/1995,1995,66065.23
F,HHS,Department of Health and Human Services,Community Support Network for People with Disabilities,Fulltime-Regular,Administrative Specialist II,05/24/1999,1999,77120.31
F,COR,Correction and Rehabilitation,DS Food Services,Fulltime-Regular,Correctional Dietary Officer II,02/11/2013,2013,49104.52
F,POL,Department of Police,PSB 3rd District Patrol,Fulltime-Regular,Police Officer III,07/19/2004,2004,89620.0
F,HHS,Department of Health and Human Services,Ombudsman Services,Fulltime-Regular,Social Worker III,09/12/2011,2011,97814.31
M,COR,Correction and Rehabilitation,DS MCDC Custody and Security,Fulltime-Regular,Correctional Officer III (Corporal),04/05/2004,2004,69744.0
M,COR,Correction and Rehabilitation,PRRS Reentry Services and Programs,Fulltime-Regular,Correctional Specialist III,12/27/2005,2005,68186.6
M,POL,Department of Police,PSB 5th District Patrol,Fulltime-Regular,Police Officer I,10/06/2014,2014,55671.0
F,COR,Correction and Rehabilitation,DS MCDC Custody and Security,Fulltime-Regular,Correctional Officer I (Private),12/12/2016,2016,44300.0
M,POL,Department of Police,HQ Office of the Chief Internal Affairs Division,Fulltime-Regular,Police Captain,08/07/1989,1989,141539.36
M,FRS,Fire and Rescue Services,Station 15,Fulltime-Regular,Master Firefighter/Rescuer,09/03/2002,2002,91934.0
F,LIB,Department of Public Libraries,Aspen Hill Library,Fulltime-Regular,Librarian I,10/06/2014,2014,60066.76
M,HHS,Department of Health and Human Services,Income Supports,Fulltime-Regular,Income Assistance Program Supervisor,11/08/1995,1995,96111.95
M,FRS,Fire and Rescue Services,Station 23,Fulltime-Regular,Firefighter/Rescuer III,03/17/2008,2008,63493.0
F,DTS,Department of Technology Services,EASD DCM Administration,Fulltime-Regular,Manager III,12/14/1998,1998,134763.1
M,DTS,Department of Technology Services,ETSD Network Services,Fulltime-Regular,Information Technology Specialist I,07/02/1990,1990,83497.98
M,DOT,Department of Transportation,Transit Services,Fulltime-Regular,Manager I,09/16/2002,2002,170182.71
F,POL,Department of Police,PSB 1st District Patrol,Fulltime-Regular,Police Services Assistant,07/22/2002,2002,67206.0
M,DOT,Department of Transportation,Transit Gaithersburg Ride On,Fulltime-Regular,Bus Operator,05/20/2013,2013,43525.72
M,DLC,Department of Liquor Control,Beer Delivery Operations,Fulltime-Regular,Truck Driver/Warehouse Worker,11/20/2007,2007,43814.23
F,HHS,Department of Health and Human Services,Child Care Subsidies - Admin,Fulltime-Regular,Principal Administrative Aide,08/24/1975,1975,60201.44
F,DOT,Department of Transportation,Transportation Construction Section,Fulltime-Regular,Engineer III,09/15/2008,2008,93450.27
F,HHS,Department of Health and Human Services,Montgomery Cares - Homeless,Fulltime-Regular,Program Manager II,01/24/2005,2005,89397.77
F,POL,Department of Police,MSB Communications Division,Fulltime-Regular,Public Safety Communications Specialist I,09/19/2016,2016,39257.0
F,HHS,Department of Health and Human Services,School Health Services,Parttime-Regular,School Health Room Technician I,02/19/2008,2008,39163.74
M,POL,Department of Police,PSB 6th District Patrol,Fulltime-Regular,Police Officer III,07/18/2011,2011,65752.0
M,DOT,Department of Transportation,Transit Nicholson Ride On,Fulltime-Regular,Bus Operator,06/16/2008,2008,46626.87
M,DGS,Department of General Services,Fleet Management Services,Fulltime-Regular,Supply Technician III,02/18/2003,2003,58448.0
F,FRS,Fire and Rescue Services,EMS Billing,Fulltime-Regular,Accountant/Auditor II,06/27/2016,2016,60300.0
F,POL,Department of Police,FSB Traffic Division School Safety Section,Parttime-Regular,Crossing Guard,09/12/2011,2011,18416.07
F,HCA,Department of Housing and Community Affairs,Management Services,Fulltime-Regular,Administrative Specialist III,10/21/2013,2013,83033.41
M,FRS,Fire and Rescue Services,Station 23,Fulltime-Regular,Fire/Rescue Captain,08/17/1998,1998,118930.0
M,POL,Department of Police,PSB 5th District Special Assignment Team,Fulltime-Regular,Police Officer III,07/17/2006,2006,72902.0
M,POL,Department of Police,PSB 3rd District Patrol,Fulltime-Regular,Police Officer III,01/18/1994,1994,92756.7
F,DLC,Department of Liquor Control,Kingsview,Parttime-Regular,Liquor Store Clerk I,06/29/2015,2015,28772.07
F,HHS,Department of Health and Human Services,Fiscal Team,Fulltime-Regular,Program Manager I,04/22/2013,2013,72697.36
M,CCL,County Council,Council Members and Staff,Fulltime-Regular,Council Member,12/06/2010,2010,128519.0
M,DOT,Department of Transportation,Transit Nicholson Ride On,Fulltime-Regular,Bus Operator,11/26/2007,2007,46626.87
M,DLC,Department of Liquor Control,Beer Delivery Operations,Fulltime-Regular,Truck Driver/Warehouse Worker,12/15/2014,2014,40631.32
M,POL,Department of Police,PSB 3rd District Patrol,Fulltime-Regular,Police Officer III,08/31/1998,1998,89620.0
F,DLC,Department of Liquor Control,Fallsgrove,Fulltime-Regular,Liquor Store Clerk II,04/06/2015,2015,39561.6
M,POL,Department of Police,PSB 1st District Community Action Team,Fulltime-Regular,Master Police Officer,07/21/2003,2003,84871.0
M,DOT,Department of Transportation,Transit Nicholson Ride On,Fulltime-Regular,Bus Operator,03/02/2008,2008,47189.32
M,DOT,Department of Transportation,Highway Services,Fulltime-Regular,Arborist,07/25/2016,2016,74519.0
M,DPS,Department of Permitting Services,Site Plan Enforcement,Fulltime-Regular,Permitting and Code Enforcement Inspector III,02/22/2000,2000,89891.03
M,POL,Department of Police,PSB 1st District Patrol,Fulltime-Regular,Police Officer III,06/13/1994,1994,92756.7
F,HHS,Department of Health and Human Services,My Turn,Fulltime-Regular,Program Specialist II,03/15/1993,1993,87523.22
F,POL,Department of Police,ISB Criminal Investigations Division Crime Laboratory Section,Fulltime-Regular,Forensic Scientist,10/02/2006,2006,78740.52
M,COR,Correction and Rehabilitation,DS MCCF Unit 1 Security,Fulltime-Regular,Correctional Shift Commander (Lieutenant),06/19/2000,2000,97278.64
F,HHS,Department of Health and Human Services,Adult Foster Care - Project Home,Fulltime-Regular,Social Worker III,06/05/2000,2000,97912.0
M,FRS,Fire and Rescue Services,Station 32,Fulltime-Regular,Firefighter/Rescuer II,02/27/2012,2012,60618.0
M,FRS,Fire and Rescue Services,Station 16,Fulltime-Regular,Firefighter/Rescuer II,03/10/2014,2014,50910.0
M,DLC,Department of Liquor Control,Clarksburg Village,Parttime-Regular,Liquor Store Clerk I,09/03/1991,1991,54022.26
M,DGS,Department of General Services,Building Design and Construction,Fulltime-Regular,Construction Representative III,05/31/2005,2005,91709.69
F,LIB,Department of Public Libraries,Potomac Library,Parttime-Regular,Library Assistant I,05/27/1986,1986,30100.72
M,FRS,Fire and Rescue Services,Station 13,Fulltime-Regular,Master Firefighter/Rescuer,08/27/1990,1990,100670.07
M,POL,Department of Police,PSB 6th District Patrol,Fulltime-Regular,Police Officer I,01/17/2006,2006,61725.0
M,COR,Correction and Rehabilitation,DS MCCF Case Managers Unit 2,Fulltime-Regular,Correctional Specialist II,02/16/1988,1988,91751.37
F,POL,Department of Police,FSB Animal Services Division,Fulltime-Regular,Inspection and Enforcement Field Supervisor,07/28/2003,2003,85330.31
F,POL,Department of Police,ISB Criminal Investigations Division Crime Laboratory Section,Fulltime-Regular,Forensic Scientist,05/19/2014,2014,76075.82
M,DOT,Department of Transportation,Highway Services,Fulltime-Regular,Work Force Leader II,05/14/1994,1994,73801.0
M,DOT,Department of Transportation,Transit Silver Spring Ride On,Fulltime-Regular,Bus Operator,04/27/2015,2015,40631.32
M,DOT,Department of Transportation,Traffic Engineering and Operations Development Review,Fulltime-Regular,Manager III,11/06/1978,1978,135392.0
M,DGS,Department of General Services,Fleet Management Administration,Fulltime-Regular,Facilities and Equipment Maintenance Coordinator,02/19/1985,1985,83497.98
F,POL,Department of Police,FSB Traffic Division School Safety Section,Parttime-Regular,Crossing Guard,04/17/2000,2000,24978.81
M,FRS,Fire and Rescue Services,Station 33,Fulltime-Regular,Firefighter/Rescuer II,05/13/2002,2002,62585.0
F,HHS,Department of Health and Human Services,Access to Behavioral Health Services,Fulltime-Regular,Community Services Aide II,02/04/2008,2008,52219.84
M,HHS,Department of Health and Human Services,Facilities and Logistical Services,Fulltime-Regular,Principal Administrative Aide,04/23/2001,2001,58448.0
M,DOT,Department of Transportation,Transit Commuter Services,Fulltime-Regular,Transit Marketing Specialist,06/25/2007,2007,78855.57
M,DGS,Department of General Services,Fleet Management Fleet Services,Fulltime-Regular,Mechanic Technician II,09/09/2002,2002,73801.0
F,HHS,Department of Health and Human Services,Child Welfare Services,Fulltime-Regular,Social Worker II,07/05/2011,2011,64871.95
M,DGS,Department of General Services,Fleet Management Administration,Fulltime-Regular,Program Manager II,02/13/2012,2012,90871.7
M,DOT,Department of Transportation,Highway Administration,Fulltime-Regular,Arborist,09/08/2015,2015,83214.0
F,DLC,Department of Liquor Control,"Licensure, Regulation and Education",Fulltime-Regular,Program Manager II,12/12/2005,2005,98436.3
M,FRS,Fire and Rescue Services,Recruit Training,Fulltime-Regular,Firefighter/Rescuer I (Recruit),12/12/2016,2016,45261.0
M,REC,Department of Recreation,Youth Development Youth Services,Fulltime-Regular,Recreation Specialist,09/13/1998,1998,84974.0
M,DOT,Department of Transportation,Transit Silver Spring Ride On,Fulltime-Regular,Bus Operator,11/26/2012,2012,45049.12
M,FRS,Fire and Rescue Services,Station 23,Fulltime-Regular,Master Firefighter/Rescuer,12/13/2004,2004,77434.0
F,DOT,Department of Transportation,Transit Nicholson Ride On,Fulltime-Regular,Office Services Coordinator,04/14/2008,2008,58439.04
M,DOT,Department of Transportation,Transportation Management,Fulltime-Regular,Information Technology Specialist II,02/29/1988,1988,91847.15
M,POL,Department of Police,FSB Animal Services Division,Fulltime-Regular,Code Enforcement Inspector III,05/31/2005,2005,68845.62
F,POL,Department of Police,PSB 5th District Patrol,Fulltime-Regular,Master Police Officer,07/22/2002,2002,87841.0
F,HHS,Department of Health and Human Services,School Health Services,Parttime-Regular,Community Health Nurse II,01/23/2008,2008,76529.51
M,POL,Department of Police,ISB Major Crimes Division Homicide and Sex Section,Fulltime-Regular,Police Officer III,07/26/1993,1993,92756.7
F,DPS,Department of Permitting Services,Land Development Well and Septic,Fulltime-Regular,Environmental Health Specialist III,09/04/2001,2001,97912.0
M,POL,Department of Police,FSB Traffic Division Alcohol Initiatives Section,Fulltime-Regular,Police Officer III,07/18/2005,2005,75453.0
M,DOT,Department of Transportation,Transit Commuter Services Trips,Fulltime-Regular,Principal Administrative Aide,09/28/1992,1992,64054.08
F,HHS,Department of Health and Human Services,Income Supports,Fulltime-Regular,Income Assistance Program Specialist III,03/20/2006,2006,86461.39
F,SHF,Sheriff's Office,Sheriff Domestic Violence,Fulltime-Regular,Public Safety Telephone Reporting Aide I,07/19/1999,1999,67206.0
M,DGS,Department of General Services,Central Duplicating,Fulltime-Regular,Mail Services Supervisor,03/25/2013,2013,53069.08
M,OAG,Office of Agriculture,Soil Conservation,Fulltime-Regular,State Department Agricultural Employee - SS,07/01/2004,2004,11147.24
M,CCL,County Council,Council Members and Staff,Fulltime-Regular,Council President,12/04/2006,2006,141370.9
M,DOT,Department of Transportation,Transit Silver Spring Ride On,Fulltime-Regular,Bus Operator,03/19/2000,2000,62836.91
M,DOT,Department of Transportation,Highway Services,Fulltime-Regular,Equipment Operator I,11/18/2002,2002,51364.31
F,CUS,Community Use of Public Facilities,Silver Spring Civic Building,Fulltime-Regular,Administrative Specialist II,09/23/2013,2013,66477.89
M,DOT,Department of Transportation,Highway Services,Fulltime-Regular,Equipment Operator III,07/01/2001,2001,64983.31
M,FRS,Fire and Rescue Services,Training,Fulltime-Regular,Fire/Rescue Assistant Chief,09/20/1993,1993,144472.55
F,DHS,Office of Emergency Management and Homeland Security,Hazmat Permitting,Fulltime-Regular,Program Specialist I,02/14/1994,1994,76015.03
M,POL,Department of Police,PSB 6th District Patrol,Fulltime-Regular,Police Officer II,07/16/2012,2012,60501.0
M,DOT,Department of Transportation,Transportation Technical Center,Fulltime-Regular,Transportation Systems Technician I,07/11/2016,2016,49212.0
M,DOT,Department of Transportation,Transportation Construction Section,Fulltime-Regular,Highway Construction Field Supervisor,05/06/1991,1991,97912.0
F,POL,Department of Police,FSB Traffic Division School Safety Section,Parttime-Regular,Crossing Guard,02/25/2002,2002,23318.28
F,POL,Department of Police,MSB Communications Division,Fulltime-Regular,Public Safety Communications Specialist II,09/22/2014,2014,48571.6
M,POL,Department of Police,FSB Special Operations Division Tactical Operations Section,Fulltime-Regular,Police Officer III,01/18/2005,2005,75453.0
M,FRS,Fire and Rescue Services,Station 25,Fulltime-Regular,Firefighter/Rescuer II,07/29/2013,2013,52693.0
M,POL,Department of Police,PSB 2nd District Patrol,Fulltime-Regular,Police Officer III,07/18/2005,2005,75453.0
F,DTS,Department of Technology Services,COO Office - Management Services,Fulltime-Regular,Senior Management and Budget Specialist,06/18/2001,2001,112899.0
M,COR,Correction and Rehabilitation,DS MCCF Unit 2 Security,Fulltime-Regular,Correctional Supervisor (Sergeant),10/05/1998,1998,91532.0
F,HHS,Department of Health and Human Services,STD and HIV Services,Parttime-Regular,Program Specialist II,01/10/1994,1994,60950.53
M,POL,Department of Police,MSB Personnel Division Background Section,Fulltime-Regular,Police Sergeant,09/29/1997,1997,103506.0
M,DOT,Department of Transportation,Transit Silver Spring Ride On,Fulltime-Regular,Bus Operator,03/26/1990,1990,66065.23
M,FRS,Fire and Rescue Services,Station 14,Fulltime-Regular,Master Firefighter/Rescuer,03/24/1985,1985,95187.98
M,POL,Department of Police,FSB Animal Services Division,Fulltime-Regular,Program Manager II,07/20/1987,1987,104717.28
M,DLC,Department of Liquor Control,Stock Liquor and Wine Warehouse Operations,Fulltime-Regular,Supply Technician II,11/04/2013,2013,36363.34
M,FRS,Fire and Rescue Services,Station 25,Fulltime-Regular,Firefighter/Rescuer III,01/14/2013,2013,63445.0
F,HHS,Department of Health and Human Services,Community Action Agency,Fulltime-Regular,Program Manager I,07/23/2007,2007,83150.93
M,FRS,Fire and Rescue Services,Station 25,Fulltime-Regular,Firefighter/Rescuer III,07/29/2013,2013,57365.0
M,DOT,Department of Transportation,Transit Silver Spring Ride On,Fulltime-Regular,Motor Pool Attendant,07/10/2006,2006,39093.37
M,FRS,Fire and Rescue Services,Station 8,Fulltime-Regular,Master Firefighter/Rescuer,03/19/2007,2007,79676.0
M,POL,Department of Police,PSB 1st District Patrol,Fulltime-Regular,Police Officer III,02/03/2003,2003,89620.0
M,LIB,Department of Public Libraries,Kensington Park Library,Fulltime-Regular,Library Assistant Supervisor,05/03/1997,1997,81066.0
M,DOT,Department of Transportation,Parking Management Engineering and Capital Project Management,Fulltime-Regular,Program Specialist I,04/28/2008,2008,52602.78
M,CCL,County Council,Council Central Staff,Fulltime-Regular,Visual Information Specialist,09/13/2010,2010,78238.91
F,HHS,Department of Health and Human Services,Support Planning,Fulltime-Regular,Program Specialist II,01/14/2001,2001,84974.0
M,POL,Department of Police,PSB 2nd District Patrol,Fulltime-Regular,Police Sergeant,07/17/2006,2006,84201.0
M,POL,Department of Police,PSB 4th District Traffic Squad,Fulltime-Regular,Master Police Officer,05/10/1993,1993,97392.47
M,DOT,Department of Transportation,Transit Silver Spring Ride On,Fulltime-Regular,Bus Operator,04/05/1998,1998,64141.0
F,HHS,Department of Health and Human Services,School Health Services,Parttime-Regular,School Health Room Technician II,02/01/1999,1999,56049.28
M,DOT,Department of Transportation,Highway Services,Fulltime-Regular,Work Force Leader IV,11/16/1998,1998,74886.63
F,COR,Correction and Rehabilitation,DS MCCF Unit 1 Security,Fulltime-Regular,Correctional Officer III (Corporal),03/08/2004,2004,69744.0
F,HHS,Department of Health and Human Services,Behavioral Health Community Support Services,Fulltime-Regular,Behavioral Health Associate Counselor,01/16/1990,1990,83497.98
M,POL,Department of Police,PSB 1st District Patrol,Fulltime-Regular,Police Officer II,07/16/2012,2012,60501.0
F,HHS,Department of Health and Human Services,Medical Assistance Eligibility Services,Fulltime-Regular,Income Assistance Program Supervisor,12/04/1989,1989,99870.24
F,HHS,Department of Health and Human Services,STD and HIV Services,Fulltime-Regular,Client Assistance Specialist,02/21/1995,1995,67993.85
M,DPS,Department of Permitting Services,Land Development Sediment and Stormwater Inspection,Fulltime-Regular,Permitting and Code Enforcement Inspector II,06/02/2003,2003,71927.98
F,DEP,Department of Environmental Protection,Water Quality Monitoring and Planning,Fulltime-Regular,Senior Water Quality Specialist,05/28/2006,2006,80163.41
M,FRS,Fire and Rescue Services,Station 16,Fulltime-Regular,Firefighter/Rescuer III,01/30/2006,2006,68015.0
M,POL,Department of Police,PSB 6th District Patrol,Fulltime-Regular,Master Police Officer,07/22/2002,2002,87841.0
F,COR,Correction and Rehabilitation,PTS Supervision,Fulltime-Regular,Correctional Specialist III,03/04/2002,2002,91196.59
M,DOT,Department of Transportation,Transit Silver Spring Ride On,Fulltime-Regular,Bus Operator,02/22/2016,2016,39257.31
M,DOT,Department of Transportation,Highway Services,Fulltime-Regular,Equipment Operator I,07/27/2015,2015,38020.38
M,DOT,Department of Transportation,Highway Services,Fulltime-Regular,Work Force Leader II,11/04/1987,1987,75277.02
F,POL,Department of Police,FSB Traffic Division School Safety Section,Parttime-Regular,Crossing Guard,04/02/2001,2001,24134.31
F,CCL,County Council,Council Central Staff,Fulltime-Regular,Deputy Clerk County Council,04/24/2000,2000,86704.93
M,FRS,Fire and Rescue Services,Station 6,Fulltime-Regular,Firefighter/Rescuer III,05/16/2005,2005,70396.0
M,REC,Department of Recreation,Northern Region Area II,Fulltime-Regular,Recreation Supervisor,06/26/2006,2006,79425.81
M,DOT,Department of Transportation,Transit Operations and Planning,Fulltime-Regular,Manager III,09/11/2000,2000,148931.2
F,HHS,Department of Health and Human Services,School Health Services,Parttime-Regular,School Health Room Technician I,01/09/2006,2006,41954.12
F,DOT,Department of Transportation,Transportation Management,Fulltime-Regular,Engineer III,11/19/2012,2012,89663.11
F,DLC,Department of Liquor Control,Kensington,Fulltime-Regular,Liquor Store Assistant Manager,07/11/2005,2005,53496.67
F,LIB,Department of Public Libraries,White Oak Library,Fulltime-Regular,Library Assistant Supervisor,04/29/1996,1996,75914.09
F,PRO,Office of Procurement,Procurement Operations Section,Fulltime-Regular,Principal Administrative Aide,11/13/1989,1989,60201.44
M,POL,Department of Police,PSB 5th District Patrol,Fulltime-Regular,Police Sergeant,03/04/1991,1991,107128.71
F,POL,Department of Police,ISB Family Crimes Division Child Abuse Sexual Assault Section,Fulltime-Regular,Police Officer III,07/16/2007,2007,70435.0
M,POL,Department of Police,MSB Training and Education Division,Fulltime-Regular,Police Officer III,01/18/1994,1994,92756.7
F,LIB,Department of Public Libraries,Olney Library,Fulltime-Regular,Librarian I,02/09/1978,1978,87523.22
M,POL,Department of Police,PSB 1st District Patrol,Fulltime-Regular,Police Officer III,01/14/2008,2008,68054.0
F,DPS,Department of Permitting Services,Central Services Unit,Fulltime-Regular,Management and Budget Specialist III,11/28/1994,1994,104717.28
M,FRS,Fire and Rescue Services,Second Battalion - Administration,Fulltime-Regular,Fire/Rescue Lieutenant,11/29/1999,1999,99792.0
F,HHS,Department of Health and Human Services,School Health Services,Parttime-Regular,School Health Room Technician I,09/10/2001,2001,48144.42
F,HHS,Department of Health and Human Services,Infants and Toddlers,Fulltime-Regular,Manager III,07/02/2012,2012,112415.38
F,HHS,Department of Health and Human Services,Ombudsman Services,Fulltime-Regular,Program Manager I,12/15/2014,2014,80162.23
F,HHS,Department of Health and Human Services,Adult Protective Services - Nurse Assessment,Fulltime-Regular,Nurse Manager,10/04/1976,1976,104717.28
M,DOT,Department of Transportation,Transit Nicholson Ride On,Fulltime-Regular,Bus Operator,06/07/1998,1998,64141.0
F,COR,Correction and Rehabilitation,DS Intake Classification and Re-Entry Services,Fulltime-Regular,Correctional Specialist III,03/22/2004,2004,74321.42
F,HCA,Department of Housing and Community Affairs,Affordable Housing Programs,Fulltime-Regular,Manager III,07/29/1985,1985,130212.41
M,DEP,Department of Environmental Protection,"Environmental Planning, Policy and Compliance",Fulltime-Regular,Manager II,06/26/2006,2006,154781.13
M,DPS,Department of Permitting Services,Land Development Permit Processing,Fulltime-Regular,Permit Technician II,11/04/2013,2013,64541.65
F,HCA,Department of Housing and Community Affairs,Housing Administration,Fulltime-Regular,Information and Referral Aide II,02/06/2006,2006,53953.81
F,LIB,Department of Public Libraries,Director,Fulltime-Regular,Administrative Specialist II,04/30/1990,1990,86673.48
F,POL,Department of Police,FSB Traffic Division School Safety Section,Parttime-Regular,Crossing Guard,09/03/2002,2002,22529.52
M,POL,Department of Police,MSB Management and Budget Division,Fulltime-Regular,Administrative Specialist I,12/03/2012,2012,65304.4
M,DLC,Department of Liquor Control,Montrose,Fulltime-Regular,Liquor Store Manager,08/31/1999,1999,76791.75
M,COR,Correction and Rehabilitation,DS Food Services,Fulltime-Regular,Correctional Dietary Officer II,04/21/2003,2003,58327.42
M,FRS,Fire and Rescue Services,Fire and Explosive Investigations,Fulltime-Regular,Fire/Rescue Lieutenant,06/07/2004,2004,97596.0
M,COR,Correction and Rehabilitation,DS MCCF Unit 1 Security,Fulltime-Regular,Correctional Shift Commander (Lieutenant),10/28/1996,1996,103708.64
M,POL,Department of Police,PSB 6th District Patrol,Fulltime-Regular,Police Officer III,08/19/1996,1996,92756.7
M,HHS,Department of Health and Human Services,Medication Assisted Treatment - Clinical and Vocational Services,Fulltime-Regular,Community Services Aide III,08/17/1998,1998,73801.0
M,DOT,Department of Transportation,Transit Gaithersburg Ride On,Fulltime-Regular,Bus Operator,04/30/2007,2007,48258.81
M,FRS,Fire and Rescue Services,Station 31,Fulltime-Regular,Master Firefighter/Rescuer,09/04/2007,2007,80402.0
F,POL,Department of Police,PSB 1st District Patrol,Fulltime-Regular,Police Officer III,07/21/2003,2003,89620.0
M,DOT,Department of Transportation,Highway Services,Fulltime-Regular,Work Force Leader II,10/30/2006,2006,55378.71
M,FRS,Fire and Rescue Services,Station 30,Fulltime-Regular,Master Firefighter/Rescuer,02/08/1999,1999,99597.0
F,HHS,Department of Health and Human Services,School Health Services,Parttime-Regular,School Health Room Technician I,08/06/2012,2012,37838.41
F,POL,Department of Police,PSB 1st District Station,Fulltime-Regular,Police Lieutenant,02/06/1995,1995,123902.96
M,OHR,Office of Human Resources,Communications and Strategic Planning Team,Fulltime-Regular,Program Manager II,07/19/1999,1999,118324.32
F,HHS,Department of Health and Human Services,Infants and Toddlers,Fulltime-Regular,Administrative Specialist II,07/15/1988,1988,84022.49
F,FIN,Department of Finance,Division of Fiscal Management,Fulltime-Regular,Manager II,09/20/1999,1999,156511.2
M,DOT,Department of Transportation,Transit Central Communication,Fulltime-Regular,Transit Communications Supervisor,10/18/2010,2010,49618.44
M,HHS,Department of Health and Human Services,TB and Refugee Health,Fulltime-Regular,Principal Administrative Aide,07/01/2013,2013,42649.12
M,COR,Correction and Rehabilitation,DS MCCF Unit 2 Security,Fulltime-Regular,Correctional Officer II (PFC),01/14/2013,2013,51576.0
F,COR,Correction and Rehabilitation,MSD Human Resources,Fulltime-Regular,Program Manager II,07/06/1987,1987,112930.4
F,CCL,County Council,Council Central Staff,Fulltime-Regular,Legislative Analyst III,06/11/2007,2007,112417.99
M,FRS,Fire and Rescue Services,Station 34,Fulltime-Regular,Firefighter/Rescuer II,03/10/2014,2014,50910.0
M,DOT,Department of Transportation,Transit Silver Spring Ride On,Fulltime-Regular,Bus Operator,09/28/2015,2015,40631.32
M,DOT,Department of Transportation,Transit Gaithersburg Ride On,Fulltime-Regular,Bus Operator,01/09/2012,2012,43525.72
F,FRS,Fire and Rescue Services,Emergency Medical Services,Fulltime-Regular,Administrative Specialist I,10/06/1975,1975,71644.96
F,DOT,Department of Transportation,Transit Management Services,Fulltime-Regular,Manager III,10/11/1988,1988,135392.0
M,COR,Correction and Rehabilitation,PRRS Facility and Security,Fulltime-Regular,Resident Supervisor II,04/02/2003,2003,54580.21
M,DEP,Department of Environmental Protection,Solid Waste Services Collection Operations,Fulltime-Regular,Program Specialist II,11/28/2004,2004,84974.0
M,DOT,Department of Transportation,Transit Gaithersburg Ride On,Fulltime-Regular,Bus Operator,06/30/2014,2014,42053.33
M,DEP,Department of Environmental Protection,Solid Waste Services Collection Operations,Fulltime-Regular,Program Specialist II,09/22/2014,2014,70718.47
F,HHS,Department of Health and Human Services,Early Childhood Services,Parttime-Regular,Therapist II,02/09/2015,2015,30569.71
F,POL,Department of Police,MSB Communications Division,Fulltime-Regular,Public Safety Communications Specialist II,12/01/2014,2014,48571.6
M,FRS,Fire and Rescue Services,Station 23,Fulltime-Regular,Fire/Rescue Lieutenant,06/07/2004,2004,88168.0
F,HHS,Department of Health and Human Services,School Health Services,Fulltime-Regular,Community Health Nurse II,08/18/1997,1997,97912.0
M,DOT,Department of Transportation,Transit Gaithersburg Ride On,Fulltime-Regular,Bus Operator,05/20/2013,2013,43525.72
M,FRS,Fire and Rescue Services,Recruit Training,Fulltime-Regular,Firefighter/Rescuer I (Recruit),12/12/2016,2016,45261.0
F,HHS,Department of Health and Human Services,Area Health Centers,Fulltime-Regular,Community Services Aide III,12/02/2014,2014,47940.15
M,DOT,Department of Transportation,Transit Gaithersburg Ride On,Fulltime-Regular,Bus Operator,05/16/2016,2016,39257.31
F,REC,Department of Recreation,Holiday Park Senior Center,Fulltime-Regular,Recreation Specialist,08/07/2006,2006,68028.09
F,POL,Department of Police,FSB Traffic Division Automated Traffic Enforcement Section,Fulltime-Regular,Police Aide,02/05/2006,2006,46626.06
M,DOT,Department of Transportation,Transportation Planning and Design Section,Fulltime-Regular,Manager III,02/26/2001,2001,135392.0
M,FRS,Fire and Rescue Services,Station 11,Fulltime-Regular,Firefighter/Rescuer III,03/27/2006,2006,68015.0
M,FRS,Fire and Rescue Services,Information Technology,Fulltime-Regular,Manager III,11/12/2002,2002,135392.0
F,REC,Department of Recreation,Management Services,Fulltime-Regular,Information Technology Specialist I,08/10/2015,2015,63450.68
M,FRS,Fire and Rescue Services,Station 21,Fulltime-Regular,Firefighter/Rescuer III,06/04/2012,2012,63345.0
F,DGS,Department of General Services,Building Design and Construction,Fulltime-Regular,Manager III,01/22/2007,2007,135392.0
M,SHF,Sheriff's Office,Administration,Fulltime-Regular,Deputy Sheriff Candidate,07/11/2016,2016,47693.0
M,DPS,Department of Permitting Services,Zoning,Fulltime-Regular,Permitting Services Specialist II,06/11/1984,1984,100849.36
F,POL,Department of Police,PSB 2nd District Patrol,Fulltime-Regular,Police Services Assistant,10/02/1989,1989,69222.18
F,COR,Correction and Rehabilitation,DS MCCF Unit 1 Security,Fulltime-Regular,Correctional Shift Commander (Lieutenant),12/08/1997,1997,100688.0
M,DOT,Department of Transportation,Highway Services,Fulltime-Regular,Equipment Operator I,01/14/2013,2013,41781.91
M,NDA,Non-Departmental Account,MCERP,Fulltime-Regular,Investment Officer,05/09/2011,2011,115370.7
M,POL,Department of Police,MSB Personnel Division Background Section,Fulltime-Regular,Background Screening Specialist,06/13/1994,1994,81824.52
M,LIB,Department of Public Libraries,Olney Library,Parttime-Regular,Library Aide,03/23/2015,2015,15834.05
M,POL,Department of Police,PSB 4th District Patrol,Fulltime-Regular,Police Officer I,10/06/2014,2014,53788.0
F,HHS,Department of Health and Human Services,Income Supports,Fulltime-Regular,Principal Administrative Aide,02/17/1987,1987,60201.44
F,POL,Department of Police,ISB Criminal Investigations Division Forensic Services Section,Fulltime-Regular,Forensics Specialist I,07/16/2012,2012,50785.5
F,HHS,Department of Health and Human Services,Income Supports,Fulltime-Regular,Executive Administrative Aide,04/26/1972,1972,71830.44
F,POL,Department of Police,MSB Information Mgmt and Tech Division Warrant Control Section,Fulltime-Regular,Office Services Coordinator,10/20/2003,2003,53269.92
M,FRS,Fire and Rescue Services,Station 14,Fulltime-Regular,Firefighter/Rescuer III,02/14/2000,2000,80784.0
F,DOT,Department of Transportation,Highway Services,Fulltime-Regular,Management and Budget Specialist III,10/29/2007,2007,95741.4
F,DEP,Department of Environmental Protection,Water Quality Monitoring and Planning,Fulltime-Regular,Planning Specialist III,01/22/2007,2007,90738.67
F,SHF,Sheriff's Office,Sheriff Domestic Violence,Fulltime-Regular,Client Assistance Specialist,06/01/2015,2015,50785.86
M,DOT,Department of Transportation,Highway Services,Fulltime-Regular,Equipment Operator Apprentice,04/04/2016,2016,33395.15
M,FRS,Fire and Rescue Services,Station 33,Fulltime-Regular,Firefighter/Rescuer III,02/22/1994,1994,83611.44
F,POL,Department of Police,FSB Traffic Division School Safety Section,Parttime-Regular,Crossing Guard,11/04/2002,2002,22529.52
M,REC,Department of Recreation,Bauer Drive Community Recreation Center,Fulltime-Regular,Recreation Specialist,01/28/2001,2001,67461.19
F,HHS,Department of Health and Human Services,Child and Adolescent Mental Health Clinic Services,Fulltime-Regular,Supervisory Therapist,07/27/2015,2015,85606.4
F,CEC,Community Engagement Cluster,Regional Services Centers,Fulltime-Regular,Director Regional Services Center,11/02/2015,2015,155000.0
F,COR,Correction and Rehabilitation,DS MCCF Unit 1 Security,Fulltime-Regular,Correctional Officer III (Corporal),02/10/2003,2003,72185.0
M,FRS,Fire and Rescue Services,Station 4,Fulltime-Regular,Firefighter/Rescuer III,03/27/2006,2006,68015.0
F,NDA,Non-Departmental Account,CCT State Positions Supplement,Fulltime-Regular,Secretary to Appellate Judge,05/08/1998,1998,9196.0
M,DOT,Department of Transportation,Transit Gaithersburg Ride On,Fulltime-Regular,Transit Coordinator,08/08/1999,1999,69459.43
F,POL,Department of Police,ISB Criminal Investigations Division 4th District Investigative Section,Fulltime-Regular,Office Services Coordinator,05/29/2001,2001,57625.16
M,FRS,Fire and Rescue Services,Safety,Fulltime-Regular,Fire/Rescue Captain,11/16/1992,1992,114087.02
M,DLC,Department of Liquor Control,Fallsgrove,Fulltime-Regular,Liquor Store Manager,04/07/2002,2002,68511.6
F,DPS,Department of Permitting Services,Customer Service & Outreach,Fulltime-Regular,Permit Technician II,09/16/1991,1991,72534.66
M,FRS,Fire and Rescue Services,Station 3,Fulltime-Regular,Firefighter/Rescuer III,03/19/2007,2007,65716.0
M,DOT,Department of Transportation,Transit Gaithersburg Ride On,Fulltime-Regular,Bus Operator,04/25/2005,2005,52472.35
F,HHS,Department of Health and Human Services,Income Supports,Fulltime-Regular,Income Assistance Program Supervisor,11/10/1993,1993,97447.18
M,FRS,Fire and Rescue Services,Station 8,Fulltime-Regular,Master Firefighter/Rescuer,03/19/2007,2007,80986.0
M,OMB,Office of Management and Budget,Capital Budget Management,Fulltime-Regular,Management and Budget Specialist III,05/18/2015,2015,81695.34
M,POL,Department of Police,MSB Communications Division,Fulltime-Regular,Public Safety Emergency Communications Specialist III,10/05/1998,1998,77343.0
F,COR,Correction and Rehabilitation,PRRS Facility and Security,Fulltime-Regular,Resident Supervisor II,07/01/2001,2001,60515.7
M,POL,Department of Police,PSB 2nd District Patrol,Fulltime-Regular,Master Police Officer,07/18/2005,2005,79227.0
F,CUS,Community Use of Public Facilities,Scheduling Team,Fulltime-Regular,Program Specialist II,08/31/1997,1997,68521.95
F,HHS,Department of Health and Human Services,Area Health Centers,Fulltime-Regular,Community Health Nurse II,04/19/2004,2004,97912.0
F,HHS,Department of Health and Human Services,Child and Adolescent Mental Health Clinic Services,Fulltime-Regular,Therapist II,10/30/2006,2006,76311.46
M,POL,Department of Police,ISB Family Crimes Division Child Abuse Sexual Assault Section,Fulltime-Regular,Police Officer II,08/12/2013,2013,69429.0
F,POL,Department of Police,PSB 2nd District Patrol,Fulltime-Regular,Police Services Assistant,10/02/1995,1995,69222.18
F,HHS,Department of Health and Human Services,School Health Services,Fulltime-Regular,Community Health Nurse II,01/22/2007,2007,93046.48
M,DEP,Department of Environmental Protection,Solid Waste Services Recycling,Fulltime-Regular,Program Specialist I,04/21/2014,2014,49263.67
M,POL,Department of Police,ISB Criminal Investigations Division 5th District Investigative Section,Fulltime-Regular,Master Police Officer,02/06/1995,1995,97392.47
M,LIB,Department of Public Libraries,Davis Library,Parttime-Regular,Library Assistant I,11/04/2013,2013,18723.15
M,HHS,Department of Health and Human Services,Income Supports,Fulltime-Regular,Income Assistance Program Specialist II,03/19/2001,2001,74146.46
M,DGS,Department of General Services,Facilities Maintenance,Fulltime-Regular,Building Services Worker II,07/05/1988,1988,47863.07
F,HHS,Department of Health and Human Services,Emergency Housing Assistance,Fulltime-Regular,Principal Administrative Aide,09/05/2000,2000,57068.37
M,POL,Department of Police,FSB Animal Services Division,Fulltime-Regular,Code Enforcement Inspector III,07/22/2002,2002,68888.03
F,HHS,Department of Health and Human Services,24 Hours Crisis Center,Fulltime-Regular,Therapist II,07/07/2008,2008,88908.19
F,HHS,Department of Health and Human Services,Adult Shelters,Fulltime-Regular,Program Manager II,07/07/1988,1988,105743.92
F,HHS,Department of Health and Human Services,Behavioral Health Community Support Services,Fulltime-Regular,Behavioral Health Associate Counselor,10/08/2001,2001,78593.12
M,LIB,Department of Public Libraries,White Oak Library,Parttime-Regular,Library Assistant I,06/06/1982,1982,18723.15
F,CCL,County Council,Council Central Staff,Fulltime-Regular,Administrative Specialist II,10/03/2005,2005,78293.44
M,POL,Department of Police,ISB Criminal Investigations Division Central Auto Theft Section,Fulltime-Regular,Police Officer III,06/25/1990,1990,92756.7
M,HHS,Department of Health and Human Services,Adult Protective and Case Management Services,Fulltime-Regular,Manager II,01/25/1988,1988,149743.2
M,REC,Department of Recreation,Countywide Programs Sports,Fulltime-Regular,Recreation Specialist,10/07/2002,2002,79747.8
F,PRO,Office of Procurement,Procurement Operations Section,Fulltime-Regular,Procurement Specialist I,06/15/2015,2015,52518.43
M,DGS,Department of General Services,Fleet Management Fleet Services,Fulltime-Regular,Mechanic Technician II,01/12/2004,2004,67952.64
M,DOT,Department of Transportation,Transit Silver Spring Ride On,Fulltime-Regular,Bus Operator,02/22/2016,2016,39257.31
M,POL,Department of Police,ISB Criminal Investigations Division Financial Crimes Section,Fulltime-Regular,Police Officer III,06/22/1998,1998,89620.0
M,POL,Department of Police,PSB 5th District Traffic Squad,Fulltime-Regular,Police Officer III,06/25/1990,1990,92756.7
F,HHS,Department of Health and Human Services,School Health Services,Parttime-Regular,School Health Room Technician I,08/06/2012,2012,37838.45
M,DTS,Department of Technology Services,COO Office,Fulltime-Regular,Manager I,10/05/1998,1998,175110.42
M,DLC,Department of Liquor Control,Beer Warehouse Operations,Fulltime-Regular,Warehouse Equipment Operator,11/27/1989,1989,60201.44
M,COR,Correction and Rehabilitation,PRRS Facility and Security,Fulltime-Regular,Resident Supervisor II,01/13/2003,2003,66409.05
F,POL,Department of Police,PSB 1st District Station,Fulltime-Regular,Police Lieutenant,07/06/1992,1992,123902.96
M,COR,Correction and Rehabilitation,DS MCCF Unit 2 Security,Fulltime-Regular,Correctional Officer I (Private),11/02/2015,2015,45852.0
F,DLC,Department of Liquor Control,Fallsgrove,Parttime-Regular,Liquor Store Clerk I,05/20/2012,2012,29779.07
F,FRS,Fire and Rescue Services,HR Labor Relations,Fulltime-Regular,Administrative Specialist III,05/31/2016,2016,74370.0
M,DOT,Department of Transportation,Transit Nicholson Ride On,Fulltime-Regular,Transit Coordinator,01/11/1998,1998,57718.21
M,DGS,Department of General Services,Fleet Management Administration,Fulltime-Regular,Senior Mechanic Technician,03/30/2009,2009,62971.42
M,DTS,Department of Technology Services,EASD Web and Mobile Applications,Fulltime-Regular,Information Technology Specialist II,05/15/2006,2006,93396.0
F,HHS,Department of Health and Human Services,Positive Youth Development,Fulltime-Regular,Community Services Aide III,02/16/2010,2010,49618.44
F,HHS,Department of Health and Human Services,24 Hours Crisis Center,Fulltime-Regular,Therapist II,11/13/2006,2006,72697.36
F,DEP,Department of Environmental Protection,Stormwater Facility Inspection and Maintenance,Fulltime-Regular,Office Services Coordinator,12/14/1992,1992,69222.18
M,DOT,Department of Transportation,Transit Nicholson Ride On,Fulltime-Regular,Bus Operator,03/02/2008,2008,46626.87
M,POL,Department of Police,FSB Animal Services Division,Fulltime-Regular,Code Enforcement Inspector II,01/26/2015,2015,46504.09
M,DGS,Department of General Services,Fleet Management Services,Fulltime-Regular,Supply Technician III,10/18/2004,2004,58448.0
M,FRS,Fire and Rescue Services,Station 25,Fulltime-Regular,Firefighter/Rescuer III,06/04/2012,2012,59302.0
F,POL,Department of Police,FSB Traffic Division School Safety Section,Parttime-Regular,Crossing Guard,02/06/2006,2006,20419.48
F,COR,Correction and Rehabilitation,DS MCCF Unit 1 Security,Fulltime-Regular,Correctional Officer III (Corporal),01/06/2003,2003,74713.0
F,DTS,Department of Technology Services,COO Office - Management Services,Fulltime-Regular,Program Manager II,04/24/1989,1989,105743.92
F,POL,Department of Police,MSB Management and Budget Division,Fulltime-Regular,Management and Budget Specialist III,12/08/2008,2008,102664.0
M,DOT,Department of Transportation,Highway Services,Fulltime-Regular,Equipment Operator I,02/21/1995,1995,63067.93
F,HHS,Department of Health and Human Services,Child Welfare Services,Fulltime-Regular,Office Services Coordinator,12/07/1998,1998,67206.0
M,POL,Department of Police,PSB 6th District Special Assignment Team,Fulltime-Regular,Police Officer III,06/11/2007,2007,70435.0
M,FRS,Fire and Rescue Services,Station 24,Fulltime-Regular,Firefighter/Rescuer III,01/14/2013,2013,55328.0
M,DOT,Department of Transportation,Transit Silver Spring Ride On,Fulltime-Regular,Bus Operator,04/04/2016,2016,39257.31
M,POL,Department of Police,PSB 6th District Patrol,Fulltime-Regular,Police Officer II,08/12/2013,2013,58455.0
F,HHS,Department of Health and Human Services,Emergency Housing Assistance,Fulltime-Regular,Community Services Aide III,08/03/1992,1992,76015.03
F,POL,Department of Police,FSB Traffic Division School Safety Section,Parttime-Regular,Crossing Guard,10/26/2009,2009,18416.33
M,DLC,Department of Liquor Control,Beer Delivery Operations,Fulltime-Regular,Truck Driver/Warehouse Worker,07/28/2003,2003,55376.69
M,DGS,Department of General Services,Facilities Major Programs,Fulltime-Regular,Program Manager I,09/13/1993,1993,92629.77
M,DOT,Department of Transportation,Highway Services,Fulltime-Regular,Equipment Operator I,11/07/2011,2011,43244.28
M,DPS,Department of Permitting Services,Land Development Sediment Stormwater Plan Review,Fulltime-Regular,Senior Permitting Services Specialist,08/10/1992,1992,110886.71
M,COR,Correction and Rehabilitation,DS MCDC Custody and Security,Fulltime-Regular,Correctional Officer III (Corporal),08/06/2007,2007,62903.0
M,REC,Department of Recreation,Kennedy Shriver Aquatic Center,Fulltime-Regular,Recreation Specialist,06/25/1995,1995,67678.71
M,DOT,Department of Transportation,Transit Silver Spring Ride On,Fulltime-Regular,Bus Operator,09/28/2015,2015,40631.32
M,FRS,Fire and Rescue Services,Station 16,Fulltime-Regular,Firefighter/Rescuer III,12/13/2004,2004,72861.0
M,HHS,Department of Health and Human Services,Adult Protective and Case Management Services,Parttime-Regular,Office Clerk,04/27/2010,2010,17269.0
F,SHF,Sheriff's Office,Administration,Fulltime-Regular,Deputy Sheriff Candidate,08/10/2015,2015,47693.0
M,DOT,Department of Transportation,Transit Gaithersburg Ride On,Fulltime-Regular,Bus Operator,10/28/2008,2008,42053.33
M,DPS,Department of Permitting Services,Fire Code Compliance,Fulltime-Regular,Permitting and Code Enforcement Inspector III,09/08/2014,2014,77397.73
M,DHS,Office of Emergency Management and Homeland Security,Operations and Training,Fulltime-Regular,Emergency Management Specialist II,10/20/2014,2014,79722.99
M,DOT,Department of Transportation,Transit Silver Spring Ride On,Fulltime-Regular,Bus Operator,03/21/2011,2011,43525.72
M,FRS,Fire and Rescue Services,Recruit Training,Fulltime-Regular,Firefighter/Rescuer I (Recruit),12/12/2016,2016,45261.0
F,HHS,Department of Health and Human Services,Victim Assistance and Sexual Assault Program,Fulltime-Regular,Therapist II,06/17/1985,1985,100849.36
M,POL,Department of Police,PSB 1st District Patrol,Fulltime-Regular,Police Sergeant,12/08/1986,1986,107128.71
M,DTS,Department of Technology Services,ERP Access Control,Fulltime-Regular,Senior Information Technology Specialist,04/20/2015,2015,110925.31
M,COR,Correction and Rehabilitation,DS MCCF Unit 3 Security,Fulltime-Regular,Correctional Officer II (PFC),02/09/2015,2015,48145.0
F,POL,Department of Police,PSB 6th District Patrol,Fulltime-Regular,Police Sergeant,09/12/1988,1988,107128.71
M,DLC,Department of Liquor Control,Beer Warehouse Operations,Fulltime-Regular,Supply Technician II,08/11/2014,2014,36707.05
M,COR,Correction and Rehabilitation,MSD Budget/Procurement and Contracts,Fulltime-Regular,Management and Budget Specialist III,10/07/2002,2002,102664.0
M,FRS,Fire and Rescue Services,Emergency Communications Center (ECC),Fulltime-Regular,Fire/Rescue Lieutenant,05/16/2005,2005,93886.0
F,COR,Correction and Rehabilitation,DS Intake Classification and Re-Entry Services,Fulltime-Regular,Social Worker III,07/25/2016,2016,73000.0
F,POL,Department of Police,FSB Traffic Division School Safety Section,Parttime-Regular,Crossing Guard,03/09/2015,2015,16610.68
F,POL,Department of Police,FSB Traffic Division School Safety Section,Parttime-Regular,Crossing Guard,04/02/2001,2001,24134.31
M,LIB,Department of Public Libraries,Quince Orchard Library,Parttime-Regular,Library Assistant I,12/20/2004,2004,34824.37
F,HHS,Department of Health and Human Services,Maternity Dental,Fulltime-Regular,Office Services Coordinator,01/24/2005,2005,52911.27
M,FRS,Fire and Rescue Services,Station 32,Fulltime-Regular,Master Firefighter/Rescuer,05/16/2005,2005,77434.0
F,HHS,Department of Health and Human Services,"Chief, Public Health",Fulltime-Regular,Manager II,09/15/2008,2008,156525.0
M,OMB,Office of Management and Budget,Capital Budget Management,Fulltime-Regular,Senior Management and Budget Specialist,11/21/2011,2011,98181.41
F,HHS,Department of Health and Human Services,24 Hours Crisis Center,Fulltime-Regular,Community Health Nurse II,07/28/2015,2015,80002.98
M,POL,Department of Police,FSB Traffic Division School Safety Section,Parttime-Regular,Crossing Guard,06/04/2012,2012,17793.56
F,HHS,Department of Health and Human Services,Income Supports,Fulltime-Regular,Income Assistance Program Specialist II,05/22/2000,2000,81066.0
F,POL,Department of Police,FSB Traffic Division School Safety Section,Parttime-Regular,Crossing Guard,09/12/1994,1994,20419.36
F,DPS,Department of Permitting Services,Central Services Unit,Fulltime-Regular,Administrative Specialist II,07/09/2001,2001,75597.04
F,LIB,Department of Public Libraries,Gaithersburg Library,Parttime-Regular,Library Desk Assistant,04/18/2006,2006,21357.88
F,HHS,Department of Health and Human Services,Child Welfare Services,Fulltime-Regular,Social Worker IV,08/20/2007,2007,76420.03
F,HHS,Department of Health and Human Services,Income Supports,Fulltime-Regular,Income Assistance Program Supervisor,01/04/1999,1999,97912.0
F,POL,Department of Police,FSB Media Services Division,Fulltime-Regular,Office Services Coordinator,10/20/2003,2003,67982.93
M,DOT,Department of Transportation,Transit Gaithersburg Ride On,Fulltime-Regular,Bus Operator,10/18/2004,2004,55123.38
F,POL,Department of Police,ISB Criminal Investigations Division Financial Crimes Section,Fulltime-Regular,Police Officer III,01/18/1994,1994,92756.7
M,DEP,Department of Environmental Protection,Solid Waste Services Operations,Fulltime-Regular,Refuse Disposal Cashier,01/24/2011,2011,43525.72
F,HHS,Department of Health and Human Services,School Health Services,Parttime-Regular,Community Health Nurse II,03/11/2013,2013,69023.5
M,FRS,Fire and Rescue Services,Station 8,Fulltime-Regular,Master Firefighter/Rescuer,01/03/1988,1988,95187.98
F,SHF,Sheriff's Office,Court and Transport,Fulltime-Regular,Deputy Sheriff III,07/21/2003,2003,77029.0
F,HHS,Department of Health and Human Services,Director's Office,Fulltime-Regular,Intergovernmental Relations Legislative Analyst,02/22/2016,2016,94695.12
M,COR,Correction and Rehabilitation,DS MCCF Custody and Security,Fulltime-Regular,Correctional Shift Commander (Lieutenant),04/28/1997,1997,100688.0
M,DOT,Department of Transportation,Highway Services,Fulltime-Regular,Equipment Operator I,11/01/2005,2005,47947.55
M,FRS,Fire and Rescue Services,Station 32,Fulltime-Regular,Firefighter/Rescuer II,09/22/2014,2014,50910.0
F,HHS,Department of Health and Human Services,Child and Adolescent Mental Health Clinic Services,Fulltime-Regular,Therapist II,05/02/2016,2016,59072.0
M,DOT,Department of Transportation,Transit Silver Spring Ride On,Fulltime-Regular,Motor Pool Attendant,09/12/2011,2011,45049.12
M,PIO,Office of Public Information,MC311,Fulltime-Regular,Customer Service Representative II,04/08/2013,2013,55429.52
M,DOT,Department of Transportation,Transit Gaithersburg Ride On,Fulltime-Regular,Bus Operator,11/27/1995,1995,66065.23
M,FRS,Fire and Rescue Services,HR Labor Relations,Fulltime-Regular,Fire/Rescue Assistant Chief,11/28/1988,1988,149529.08
M,POL,Department of Police,MSB Communications Division,Fulltime-Regular,Public Safety Communications Specialist I,11/30/2015,2015,42662.89
M,FRS,Fire and Rescue Services,Station 31,Fulltime-Regular,Fire/Rescue Captain,11/17/1997,1997,112266.0
F,BOE,Board of Elections,Registration Services,Fulltime-Regular,Office Services Coordinator,12/15/2003,2003,52081.11
F,HHS,Department of Health and Human Services,Fiscal Team,Fulltime-Regular,Accountant/Auditor I,08/21/1967,1967,76015.03
F,DEP,Department of Environmental Protection,Solid Waste Services Administration,Fulltime-Regular,Accountant/Auditor III,01/29/2001,2001,93396.0
M,DPS,Department of Permitting Services,Site Plan Enforcement,Fulltime-Regular,Permitting and Code Enforcement Inspector III,08/10/1998,1998,93396.0
F,HHS,Department of Health and Human Services,School Health Services,Parttime-Regular,School Health Room Technician II,08/14/2000,2000,54154.01
F,SHF,Sheriff's Office,Court and Transport,Fulltime-Regular,Deputy Sheriff Lieutenant,01/18/1994,1994,106448.44
F,DTS,Department of Technology Services,COO Office - Management Services,Fulltime-Regular,Manager III,08/24/1987,1987,135187.92
F,DLC,Department of Liquor Control,King Farm,Fulltime-Regular,Liquor Store Clerk II,09/08/2014,2014,40946.26
M,FRS,Fire and Rescue Services,Station 30,Fulltime-Regular,Master Firefighter/Rescuer,09/04/2001,2001,99597.0
F,LIB,Department of Public Libraries,Aspen Hill Library,Parttime-Regular,Library Associate,06/27/1997,1997,25167.75
M,POL,Department of Police,PSB 6th District Station,Fulltime-Regular,Police District Station Assistant,07/08/1996,1996,73775.81
F,HHS,Department of Health and Human Services,Nursing Home Inspections,Fulltime-Regular,Community Health Nurse II,03/26/2012,2012,81646.1
M,POL,Department of Police,PSB 3rd District Patrol,Fulltime-Regular,Police Officer III,09/12/1988,1988,92756.7
M,DOT,Department of Transportation,Transit Gaithersburg Ride On,Fulltime-Regular,Bus Operator,05/14/2007,2007,48258.81
M,DLC,Department of Liquor Control,Beer Warehouse Operations,Fulltime-Regular,Work Force Leader II,12/07/1992,1992,58857.11
M,DTS,Department of Technology Services,ESOD Data Center Operations,Fulltime-Regular,Senior Information Technology Specialist,09/08/1986,1986,113453.3
F,HHS,Department of Health and Human Services,Chief Office of Community Affairs,Fulltime-Regular,Manager II,07/12/2004,2004,142353.83
F,LIB,Department of Public Libraries,Rockville Library,Parttime-Regular,Library Associate II,07/21/2005,2005,30257.86
F,HHS,Department of Health and Human Services,School Health Services,Parttime-Regular,Community Health Nurse II,01/12/2004,2004,48956.0
F,DLC,Department of Liquor Control,Hampden Lane,Parttime-Regular,Liquor Store Clerk I,10/06/2014,2014,29779.09
M,FRS,Fire and Rescue Services,Station 23,Fulltime-Regular,Firefighter/Rescuer III,09/04/2007,2007,65716.0
M,FRS,Fire and Rescue Services,Station 5,Fulltime-Regular,Firefighter/Rescuer II,09/22/2014,2014,50910.0
F,HHS,Department of Health and Human Services,Child Welfare Services,Fulltime-Regular,Child Welfare Caseworker,01/03/1995,1995,96197.88
F,POL,Department of Police,FSB Traffic Division School Safety Section,Fulltime-Regular,Principal Administrative Aide,11/28/1994,1994,60201.44
M,POL,Department of Police,ISB Major Crimes Division Homicide and Sex Section,Fulltime-Regular,Police Officer III,08/19/1996,1996,92756.7
M,DOT,Department of Transportation,Transit Gaithersburg Ride On,Fulltime-Regular,Bus Operator,03/02/2008,2008,46626.87
M,FRS,Fire and Rescue Services,Fifth Battalion - Administration,Fulltime-Regular,Fire/Rescue Battalion Chief,05/20/1974,1974,141027.78
F,DOT,Department of Transportation,Director Management Services,Fulltime-Regular,Senior Engineer,09/10/1990,1990,116285.97
M,DHS,Office of Emergency Management and Homeland Security,Operations and Training,Fulltime-Regular,Manager III,12/24/2001,2001,113931.12
M,DOT,Department of Transportation,Transit Gaithersburg Ride On,Fulltime-Regular,Transit Operations Supervisor,03/22/1998,1998,77343.0
M,FRS,Fire and Rescue Services,Station 31,Fulltime-Regular,Master Firefighter/Rescuer,01/12/1998,1998,97560.0
F,POL,Department of Police,MSB Communications Division,Fulltime-Regular,Public Safety Communications Specialist III,12/18/1989,1989,79663.29
M,DPS,Department of Permitting Services,Fire Protection,Fulltime-Regular,Senior Permitting Services Specialist,02/24/2014,2014,81066.8
M,COR,Correction and Rehabilitation,DS MCCF Unit 3 Security,Fulltime-Regular,Correctional Officer III (Corporal),07/23/2001,2001,77328.0
M,DPS,Department of Permitting Services,Building Construction Permit Processing,Fulltime-Regular,Permit Technician I,08/18/1997,1997,49017.51
F,HHS,Department of Health and Human Services,Income Supports,Fulltime-Regular,Office Services Coordinator,08/21/2000,2000,57068.63
M,POL,Department of Police,PSB 2nd District Community Action Team,Fulltime-Regular,Police Sergeant,01/06/2003,2003,96624.0
M,COR,Correction and Rehabilitation,DS MCDC Central Processing Unit,Fulltime-Regular,Correctional Officer II (PFC),05/17/2004,2004,63404.0
M,FRS,Fire and Rescue Services,Emergency Communications Center (ECC),Fulltime-Regular,Fire/Rescue Lieutenant,02/08/1999,1999,102805.0
M,DLC,Department of Liquor Control,Clarksburg Village,Parttime-Regular,Liquor Store Clerk I,12/19/2012,2012,29779.06
F,DOT,Department of Transportation,Transit Gaithersburg Ride On,Fulltime-Regular,Bus Operator,05/21/2013,2013,43525.72
M,FRS,Fire and Rescue Services,Station 23,Fulltime-Regular,Fire/Rescue Lieutenant,09/11/2000,2000,106456.0
M,POL,Department of Police,PSB 4th District Patrol,Fulltime-Regular,Police Officer I,06/01/2015,2015,51969.0
M,COR,Correction and Rehabilitation,DS MCCF Unit 3 Security,Fulltime-Regular,Correctional Officer III (Corporal),09/29/2008,2008,62903.0
M,HHS,Department of Health and Human Services,Cancer and Tobacco Prevention,Fulltime-Regular,Program Manager II,06/11/1990,1990,104717.28
F,DTS,Department of Technology Services,Franchise Enforcement,Fulltime-Regular,Manager III,10/21/2001,2001,117137.25
F,LIB,Department of Public Libraries,Germantown Library,Fulltime-Regular,Librarian II,11/03/2014,2014,69181.11
F,HHS,Department of Health and Human Services,Behavioral Health Planning and Management,Fulltime-Regular,Manager III,01/05/1987,1987,117846.56
M,POL,Department of Police,PSB 1st District Special Assignment Team,Fulltime-Regular,Police Officer III,07/02/2001,2001,89620.0
M,DGS,Department of General Services,Fleet Management Services,Fulltime-Regular,Senior Supply Technician,04/21/2014,2014,60639.11
F,COR,Correction and Rehabilitation,PTS Assessment,Fulltime-Regular,Correctional Specialist II,09/02/2008,2008,64710.56
M,HRC,Office of Human Rights,Director's Office,Fulltime-Regular,Office Services Coordinator,10/14/2002,2002,58605.82
F,HHS,Department of Health and Human Services,School Health Services,Parttime-Regular,School Health Room Technician I,04/14/1997,1997,55251.81
M,POL,Department of Police,FSB Special Operations Division Canine Section,Fulltime-Regular,Police Sergeant,01/18/1994,1994,107128.71
F,HHS,Department of Health and Human Services,School Health Services,Parttime-Regular,School Health Room Technician I,05/14/2001,2001,49829.48
F,POL,Department of Police,FSB Traffic Division School Safety Section,Parttime-Regular,Crossing Guard,08/31/2009,2009,18416.04
M,COR,Correction and Rehabilitation,DS MCDC Custody and Security,Fulltime-Regular,Correctional Officer III (Corporal),04/15/2002,2002,74713.0
F,REC,Department of Recreation,Facilities Division,Fulltime-Regular,Recreation Coordinator,04/09/2015,2015,44753.0
F,FIN,Department of Finance,Tax Operations,Fulltime-Regular,Program Manager II,05/21/2012,2012,87236.83
M,DOT,Department of Transportation,Transit Gaithersburg Ride On,Fulltime-Regular,Bus Operator,03/30/2015,2015,42053.42
F,HHS,Department of Health and Human Services,24 Hours Crisis Center,Fulltime-Regular,Behavioral Health Technician,10/21/1991,1991,79459.87
F,HHS,Department of Health and Human Services,Urine Monitoring Program,Fulltime-Regular,Community Services Aide III,01/30/1989,1989,76015.03
F,HHS,Department of Health and Human Services,Health Planning and Epidemiology,Fulltime-Regular,Planning Specialist III,12/17/2012,2012,93396.0
M,DEP,Department of Environmental Protection,Solid Waste Services Collection Operations,Fulltime-Regular,Program Manager II,04/11/1988,1988,104717.28
M,FRS,Fire and Rescue Services,Station 25,Fulltime-Regular,Firefighter/Rescuer II,07/29/2013,2013,52693.0
M,FRS,Fire and Rescue Services,Station 19,Fulltime-Regular,Master Firefighter/Rescuer,09/20/1993,1993,91969.07
M,POL,Department of Police,ISB Major Crimes Division Fugitive Section,Fulltime-Regular,Master Police Officer,09/12/1988,1988,97392.47
M,FRS,Fire and Rescue Services,Station 7,Fulltime-Regular,Master Firefighter/Rescuer,02/26/1990,1990,94006.07
M,POL,Department of Police,PSB 1st District Special Assignment Team,Fulltime-Regular,Police Officer III,06/04/2000,2000,72902.0
M,DOT,Department of Transportation,Transit Silver Spring Ride On,Fulltime-Regular,Bus Operator,06/27/2016,2016,39257.31
M,DPS,Department of Permitting Services,Land Development Sediment and Stormwater Inspection,Fulltime-Regular,Permitting and Code Enforcement Inspector III,09/15/2008,2008,89247.9
M,DOT,Department of Transportation,Transit Silver Spring Ride On,Fulltime-Regular,Bus Operator,02/14/2005,2005,52472.96
M,POL,Department of Police,PSB 3rd District Patrol,Fulltime-Regular,Police Officer III,07/16/2007,2007,70435.0
M,DGS,Department of General Services,Fleet Management Fleet Services,Fulltime-Regular,Mechanic Technician II,01/22/2008,2008,61035.5
M,DOT,Department of Transportation,Transit Nicholson Ride On,Fulltime-Regular,Manager III,07/11/1988,1988,93223.09
M,FRS,Fire and Rescue Services,Station 35,Fulltime-Regular,Firefighter/Rescuer III,03/27/2006,2006,75406.0
F,HHS,Department of Health and Human Services,Income Supports,Fulltime-Regular,Principal Administrative Aide,07/14/2014,2014,41100.3
M,POL,Department of Police,PSB 2nd District Patrol,Fulltime-Regular,Police Sergeant,12/16/2002,2002,96624.0
F,HHS,Department of Health and Human Services,Child Welfare Services,Fulltime-Regular,Social Worker III,02/19/2008,2008,70319.8
F,POL,Department of Police,PSB 1st District Educational Facilities Officers,Fulltime-Regular,Police Officer III,08/31/1998,1998,89620.0
M,FRS,Fire and Rescue Services,Station 20,Fulltime-Regular,Fire/Rescue Captain,08/17/1998,1998,118930.0
M,CAT,County Attorney's Office,Finance and Procurement,Fulltime-Regular,Manager II,07/30/2012,2012,151424.07
M,DOT,Department of Transportation,Highway Services,Fulltime-Regular,Manager II,12/02/1991,1991,146991.57
M,FRS,Fire and Rescue Services,Station 8,Fulltime-Regular,Firefighter/Rescuer III,06/04/2012,2012,57265.0
F,COR,Correction and Rehabilitation,PTS Assessment,Fulltime-Regular,Correctional Specialist II,06/04/2012,2012,59676.38
F,DPS,Department of Permitting Services,Information Technology Services,Fulltime-Regular,Senior Information Technology Specialist,04/17/2006,2006,117329.91
M,DOT,Department of Transportation,Transit Gaithersburg Ride On,Fulltime-Regular,Transit Coordinator,08/30/1998,1998,70422.0
M,DLC,Department of Liquor Control,White Oak,Parttime-Regular,Liquor Store Clerk I,05/16/2005,2005,36607.48
M,POL,Department of Police,PSB 4th District Patrol,Fulltime-Regular,Police Officer II,07/16/2012,2012,71860.0
M,FRS,Fire and Rescue Services,Station 16,Fulltime-Regular,Firefighter/Rescuer II,03/10/2014,2014,50910.0
F,HHS,Department of Health and Human Services,School Health Services,Parttime-Regular,School Health Room Technician I,10/09/2000,2000,56123.38
F,LIB,Department of Public Libraries,White Oak Library,Fulltime-Regular,Library Assistant I,03/22/1997,1997,55476.56
M,POL,Department of Police,PSB 1st District Patrol,Fulltime-Regular,Master Police Officer,04/12/1999,1999,94099.0
M,SHF,Sheriff's Office,Sheriff Domestic Violence,Fulltime-Regular,Deputy Sheriff Lieutenant,08/07/1989,1989,106448.44
M,DGS,Department of General Services,Central Duplicating,Fulltime-Regular,Printing Technician II,09/07/2004,2004,49336.81
F,FRS,Fire and Rescue Services,Emergency Communications Center (ECC),Fulltime-Regular,Firefighter/Rescuer III,05/16/2005,2005,75446.0
M,CCL,County Council,Council Members and Staff,Fulltime-Regular,Council Member,12/04/2006,2006,128519.0
M,FRS,Fire and Rescue Services,Station 8,Fulltime-Regular,Master Firefighter/Rescuer,10/17/2005,2005,84825.0
F,POL,Department of Police,MSB Communications Division,Fulltime-Regular,Public Safety Emergency Communications Specialist III,01/18/2011,2011,55298.67
M,DTS,Department of Technology Services,ESOD Server Support,Fulltime-Regular,Senior Information Technology Specialist,12/03/2012,2012,118400.0
F,POL,Department of Police,MSB Training and Education Division,Fulltime-Regular,Police Officer III,01/14/2008,2008,68054.0
F,COR,Correction and Rehabilitation,PTS Assessment,Fulltime-Regular,Correctional Specialist II,03/12/2012,2012,59676.38
M,POL,Department of Police,PSB 1st District Patrol,Fulltime-Regular,Police Officer I,10/06/2014,2014,53788.0
F,HHS,Department of Health and Human Services,Adult Protective and Case Management Services,Fulltime-Regular,Social Worker III,06/26/2006,2006,97190.31
M,FRS,Fire and Rescue Services,Station 22,Fulltime-Regular,Master Firefighter/Rescuer,08/17/1998,1998,97560.0
M,POL,Department of Police,PSB 6th District Patrol,Fulltime-Regular,Police Sergeant,03/03/1997,1997,103506.0
M,FRS,Fire and Rescue Services,Station 15,Fulltime-Regular,Firefighter/Rescuer III,05/22/2011,2011,63345.0
M,POL,Department of Police,PSB 3rd District Patrol,Fulltime-Regular,Police Officer II,02/24/2014,2014,56478.0
M,DOT,Department of Transportation,Transit Gaithersburg Ride On,Fulltime-Regular,Transit Coordinator,04/27/1997,1997,70422.0
M,FRS,Fire and Rescue Services,Station 29,Fulltime-Regular,Firefighter/Rescuer II,03/19/2007,2007,62585.0
M,DOT,Department of Transportation,Highway Services,Fulltime-Regular,Highway Construction Field Supervisor,02/15/1994,1994,93120.47
M,DOT,Department of Transportation,Transit Gaithersburg Ride On,Fulltime-Regular,Bus Operator,03/02/2008,2008,46626.87
M,DGS,Department of General Services,Building Design and Construction,Fulltime-Regular,Manager III,02/22/1988,1988,135378.13
M,DEP,Department of Environmental Protection,Water Quality Monitoring and Planning,Fulltime-Regular,Planning Specialist III,12/07/2009,2009,84019.97
M,DOT,Department of Transportation,Transit Safety and Instruction,Fulltime-Regular,Safety and Training Supervisor,08/10/2015,2015,77753.08
M,CEC,Community Engagement Cluster,Wheaton Urban District,Fulltime-Regular,Urban District Public Service Aide,08/03/1997,1997,46964.65
M,FRS,Fire and Rescue Services,Station 40,Fulltime-Regular,Master Firefighter/Rescuer,05/16/2005,2005,77434.0
M,POL,Department of Police,PSB 6th District Patrol,Fulltime-Regular,Police Officer III,03/01/1999,1999,89620.0
M,DGS,Department of General Services,Facilities Maintenance,Fulltime-Regular,Public Service Craftsworker,12/26/2000,2000,64141.0
F,DPS,Department of Permitting Services,Zoning and Site Plan Enforcement,Fulltime-Regular,Permit Technician I,04/23/2012,2012,44598.62
M,COR,Correction and Rehabilitation,DS MCCF Unit 1 Security,Fulltime-Regular,Correctional Supervisor (Sergeant),12/19/1988,1988,94277.96
M,FRS,Fire and Rescue Services,Station 2,Fulltime-Regular,Firefighter/Rescuer III,03/17/2008,2008,63493.0
F,POL,Department of Police,ISB Criminal Investigations Division 5th District Investigative Section,Fulltime-Regular,Police Officer III,07/14/2008,2008,68054.0
M,POL,Department of Police,PSB 4th District Patrol,Fulltime-Regular,Police Officer I,01/13/2014,2014,53788.0
F,POL,Department of Police,PSB 1st District Patrol,Fulltime-Regular,Police Officer II,01/28/2013,2013,58455.0
F,REC,Department of Recreation,Finance/Payroll/Budget,Fulltime-Regular,Program Aide,11/13/2007,2007,55589.87
M,DGS,Department of General Services,Fleet Management Services,Fulltime-Regular,Supply Technician III,10/12/2009,2009,58448.0
M,DOT,Department of Transportation,Transit Special Transportation and Medicaid,Fulltime-Regular,Accountant/Auditor I,09/23/2013,2013,47878.33
M,SHF,Sheriff's Office,Civil Process,Fulltime-Regular,Deputy Sheriff III,07/17/2006,2006,69475.0
M,DGS,Department of General Services,Fleet Automotive Heavy Equipment,Fulltime-Regular,Manager III,10/30/2006,2006,115769.63
F,HHS,Department of Health and Human Services,Community Support Network for People with Disabilities,Fulltime-Regular,Program Manager II,08/23/2004,2004,92460.09
M,DLC,Department of Liquor Control,Westwood,Parttime-Regular,Liquor Store Clerk I,10/20/2014,2014,29779.09
M,DTS,Department of Technology Services,EASD Geographic Information System,Fulltime-Regular,Senior Information Technology Specialist,10/28/2002,2002,118400.0
M,FRS,Fire and Rescue Services,Station 6,Fulltime-Regular,Firefighter/Rescuer III,11/28/1988,1988,86537.84
M,FRS,Fire and Rescue Services,Scheduling,Fulltime-Regular,Master Firefighter/Rescuer,06/16/1988,1988,97224.98
M,DOT,Department of Transportation,Highway Services,Fulltime-Regular,Equipment Operator II,07/29/2013,2013,42387.44
M,DGS,Department of General Services,Facilities Maintenance,Fulltime-Regular,Electrician II,08/20/2001,2001,77343.0
M,FRS,Fire and Rescue Services,Station 19,Fulltime-Regular,Fire/Rescue Lieutenant,09/04/2001,2001,97755.0
F,REC,Department of Recreation,Management Services,Fulltime-Regular,Fiscal Assistant,05/18/1998,1998,66543.19
F,HHS,Department of Health and Human Services,School Health Services,Fulltime-Regular,Community Health Nurse II,12/04/2000,2000,97912.0
M,DOT,Department of Transportation,Transit Silver Spring Ride On,Fulltime-Regular,Bus Operator,05/26/2015,2015,40631.32
F,CCL,County Council,Council Members and Staff,Fulltime-Regular,Confidential Aide,05/05/2003,2003,146664.49
M,DOT,Department of Transportation,Highway Services,Fulltime-Regular,Equipment Operator I,11/24/2008,2008,44757.56
M,DOT,Department of Transportation,Transit Gaithersburg Ride On,Fulltime-Regular,Bus Operator,03/02/2008,2008,46626.87
M,DLC,Department of Liquor Control,Fallsgrove,Parttime-Regular,Liquor Store Clerk I,04/18/2016,2016,27799.2
F,POL,Department of Police,MSB Management and Budget Division,Fulltime-Regular,Program Manager II,08/06/2001,2001,84537.88
M,DOT,Department of Transportation,Transit Silver Spring Ride On,Fulltime-Regular,Bus Operator,08/17/2015,2015,40631.32
F,DOT,Department of Transportation,Transit Safety and Instruction,Fulltime-Regular,Safety and Training Instructor,10/03/2016,2016,68800.0
M,FRS,Fire and Rescue Services,Emergency Medical Services,Fulltime-Regular,Fire/Rescue Captain,01/16/1983,1983,126781.06
M,DOT,Department of Transportation,Transit Silver Spring Ride On,Fulltime-Regular,Bus Operator,08/08/2016,2016,39257.0
M,POL,Department of Police,PSB 2nd District Community Action Team,Fulltime-Regular,Police Officer III,07/17/2006,2006,72902.0
M,DPS,Department of Permitting Services,Fire Protection,Fulltime-Regular,Senior Permitting Services Specialist,01/14/2013,2013,92361.99
M,POL,Department of Police,ISB Criminal Investigations Division Forensic Services Section,Fulltime-Regular,Latent Print Examiner,09/12/2011,2011,56305.95
F,LIB,Department of Public Libraries,Damascus Library,Fulltime-Regular,Library Assistant I,08/14/1992,1992,60201.44
M,COR,Correction and Rehabilitation,DS MCCF Unit 1 Security,Fulltime-Regular,Correctional Supervisor (Sergeant),04/07/1986,1986,94277.96
F,PIO,Office of Public Information,MC311,Fulltime-Regular,Customer Service Representative II,12/05/2010,2010,57660.28
F,COR,Correction and Rehabilitation,DS Inmate Records,Fulltime-Regular,Administrative Specialist II,08/12/1990,1990,84974.0
M,DGS,Department of General Services,Central Duplicating,Fulltime-Regular,Mail Clerk,10/08/2012,2012,45145.07
M,DOT,Department of Transportation,Transit Safety and Instruction,Fulltime-Regular,Manager III,02/27/2012,2012,110213.2
F,FRS,Fire and Rescue Services,Station 13,Fulltime-Regular,Firefighter/Rescuer III,03/19/2007,2007,73107.0
M,POL,Department of Police,PSB 6th District Patrol,Fulltime-Regular,Police Officer II,08/12/2013,2013,69429.0
F,DOT,Department of Transportation,Highway Services,Fulltime-Regular,Equipment Operator I,09/20/2004,2004,53505.69
M,DOT,Department of Transportation,Transit Gaithersburg Ride On,Fulltime-Regular,Bus Operator,07/17/2012,2012,45048.5
F,LIB,Department of Public Libraries,Chevy Chase Library,Parttime-Regular,Library Associate,08/05/2011,2011,24809.11
F,HHS,Department of Health and Human Services,Income Supports,Fulltime-Regular,Principal Administrative Aide,04/07/2015,2015,39257.31
M,POL,Department of Police,PSB 3rd District Patrol,Fulltime-Regular,Police Officer II,08/12/2013,2013,58455.0
F,HHS,Department of Health and Human Services,Fiscal Team,Fulltime-Regular,Accountant/Auditor III,01/05/1998,1998,85890.73
M,COR,Correction and Rehabilitation,DS MCCF Unit 3 Security,Fulltime-Regular,Correctional Officer III (Corporal),12/17/2001,2001,74713.0
M,COR,Correction and Rehabilitation,DS Inmate Records,Fulltime-Regular,Correctional Records Technician,05/29/2007,2007,52603.81
M,DOT,Department of Transportation,Transit Silver Spring Ride On,Fulltime-Regular,Bus Operator,03/12/2007,2007,48258.81
M,FRS,Fire and Rescue Services,Station 5,Fulltime-Regular,Firefighter/Rescuer II,06/07/2004,2004,69390.0
F,FRS,Fire and Rescue Services,Station 12,Fulltime-Regular,Firefighter/Rescuer II,09/22/2014,2014,50910.0
M,POL,Department of Police,PSB 2nd District Patrol,Fulltime-Regular,Police Officer III,01/18/1994,1994,92756.7
F,HHS,Department of Health and Human Services,Child and Adolescent Mental Health Clinic Services,Fulltime-Regular,Office Services Coordinator,06/29/2015,2015,42367.37
M,FIN,Department of Finance,General Accounting,Fulltime-Regular,Accountant/Auditor I,05/19/2014,2014,70295.68
M,DOT,Department of Transportation,Transit Nicholson Ride On,Fulltime-Regular,Bus Operator,03/30/2015,2015,40631.32
M,DOT,Department of Transportation,Highway Administration,Fulltime-Regular,Engineer III,01/23/2006,2006,102664.0
F,DLC,Department of Liquor Control,Darnestown,Fulltime-Regular,Liquor Store Clerk II,07/28/2013,2013,40946.22
F,DOT,Department of Transportation,Transit Silver Spring Ride On,Fulltime-Regular,Bus Operator,03/30/2015,2015,40631.32
M,FRS,Fire and Rescue Services,Recruit Training,Fulltime-Regular,Firefighter/Rescuer I (Recruit),12/12/2016,2016,45261.0
M,DLC,Department of Liquor Control,Kingsview,Parttime-Regular,Liquor Store Clerk I,03/28/2016,2016,27805.44
M,DOT,Department of Transportation,Transit Silver Spring Ride On,Fulltime-Regular,Bus Operator,07/22/2002,2002,58671.02
M,DGS,Department of General Services,Fleet Management Fleet Services,Fulltime-Regular,Mechanic Technician II,04/14/2008,2008,61035.5
M,POL,Department of Police,PSB 6th District Special Assignment Team,Fulltime-Regular,Police Sergeant,06/13/1994,1994,107128.71
M,FRS,Fire and Rescue Services,Station 6,Fulltime-Regular,Fire/Rescue Captain,02/20/2001,2001,118930.0
M,SHF,Sheriff's Office,Administration,Fulltime-Regular,Assistant Sheriff,06/16/1980,1980,134335.07
M,POL,Department of Police,PSB 2nd District Special Assignment Team,Fulltime-Regular,Police Officer III,06/25/1990,1990,92756.7
F,HHS,Department of Health and Human Services,Tuberculosis Program,Fulltime-Regular,Community Health Nurse II,01/23/2008,2008,89952.79
M,DGS,Department of General Services,Property Management,Fulltime-Regular,Property Manager II,08/24/1987,1987,99870.24
F,FRS,Fire and Rescue Services,Property and Supply Section,Fulltime-Regular,Manager III,10/20/2003,2003,122589.42
F,HHS,Department of Health and Human Services,Emergency Housing Assistance,Fulltime-Regular,Income Assistance Program Specialist III,09/24/2000,2000,89079.0
M,FRS,Fire and Rescue Services,Self Contained Breathing Apparatus (SCBA) Shop,Fulltime-Regular,Program Manager II,04/06/2015,2015,89416.14
F,REC,Department of Recreation,Special Events,Fulltime-Regular,Recreation Specialist,12/31/1984,1984,83198.5
M,CCL,County Council,Council Central Staff,Fulltime-Regular,Information Technology Specialist II,03/11/2013,2013,73709.05
F,POL,Department of Police,PSB 1st District Patrol,Fulltime-Regular,Police Officer II,01/28/2013,2013,58455.0
M,FRS,Fire and Rescue Services,Station 28,Fulltime-Regular,Firefighter/Rescuer III,01/30/2006,2006,70052.0
F,DLC,Department of Liquor Control,Olney,Parttime-Regular,Liquor Store Clerk I,11/09/2012,2012,29779.06
M,POL,Department of Police,MSB Training and Education Division,Fulltime-Regular,Police Officer Candidate,07/11/2016,2016,53788.0
F,HHS,Department of Health and Human Services,School Health Services,Parttime-Regular,School Health Room Technician I,03/10/2003,2003,46516.83
F,HCA,Department of Housing and Community Affairs,Community Development Neighborhood Revitalization,Fulltime-Regular,Office Services Coordinator,02/12/2001,2001,67206.0
M,CCL,County Council,Council Members and Staff,Fulltime-Regular,Legislative Senior Aide I,03/26/2012,2012,50888.16
F,FIN,Department of Finance,General Accounting,Fulltime-Regular,Accountant/Auditor III,09/10/1984,1984,96197.88
M,POL,Department of Police,PSB 2nd District Traffic Squad,Fulltime-Regular,Police Officer II,09/10/2012,2012,64812.0
M,LIB,Department of Public Libraries,Silver Spring Library,Fulltime-Regular,Library Assistant I,08/08/1993,1993,60201.44
M,DLC,Department of Liquor Control,Pike,Parttime-Regular,Liquor Store Clerk I,05/02/2012,2012,29779.07
M,POL,Department of Police,MSB Training and Education Division,Fulltime-Regular,Police Officer Candidate,07/11/2016,2016,50211.0
F,CAT,County Attorney's Office,Human Resources and Appeals,Fulltime-Regular,Manager II,08/26/2002,2002,156525.0
F,CAT,County Attorney's Office,Administration,Fulltime-Regular,Office Services Coordinator,10/11/1994,1994,65920.57
M,DOT,Department of Transportation,Highway Administration,Fulltime-Regular,Highway Inspector II,04/17/2007,2007,71730.49
M,POL,Department of Police,PSB 2nd District Patrol,Fulltime-Regular,Police Officer III,06/02/2003,2003,80829.0
F,DOT,Department of Transportation,Transit Nicholson Ride On,Fulltime-Regular,Bus Operator,06/27/2016,2016,39257.31
M,POL,Department of Police,PSB 5th District Educational Facilities Officers,Fulltime-Regular,Police Officer III,09/18/1995,1995,92756.7
M,FRS,Fire and Rescue Services,Station 12,Fulltime-Regular,Firefighter/Rescuer III,07/29/2013,2013,61408.0
F,HHS,Department of Health and Human Services,Special Projects - Linkages to Learning,Parttime-Regular,Community Services Aide III,05/07/2012,2012,30472.32
M,HHS,Department of Health and Human Services,Behavioral Health Community Support Services,Fulltime-Regular,Therapist II,09/09/1991,1991,100849.36
F,HHS,Department of Health and Human Services,School Health Services,Fulltime-Regular,Principal Administrative Aide,08/06/2007,2007,46325.1
M,DOT,Department of Transportation,Transit Silver Spring Ride On,Fulltime-Regular,Bus Operator,01/05/2015,2015,42053.42
F,FIN,Department of Finance,Tax Operations,Fulltime-Regular,Office Services Coordinator,06/11/2001,2001,66073.42
M,FRS,Fire and Rescue Services,Recruit Training,Fulltime-Regular,Firefighter/Rescuer I (Recruit),05/05/2015,2015,45261.0
F,LIB,Department of Public Libraries,Rockville Library,Parttime-Regular,Library Desk Assistant,10/01/2001,2001,26258.75
M,FRS,Fire and Rescue Services,Station 3,Fulltime-Regular,Firefighter/Rescuer III,02/11/2002,2002,78052.0
M,DOT,Department of Transportation,Transit Gaithersburg Ride On,Fulltime-Regular,Bus Operator,01/06/2003,2003,56689.66
F,FIN,Department of Finance,Operations and Administration - Controller,Fulltime-Regular,Administrative Specialist III,12/27/2004,2004,93396.0
M,DGS,Department of General Services,Central Duplicating,Fulltime-Regular,Manager III,06/02/1997,1997,109259.14
M,DPS,Department of Permitting Services,"Team 4 Commercial Electrical, Mechanical and Fire Protection Systems",Fulltime-Regular,Permitting and Code Enforcement Inspector III,07/30/2012,2012,65069.63
M,DOT,Department of Transportation,Highway Services,Fulltime-Regular,Highway Inspector II,05/21/1989,1989,91751.37
M,POL,Department of Police,PSB 1st District Patrol,Fulltime-Regular,Police Officer II,03/25/2013,2013,58455.0
M,FRS,Fire and Rescue Services,Recruit Training,Fulltime-Regular,Firefighter/Rescuer I (Recruit),12/12/2016,2016,45261.0
M,POL,Department of Police,PSB 1st District Patrol,Fulltime-Regular,Police Services Assistant,09/10/2001,2001,65711.16
F,DPS,Department of Permitting Services,Customer Service & Outreach,Fulltime-Regular,Permit Technician II,03/07/1988,1988,72534.66
M,FRS,Fire and Rescue Services,Procurement,Fulltime-Regular,Manager III,05/15/2006,2006,105228.26
M,COR,Correction and Rehabilitation,DS Health Services,Fulltime-Regular,Licensed Practical Nurse (C and R),09/05/2007,2007,61291.15
F,HHS,Department of Health and Human Services,TB and Refugee Health,Fulltime-Regular,Office Services Coordinator,04/06/1981,1981,69222.18
F,HHS,Department of Health and Human Services,Income Supports,Fulltime-Regular,Income Assistance Program Specialist II,08/11/2014,2014,50785.5
M,DOT,Department of Transportation,Highway Services,Fulltime-Regular,Equipment Operator I,08/20/2007,2007,46325.1
M,COR,Correction and Rehabilitation,DS MCCF Unit 2 Security,Fulltime-Regular,Correctional Officer III (Corporal),11/03/2003,2003,72185.0
F,HHS,Department of Health and Human Services,Victim Assistance and Sexual Assault Program,Fulltime-Regular,Client Assistance Specialist,01/24/2005,2005,64614.65
M,FRS,Fire and Rescue Services,First Battalion - Administration,Fulltime-Regular,Fire/Rescue Battalion Chief,08/27/1990,1990,131348.75
F,HHS,Department of Health and Human Services,Environmental Health and Regulatory Services,Fulltime-Regular,Environmental Health Specialist II,03/07/2016,2016,56387.0
M,CAT,County Attorney's Office,Finance and Procurement,Fulltime-Regular,Assistant County Attorney III,08/20/2001,2001,140794.0
M,FRS,Fire and Rescue Services,Station 6,Fulltime-Regular,Fire/Rescue Captain,06/15/1992,1992,114087.02
F,HHS,Department of Health and Human Services,Medical Assistance Eligibility Services,Fulltime-Regular,Office Services Coordinator,12/04/1989,1989,69222.18
M,LIB,Department of Public Libraries,Olney Library,Fulltime-Regular,Manager III,07/24/2006,2006,87635.8
F,HHS,Department of Health and Human Services,Early Childhood Services,Fulltime-Regular,Principal Administrative Aide,07/30/2012,2012,41868.1
M,DGS,Department of General Services,Director,Fulltime-Regular,Manager I,09/06/2011,2011,175127.0
M,COR,Correction and Rehabilitation,PRRS Facility and Security,Fulltime-Regular,Resident Supervisor II,04/16/2007,2007,67452.24
M,POL,Department of Police,ISB Criminal Investigations Division 1st District Investigative Section,Fulltime-Regular,Police Officer II,09/10/2012,2012,71860.0
M,COR,Correction and Rehabilitation,DS MCCF Unit 2 Security,Fulltime-Regular,Correctional Shift Commander (Lieutenant),08/16/1999,1999,100684.37
F,COR,Correction and Rehabilitation,DS MCCF Unit 2 Security,Fulltime-Regular,Correctional Officer II (PFC),01/26/2015,2015,48145.0
M,OHR,Office of Human Resources,Records Management Team,Fulltime-Regular,Administrative Specialist I,10/16/2000,2000,73801.0
F,HHS,Department of Health and Human Services,School Health Services,Parttime-Regular,School Health Room Technician I,03/08/2016,2016,34350.14
M,POL,Department of Police,PSB 6th District Patrol,Fulltime-Regular,Police Sergeant,08/17/1998,1998,103506.0
F,LIB,Department of Public Libraries,Aspen Hill Library,Fulltime-Regular,Library Assistant Supervisor,04/09/2001,2001,66158.11
F,HHS,Department of Health and Human Services,Child Welfare Services,Fulltime-Regular,Child Welfare Caseworker,01/03/1995,1995,96197.88
M,DOT,Department of Transportation,Transit Gaithersburg Ride On,Fulltime-Regular,Bus Operator,05/27/2014,2014,42053.83
M,DPS,Department of Permitting Services,Land Development Right-of-Way Inspection,Fulltime-Regular,Permitting and Code Enforcement Inspector I,10/03/2016,2016,56300.0
M,POL,Department of Police,PSB 1st District Patrol,Fulltime-Regular,Police Officer II,02/24/2014,2014,58455.0
M,POL,Department of Police,FSB Security Services Division,Fulltime-Regular,Security Officer III (Sergeant),04/03/1995,1995,84710.61
M,DLC,Department of Liquor Control,Westwood,Parttime-Regular,Liquor Store Clerk I,11/19/2012,2012,29779.06
M,POL,Department of Police,FSB Security Services Division,Fulltime-Regular,Manager III,03/06/2006,2006,109394.17
F,POL,Department of Police,FSB Traffic Division School Safety Section,Parttime-Regular,Crossing Guard,12/10/2001,2001,23318.28
F,FRS,Fire and Rescue Services,First Battalion - Administration,Fulltime-Regular,Fire/Rescue Lieutenant,09/03/2002,2002,94449.0
M,DOT,Department of Transportation,Highway Services,Fulltime-Regular,Equipment Operator III,06/19/1995,1995,67206.0
F,DLC,Department of Liquor Control,Aspen Hill,Fulltime-Regular,Liquor Store Clerk II,01/09/2006,2006,48631.98
M,POL,Department of Police,PSB 2nd District Community Action Team,Fulltime-Regular,Police Officer III,07/12/2010,2010,65752.0
F,HHS,Department of Health and Human Services,24 Hours Crisis Center,Fulltime-Regular,Therapist II,11/13/1994,1994,95622.26
M,FRS,Fire and Rescue Services,Station 12,Fulltime-Regular,Firefighter/Rescuer III,01/14/2013,2013,55328.0
M,DOT,Department of Transportation,Transit Gaithersburg Ride On,Fulltime-Regular,Transit Coordinator,06/28/2004,2004,58856.63
M,SHF,Sheriff's Office,Sheriff Domestic Violence,Fulltime-Regular,Deputy Sheriff III,04/08/2001,2001,71908.0
M,FRS,Fire and Rescue Services,Station 15,Fulltime-Regular,Master Firefighter/Rescuer,02/11/2002,2002,85854.0
F,HHS,Department of Health and Human Services,School Health Services,Fulltime-Regular,Community Health Nurse II,09/18/2000,2000,89654.33
M,OHR,Office of Human Resources,Recruitment and Selection Division,Fulltime-Regular,Human Resources Specialist III,05/07/2001,2001,91403.72
M,FRS,Fire and Rescue Services,Station 12,Fulltime-Regular,Firefighter/Rescuer III,02/20/2001,2001,88175.0
M,FRS,Fire and Rescue Services,Station 35,Fulltime-Regular,Firefighter/Rescuer III,05/16/2005,2005,70396.0
M,COR,Correction and Rehabilitation,DS MCCF Unit 1 Security,Fulltime-Regular,Correctional Officer III (Corporal),02/09/2004,2004,69744.0
F,HHS,Department of Health and Human Services,Service Coordination and Individual Support Services,Fulltime-Regular,Program Specialist II,03/21/2016,2016,53968.5
F,DOT,Department of Transportation,Transit Nicholson Ride On,Fulltime-Regular,Bus Operator,03/02/2008,2008,60601.73
M,HHS,Department of Health and Human Services,Information Systems and Technology,Fulltime-Regular,Senior Information Technology Specialist,01/07/1985,1985,120768.0
F,BOE,Board of Elections,Registration Services,Fulltime-Regular,Office Services Coordinator,02/12/2004,2004,52081.11
F,POL,Department of Police,PSB 3rd District Patrol,Fulltime-Regular,Police Officer III,07/18/2011,2011,75453.0
F,DLC,Department of Liquor Control,IT Administration,Fulltime-Regular,Information Technology Specialist III,07/18/1999,1999,107657.0
M,SHF,Sheriff's Office,Court and Transport,Fulltime-Regular,Deputy Sheriff III,01/13/2008,2008,64854.0
F,PIO,Office of Public Information,MC311,Fulltime-Regular,Customer Service Representative II,12/05/2010,2010,57660.28
M,DPS,Department of Permitting Services,Director's Office,Fulltime-Regular,Manager I,04/10/1989,1989,175127.0
M,DOT,Department of Transportation,Transit Nicholson Ride On,Fulltime-Regular,Bus Operator,12/22/2014,2014,42053.42
M,DLC,Department of Liquor Control,Milestone,Fulltime-Regular,Liquor Store Manager,10/06/1989,1989,89222.7
M,HHS,Department of Health and Human Services,Fiscal Team,Fulltime-Regular,Senior Financial Specialist,11/12/2002,2002,112930.4
F,POL,Department of Police,FSB Traffic Division School Safety Section,Parttime-Regular,Crossing Guard,12/07/1997,1997,24134.31
F,FRS,Fire and Rescue Services,Training,Fulltime-Regular,Community Health Nurse II,01/08/2007,2007,97912.0
M,FRS,Fire and Rescue Services,Station 34,Fulltime-Regular,Firefighter/Rescuer II,06/04/2012,2012,54538.0
F,POL,Department of Police,PSB 6th District Patrol,Fulltime-Regular,Police Officer III,07/06/1992,1992,92756.7
F,POL,Department of Police,FSB Animal Services Division,Fulltime-Regular,Code Enforcement Inspector III,01/14/2013,2013,54709.01
F,LIB,Department of Public Libraries,Quince Orchard Library,Fulltime-Regular,Librarian II,06/04/2002,2002,74445.74
M,FRS,Fire and Rescue Services,Station 13,Fulltime-Regular,Master Firefighter/Rescuer,02/14/2000,2000,97560.0
F,POL,Department of Police,FSB Traffic Division School Safety Section,Parttime-Regular,Crossing Guard,08/27/2001,2001,23317.67
M,POL,Department of Police,HQ Police Chief,Fulltime-Regular,Director Department of Police,02/02/2004,2004,239566.0
F,POL,Department of Police,FSB Traffic Division School Safety Section,Parttime-Regular,Crossing Guard,05/21/2012,2012,17793.56
M,DOT,Department of Transportation,Highway Services,Fulltime-Regular,Equipment Operator Apprentice,10/31/2016,2016,33395.0
M,DOT,Department of Transportation,Highway Services,Fulltime-Regular,Equipment Operator I,01/17/2012,2012,41781.91
M,DOT,Department of Transportation,Highway Services,Fulltime-Regular,Public Service Craftsworker,10/25/1998,1998,61888.87
F,REC,Department of Recreation,Management Services,Fulltime-Regular,Manager III,09/21/1984,1984,103630.35
F,DLC,Department of Liquor Control,Walnut Hill,Parttime-Regular,Liquor Store Clerk I,07/09/2004,2004,29779.06
M,DOT,Department of Transportation,Highway Services,Fulltime-Regular,Equipment Operator II,04/01/1985,1985,66065.23
F,OHR,Office of Human Resources,Labor and Employee Relations Team,Fulltime-Regular,Human Resources Specialist II,05/12/2006,2006,63492.87
M,DLC,Department of Liquor Control,Hampden Lane,Fulltime-Regular,Liquor Store Assistant Manager,07/01/2012,2012,52734.57
M,FRS,Fire and Rescue Services,Station 12,Fulltime-Regular,Firefighter/Rescuer II,09/22/2014,2014,50910.0
M,POL,Department of Police,PSB 2nd District Patrol,Fulltime-Regular,Police Officer III,07/18/2011,2011,65752.0
M,DLC,Department of Liquor Control,Administration,Fulltime-Regular,Manager II,01/19/1986,1986,156525.0
F,HHS,Department of Health and Human Services,Income Supports,Fulltime-Regular,Income Assistance Program Specialist II,03/02/1998,1998,76405.9
M,COR,Correction and Rehabilitation,DS MCCF Unit 1 Security,Fulltime-Regular,Correctional Officer III (Corporal),11/13/2006,2006,65105.0
F,COR,Correction and Rehabilitation,DS MCDC Custody and Security,Fulltime-Regular,Correctional Supervisor (Sergeant),12/02/1996,1996,94277.96
M,DGS,Department of General Services,Facilities Major Programs,Fulltime-Regular,Energy Management Systems Technician,06/24/2002,2002,81066.0
M,DTS,Department of Technology Services,Media Services,Fulltime-Regular,Information Technology Specialist III,02/08/2016,2016,95362.44
M,DOT,Department of Transportation,Transit Silver Spring Ride On,Fulltime-Regular,Bus Operator,10/15/2007,2007,46626.87
M,DOT,Department of Transportation,Highway Services,Fulltime-Regular,Equipment Operator I,09/23/2003,2003,37684.0
M,FRS,Fire and Rescue Services,Station 29,Fulltime-Regular,Firefighter/Rescuer II,01/14/2013,2013,58773.0
F,HHS,Department of Health and Human Services,School Health Services,Parttime-Regular,School Health Room Technician I,03/10/2003,2003,39871.56
M,DPS,Department of Permitting Services,Land Development Right-of-Way Inspection,Fulltime-Regular,Permitting and Code Enforcement Inspector III,05/14/1990,1990,96197.88
M,POL,Department of Police,PSB 5th District Patrol,Fulltime-Regular,Police Officer I,02/24/2014,2014,53788.0
F,HHS,Department of Health and Human Services,Income Supports,Fulltime-Regular,Fiscal Assistant,10/02/2000,2000,64025.72
F,HHS,Department of Health and Human Services,School Health Services,Fulltime-Regular,Community Health Nurse II,08/23/1999,1999,97671.34
F,CEX,Offices of the County Executive,Chief Administrative Officer's Office,Fulltime-Regular,Public Administration Associate,06/02/2014,2014,57921.39
F,HHS,Department of Health and Human Services,Home Energy Assistance Program,Fulltime-Regular,Income Assistance Program Specialist II,07/19/2010,2010,69523.38
F,HHS,Department of Health and Human Services,Senior Dental,Fulltime-Regular,Dental Hygienist,08/08/2005,2005,82851.51
M,DOT,Department of Transportation,Transit Gaithersburg Ride On,Fulltime-Regular,Bus Operator,01/10/2011,2011,43525.72
M,FRS,Fire and Rescue Services,Station 40,Fulltime-Regular,Master Firefighter/Rescuer,01/30/2006,2006,74815.0
F,HHS,Department of Health and Human Services,School Health Services,Parttime-Regular,School Health Room Technician II,08/03/2009,2009,39730.38
F,POL,Department of Police,FSB Traffic Division School Safety Section,Parttime-Regular,Crossing Guard,10/22/2000,2000,18416.33
M,DOT,Department of Transportation,Transit Gaithersburg Ride On,Fulltime-Regular,Bus Operator,11/16/1998,1998,64141.0
M,FRS,Fire and Rescue Services,First Battalion - Administration,Fulltime-Regular,Fire/Rescue Lieutenant,06/12/2000,2000,97755.0
M,DOT,Department of Transportation,Highway Administration,Fulltime-Regular,Highway Inspector I,11/04/2008,2008,71264.02
M,DLC,Department of Liquor Control,Beer Delivery Operations,Fulltime-Regular,Truck Driver/Warehouse Worker,05/31/2016,2016,39257.31
,HHS,Department of Health and Human Services,Child Welfare Services,Fulltime-Regular,Social Worker II,12/27/2016,2016,74000.0
M,FRS,Fire and Rescue Services,Station 17,Fulltime-Regular,Master Firefighter/Rescuer,11/29/1999,1999,88859.0
M,DLC,Department of Liquor Control,Darnestown,Parttime-Regular,Liquor Store Clerk I,04/14/2014,2014,32505.38
F,DOT,Department of Transportation,Transit Silver Spring Ride On,Fulltime-Regular,Bus Operator,09/25/2006,2006,48260.15
M,COR,Correction and Rehabilitation,DS MCCF Unit 1 Security,Fulltime-Regular,Correctional Officer II (PFC),07/12/2004,2004,63404.0
F,POL,Department of Police,FSB Traffic Division School Safety Section,Parttime-Regular,Crossing Guard,12/16/1991,1991,26208.35
M,POL,Department of Police,PSB 5th District Patrol,Fulltime-Regular,Police Officer III,08/03/1998,1998,89620.0
M,POL,Department of Police,PSB 3rd District Patrol,Fulltime-Regular,Police Officer I,06/16/2014,2014,53788.0
F,DOT,Department of Transportation,Parking Management Parking Operations,Fulltime-Regular,Program Manager II,03/17/1980,1980,102664.0
M,DOT,Department of Transportation,Highway Services,Fulltime-Regular,Equipment Operator I,05/09/1994,1994,63067.93
F,CAT,County Attorney's Office,Support Services,Fulltime-Regular,Legal Secretary II,03/12/1984,1984,68550.12
F,DOT,Department of Transportation,Transit Gaithersburg Ride On,Fulltime-Regular,Bus Operator,08/02/1998,1998,64141.0
M,DGS,Department of General Services,ADA Compliance,Fulltime-Regular,Capital Projects Manager,02/24/2014,2014,113947.04
M,DOT,Department of Transportation,Transit Silver Spring Ride On,Fulltime-Regular,Bus Operator,04/16/2012,2012,43525.12
F,POL,Department of Police,MSB Communications Division,Fulltime-Regular,Public Safety Communications Specialist II,07/14/1991,1991,72534.66
M,DGS,Department of General Services,Fleet Management Fleet Services,Fulltime-Regular,Mechanic Technician II,03/03/2003,2003,71602.58
M,POL,Department of Police,PSB 4th District Patrol,Fulltime-Regular,Police Officer I,10/06/2014,2014,59638.0
M,DOT,Department of Transportation,Transit Gaithersburg Ride On,Fulltime-Regular,Bus Operator,02/14/2011,2011,40631.32
M,POL,Department of Police,PSB 4th District Patrol,Fulltime-Regular,Police Officer III,03/12/2001,2001,89620.0
F,HHS,Department of Health and Human Services,Child Welfare Services,Fulltime-Regular,Social Worker III,04/03/2006,2006,75928.94
M,COR,Correction and Rehabilitation,DS Gang Intelligence,Fulltime-Regular,Correctional Supervisor (Sergeant),11/14/1994,1994,94277.96
M,HHS,Department of Health and Human Services,Child Welfare Services,Fulltime-Regular,Social Worker III,05/20/2002,2002,85208.58
F,COR,Correction and Rehabilitation,MSD Fiscal Services,Fulltime-Regular,Accountant/Auditor III,08/13/2012,2012,85524.82
M,DOT,Department of Transportation,Transit Silver Spring Ride On,Fulltime-Regular,Bus Operator,06/18/2007,2007,48258.81
M,FRS,Fire and Rescue Services,Recruit Training,Fulltime-Regular,Firefighter/Rescuer I (Recruit),12/12/2016,2016,45261.0
F,OMB,Office of Management and Budget,"Process, Production and Technology",Fulltime-Regular,Manager III,09/23/1991,1991,130472.49
M,DPS,Department of Permitting Services,"Team 3 Commercial Building, Life Safety, Structural and Accessibility",Fulltime-Regular,Manager III,04/22/2013,2013,114972.0
F,HHS,Department of Health and Human Services,School Health Services,Fulltime-Regular,Community Health Nurse II,08/09/2004,2004,97912.0
M,DPS,Department of Permitting Services,Team 2 Residential Inspection,Fulltime-Regular,Permitting and Code Enforcement Inspector II,09/08/2015,2015,62930.59
F,HHS,Department of Health and Human Services,Area Health Centers,Fulltime-Regular,Principal Administrative Aide,12/14/2015,2015,38486.48
M,DOT,Department of Transportation,Transit Gaithersburg Ride On,Fulltime-Regular,Bus Operator,08/08/2016,2016,39257.0
M,DGS,Department of General Services,Central Duplicating,Fulltime-Regular,Government Records Supervisor,09/12/1994,1994,81066.0
M,COR,Correction and Rehabilitation,DS MCDC Inmate Property,Fulltime-Regular,Correctional Officer III (Corporal),08/06/2007,2007,62903.0
M,FRS,Fire and Rescue Services,Station 23,Fulltime-Regular,Master Firefighter/Rescuer,02/14/2000,2000,97560.0
F,HHS,Department of Health and Human Services,Infants and Toddlers,Fulltime-Regular,Administrative Specialist II,06/20/1988,1988,81824.52
M,FRS,Fire and Rescue Services,Station 25,Fulltime-Regular,Firefighter/Rescuer III,01/14/2013,2013,59402.0
F,HHS,Department of Health and Human Services,Environmental Health and Regulatory Services,Fulltime-Regular,Environmental Health Specialist III,10/29/2001,2001,92674.02
M,DLC,Department of Liquor Control,Beer Delivery Operations,Fulltime-Regular,Truck Driver Helper/Warehouse Worker,11/15/2004,2004,42268.33
F,HHS,Department of Health and Human Services,Permanent Supportive Housing,Fulltime-Regular,Office Services Coordinator,12/01/1975,1975,69222.18
F,HHS,Department of Health and Human Services,Montgomery Cares,Fulltime-Regular,Manager II,01/22/1990,1990,148272.95
F,DPS,Department of Permitting Services,Land Development Permit Processing,Fulltime-Regular,Manager III,01/13/2014,2014,117183.0
M,DTS,Department of Technology Services,Enterprise Applications and Solutions,Fulltime-Regular,Manager II,06/10/2002,2002,156509.22
F,POL,Department of Police,PSB 2nd District Patrol,Fulltime-Regular,Police Officer III,01/18/2005,2005,75453.0
M,POL,Department of Police,ISB Criminal Investigations Division 4th District Investigative Section,Fulltime-Regular,Police Officer III,07/22/2002,2002,83658.0
F,CAT,County Attorney's Office,Insurance Defense Litigation,Fulltime-Regular,Assistant County Attorney III,01/06/1997,1997,136039.63
M,DLC,Department of Liquor Control,Stock Liquor and Wine Warehouse Operations,Fulltime-Regular,Supply Technician II,07/15/2013,2013,36363.34
M,SHF,Sheriff's Office,Civil Process,Fulltime-Regular,Deputy Sheriff II,07/16/2012,2012,58562.0
M,SHF,Sheriff's Office,Warrant Section,Fulltime-Regular,Deputy Sheriff III,01/17/2006,2006,69475.0
M,POL,Department of Police,PSB 3rd District Patrol,Fulltime-Regular,Police Officer III,07/17/2006,2006,72902.0
F,LIB,Department of Public Libraries,Kensington Park Library,Parttime-Regular,Library Desk Assistant,03/16/2000,2000,23681.1
M,FRS,Fire and Rescue Services,Station 29,Fulltime-Regular,Firefighter/Rescuer II,03/10/2014,2014,50910.0
F,COR,Correction and Rehabilitation,DS Detention Services,Fulltime-Regular,Manager II,09/12/1988,1988,154872.52
F,HHS,Department of Health and Human Services,Income Supports,Fulltime-Regular,Income Assistance Program Specialist II,07/11/2005,2005,64615.14
F,HHS,Department of Health and Human Services,School Health Services,Parttime-Regular,School Health Room Technician I,08/07/1989,1989,57807.08
M,POL,Department of Police,PSB 5th District Patrol,Fulltime-Regular,Police Officer I,06/01/2015,2015,61725.0
M,POL,Department of Police,MSB Personnel Division Background Section,Fulltime-Regular,Background Screening Specialist,11/07/2011,2011,76182.23
M,FRS,Fire and Rescue Services,Rescue 2,Fulltime-Regular,Master Firefighter/Rescuer,03/17/2008,2008,75920.0
F,LIB,Department of Public Libraries,Potomac Library,Fulltime-Regular,Librarian II,05/16/1993,1993,90510.64
M,POL,Department of Police,MSB Training and Education Division,Fulltime-Regular,Police Officer III,09/18/1995,1995,92756.7
M,DLC,Department of Liquor Control,Milestone,Parttime-Regular,Liquor Store Clerk I,03/07/2016,2016,27799.2
F,LIB,Department of Public Libraries,Chevy Chase Library,Parttime-Regular,Library Associate II,05/24/1999,1999,33080.33
M,POL,Department of Police,PSB 3rd District Patrol,Fulltime-Regular,Police Officer III,07/16/2012,2012,68054.0
F,HHS,Department of Health and Human Services,Victim Assistance and Sexual Assault Program,Fulltime-Regular,Therapist II,12/17/2012,2012,63423.44
M,FRS,Fire and Rescue Services,Station 24,Fulltime-Regular,Firefighter/Rescuer III,04/18/2012,2012,55328.0
M,FRS,Fire and Rescue Services,First Battalion - Administration,Fulltime-Regular,Fire/Rescue Lieutenant,12/13/2004,2004,88168.0
M,LIB,Department of Public Libraries,Kensington Park Library,Fulltime-Regular,Library Assistant I,12/04/1989,1989,60201.44
M,FRS,Fire and Rescue Services,Emergency Communications Center (ECC),Fulltime-Regular,Firefighter/Rescuer III,03/17/2008,2008,68543.0
M,FRS,Fire and Rescue Services,Station 19,Fulltime-Regular,Firefighter/Rescuer III,05/16/2005,2005,70396.0
M,DOT,Department of Transportation,Transit Gaithersburg Ride On,Fulltime-Regular,Bus Operator,03/21/2011,2011,43525.72
M,DLC,Department of Liquor Control,Kingsview,Fulltime-Regular,Liquor Store Clerk II,03/12/2004,2004,52095.9
M,FRS,Fire and Rescue Services,Station 30,Fulltime-Regular,Firefighter/Rescuer III,06/04/2012,2012,65382.0
F,HHS,Department of Health and Human Services,Child Welfare Services,Fulltime-Regular,Social Worker III,03/22/2004,2004,81352.73
M,POL,Department of Police,PSB 4th District Patrol,Fulltime-Regular,Police Officer II,01/28/2013,2013,58455.0
M,HHS,Department of Health and Human Services,Adult Drug Court,Fulltime-Regular,Therapist I,07/11/2016,2016,56387.0
M,DOT,Department of Transportation,Transportation Technical Center,Fulltime-Regular,Transportation Systems Technician II,06/08/1998,1998,67354.1
M,DOT,Department of Transportation,Transportation Technical Center,Fulltime-Regular,Transportation Systems Technician III,12/17/1990,1990,83497.98
M,COR,Correction and Rehabilitation,DS MCCF Unit 3 Security,Fulltime-Regular,Correctional Officer I (Private),10/31/2016,2016,44300.0
M,POL,Department of Police,FSB Traffic Division Automated Traffic Enforcement Section,Fulltime-Regular,Program Specialist I,06/18/2012,2012,58157.89
M,FRS,Fire and Rescue Services,Station 18,Fulltime-Regular,Firefighter/Rescuer III,02/08/1999,1999,80784.0
F,COR,Correction and Rehabilitation,DS Health Services,Fulltime-Regular,Correctional Health Nurse II,07/31/2000,2000,97912.0
M,DOT,Department of Transportation,Transportation Management,Fulltime-Regular,Shift Supervisor Transportation Management Center,05/03/1993,1993,93396.0
M,COR,Correction and Rehabilitation,DS MCCF Unit 1 Security,Fulltime-Regular,Correctional Officer III (Corporal),01/31/2000,2000,77328.0
M,POL,Department of Police,PSB 2nd District Patrol,Fulltime-Regular,Police Officer III,01/14/2008,2008,80829.0
M,DGS,Department of General Services,Fleet Management Fleet Services,Fulltime-Regular,Equipment Maintenance Crew Chief,11/18/1996,1996,89079.0
M,FRS,Fire and Rescue Services,Recruit Training,Fulltime-Regular,Firefighter/Rescuer I (Recruit),12/12/2016,2016,45261.0
F,DLC,Department of Liquor Control,"Licensure, Regulation and Education",Fulltime-Regular,Alcohol Beverage Purchasing Specialist,10/05/2015,2015,58249.8
M,COR,Correction and Rehabilitation,DS MCCF Unit 3 Security,Fulltime-Regular,Correctional Officer II (PFC),05/30/2006,2006,59187.0
M,COR,Correction and Rehabilitation,DS Food Services,Fulltime-Regular,Correctional Dietary Officer II,06/30/2003,2003,62482.02
M,FRS,Fire and Rescue Services,Fire and Explosive Investigations,Fulltime-Regular,Fire/Rescue Lieutenant,01/19/1986,1986,106754.6
M,REC,Department of Recreation,Northern Region Area I,Fulltime-Regular,Recreation Specialist,12/01/2014,2014,60945.26
M,DOT,Department of Transportation,Transit Nicholson Ride On,Fulltime-Regular,Bus Operator,03/02/2008,2008,52701.95
F,HHS,Department of Health and Human Services,Adult Drug Court,Fulltime-Regular,Office Services Coordinator,03/01/1999,1999,67206.0
F,LIB,Department of Public Libraries,Davis Library,Fulltime-Regular,Library Assistant II,04/22/1990,1990,69222.18
M,DOT,Department of Transportation,Transit Gaithersburg Ride On,Fulltime-Regular,Bus Operator,05/12/2003,2003,56688.39
M,DOT,Department of Transportation,Transit Nicholson Ride On,Fulltime-Regular,Bus Operator,04/27/2015,2015,40631.32
F,HHS,Department of Health and Human Services,"Chief, Behavioral Health and Crisis Services",Fulltime-Regular,Management and Budget Specialist III,04/17/2006,2006,102664.0
M,FRS,Fire and Rescue Services,Property and Supply,Fulltime-Regular,Senior Supply Technician,08/11/2014,2014,54422.47
F,CCL,County Council,Council Members and Staff,Fulltime-Regular,Legislative Services Coordinator,09/25/1984,1984,71830.44
M,FRS,Fire and Rescue Services,Training,Fulltime-Regular,Fire/Rescue Captain,02/17/1984,1984,126781.06
M,POL,Department of Police,PSB 6th District Special Assignment Team,Fulltime-Regular,Police Officer III,01/18/2005,2005,75453.0
F,CCL,County Council,Council Central Staff,Fulltime-Regular,Manager III,12/11/2006,2006,129292.88
F,POL,Department of Police,PSB 1st District Patrol,Fulltime-Regular,Police Officer II,01/13/2014,2014,58455.0
M,DPS,Department of Permitting Services,Fire Code Compliance,Fulltime-Regular,Permitting and Code Enforcement Inspector III,05/05/2014,2014,79913.17
F,HHS,Department of Health and Human Services,Adult Protective and Case Management Services,Fulltime-Regular,Social Worker III,10/06/2014,2014,71212.61
F,LIB,Department of Public Libraries,Germantown Library,Fulltime-Regular,Library Associate II,02/10/1986,1986,87523.22
M,CCL,County Council,Council Members and Staff,Fulltime-Regular,Legislative Senior Aide I,02/07/2005,2005,68963.6
M,DLC,Department of Liquor Control,Liquor and Wine Delivery Operations,Fulltime-Regular,Truck Driver/Warehouse Worker,06/03/2002,2002,57315.42
F,POL,Department of Police,FSB Traffic Division School Safety Section,Parttime-Regular,Crossing Guard,10/31/1994,1994,26208.35
F,DLC,Department of Liquor Control,Customer Service,Fulltime-Regular,Alcohol Beverage Purchasing Specialist,12/26/2006,2006,53493.02
M,DOT,Department of Transportation,Transit Gaithersburg Ride On,Fulltime-Regular,Bus Operator,01/10/2011,2011,43525.72
M,DOT,Department of Transportation,Transit Nicholson Ride On,Fulltime-Regular,Bus Operator,09/29/2014,2014,42053.42
F,HHS,Department of Health and Human Services,Educational Support,Fulltime-Regular,Administrative Specialist III,12/17/2012,2012,62517.38
M,POL,Department of Police,PSB 1st District Patrol,Fulltime-Regular,Police Officer III,04/18/1993,1993,92756.7
M,POL,Department of Police,PSB 6th District Patrol,Fulltime-Regular,Police Officer II,02/24/2014,2014,62620.0
M,COR,Correction and Rehabilitation,DS Food Services,Fulltime-Regular,Correctional Dietary Officer II,01/18/2011,2011,49104.52
M,DLC,Department of Liquor Control,Retail Administration,Fulltime-Regular,Driver/Clerk,06/01/1995,1995,57476.06
M,HHS,Department of Health and Human Services,Emergency Housing Assistance,Fulltime-Regular,Social Worker II,04/23/1986,1986,96197.88
F,POL,Department of Police,FSB Traffic Division School Safety Section,Fulltime-Regular,Police Officer III,08/07/1989,1989,92756.7
M,CCL,County Council,Council Members and Staff,Fulltime-Regular,Public Administration Intern,10/17/2016,2016,52000.0
M,DOT,Department of Transportation,Transit Gaithersburg Ride On,Fulltime-Regular,Bus Operator,01/22/2007,2007,46626.87
F,DEP,Department of Environmental Protection,Solid Waste Services Operations,Fulltime-Regular,Public Administration Associate,03/26/2001,2001,67206.0
F,POL,Department of Police,MSB Communications Division,Fulltime-Regular,Public Safety Communications Specialist II,05/20/2013,2013,50272.2
F,DEP,Department of Environmental Protection,Solid Waste Services Collection Operations,Fulltime-Regular,Code Enforcement Inspector III,08/06/2007,2007,72650.79
M,COR,Correction and Rehabilitation,PRRS Facility and Security,Fulltime-Regular,Resident Supervisor II,06/14/2004,2004,71380.33
F,PRO,Office of Procurement,Procurement Operations Section,Fulltime-Regular,Manager III,03/26/1990,1990,128325.25
M,DGS,Department of General Services,Building Design and Construction,Fulltime-Regular,Construction Representative III,11/15/2004,2004,91707.19
M,DOT,Department of Transportation,Transportation Engineering Administration,Fulltime-Regular,Manager I,08/20/2001,2001,175127.0
M,FRS,Fire and Rescue Services,Station 23,Fulltime-Regular,Firefighter/Rescuer II,01/14/2013,2013,58773.0
F,LIB,Department of Public Libraries,Director,Fulltime-Regular,Manager II,04/23/1974,1974,138433.32
M,DOT,Department of Transportation,Transit Silver Spring Ride On,Fulltime-Regular,Bus Operator,03/19/2000,2000,62836.91
M,DOT,Department of Transportation,Parking Management Engineering and Capital Project Management,Fulltime-Regular,Program Specialist I,12/15/2003,2003,58323.66
F,HHS,Department of Health and Human Services,Adult Protective and Case Management Services,Fulltime-Regular,Social Worker III,06/29/1998,1998,97912.0
F,FRS,Fire and Rescue Services,Behavioral Health,Fulltime-Regular,Therapist II,03/06/2006,2006,97912.0
F,HHS,Department of Health and Human Services,Income Supports,Fulltime-Regular,Income Assistance Program Specialist II,08/11/2014,2014,52563.37
F,DOT,Department of Transportation,Transit Gaithersburg Ride On,Fulltime-Regular,Bus Operator,12/10/1995,1995,62840.67
F,HHS,Department of Health and Human Services,Child Welfare Services,Fulltime-Regular,Community Services Aide III,06/09/2008,2008,55611.06
M,HHS,Department of Health and Human Services,Asian American Health Initiative,Fulltime-Regular,Program Manager II,05/20/2013,2013,91220.65
M,DOT,Department of Transportation,Transit Silver Spring Ride On,Fulltime-Regular,Bus Operator,04/04/2016,2016,39257.31
F,DOT,Department of Transportation,Transit Silver Spring Ride On,Fulltime-Regular,Bus Operator,07/01/2013,2013,43525.72
M,DOT,Department of Transportation,Traffic Engineering Studies Section,Fulltime-Regular,Senior Engineer Technician,08/08/2005,2005,83570.17
F,DOT,Department of Transportation,Transit Nicholson Ride On,Fulltime-Regular,Bus Operator,02/25/2013,2013,43525.72
F,DOT,Department of Transportation,Transit Silver Spring Ride On,Fulltime-Regular,Bus Operator,04/25/2005,2005,52472.35
M,HHS,Department of Health and Human Services,Child and Adolescent Mental Health Clinic Services,Fulltime-Regular,Therapist II,10/30/2006,2006,97564.74
M,FRS,Fire and Rescue Services,Station 25,Fulltime-Regular,Master Firefighter/Rescuer,10/17/2005,2005,79471.0
M,FRS,Fire and Rescue Services,Fifth Battalion - Administration,Fulltime-Regular,Fire/Rescue Lieutenant,11/17/1997,1997,106456.0
F,HHS,Department of Health and Human Services,Home Energy Assistance Program,Fulltime-Regular,Income Assistance Program Specialist II,09/06/2016,2016,49068.0
F,LIB,Department of Public Libraries,Little Falls Library,Fulltime-Regular,Librarian II,10/19/1987,1987,100849.36
M,DPS,Department of Permitting Services,Team 5 Green Building,Fulltime-Regular,Senior Permitting Services Specialist,03/03/1969,1969,110886.71
M,POL,Department of Police,PSB 6th District Patrol,Fulltime-Regular,Police Officer III,01/16/2007,2007,83658.0
M,HHS,Department of Health and Human Services,Income Supports,Fulltime-Regular,Income Assistance Program Specialist III,12/14/1988,1988,91751.37
M,DOT,Department of Transportation,Transit Silver Spring Ride On,Fulltime-Regular,Bus Operator,07/16/2012,2012,45048.5
M,PIO,Office of Public Information,MC311,Fulltime-Regular,Program Manager I,12/03/2010,2010,64705.5
F,HHS,Department of Health and Human Services,"Planning, Accountability and Customer Service",Fulltime-Regular,Public Information Officer II,08/27/1990,1990,104717.28
M,HHS,Department of Health and Human Services,Income Supports,Fulltime-Regular,Income Assistance Program Specialist II,11/22/2010,2010,56306.83
M,POL,Department of Police,PSB 6th District Station,Fulltime-Regular,Police Officer III,07/21/2003,2003,80829.0
M,FRS,Fire and Rescue Services,Station 3,Fulltime-Regular,Master Firefighter/Rescuer,05/16/2005,2005,77434.0
M,DPS,Department of Permitting Services,Land Development Right-of-Way Inspection,Fulltime-Regular,Permitting and Code Enforcement Inspector III,11/16/1981,1981,96197.88
M,POL,Department of Police,PSB 6th District Patrol,Fulltime-Regular,Police Officer II,07/16/2012,2012,60501.0
M,POL,Department of Police,FSB Security Services Division,Fulltime-Regular,Security Officer I,03/05/2000,2000,61006.03
F,HHS,Department of Health and Human Services,Child Welfare Services,Fulltime-Regular,Social Worker III,06/06/2011,2011,65812.13
F,OHR,Office of Human Resources,Health Insurance Team,Fulltime-Regular,Manager III,04/21/2014,2014,120166.52
M,HHS,Department of Health and Human Services,Adult Behavioral Health Services,Parttime-Regular,Medical Doctor III - Psychiatrist,10/01/2007,2007,95214.5
F,HHS,Department of Health and Human Services,Income Supports,Fulltime-Regular,Income Assistance Program Specialist II,10/18/1995,1995,83497.98
M,POL,Department of Police,PSB 4th District Patrol,Fulltime-Regular,Police Officer II,08/12/2013,2013,58455.0
M,POL,Department of Police,FSB Animal Services Division,Fulltime-Regular,Animal Care Attendant,12/30/2013,2013,41781.91
M,FRS,Fire and Rescue Services,Station 35,Fulltime-Regular,Firefighter/Rescuer III,03/27/2006,2006,68015.0
F,LIB,Department of Public Libraries,Aspen Hill Library,Fulltime-Regular,Librarian II,09/29/2008,2008,82424.23
M,FRS,Fire and Rescue Services,Station 29,Fulltime-Regular,Firefighter/Rescuer II,03/19/2007,2007,64622.0
M,FRS,Fire and Rescue Services,Emergency Communications Center (ECC),Fulltime-Regular,Firefighter/Rescuer III,09/29/2009,2009,66394.0
F,HHS,Department of Health and Human Services,Income Supports,Fulltime-Regular,Manager III,12/21/1992,1992,116302.93
F,HHS,Department of Health and Human Services,School Health Services,Parttime-Regular,School Health Room Technician I,08/21/1995,1995,57807.08
F,POL,Department of Police,PSB 6th District Patrol,Fulltime-Regular,Police Officer III,01/16/2001,2001,86588.0
M,DLC,Department of Liquor Control,Purchasing,Fulltime-Regular,Alcohol Beverage Purchasing Specialist,08/22/1988,1988,76015.03
M,FRS,Fire and Rescue Services,Station 31,Fulltime-Regular,Firefighter/Rescuer III,01/14/2013,2013,57365.0
F,LIB,Department of Public Libraries,Rockville Library,Parttime-Regular,Librarian I,12/01/1980,1980,43761.61
M,LIB,Department of Public Libraries,Quince Orchard Library,Parttime-Regular,Library Desk Assistant,10/18/2010,2010,22524.26
M,FRS,Fire and Rescue Services,Station 3,Fulltime-Regular,Firefighter/Rescuer III,01/14/2013,2013,55328.0
F,HHS,Department of Health and Human Services,Service Coordination and Individual Support Services,Fulltime-Regular,Program Specialist II,05/16/2016,2016,52260.0
M,POL,Department of Police,Management Services Bureau,Fulltime-Regular,Maintenance Renovation and Inspection Specialist,10/01/2000,2000,84974.0
F,POL,Department of Police,ISB Criminal Investigations Division Financial Crimes Section,Fulltime-Regular,Police Officer III,07/18/2005,2005,75453.0
F,LIB,Department of Public Libraries,Gaithersburg Library,Parttime-Regular,Library Aide,02/27/2012,2012,16685.02
F,LIB,Department of Public Libraries,Potomac Library,Parttime-Regular,Library Desk Assistant,11/04/1996,1996,27834.44
F,COR,Correction and Rehabilitation,MSD Fiscal Services,Fulltime-Regular,Fiscal Assistant,06/03/2013,2013,57552.08
F,HHS,Department of Health and Human Services,School Health Services,Parttime-Regular,School Health Room Technician I,08/21/1995,1995,51574.16
M,FRS,Fire and Rescue Services,Station 31,Fulltime-Regular,Master Firefighter/Rescuer,02/08/1999,1999,90896.0
M,HHS,Department of Health and Human Services,"Chief, Aging and Disability Services",Fulltime-Regular,Program Manager II,03/05/1984,1984,104717.28
M,FRS,Fire and Rescue Services,Recruit Training,Fulltime-Regular,Firefighter/Rescuer I (Recruit),12/12/2016,2016,45261.0
M,DLC,Department of Liquor Control,Beer Delivery Operations,Fulltime-Regular,Truck Driver/Warehouse Worker,12/15/2014,2014,42053.42
M,DGS,Department of General Services,Fleet Automotive Heavy Equipment,Fulltime-Regular,Mechanic Technician II,03/03/2008,2008,56966.87
M,FRS,Fire and Rescue Services,Station 10,Fulltime-Regular,Firefighter/Rescuer III,01/14/2013,2013,57365.0
M,POL,Department of Police,PSB 2nd District Patrol,Fulltime-Regular,Police Officer III,01/14/2002,2002,83658.0
F,HHS,Department of Health and Human Services,Early Childhood Services,Fulltime-Regular,Program Specialist II,07/01/2013,2013,66639.25
M,DPS,Department of Permitting Services,Site Plan Enforcement,Fulltime-Regular,Permitting and Code Enforcement Inspector II,10/03/2016,2016,72000.0
M,COR,Correction and Rehabilitation,DS MCDC Custody and Security,Fulltime-Regular,Correctional Officer I (Private),08/26/2013,2013,49118.0
M,OIG,Office of the Inspector General,Inspector General Staff,Fulltime-Regular,Assistant Inspector General III,12/05/2011,2011,109727.59
F,HHS,Department of Health and Human Services,Access to Behavioral Health Services,Fulltime-Regular,Therapist II,12/15/1986,1986,100849.36
M,DOT,Department of Transportation,Highway Services,Fulltime-Regular,Equipment Operator Apprentice,04/18/2016,2016,33395.15
M,SHF,Sheriff's Office,Court and Transport,Fulltime-Regular,Deputy Sheriff III,02/03/2003,2003,77029.0
F,HHS,Department of Health and Human Services,School Health Services,Parttime-Regular,School Health Room Technician I,05/19/1997,1997,55251.81
F,DOT,Department of Transportation,Highway Services,Fulltime-Regular,Equipment Operator I,11/09/1998,1998,53163.59
F,HHS,Department of Health and Human Services,Adult Foster Care - Project Home,Fulltime-Regular,Social Worker III,05/17/1999,1999,97912.0
M,DOT,Department of Transportation,Transit Gaithersburg Ride On,Fulltime-Regular,Bus Operator,06/08/1992,1992,66065.23
F,HHS,Department of Health and Human Services,Adult Protective and Case Management Services,Fulltime-Regular,Social Worker III,08/25/1999,1999,92606.75
F,DOT,Department of Transportation,Parking Management Financial Management,Fulltime-Regular,Management and Budget Specialist III,06/02/1997,1997,102664.0
F,LIB,Department of Public Libraries,Rockville Library,Parttime-Regular,Library Associate II,01/23/1984,1984,43761.61
F,HHS,Department of Health and Human Services,Child Welfare Services,Parttime-Regular,Social Worker II,05/15/2000,2000,44094.59
M,HHS,Department of Health and Human Services,Environmental Health and Regulatory Services,Fulltime-Regular,Environmental Health Specialist III,04/12/2010,2010,94143.09
M,DGS,Department of General Services,Facilities Maintenance,Fulltime-Regular,Public Service Craftsworker,02/09/1987,1987,66065.23
M,DOT,Department of Transportation,Transit Silver Spring Ride On,Fulltime-Regular,Bus Operator,07/18/1999,1999,64141.0
F,POL,Department of Police,FSB Traffic Division School Safety Section,Parttime-Regular,Crossing Guard,08/26/2013,2013,17793.55
M,DOT,Department of Transportation,Highway Services,Fulltime-Regular,Equipment Operator I,01/09/1996,1996,63067.93
,POL,Department of Police,MSB Communications Division,Fulltime-Regular,Public Safety Communications Specialist I,12/27/2016,2016,39257.0
F,HHS,Department of Health and Human Services,Victim Assistance and Sexual Assault Program,Fulltime-Regular,Therapist II,05/06/2013,2013,66154.61
M,POL,Department of Police,PSB 3rd District Patrol,Fulltime-Regular,Police Officer III,07/16/2007,2007,70435.0
F,DTS,Department of Technology Services,ERP Change Management,Fulltime-Regular,Manager III,02/19/2008,2008,108049.35
F,LIB,Department of Public Libraries,Olney Library,Fulltime-Regular,Senior Librarian,06/15/2015,2015,69250.07
M,DGS,Department of General Services,Property Management,Fulltime-Regular,Property Manager II,05/07/1990,1990,99870.24
F,HHS,Department of Health and Human Services,Adult Protective and Case Management Services,Parttime-Regular,Fiscal Assistant,10/13/2008,2008,50132.65
M,POL,Department of Police,MSB Training and Education Division,Fulltime-Regular,Police Officer III,07/06/1998,1998,89620.0
F,POL,Department of Police,FSB Animal Services Division,Fulltime-Regular,Code Enforcement Inspector III,03/24/2014,2014,52944.77
M,COR,Correction and Rehabilitation,PRRS Facility and Security,Fulltime-Regular,Resident Supervisor II,08/01/2011,2011,58718.92
F,LIB,Department of Public Libraries,Gaithersburg Library,Fulltime-Regular,Library Assistant I,04/16/1996,1996,60201.44
M,POL,Department of Police,MSB Information Management and Technology Division,Fulltime-Regular,Information Technology Specialist III,02/19/2001,2001,107657.0
F,POL,Department of Police,FSB Traffic Division School Safety Section,Parttime-Regular,Crossing Guard,02/28/1994,1994,26208.35
F,HCA,Department of Housing and Community Affairs,Finance and Administration Division,Fulltime-Regular,Office Services Coordinator,07/25/1993,1993,69222.18
M,DPS,Department of Permitting Services,Zoning and Site Plan Enforcement,Fulltime-Regular,Manager II,12/11/2006,2006,151937.78
M,DOT,Department of Transportation,Highway Services,Fulltime-Regular,Public Service Worker III,09/23/1996,1996,57476.06
F,HHS,Department of Health and Human Services,Income Supports,Parttime-Regular,Program Manager II,02/11/2013,2013,58186.12
F,HHS,Department of Health and Human Services,Medical Assistance Eligibility Services,Fulltime-Regular,Income Assistance Program Specialist II,09/18/2006,2006,62428.69
M,SHF,Sheriff's Office,Courthouse Security,Fulltime-Regular,Deputy Sheriff III,07/22/2002,2002,79728.0
M,POL,Department of Police,PSB 3rd District Patrol,Fulltime-Regular,Police Officer I,06/01/2015,2015,51969.0
M,DOT,Department of Transportation,Transit Silver Spring Ride On,Fulltime-Regular,Bus Operator,01/06/2003,2003,56689.66
M,DOT,Department of Transportation,Highway Services,Fulltime-Regular,Manager III,12/08/2008,2008,135392.0
M,COR,Correction and Rehabilitation,DS Food Services,Fulltime-Regular,Correctional Dietary Officer II,03/03/2003,2003,62482.02
M,POL,Department of Police,PSB 6th District Traffic Squad,Fulltime-Regular,Police Officer III,09/29/1997,1997,89620.0
M,DPS,Department of Permitting Services,Land Development Well and Septic,Fulltime-Regular,Manager III,12/05/1994,1994,135233.21
F,DPS,Department of Permitting Services,"Team 3 Commercial Building, Life Safety, Structural and Accessibility",Fulltime-Regular,Senior Permitting Services Specialist,01/11/2016,2016,87435.0
F,LIB,Department of Public Libraries,Damascus Library,Parttime-Regular,Library Aide,11/14/2003,2003,18247.04
F,HHS,Department of Health and Human Services,Income Supports,Fulltime-Regular,Income Assistance Program Specialist II,01/29/1990,1990,83497.98
F,FRS,Fire and Rescue Services,Emergency Communications Center (ECC),Fulltime-Regular,Fire/Rescue Lieutenant,10/09/2006,2006,91961.0
M,POL,Department of Police,MSB Training and Education Division,Fulltime-Regular,Police Officer Candidate,07/11/2016,2016,59638.0
M,DPS,Department of Permitting Services,Site Plan Enforcement,Fulltime-Regular,Permitting and Code Enforcement Inspector II,08/07/2006,2006,84974.0
M,POL,Department of Police,PSB 4th District Patrol,Fulltime-Regular,Police Officer III,07/18/2008,2008,68054.0
M,DLC,Department of Liquor Control,Retail Administration,Fulltime-Regular,Program Manager II,07/11/2005,2005,95995.95
F,HHS,Department of Health and Human Services,Income Supports,Fulltime-Regular,Income Assistance Program Specialist II,11/22/2010,2010,56306.83
F,HHS,Department of Health and Human Services,Child Welfare Services,Parttime-Regular,Child Welfare Caseworker,05/08/2000,2000,44301.09
F,HHS,Department of Health and Human Services,Positive Youth Development,Fulltime-Regular,Program Specialist II,06/11/2007,2007,65780.67
F,POL,Department of Police,ISB Criminal Investigations Division Forensic Services Section,Fulltime-Regular,Forensics Specialist II,12/30/2002,2002,72333.69
M,CEC,Community Engagement Cluster,Silver Spring Urban District,Fulltime-Regular,Urban District Public Service Aide,05/07/2012,2012,36832.08
F,COR,Correction and Rehabilitation,PRRS Facility and Security,Fulltime-Regular,Resident Supervisor II,10/01/2007,2007,69189.59
F,HHS,Department of Health and Human Services,Child Welfare Services,Fulltime-Regular,Social Worker IV,10/21/2013,2013,89184.82
M,FRS,Fire and Rescue Services,Field Operations Administration,Fulltime-Regular,Fire/Rescue Captain,09/11/2000,2000,118930.0
M,DGS,Department of General Services,Fleet Management Fleet Services,Fulltime-Regular,Mechanic Technician II,03/17/2003,2003,73801.0
M,DOT,Department of Transportation,Transit Silver Spring Ride On,Fulltime-Regular,Bus Operator,07/01/2013,2013,43525.13
M,FRS,Fire and Rescue Services,Emergency Communications Center (ECC),Fulltime-Regular,Master Firefighter/Rescuer,09/04/2001,2001,93909.0
M,SHF,Sheriff's Office,Court and Transport,Fulltime-Regular,Deputy Sheriff I,06/01/2015,2015,49364.0
M,FRS,Fire and Rescue Services,Station 17,Fulltime-Regular,Firefighter/Rescuer III,03/14/1999,1999,80784.0
F,FIN,Department of Finance,Director's Office,Fulltime-Regular,Manager I,01/03/1995,1995,175110.54
M,DOT,Department of Transportation,Transit Silver Spring Ride On,Fulltime-Regular,Transit Coordinator,01/24/1994,1994,72534.66
M,HHS,Department of Health and Human Services,School Health Services,Parttime-Regular,School Health Room Technician I,11/03/2015,2015,35552.39
M,DGS,Department of General Services,Fleet Management Fleet Services,Fulltime-Regular,Mechanic Technician II,04/10/2000,2000,73801.0
M,DLC,Department of Liquor Control,Beer Warehouse Operations,Fulltime-Regular,Supply Technician II,10/10/2007,2007,38953.38
M,FRS,Fire and Rescue Services,Station 25,Fulltime-Regular,Firefighter/Rescuer III,09/02/2008,2008,65530.0
M,FRS,Fire and Rescue Services,Station 32,Fulltime-Regular,Firefighter/Rescuer II,06/04/2012,2012,54538.0
F,BOE,Board of Elections,Absentee Voting,Fulltime-Regular,Program Specialist II,09/23/1996,1996,68574.1
M,COR,Correction and Rehabilitation,DS MCDC Custody and Security,Fulltime-Regular,Correctional Shift Commander (Lieutenant),08/10/1998,1998,100688.0
F,COR,Correction and Rehabilitation,DS Health Services,Fulltime-Regular,Correctional Health Nurse II,09/23/2002,2002,97197.58
M,DOT,Department of Transportation,Transit Gaithersburg Ride On,Fulltime-Regular,Bus Operator,09/29/2014,2014,42053.42
F,POL,Department of Police,ISB Major Crimes Division Cold Case Section,Fulltime-Regular,Police Officer III,08/31/1998,1998,89620.0
M,POL,Department of Police,MSB Training and Education Division,Fulltime-Regular,Firearms Instructor,04/25/1994,1994,83497.98
M,HHS,Department of Health and Human Services,Budget Team,Fulltime-Regular,Management and Budget Specialist III,02/27/2012,2012,102664.0
M,DOT,Department of Transportation,Highway Services,Fulltime-Regular,Equipment Operator I,09/04/2007,2007,46325.1
F,HHS,Department of Health and Human Services,Adult Protective and Case Management Services,Fulltime-Regular,Social Worker III,06/25/2007,2007,97190.31
M,COR,Correction and Rehabilitation,DS MCDC Custody and Security,Fulltime-Regular,Correctional Officer III (Corporal),02/22/2005,2005,67384.0
F,HHS,Department of Health and Human Services,Abused Persons Program,Fulltime-Regular,Therapist II,04/12/2010,2010,67850.87
M,COR,Correction and Rehabilitation,DS Food Services,Fulltime-Regular,Correctional Dietary Officer II,12/27/2005,2005,56351.06
F,OHR,Office of Human Resources,Health and Employee Welfare Division,Fulltime-Regular,Human Resources Specialist I,03/15/2005,2005,59295.6
F,HHS,Department of Health and Human Services,School Health Services,Parttime-Regular,School Health Room Technician I,08/06/2007,2007,40534.48
M,POL,Department of Police,MSB Training and Education Division,Fulltime-Regular,Firearms Instructor,07/06/1999,1999,81066.0
F,PIO,Office of Public Information,Cable Programming,Fulltime-Regular,Visual Information Specialist,11/22/2010,2010,75241.76
F,FIN,Department of Finance,General Accounting,Fulltime-Regular,Manager II,07/28/2014,2014,147016.49
F,COR,Correction and Rehabilitation,DS MCDC Custody and Security,Fulltime-Regular,Correctional Officer II (PFC),10/21/2013,2013,51576.0
M,DLC,Department of Liquor Control,Liquor and Wine Delivery Operations,Fulltime-Regular,Truck Driver/Warehouse Worker,06/13/2016,2016,39257.31
F,CCL,County Council,Council Central Staff,Fulltime-Regular,Manager III,03/27/1989,1989,127961.97
F,HHS,Department of Health and Human Services,Income Supports,Fulltime-Regular,Income Assistance Program Specialist II,07/17/2000,2000,81066.0
F,HHS,Department of Health and Human Services,Income Supports,Fulltime-Regular,Income Assistance Program Specialist II,09/07/1999,1999,71640.83
M,FRS,Fire and Rescue Services,Station 15,Fulltime-Regular,Firefighter/Rescuer III,05/16/2005,2005,70396.0
M,POL,Department of Police,PSB 5th District Community Action Team,Fulltime-Regular,Master Police Officer,01/26/2004,2004,82001.0
M,DOT,Department of Transportation,Transit Silver Spring Ride On,Fulltime-Regular,Bus Operator,04/04/2016,2016,39257.31
M,FRS,Fire and Rescue Services,Station 14,Fulltime-Regular,Firefighter/Rescuer III,01/30/2006,2006,68015.0
M,FRS,Fire and Rescue Services,Station 22,Fulltime-Regular,Firefighter/Rescuer III,07/29/2013,2013,55328.0
M,HHS,Department of Health and Human Services,STD and HIV Services,Fulltime-Regular,Manager III,12/03/1990,1990,125849.03
F,HHS,Department of Health and Human Services,Adult Protective and Case Management Services,Fulltime-Regular,Social Worker III,03/29/2010,2010,85855.58
F,COR,Correction and Rehabilitation,DS Health Services,Fulltime-Regular,Manager III,10/15/2007,2007,117137.25
F,HHS,Department of Health and Human Services,Jail Addiction Services,Fulltime-Regular,Supervisory Therapist,06/12/2006,2006,97593.32
M,LIB,Department of Public Libraries,Wheaton Library,Parttime-Regular,Librarian I,03/30/1998,1998,42487.0
F,OHR,Office of Human Resources,EEO Compliance and Diversity Management Division,Fulltime-Regular,Manager II,05/12/2003,2003,155343.73
M,POL,Department of Police,ISB Major Crimes Division Homicide and Sex Section,Fulltime-Regular,Police Sergeant,06/14/1994,1994,107128.71
M,POL,Department of Police,PSB 4th District Patrol,Fulltime-Regular,Police Officer I,06/01/2015,2015,57620.0
M,DGS,Department of General Services,Central Duplicating,Fulltime-Regular,Mail Clerk,10/08/2012,2012,45145.07
M,HCA,Department of Housing and Community Affairs,Housing Code Enforcement,Fulltime-Regular,Housing Code Inspector III,12/27/2004,2004,77051.34
M,DOT,Department of Transportation,Highway Services,Fulltime-Regular,Equipment Operator II,05/15/2006,2006,50344.92
F,FRS,Fire and Rescue Services,Station 3,Fulltime-Regular,Firefighter/Rescuer III,09/29/2009,2009,61344.0
M,DOT,Department of Transportation,Transit Silver Spring Ride On,Fulltime-Regular,Bus Operator,02/12/2007,2007,48260.15
M,POL,Department of Police,ISB Major Crimes Division Robbery Section,Fulltime-Regular,Police Officer III,09/18/1995,1995,92756.7
M,COR,Correction and Rehabilitation,MSD Information Technology,Fulltime-Regular,Information Technology Specialist II,01/02/2001,2001,93396.0
M,POL,Department of Police,PSB 1st District Patrol,Fulltime-Regular,Police Officer III,07/17/2006,2006,72902.0
M,COR,Correction and Rehabilitation,DS MCCF Unit 3 Security,Fulltime-Regular,Correctional Shift Commander (Lieutenant),03/04/1996,1996,103708.64
M,POL,Department of Police,PSB 4th District Station,Fulltime-Regular,Police Officer III,09/24/1996,1996,89620.0
F,FRS,Fire and Rescue Services,Emergency Communications Center (ECC),Fulltime-Regular,Public Safety Communications Specialist I,08/10/2012,2012,47300.92
F,DLC,Department of Liquor Control,Walnut Hill,Fulltime-Regular,Liquor Store Assistant Manager,11/24/1999,1999,65765.83
M,DGS,Department of General Services,Fleet Management Fleet Services,Fulltime-Regular,Mechanic Technician II,07/29/2013,2013,55976.96
M,POL,Department of Police,FSB Special Operations Division Canine Section,Fulltime-Regular,Police Officer III,09/10/2001,2001,89620.0
F,HHS,Department of Health and Human Services,Medical Assistance Eligibility Services,Fulltime-Regular,Income Assistance Program Specialist II,05/15/1979,1979,83497.98
F,LIB,Department of Public Libraries,Wheaton Library,Parttime-Regular,Library Desk Assistant,01/27/2014,2014,18611.91
M,DOT,Department of Transportation,Transit Gaithersburg Ride On,Fulltime-Regular,Motor Pool Attendant,02/05/1996,1996,50053.88
M,OLO,Office of Legislative Oversight,Legislative Oversight Staff,Fulltime-Regular,Public Administration Associate,12/03/2012,2012,53923.27
F,PIO,Office of Public Information,MC311,Fulltime-Regular,Administrative Specialist II,01/03/2000,2000,84974.0
M,COR,Correction and Rehabilitation,DS MCCF Unit 1 Security,Fulltime-Regular,Correctional Officer III (Corporal),06/18/2012,2012,56733.0
M,FRS,Fire and Rescue Services,Station 34,Fulltime-Regular,Fire/Rescue Lieutenant,08/02/1987,1987,104717.6
F,DPS,Department of Permitting Services,"Team 3 Commercial Building, Life Safety, Structural and Accessibility",Fulltime-Regular,Senior Permitting Services Specialist,08/25/2014,2014,92399.14
F,LIB,Department of Public Libraries,Collection Development,Fulltime-Regular,Librarian II,01/05/2009,2009,75928.99
M,DGS,Department of General Services,Building Design and Construction,Fulltime-Regular,Capital Projects Manager,03/25/1991,1991,121952.0
F,HHS,Department of Health and Human Services,Head Start/Pre-K (Health),Parttime-Regular,Dental Hygienist,04/17/1989,1989,65642.42
M,POL,Department of Police,FSB Special Operations Division Canine Section,Fulltime-Regular,Police Officer III,03/01/1999,1999,89620.0
F,LIB,Department of Public Libraries,Little Falls Library,Parttime-Regular,Library Assistant I,11/21/2011,2011,20056.64
F,LIB,Department of Public Libraries,Noyes Library,Parttime-Regular,Library Assistant I,05/25/2012,2012,32361.77
M,FIN,Department of Finance,Payroll,Fulltime-Regular,Manager III,11/18/2013,2013,123811.12
F,POL,Department of Police,FSB Traffic Division School Safety Section,Parttime-Regular,Crossing Guard,08/28/1989,1989,26208.35
F,HHS,Department of Health and Human Services,School Health Services,Parttime-Regular,School Health Room Technician I,10/20/1993,1993,57807.08
M,POL,Department of Police,MSB Information Management and Technology DivisioinCrime Analysis Section,Fulltime-Regular,Crime Analyst,02/06/2006,2006,69805.94
M,FRS,Fire and Rescue Services,Station 9,Fulltime-Regular,Firefighter/Rescuer III,12/13/2004,2004,72861.0
F,LIB,Department of Public Libraries,Little Falls Library,Parttime-Regular,Library Associate,12/27/1994,1994,36073.14
M,POL,Department of Police,MSB Information Management and Technology Division,Fulltime-Regular,Information Technology Specialist I,09/24/2001,2001,66571.2
M,DPS,Department of Permitting Services,Team 1 Residential Plan Review,Fulltime-Regular,Senior Permitting Services Specialist,04/18/1988,1988,110886.71
M,DOT,Department of Transportation,Highway Services,Fulltime-Regular,Equipment Operator I,04/30/2007,2007,46325.18
M,POL,Department of Police,PSB 3rd District Patrol,Fulltime-Regular,Police Officer III,10/26/1998,1998,72902.0
M,POL,Department of Police,PSB 3rd District Patrol,Fulltime-Regular,Police Officer II,07/16/2012,2012,60501.0
F,HHS,Department of Health and Human Services,School Health Services,Parttime-Regular,School Health Room Technician I,08/10/1992,1992,57807.08
F,DOT,Department of Transportation,Transit Silver Spring Ride On,Fulltime-Regular,Bus Operator,11/09/2015,2015,40631.32
M,CEX,Offices of the County Executive,Chief Administrative Officer's Office,Fulltime-Regular,Chief Administrative Officer,11/26/1979,1979,303091.0
M,FIN,Department of Finance,Tax Operations,Fulltime-Regular,Accountant/Auditor II,05/10/1999,1999,84974.0
M,HCA,Department of Housing and Community Affairs,Housing Code Enforcement,Fulltime-Regular,Housing Code Inspector II,11/16/1998,1998,76661.33
M,CEC,Community Engagement Cluster,Silver Spring Urban District,Fulltime-Regular,Public Service Worker II,10/26/2009,2009,35411.29
F,HHS,Department of Health and Human Services,Abused Persons Program,Fulltime-Regular,Therapist II,06/28/1999,1999,91722.27
M,FRS,Fire and Rescue Services,Station 18,Fulltime-Regular,Master Firefighter/Rescuer,06/07/2004,2004,80145.0
M,DLC,Department of Liquor Control,Special Order Liquor and Wine Warehouse Operations,Fulltime-Regular,Supply Technician II,08/15/1988,1988,57476.06
F,HCA,Department of Housing and Community Affairs,Housing Code Enforcement,Fulltime-Regular,Housing Code Inspector II,10/29/2007,2007,63699.42
M,FRS,Fire and Rescue Services,Station 20,Fulltime-Regular,Master Firefighter/Rescuer,07/28/1985,1985,97224.98
M,DTS,Department of Technology Services,ESOD Core Services,Fulltime-Regular,Technology Expert,06/17/2002,2002,140794.0
F,HHS,Department of Health and Human Services,Child Welfare Services,Fulltime-Regular,Social Worker II,05/26/2009,2009,64705.5
M,DOT,Department of Transportation,Highway Services,Fulltime-Regular,Equipment Operator I,08/10/2015,2015,39003.45
F,LIB,Department of Public Libraries,Rockville Library,Parttime-Regular,Library Associate II,10/02/1995,1995,38831.29
M,COR,Correction and Rehabilitation,DS MCCF Unit 2 Security,Fulltime-Regular,Correctional Officer I (Private),09/06/2016,2016,44300.0
M,DOT,Department of Transportation,Transportation Technical Center,Fulltime-Regular,Transportation Systems Technician II,11/08/2010,2010,71730.5
M,FRS,Fire and Rescue Services,Station 31,Fulltime-Regular,Firefighter/Rescuer III,10/09/2006,2006,70052.0
M,DLC,Department of Liquor Control,Seneca Meadows,Parttime-Regular,Liquor Store Clerk I,04/23/2012,2012,29779.07
F,CAT,County Attorney's Office,Insurance Defense Litigation,Fulltime-Regular,Assistant County Attorney II,11/16/2015,2015,98816.63
M,DLC,Department of Liquor Control,King Farm,Fulltime-Regular,Liquor Store Clerk II,08/31/2008,2008,42386.82
F,HHS,Department of Health and Human Services,Area Agency on Aging Administration,Fulltime-Regular,Office Services Coordinator,06/25/2001,2001,67206.0
M,SHF,Sheriff's Office,Child Support,Fulltime-Regular,Deputy Sheriff Sergeant,01/18/1994,1994,96763.35
M,HHS,Department of Health and Human Services,Income Supports,Fulltime-Regular,Income Assistance Program Specialist II,05/12/1997,1997,76745.39
F,HHS,Department of Health and Human Services,Home Care Services,Fulltime-Regular,Principal Administrative Aide,01/22/1990,1990,60201.44
M,POL,Department of Police,PSB 1st District Patrol,Fulltime-Regular,Police Officer III,03/15/1999,1999,89620.0
M,POL,Department of Police,PSB 4th District Patrol,Fulltime-Regular,Police Officer III,04/12/1999,1999,89620.0
F,HHS,Department of Health and Human Services,School Health Services,Parttime-Regular,School Health Room Technician I,10/07/2003,2003,44945.53
M,LIB,Department of Public Libraries,Rockville Library,Parttime-Regular,Library Desk Assistant,11/27/2000,2000,23682.83
M,FRS,Fire and Rescue Services,Station 13,Fulltime-Regular,Master Firefighter/Rescuer,10/17/2005,2005,77434.0
F,HHS,Department of Health and Human Services,Medical Assistance Eligibility Services,Fulltime-Regular,Income Assistance Program Specialist III,01/16/2001,2001,88310.33
F,SHF,Sheriff's Office,Sheriff Domestic Violence,Fulltime-Regular,Public Safety Telephone Reporting Aide II,10/05/1998,1998,73801.0
F,DLC,Department of Liquor Control,Administration,Fulltime-Regular,Alcohol Beverage Purchasing Specialist,12/18/2000,2000,71469.87
M,POL,Department of Police,ISB Criminal Investigations Division,Fulltime-Regular,Police Captain,06/13/1994,1994,141539.36
F,CAT,County Attorney's Office,Government Operations,Fulltime-Regular,Assistant County Attorney III,02/01/1999,1999,140794.0
M,POL,Department of Police,FSB Animal Services Division,Fulltime-Regular,Principal Administrative Aide,04/30/2012,2012,40453.0
F,OHR,Office of Human Resources,Training and Organizational Development Team,Fulltime-Regular,Administrative Specialist I,05/31/2005,2005,69739.09
F,HHS,Department of Health and Human Services,Early Childhood Services,Fulltime-Regular,Program Manager I,07/14/2014,2014,80225.52
F,HHS,Department of Health and Human Services,Community Action Agency,Fulltime-Regular,Program Manager II,09/06/2016,2016,89000.0
M,DPS,Department of Permitting Services,Fire Code Compliance,Fulltime-Regular,Permitting and Code Enforcement Inspector III,09/21/2015,2015,77774.66
F,DOT,Department of Transportation,Parking Management Financial Management,Fulltime-Regular,Manager III,02/18/1986,1986,125401.04
M,FRS,Fire and Rescue Services,Station 1,Fulltime-Regular,Master Firefighter/Rescuer,02/20/2001,2001,88859.0
F,LIB,Department of Public Libraries,Little Falls Library,Parttime-Regular,Library Assistant I,01/04/1999,1999,22429.61
M,COR,Correction and Rehabilitation,DS MCCF Unit 2 Security,Fulltime-Regular,Correctional Supervisor (Sergeant),04/06/1997,1997,91532.0
F,DEP,Department of Environmental Protection,Solid Waste Services Administration,Fulltime-Regular,Administrative Specialist II,07/24/1989,1989,86673.48
M,HHS,Department of Health and Human Services,24 Hours Crisis Center,Parttime-Regular,Medical Doctor III - Psychiatrist,06/27/2016,2016,92460.0
F,LIB,Department of Public Libraries,Chevy Chase Library,Parttime-Regular,Library Associate,09/26/2013,2013,22376.5
M,DLC,Department of Liquor Control,Beer Delivery Operations,Fulltime-Regular,Truck Driver/Warehouse Worker,08/25/2010,2010,45048.5
F,CCL,County Council,Council Central Staff,Fulltime-Regular,Legislative Services Coordinator,11/28/1994,1994,71830.44
F,HHS,Department of Health and Human Services,Medical Assistance Eligibility Services,Fulltime-Regular,Income Assistance Program Specialist II,07/23/2007,2007,74079.67
M,DPS,Department of Permitting Services,Land Development Sediment and Stormwater Inspection,Fulltime-Regular,Permitting and Code Enforcement Inspector III,05/03/2004,2004,90131.39
F,DPS,Department of Permitting Services,Fire Protection,Fulltime-Regular,Permitting Services Specialist II,10/06/2003,2003,97912.0
M,POL,Department of Police,PSB 3rd District Patrol,Fulltime-Regular,Police Officer II,06/16/2014,2014,64812.0
M,DPS,Department of Permitting Services,Site Plan Enforcement,Fulltime-Regular,Program Manager II,02/05/2007,2007,79919.72
F,FIN,Department of Finance,Accounts Receivable,Fulltime-Regular,Senior Financial Specialist,01/22/2008,2008,99501.63
M,DOT,Department of Transportation,Transit Gaithersburg Ride On,Fulltime-Regular,Bus Operator,09/15/2002,2002,56687.16
M,DEP,Department of Environmental Protection,Solid Waste Northern Operations,Fulltime-Regular,Manager II,03/08/1999,1999,156525.0
F,POL,Department of Police,PSB 1st District Special Assignment Team,Fulltime-Regular,Police Officer III,01/16/2007,2007,70435.0
F,LIB,Department of Public Libraries,Germantown Library,Fulltime-Regular,Library Assistant I,10/26/1983,1983,60201.44
F,DOT,Department of Transportation,Transit Nicholson Ride On,Fulltime-Regular,Bus Operator,11/08/2004,2004,55123.38
M,FRS,Fire and Rescue Services,Station 13,Fulltime-Regular,Firefighter/Rescuer II,03/27/2006,2006,72167.0
F,HHS,Department of Health and Human Services,School Health Services,Parttime-Regular,School Health Room Technician I,04/07/2015,2015,34350.15
F,HHS,Department of Health and Human Services,Adult Foster Care - Project Home,Fulltime-Regular,Social Worker III,10/10/1983,1983,100849.36
F,DTS,Department of Technology Services,EASD Geographic Information System,Parttime-Regular,Senior Information Technology Specialist,12/04/1989,1989,90576.0
M,DOT,Department of Transportation,Highway Services,Fulltime-Regular,Administrative Specialist III,07/04/1999,1999,80886.89
M,FRS,Fire and Rescue Services,Station 6,Fulltime-Regular,Master Firefighter/Rescuer,12/13/2004,2004,80145.0
M,POL,Department of Police,PSB 2nd District Patrol,Fulltime-Regular,Police Officer III,07/14/2008,2008,72902.0
M,HHS,Department of Health and Human Services,Access to Behavioral Health Services,Fulltime-Regular,Manager III,08/06/1990,1990,134504.29
F,FRS,Fire and Rescue Services,Station 13,Fulltime-Regular,Fire/Rescue Captain,08/14/1989,1989,125875.02
M,DLC,Department of Liquor Control,Hampden Lane,Fulltime-Regular,Liquor Store Manager,02/24/2002,2002,74448.93
M,POL,Department of Police,Field Services Bureau,Fulltime-Regular,Police Lieutenant,07/26/1993,1993,123902.96
M,FRS,Fire and Rescue Services,Station 12,Fulltime-Regular,Firefighter/Rescuer II,07/29/2013,2013,52693.0
M,DOT,Department of Transportation,Transportation Management,Fulltime-Regular,Depot Supply Coordinator,08/25/2003,2003,56145.65
F,HHS,Department of Health and Human Services,Community Action Agency,Fulltime-Regular,Community Services Aide III,08/10/2015,2015,48222.51
M,FRS,Fire and Rescue Services,Station 40,Fulltime-Regular,Master Firefighter/Rescuer,09/03/2002,2002,85854.0
M,DLC,Department of Liquor Control,Westwood,Parttime-Regular,Liquor Store Clerk I,07/15/2012,2012,29779.07
F,OHR,Office of Human Resources,Recruitment and Selection Division,Fulltime-Regular,Human Resources Specialist II,04/07/2014,2014,71429.48
M,DOT,Department of Transportation,Highway Services,Fulltime-Regular,Equipment Operator I,10/11/2010,2010,43244.28
M,FRS,Fire and Rescue Services,Station 17,Fulltime-Regular,Firefighter/Rescuer III,02/27/2012,2012,57265.0
M,POL,Department of Police,FSB Traffic Division Automated Traffic Enforcement Section,Fulltime-Regular,Program Specialist I,08/26/2013,2013,49618.43
M,DOT,Department of Transportation,Transit Gaithersburg Ride On,Fulltime-Regular,Bus Operator,09/12/2011,2011,45049.12
M,FRS,Fire and Rescue Services,Station 31,Fulltime-Regular,Firefighter/Rescuer III,09/04/2007,2007,67753.0
M,POL,Department of Police,MSB Communications Division,Fulltime-Regular,Public Safety Emergency Communications Supervisor,04/17/2006,2006,73296.24
F,COR,Correction and Rehabilitation,PTS Alternative Community Services,Fulltime-Regular,Principal Administrative Aide,08/17/1992,1992,60201.44
M,POL,Department of Police,PSB 3rd District Patrol,Fulltime-Regular,Police Officer III,01/14/2002,2002,83658.0
F,HHS,Department of Health and Human Services,School Health Services,Parttime-Regular,School Health Room Technician I,01/27/2014,2014,35552.8
F,HHS,Department of Health and Human Services,School Health Services,Parttime-Regular,School Health Room Technician I,10/31/2005,2005,43422.51
F,DOT,Department of Transportation,Highway Services,Fulltime-Regular,Equipment Operator I,10/29/1995,1995,58941.9
M,DGS,Department of General Services,Building Design and Construction,Fulltime-Regular,Manager III,12/18/1989,1989,135392.0
M,POL,Department of Police,ISB Criminal Investigations Division 3rd District Investigative Section,Fulltime-Regular,Police Officer III,09/08/1987,1987,92756.7
F,HHS,Department of Health and Human Services,Head Start/Pre-K (Health),Parttime-Regular,Community Health Nurse II,03/05/2001,2001,73434.0
F,HHS,Department of Health and Human Services,Educational Support,Fulltime-Regular,Program Manager I,04/03/2006,2006,77817.32
M,DOT,Department of Transportation,Transit Nicholson Ride On,Fulltime-Regular,Bus Operator,01/09/2012,2012,43525.12
M,POL,Department of Police,PSB 4th District Patrol,Fulltime-Regular,Police Officer III,07/14/2008,2008,68054.0
M,FRS,Fire and Rescue Services,Station 8,Fulltime-Regular,Firefighter/Rescuer II,05/08/2011,2011,52693.0
M,DLC,Department of Liquor Control,White Oak,Parttime-Regular,Liquor Store Clerk I,10/01/2008,2008,30820.88
M,HHS,Department of Health and Human Services,Environmental Health and Regulatory Services,Fulltime-Regular,Manager III,04/16/2007,2007,111761.7
F,HHS,Department of Health and Human Services,STD and HIV Services,Fulltime-Regular,Program Specialist II,05/11/1992,1992,87523.22
F,POL,Department of Police,FSB Traffic Division School Safety Section,Parttime-Regular,Crossing Guard,09/05/2006,2006,20419.48
M,SHF,Sheriff's Office,Warrant Section,Fulltime-Regular,Deputy Sheriff III,06/13/1994,1994,87967.15
M,FRS,Fire and Rescue Services,Station 40,Fulltime-Regular,Firefighter/Rescuer III,09/04/2007,2007,65716.0
M,DOT,Department of Transportation,Transit Nicholson Ride On,Fulltime-Regular,Bus Operator,03/02/2008,2008,59896.56
F,DEP,Department of Environmental Protection,Director,Fulltime-Regular,Director Department of Environmental Protection,01/20/2015,2015,210120.0
M,FRS,Fire and Rescue Services,Station 30,Fulltime-Regular,Firefighter/Rescuer III,01/14/2013,2013,57365.0
M,POL,Department of Police,Patrol Services Bureau,Fulltime-Regular,Assistant Chief of Police,08/15/1988,1988,174166.0
F,OHR,Office of Human Resources,Occupational Medical Services Team,Fulltime-Regular,Administrative Specialist I,02/05/2007,2007,72269.66
M,POL,Department of Police,PSB 5th District Patrol,Fulltime-Regular,Police Sergeant,03/12/2001,2001,100006.0
F,HHS,Department of Health and Human Services,School Health Services,Parttime-Regular,School Health Room Technician I,08/15/1994,1994,57807.08
F,POL,Department of Police,PSB 1st District Patrol,Fulltime-Regular,Police Officer III,07/19/2004,2004,78096.0
F,HHS,Department of Health and Human Services,Environmental Health and Regulatory Services,Fulltime-Regular,Program Manager II,12/12/1994,1994,104717.28
M,COR,Correction and Rehabilitation,MSD Training and Staff Development,Fulltime-Regular,Correctional Supervisor (Sergeant),06/26/1995,1995,94277.96
M,POL,Department of Police,PSB 3rd District Patrol,Fulltime-Regular,Police Sergeant,09/29/1997,1997,103506.0
M,DOT,Department of Transportation,Parking Management Engineering and Capital Project Management,Fulltime-Regular,Manager III,08/02/1982,1982,135392.0
M,DOT,Department of Transportation,Transit Silver Spring Ride On,Fulltime-Regular,Bus Operator,01/22/2007,2007,48260.15
F,DOT,Department of Transportation,Parking Management Parking Operations,Fulltime-Regular,Revenue Counter,01/17/2012,2012,37025.79
F,HHS,Department of Health and Human Services,School Health Services,Parttime-Regular,School Health Room Technician II,03/10/2003,2003,48844.15
M,COR,Correction and Rehabilitation,PRRS Facility and Security,Fulltime-Regular,Resident Supervisor II,02/19/2002,2002,79138.34
M,POL,Department of Police,PSB 2nd District Patrol,Fulltime-Regular,Police Officer I,06/01/2015,2015,51969.0
M,DLC,Department of Liquor Control,Goshen Crossing,Parttime-Regular,Liquor Store Clerk I,10/10/2010,2010,29779.07
M,SHF,Sheriff's Office,Sheriff Domestic Violence,Fulltime-Regular,Deputy Sheriff III,01/17/2006,2006,69475.0
F,PIO,Office of Public Information,MC311,Fulltime-Regular,Program Manager II,08/16/1978,1978,104717.28
F,HHS,Department of Health and Human Services,School Health Services,Parttime-Regular,School Health Room Technician I,10/04/2004,2004,43425.63
M,DPS,Department of Permitting Services,Team 1 Residential Plan Review,Fulltime-Regular,Manager III,01/13/2014,2014,114419.25
F,HHS,Department of Health and Human Services,Contract Team,Fulltime-Regular,Administrative Specialist III,02/25/2013,2013,78755.48
M,POL,Department of Police,PSB 5th District Patrol,Fulltime-Regular,Police Officer III,07/16/2007,2007,70435.0
M,POL,Department of Police,PSB 4th District Patrol,Fulltime-Regular,Police Officer II,07/16/2012,2012,60501.0
M,DLC,Department of Liquor Control,Stock Liquor and Wine Warehouse Operations,Fulltime-Regular,Warehouse Assistant Supervisor,02/05/1996,1996,71220.1
F,DOT,Department of Transportation,Transit Commuter Services,Fulltime-Regular,Office Services Coordinator,05/31/2005,2005,56843.28
M,POL,Department of Police,ISB Major Crimes Division Cold Case Section,Fulltime-Regular,Police Officer III,07/06/1992,1992,92756.7
F,POL,Department of Police,PSB 6th District Patrol,Fulltime-Regular,Police Officer II,02/24/2014,2014,56478.0
F,DLC,Department of Liquor Control,Darnestown,Parttime-Regular,Liquor Store Clerk I,02/22/2016,2016,27805.44
F,DOT,Department of Transportation,Transit Safety and Instruction,Fulltime-Regular,Safety and Training Instructor,10/29/2007,2007,51289.57
M,DLC,Department of Liquor Control,Wholesale Administration,Fulltime-Regular,Manager II,09/21/2015,2015,156026.25
M,DPS,Department of Permitting Services,"Team 4 Commercial Electrical, Mechanical and Fire Protection Systems",Fulltime-Regular,Permitting and Code Enforcement Inspector III,06/06/1994,1994,96197.88
M,HHS,Department of Health and Human Services,Income Supports,Fulltime-Regular,Income Assistance Program Specialist I,01/26/2015,2015,44289.62
F,COR,Correction and Rehabilitation,DS MCDC Custody and Security,Fulltime-Regular,Correctional Shift Commander (Lieutenant),02/26/2001,2001,93989.5
M,DPS,Department of Permitting Services,"Team 3 Commercial Building, Life Safety, Structural and Accessibility",Fulltime-Regular,Permitting Services Specialist II,05/21/1990,1990,100849.36
M,POL,Department of Police,FSB Security Services Division,Fulltime-Regular,Security Officer IV (Lieutenant),08/15/2011,2011,64705.41
F,HHS,Department of Health and Human Services,School Health Services,Parttime-Regular,School Health Room Technician I,07/30/2013,2013,35552.78
F,COR,Correction and Rehabilitation,MSD Information Technology,Fulltime-Regular,Information Technology Specialist III,06/12/2006,2006,107657.0
F,POL,Department of Police,MSB Communications Division,Fulltime-Regular,Manager III,02/24/1991,1991,119796.23
M,DOT,Department of Transportation,Highway Services,Fulltime-Regular,Work Force Leader II,10/10/2011,2011,47940.3
F,DGS,Department of General Services,Administration and Budget,Fulltime-Regular,Administrative Specialist II,10/06/1997,1997,84974.0
F,DEP,Department of Environmental Protection,Solid Waste Services Recycling,Fulltime-Regular,Program Specialist I,10/19/2015,2015,55129.28
M,DGS,Department of General Services,Fleet Management Fleet Services,Fulltime-Regular,Autobody Repairer,10/31/2005,2005,65082.89
F,HCA,Department of Housing and Community Affairs,Housing Code Enforcement,Fulltime-Regular,Housing Code Inspector III,10/21/1985,1985,96197.88
M,DOT,Department of Transportation,Transit Gaithersburg Ride On,Fulltime-Regular,Bus Operator,03/02/2008,2008,46626.08
F,LIB,Department of Public Libraries,Germantown Library,Parttime-Regular,Library Desk Assistant,01/14/1985,1985,28738.03
M,CCL,County Council,Council Central Staff,Fulltime-Regular,Manager II,09/09/2002,2002,130195.12
F,HHS,Department of Health and Human Services,Facilities and Logistical Services,Fulltime-Regular,Office Services Coordinator,07/04/1983,1983,66745.27
M,FRS,Fire and Rescue Services,Fleet Support,Fulltime-Regular,Emergency Vehicle Maintenance Crew Chief,10/13/1981,1981,96197.88
F,HHS,Department of Health and Human Services,Health Planning and Epidemiology,Fulltime-Regular,Program Manager I,09/06/2016,2016,60000.0
F,LIB,Department of Public Libraries,Bethesda Library,Fulltime-Regular,Library Assistant I,03/15/1999,1999,58448.0
F,DLC,Department of Liquor Control,Purchasing,Fulltime-Regular,Alcohol Beverage Purchasing Specialist,07/23/2003,2003,58769.89
M,FRS,Fire and Rescue Services,Fire and Explosive Investigations,Fulltime-Regular,Fire/Rescue Captain,08/27/1990,1990,116124.02
M,COR,Correction and Rehabilitation,DS MCCF Unit 2 Security,Fulltime-Regular,Correctional Officer III (Corporal),05/20/2013,2013,56733.0
F,HHS,Department of Health and Human Services,School Health Services,Parttime-Regular,School Health Room Technician I,02/19/2008,2008,39163.74
F,DTS,Department of Technology Services,ETSD Network Services,Fulltime-Regular,Program Manager II,01/21/1986,1986,102664.0
M,CCL,County Council,Council Members and Staff,Fulltime-Regular,Legislative Senior Aide III,03/19/2007,2007,69472.11
F,HHS,Department of Health and Human Services,Adult Protective Services - Nurse Assessment,Fulltime-Regular,Community Health Nurse II,04/30/2007,2007,97676.37
F,LIB,Department of Public Libraries,Rockville Library,Fulltime-Regular,Manager III,12/29/1986,1986,118728.11
F,COR,Correction and Rehabilitation,DS Health Services,Fulltime-Regular,Correctional Health Nurse II,09/22/2003,2003,97912.0
M,CCL,County Council,Council Central Staff,Fulltime-Regular,Manager II,09/25/1989,1989,156525.0
M,HHS,Department of Health and Human Services,Jail Addiction Services,Fulltime-Regular,Therapist II,02/19/1991,1991,100849.36
F,POL,Department of Police,FSB Animal Services Division,Fulltime-Regular,Executive Administrative Aide,06/13/2005,2005,49415.14
M,POL,Department of Police,PSB 2nd District Patrol,Fulltime-Regular,Police Officer III,02/03/2003,2003,80829.0
F,POL,Department of Police,FSB Traffic Division School Safety Section,Parttime-Regular,Crossing Guard,12/26/1995,1995,26208.35
M,OMB,Office of Management and Budget,Administration,Fulltime-Regular,Senior Management and Budget Specialist,07/16/2012,2012,103114.91
M,FRS,Fire and Rescue Services,Station 29,Fulltime-Regular,Fire/Rescue Lieutenant,06/07/2004,2004,90205.0
M,FRS,Fire and Rescue Services,Station 3,Fulltime-Regular,Firefighter/Rescuer III,03/17/2008,2008,63493.0
M,DOT,Department of Transportation,Transit Nicholson Ride On,Fulltime-Regular,Bus Operator,04/28/2008,2008,46626.87
F,LIB,Department of Public Libraries,Director,Fulltime-Regular,Office Services Coordinator,10/22/2001,2001,59130.0
M,HHS,Department of Health and Human Services,Clinical Assessment and Triage Services,Fulltime-Regular,Community Services Aide III,01/24/2005,2005,73561.26
M,POL,Department of Police,PSB 4th District Patrol,Fulltime-Regular,Master Police Officer,07/17/2000,2000,94099.0
M,DOT,Department of Transportation,Transit Silver Spring Ride On,Fulltime-Regular,Bus Operator,10/29/2007,2007,46626.87
M,FRS,Fire and Rescue Services,Station 35,Fulltime-Regular,Fire/Rescue Lieutenant,09/03/2002,2002,94449.0
M,SHF,Sheriff's Office,Court and Transport,Fulltime-Regular,Deputy Sheriff III,07/26/1993,1993,87967.15
F,DOT,Department of Transportation,Transit Silver Spring Ride On,Fulltime-Regular,Transit Operations Supervisor,05/15/1989,1989,78889.86
M,FRS,Fire and Rescue Services,Station 25,Fulltime-Regular,Firefighter/Rescuer II,03/10/2014,2014,52947.0
,REC,Department of Recreation,Neighborhood Senior Centers - Northern,Fulltime-Regular,Recreation Specialist,12/27/2016,2016,58000.0
M,DOT,Department of Transportation,Transit Silver Spring Ride On,Fulltime-Regular,Transit Coordinator,12/06/1993,1993,67665.5
F,FIN,Department of Finance,Accounts Payable,Fulltime-Regular,Fiscal Assistant,09/07/2004,2004,61936.52
F,SHF,Sheriff's Office,Evictions,Fulltime-Regular,Deputy Sheriff III,07/19/2004,2004,74424.0
M,FRS,Fire and Rescue Services,Station 25,Fulltime-Regular,Master Firefighter/Rescuer,09/04/2001,2001,90896.0
F,DOT,Department of Transportation,Transit Nicholson Ride On,Fulltime-Regular,Bus Operator,07/18/1999,1999,64141.0
F,LIB,Department of Public Libraries,Public Service Administration,Fulltime-Regular,Program Specialist I,01/29/2001,2001,66720.4
M,CCL,County Council,Council Central Staff,Fulltime-Regular,Legislative Analyst II,10/07/2013,2013,99394.13
F,DOT,Department of Transportation,Transit Gaithersburg Ride On,Fulltime-Regular,Bus Operator,04/06/2003,2003,56688.39
M,POL,Department of Police,FSB Security Services Division,Fulltime-Regular,Security Officer III (Sergeant),01/31/1972,1972,84832.58
F,DOT,Department of Transportation,Transit Gaithersburg Ride On,Fulltime-Regular,Bus Operator,03/14/1999,1999,64141.0
F,POL,Department of Police,FSB Traffic Division School Safety Section,Parttime-Regular,Crossing Guard,08/03/2005,2005,22425.81
M,DPS,Department of Permitting Services,Land Development Well and Septic,Fulltime-Regular,Environmental Health Specialist III,06/28/2004,2004,91299.77
M,DLC,Department of Liquor Control,Beer Delivery Operations,Fulltime-Regular,Truck Driver Helper/Warehouse Worker,04/16/2008,2008,38484.16
F,COR,Correction and Rehabilitation,DS MCDC Custody and Security,Fulltime-Regular,Correctional Officer II (PFC),09/25/2000,2000,70301.0
F,LIB,Department of Public Libraries,Director,Fulltime-Regular,Administrative Specialist II,08/21/2006,2006,76384.04
M,POL,Department of Police,PSB 4th District Patrol,Fulltime-Regular,Police Officer III,07/18/2005,2005,75453.0
F,DOT,Department of Transportation,Traffic Engineering and Operations,Fulltime-Regular,Principal Administrative Aide,09/16/2002,2002,53278.7
F,HHS,Department of Health and Human Services,Income Supports,Fulltime-Regular,Income Assistance Program Supervisor,03/14/1984,1984,99870.24
M,DOT,Department of Transportation,Highway Services,Fulltime-Regular,Depot Supply Coordinator,10/30/1989,1989,62875.6
M,DLC,Department of Liquor Control,Kensington,Parttime-Regular,Liquor Store Clerk I,07/02/2001,2001,39218.77
M,DGS,Department of General Services,Fleet Management Fleet Services,Fulltime-Regular,Mechanic Technician II,03/03/2008,2008,56695.35
F,POL,Department of Police,FSB Traffic Division School Safety Section,Parttime-Regular,Crossing Guard,05/01/2006,2006,20419.48
F,HHS,Department of Health and Human Services,School Health Services,Parttime-Regular,School Health Room Technician I,02/14/2000,2000,51574.16
M,FRS,Fire and Rescue Services,Station 19,Fulltime-Regular,Firefighter/Rescuer II,03/10/2014,2014,50910.0
F,DOT,Department of Transportation,Transit Silver Spring Ride On,Fulltime-Regular,Bus Operator,06/19/2006,2006,50699.16
M,HHS,Department of Health and Human Services,School Health Services,Fulltime-Regular,Administrative Specialist III,02/05/2007,2007,69495.42
M,DGS,Department of General Services,Fleet Management Fleet Services,Fulltime-Regular,Mechanic Technician I,01/27/2014,2014,52721.77
M,DGS,Department of General Services,Facilities Maintenance,Fulltime-Regular,Maintenance Renovation and Inspection Specialist,11/07/1994,1994,87523.22
F,POL,Department of Police,ISB Major Crimes Division Homicide and Sex Section,Fulltime-Regular,Police Officer III,01/17/2006,2006,75453.0
M,DOT,Department of Transportation,Transit Silver Spring Ride On,Fulltime-Regular,Bus Operator,08/04/2003,2003,55122.12
F,HHS,Department of Health and Human Services,Behavioral Health Planning and Management,Parttime-Regular,Program Specialist II,03/06/1994,1994,43761.61
F,HHS,Department of Health and Human Services,School Health Services,Parttime-Regular,School Health Room Technician I,08/06/2007,2007,40534.48
M,HCA,Department of Housing and Community Affairs,Director,Fulltime-Regular,Director Department of Housing and Community Affairs,01/05/2015,2015,206000.0
F,POL,Department of Police,MSB Policy and Planning Division,Fulltime-Regular,Police Officer III,07/17/2000,2000,89620.0
M,POL,Department of Police,PSB 5th District Educational Facilities Officers,Fulltime-Regular,Police Officer III,01/14/2002,2002,86588.0
M,DLC,Department of Liquor Control,Milestone,Parttime-Regular,Liquor Store Clerk I,05/20/2012,2012,29779.07
M,OHR,Office of Human Resources,Information Technology Team,Fulltime-Regular,Manager II,08/16/1999,1999,145759.76
F,HHS,Department of Health and Human Services,Area Health Centers,Fulltime-Regular,Community Services Aide III,08/09/2004,2004,60051.29
M,POL,Department of Police,PSB 4th District Patrol,Fulltime-Regular,Police Officer III,08/19/1996,1996,92756.7
M,FRS,Fire and Rescue Services,Station 32,Fulltime-Regular,Fire/Rescue Captain,08/17/1998,1998,118930.0
M,CUS,Community Use of Public Facilities,Scheduling Team,Fulltime-Regular,Program Specialist I,09/19/2016,2016,58150.0
F,DGS,Department of General Services,Building Design and Construction,Fulltime-Regular,Capital Projects Manager,12/17/2000,2000,117808.54
F,HHS,Department of Health and Human Services,Child Welfare Services,Parttime-Regular,Social Worker II,06/04/1996,1996,48098.94
F,OLO,Office of Legislative Oversight,Legislative Oversight Staff,Fulltime-Regular,Administrative Specialist I,05/14/2007,2007,73801.0
M,POL,Department of Police,PSB 1st District Patrol,Fulltime-Regular,Police Officer III,09/12/1988,1988,92756.7
F,CAT,County Attorney's Office,Finance and Procurement,Fulltime-Regular,Office Services Coordinator,11/13/2007,2007,47169.07
F,CCL,County Council,Council Central Staff,Fulltime-Regular,Manager II,05/18/1970,1970,156525.0
M,FRS,Fire and Rescue Services,Station 32,Fulltime-Regular,Master Firefighter/Rescuer,01/30/2006,2006,74815.0
M,FRS,Fire and Rescue Services,Station 3,Fulltime-Regular,Firefighter/Rescuer III,02/27/2012,2012,63345.0
F,DPS,Department of Permitting Services,Zoning and Site Plan Enforcement,Fulltime-Regular,Office Services Coordinator,08/09/2004,2004,57361.81
M,POL,Department of Police,PSB 6th District Special Assignment Team,Fulltime-Regular,Police Officer III,11/29/2004,2004,78096.0
M,FRS,Fire and Rescue Services,Station 18,Fulltime-Regular,Fire/Rescue Captain,05/25/1986,1986,129868.06
F,LIB,Department of Public Libraries,Gaithersburg Library,Fulltime-Regular,Library Associate,11/18/2013,2013,51496.03
M,POL,Department of Police,PSB 4th District Special Assignment Team,Fulltime-Regular,Police Officer III,07/14/2008,2008,68054.0
F,HHS,Department of Health and Human Services,School Health Services,Parttime-Regular,School Health Room Technician I,01/31/2011,2011,37838.73
M,DPS,Department of Permitting Services,Fire Code Compliance,Fulltime-Regular,Engineer III,10/30/2006,2006,102664.0
F,COR,Correction and Rehabilitation,DS Intake Classification and Re-Entry Services,Fulltime-Regular,Correctional Specialist III,07/09/2007,2007,69705.46
M,NDA,Non-Departmental Account,MCERP,Fulltime-Regular,Senior Investment Officer,04/17/2006,2006,151588.87
M,DLC,Department of Liquor Control,Liquor and Wine Delivery Operations,Fulltime-Regular,Truck Driver/Warehouse Worker,11/13/2006,2006,49949.25
F,DLC,Department of Liquor Control,Clarksburg Village,Parttime-Regular,Liquor Store Clerk I,11/09/2012,2012,29779.06
M,FRS,Fire and Rescue Services,Station 29,Fulltime-Regular,Master Firefighter/Rescuer,06/07/2004,2004,90883.0
M,DGS,Department of General Services,Fleet Management Services,Fulltime-Regular,Supply Technician III,03/09/2015,2015,50131.24
F,POL,Department of Police,MSB Training and Education Division,Fulltime-Regular,Police Officer III,03/17/1986,1986,92756.7
F,DOT,Department of Transportation,Traffic Engineering and Operations Management Services,Fulltime-Regular,Management and Budget Specialist III,12/17/2000,2000,90006.97
M,DLC,Department of Liquor Control,Stock Liquor and Wine Warehouse Operations,Fulltime-Regular,Supply Technician II,11/03/2002,2002,36707.05
F,COR,Correction and Rehabilitation,DS MCDC Custody and Security,Fulltime-Regular,Correctional Officer II (PFC),11/04/2013,2013,51576.0
F,DHS,Office of Emergency Management and Homeland Security,Director's Office,Fulltime-Regular,Management and Budget Specialist III,08/26/1996,1996,102664.0
M,OHR,Office of Human Resources,Classification and Compensation Team,Fulltime-Regular,Compensation Analyst,08/01/1980,1980,106946.63
M,FRS,Fire and Rescue Services,Station 17,Fulltime-Regular,Master Firefighter/Rescuer,12/13/2004,2004,80145.0
M,DOT,Department of Transportation,Transit Silver Spring Ride On,Fulltime-Regular,Bus Operator,09/29/2014,2014,42053.42
F,HHS,Department of Health and Human Services,Medical Assistance Eligibility Services,Fulltime-Regular,Income Assistance Program Supervisor,08/28/1989,1989,97912.0
M,FRS,Fire and Rescue Services,Station 2,Fulltime-Regular,Fire/Rescue Captain,10/15/1979,1979,118080.06
F,LIB,Department of Public Libraries,Bethesda Library,Parttime-Regular,Library Associate II,11/17/1997,1997,38831.29
F,FIN,Department of Finance,General Accounting,Fulltime-Regular,Accountant/Auditor III,04/08/2013,2013,93396.0
F,HHS,Department of Health and Human Services,Abused Persons Program,Fulltime-Regular,Therapist II,11/29/1993,1993,92707.17
M,DOT,Department of Transportation,Highway Services,Fulltime-Regular,District Supervisor,08/14/2007,2007,84095.22
F,DTS,Department of Technology Services,Enterprise Information Security Office,Fulltime-Regular,Information Technology Specialist III,08/07/2006,2006,106833.29
M,DOT,Department of Transportation,Highway Services,Fulltime-Regular,Senior Supply Technician,08/07/1989,1989,70422.0
F,OMB,Office of Management and Budget,Operating Budget Management,Fulltime-Regular,Senior Management and Budget Specialist,04/18/1988,1988,115156.98
M,COR,Correction and Rehabilitation,PTS Supervision,Fulltime-Regular,Correctional Specialist III,11/10/1997,1997,86083.36
M,POL,Department of Police,Patrol Services Bureau,Fulltime-Regular,Police Officer I,06/01/2015,2015,50211.0
F,HHS,Department of Health and Human Services,Income Supports,Fulltime-Regular,Income Assistance Program Specialist II,03/21/2005,2005,62430.09
M,POL,Department of Police,ISB Family Crimes Division Child Abuse Sexual Assault Section,Fulltime-Regular,Police Officer III,03/16/1998,1998,89620.0
F,CCL,County Council,Council Central Staff,Fulltime-Regular,Manager II,01/18/1987,1987,156525.0
F,HHS,Department of Health and Human Services,24 Hours Crisis Center,Fulltime-Regular,Manager III,08/15/1988,1988,132162.52
M,POL,Department of Police,PSB 1st District Patrol,Fulltime-Regular,Police Services Assistant,10/15/2007,2007,50825.19
M,DLC,Department of Liquor Control,Special Order Liquor and Wine Warehouse Operations,Fulltime-Regular,Supply Technician III,09/01/2011,2011,41123.09
F,DTS,Department of Technology Services,COO Office - Management Services,Fulltime-Regular,Office Services Coordinator,09/19/1988,1988,69222.18
F,SHF,Sheriff's Office,Child Support,Fulltime-Regular,Principal Administrative Aide,04/23/1984,1984,60201.44
M,DLC,Department of Liquor Control,Burtonsville,Parttime-Regular,Liquor Store Clerk I,04/18/2016,2016,27805.44
M,COR,Correction and Rehabilitation,DS MCCF Unit 3 Security,Fulltime-Regular,Correctional Officer III (Corporal),02/25/2002,2002,74713.0
M,DOT,Department of Transportation,Transit Silver Spring Ride On,Fulltime-Regular,Office Services Coordinator,03/07/2005,2005,67206.0
M,DOT,Department of Transportation,Transit Silver Spring Ride On,Fulltime-Regular,Bus Operator,04/04/2016,2016,39257.31
F,HHS,Department of Health and Human Services,Environmental Health and Regulatory Services,Fulltime-Regular,Administrative Specialist III,07/28/2003,2003,93396.0
M,DLC,Department of Liquor Control,Beer Delivery Operations,Fulltime-Regular,Work Force Leader II,03/11/1992,1992,75277.02
M,COR,Correction and Rehabilitation,DS MCCF Unit 1 Security,Fulltime-Regular,Correctional Officer III (Corporal),09/25/2000,2000,77328.0
M,DOT,Department of Transportation,Transit Silver Spring Ride On,Fulltime-Regular,Bus Operator,11/26/2007,2007,46626.87
M,FRS,Fire and Rescue Services,Station 32,Fulltime-Regular,Firefighter/Rescuer II,06/04/2012,2012,54538.0
M,POL,Department of Police,MSB Personnel Division,Parttime-Regular,Police Cadet,10/31/2016,2016,16049.0
F,PIO,Office of Public Information,MC311,Fulltime-Regular,Customer Service Representative II,10/10/2011,2011,52356.35
M,POL,Department of Police,ISB Major Crimes Division Fugitive Section,Fulltime-Regular,Police Sergeant,08/07/1989,1989,107128.71
M,COR,Correction and Rehabilitation,DS Facility Operations Management,Fulltime-Regular,Principal Administrative Aide,11/23/1998,1998,58448.0
F,LIB,Department of Public Libraries,Wheaton Library,Fulltime-Regular,Library Assistant I,12/29/2000,2000,55139.23
F,HHS,Department of Health and Human Services,Infants and Toddlers,Fulltime-Regular,Program Aide,04/10/1989,1989,63067.93
F,FRS,Fire and Rescue Services,Station 32,Fulltime-Regular,Firefighter/Rescuer III,05/16/2005,2005,79097.0
M,HHS,Department of Health and Human Services,STD and HIV Services,Fulltime-Regular,Community Health Clinic Technician Leader,12/04/2000,2000,70422.0
F,POL,Department of Police,FSB Traffic Division School Safety Section,Parttime-Regular,Crossing Guard,08/26/2013,2013,17793.55
F,LIB,Department of Public Libraries,Potomac Library,Fulltime-Regular,Manager III,01/05/2009,2009,82019.65
M,HHS,Department of Health and Human Services,Compliance Team,Fulltime-Regular,Senior Financial Specialist,09/12/1994,1994,104717.28
F,HCA,Department of Housing and Community Affairs,Community Development Neighborhood Revitalization,Fulltime-Regular,Senior Planning Specialist,08/21/2006,2006,102664.0
M,FRS,Fire and Rescue Services,Station 29,Fulltime-Regular,Firefighter/Rescuer III,01/14/2013,2013,63445.0
F,CAT,County Attorney's Office,Finance and Procurement,Fulltime-Regular,Paralegal Specialist,03/08/1999,1999,86708.62
F,HHS,Department of Health and Human Services,School Health Services,Parttime-Regular,School Health Room Technician I,08/05/2002,2002,48145.17
M,DOT,Department of Transportation,Traffic Engineering Studies Section,Fulltime-Regular,Engineer Technician II,08/07/2006,2006,73801.0
F,LIB,Department of Public Libraries,Damascus Library,Parttime-Regular,Library Associate,06/07/2007,2007,24809.23
F,HHS,Department of Health and Human Services,Area Agency on Aging Administration,Fulltime-Regular,Program Manager II,02/08/2016,2016,86430.0
M,POL,Department of Police,PSB 3rd District Patrol,Fulltime-Regular,Police Officer II,02/24/2014,2014,56478.0
F,DGS,Department of General Services,Central Duplicating,Fulltime-Regular,Mail Clerk,02/11/2013,2013,44707.91
F,HHS,Department of Health and Human Services,Child Welfare Services,Fulltime-Regular,Office Services Coordinator,09/04/2007,2007,62897.98
M,POL,Department of Police,FSB Traffic Division Automated Traffic Enforcement Section,Fulltime-Regular,Traffic Enforcement Field Service Technician II,02/06/2006,2006,50563.09
F,HHS,Department of Health and Human Services,Medical Assistance Eligibility Services,Fulltime-Regular,Income Assistance Program Supervisor,04/23/1990,1990,99870.24
M,REC,Department of Recreation,MLK Indoor Pool,Fulltime-Regular,Recreation Specialist,08/05/1987,1987,87523.22
M,DOT,Department of Transportation,Transit Gaithersburg Ride On,Fulltime-Regular,Bus Operator,02/16/2004,2004,55122.12
F,HHS,Department of Health and Human Services,Nurse Monitoring,Fulltime-Regular,Nurse Manager,02/04/2008,2008,97432.82
M,FRS,Fire and Rescue Services,Station 3,Fulltime-Regular,Firefighter/Rescuer III,01/14/2013,2013,61408.0
M,POL,Department of Police,MSB Management and Budget Division Abandoned Vehicle Section,Fulltime-Regular,Abandoned Vehicle Code Enforcement Specialist,11/19/2001,2001,48054.18
M,POL,Department of Police,PSB 5th District Special Assignment Team,Fulltime-Regular,Master Police Officer,06/16/2003,2003,84871.0
M,COR,Correction and Rehabilitation,DS MCCF Unit 1 Security,Fulltime-Regular,Correctional Officer II (PFC),08/26/2013,2013,51576.0
M,DLC,Department of Liquor Control,Beer Delivery Operations,Fulltime-Regular,Truck Driver Helper/Warehouse Worker,09/08/2006,2006,39834.51
M,HHS,Department of Health and Human Services,TB and Refugee Health,Fulltime-Regular,Radiologic Technologist,11/26/2007,2007,65278.51
M,FRS,Fire and Rescue Services,Station 17,Fulltime-Regular,Firefighter/Rescuer III,09/03/2002,2002,86753.0
M,FRS,Fire and Rescue Services,Station 4,Fulltime-Regular,Master Firefighter/Rescuer,03/17/2008,2008,77231.0
M,DLC,Department of Liquor Control,Muddy Branch,Parttime-Regular,Liquor Store Clerk I,12/26/2006,2006,29779.07
F,HHS,Department of Health and Human Services,Child Welfare Services,Fulltime-Regular,Social Worker IV,05/06/2001,2001,85763.95
M,COR,Correction and Rehabilitation,DS MCCF Unit 3 Security,Fulltime-Regular,Correctional Officer II (PFC),04/20/2015,2015,48145.0
F,POL,Department of Police,MSB Communications Division,Fulltime-Regular,Administrative Specialist I,06/26/2006,2006,64105.74
M,POL,Department of Police,PSB 2nd District Traffic Squad,Fulltime-Regular,Police Sergeant,11/08/1999,1999,103506.0
M,POL,Department of Police,PSB 3rd District Patrol,Fulltime-Regular,Police Officer III,03/12/2001,2001,89620.0
F,POL,Department of Police,FSB Traffic Division School Safety Section,Parttime-Regular,Crossing Guard,08/23/1999,1999,24978.81
F,LIB,Department of Public Libraries,Potomac Library,Fulltime-Regular,Librarian I,12/05/2014,2014,55054.21
F,HHS,Department of Health and Human Services,Child Welfare Services,Fulltime-Regular,Community Services Aide III,01/16/2001,2001,73801.0
M,DGS,Department of General Services,Fleet Management Fleet Services,Fulltime-Regular,Mechanic Technician II,07/15/2002,2002,73801.0
M,POL,Department of Police,MSB Communications Division,Fulltime-Regular,Public Safety Communications Specialist I,05/12/2009,2009,39257.0
F,DTS,Department of Technology Services,EASD Web and Mobile Applications,Fulltime-Regular,Senior Information Technology Specialist,06/13/2005,2005,118400.0
M,POL,Department of Police,PSB 1st District Patrol,Fulltime-Regular,Police Officer III,07/17/2006,2006,72902.0
M,DLC,Department of Liquor Control,Beer Delivery Operations,Fulltime-Regular,Truck Driver Helper/Warehouse Worker,08/25/2004,2004,34777.1
F,OHR,Office of Human Resources,Recruitment and Selection Division,Parttime-Regular,Human Resources Specialist III,07/02/2001,2001,86058.93
M,POL,Department of Police,PSB 4th District Patrol,Fulltime-Regular,Police Officer II,01/28/2013,2013,58455.0
F,HHS,Department of Health and Human Services,Montgomery Cares,Fulltime-Regular,Administrative Specialist III,02/20/2001,2001,93396.0
F,DOT,Department of Transportation,Transit Gaithersburg Ride On,Fulltime-Regular,Bus Operator,09/28/1998,1998,64141.0
M,COR,Correction and Rehabilitation,DS MCCF Unit 1 Security,Fulltime-Regular,Correctional Supervisor (Sergeant),04/29/2002,2002,82556.0
M,HHS,Department of Health and Human Services,Montgomery Cares,Fulltime-Regular,Administrative Specialist III,01/08/2007,2007,93396.0
F,HHS,Department of Health and Human Services,Health Care and Group Residential Services,Fulltime-Regular,Program Manager II,10/11/1977,1977,104717.28
F,HHS,Department of Health and Human Services,STD and HIV Services,Fulltime-Regular,Social Worker III,08/20/2001,2001,81564.6
F,POL,Department of Police,FSB Animal Services Division,Fulltime-Regular,Registered Veterinary Technician,12/01/2014,2014,48503.69
F,POL,Department of Police,FSB Security Services Division,Fulltime-Regular,Security Officer I,01/07/2008,2008,48258.81
F,POL,Department of Police,FSB Traffic Division Automated Traffic Enforcement Section,Fulltime-Regular,Traffic Enforcement Field Service Technician II,07/23/2007,2007,48513.67
M,DLC,Department of Liquor Control,Kensington,Parttime-Regular,Liquor Store Clerk I,09/18/2005,2005,36606.62
M,FRS,Fire and Rescue Services,Station 35,Fulltime-Regular,Firefighter/Rescuer III,10/17/2005,2005,77787.0
M,FRS,Fire and Rescue Services,Station 8,Fulltime-Regular,Firefighter/Rescuer II,07/29/2013,2013,52693.0
M,FRS,Fire and Rescue Services,Recruit Training,Fulltime-Regular,Firefighter/Rescuer I (Recruit),12/12/2016,2016,45261.0
F,HHS,Department of Health and Human Services,Income Supports,Fulltime-Regular,Principal Administrative Aide,12/15/2014,2014,38756.92
M,DGS,Department of General Services,Facilities Maintenance,Fulltime-Regular,HVAC Mechanic II,08/20/2001,2001,77343.0
M,DOT,Department of Transportation,Transit Gaithersburg Ride On,Fulltime-Regular,Bus Operator,01/09/2012,2012,43525.72
M,FRS,Fire and Rescue Services,Station 12,Fulltime-Regular,Firefighter/Rescuer II,07/29/2013,2013,52693.0
M,HHS,Department of Health and Human Services,"Chief, Aging and Disability Services",Fulltime-Regular,Chief Aging and Disability Services,03/27/1989,1989,170754.0
M,FRS,Fire and Rescue Services,Station 18,Fulltime-Regular,Firefighter/Rescuer III,09/29/2009,2009,61344.0
M,POL,Department of Police,PSB 3rd District Patrol,Fulltime-Regular,Police Officer I,10/06/2014,2014,53788.0
M,HHS,Department of Health and Human Services,Area Agency on Aging Administration,Fulltime-Regular,Manager III,10/04/1999,1999,129571.09
F,FIN,Department of Finance,General Accounting,Fulltime-Regular,Senior Financial Specialist,03/06/2006,2006,100382.71
M,POL,Department of Police,PSB 4th District Patrol,Fulltime-Regular,Police Officer I,10/06/2014,2014,63887.0
F,HHS,Department of Health and Human Services,Medical Assistance Eligibility Services,Fulltime-Regular,Income Assistance Program Specialist II,07/12/2004,2004,66985.25
M,COR,Correction and Rehabilitation,DS MCCF Unit 3 Security,Fulltime-Regular,Correctional Officer III (Corporal),07/29/2013,2013,56733.0
M,DOT,Department of Transportation,Transportation Planning and Design Section,Fulltime-Regular,Engineer III,06/10/2001,2001,102664.0
M,POL,Department of Police,FSB Special Operations Division,Fulltime-Regular,Police Officer III,07/21/2003,2003,80829.0
M,COR,Correction and Rehabilitation,DS MCCF Unit 3 Security,Fulltime-Regular,Correctional Officer III (Corporal),08/01/2011,2011,58720.0
M,HHS,Department of Health and Human Services,Income Supports,Fulltime-Regular,Income Assistance Program Specialist II,04/18/1999,1999,81066.0
F,HHS,Department of Health and Human Services,Early Childhood Services,Fulltime-Regular,Office Services Coordinator,07/24/1994,1994,69222.18
F,HHS,Department of Health and Human Services,Infants and Toddlers,Fulltime-Regular,Administrative Specialist I,02/08/2016,2016,59276.91
F,HHS,Department of Health and Human Services,School Health Services,Parttime-Regular,School Health Room Technician I,07/30/2013,2013,36797.11
F,HHS,Department of Health and Human Services,Child Welfare Services,Fulltime-Regular,Social Worker III,06/18/2012,2012,78391.99
M,POL,Department of Police,MSB Training and Education Division,Fulltime-Regular,Police Officer Candidate,07/11/2016,2016,50211.0
F,POL,Department of Police,FSB Traffic Division Automated Traffic Enforcement Section,Fulltime-Regular,Traffic Enforcement Field Service Technician II,01/08/2001,2001,43525.72
M,FRS,Fire and Rescue Services,Station 21,Fulltime-Regular,Firefighter/Rescuer III,03/19/2007,2007,65716.0
F,OMB,Office of Management and Budget,"Process, Production and Technology",Fulltime-Regular,Senior Management and Budget Specialist,08/27/2001,2001,112899.0
M,COR,Correction and Rehabilitation,DS MCCF Unit 3 Security,Fulltime-Regular,Correctional Officer III (Corporal),09/05/2006,2006,65105.0
M,FRS,Fire and Rescue Services,Fourth Battalion - Administration,Fulltime-Regular,Fire/Rescue Battalion Chief,04/05/1982,1982,135945.95
F,DOT,Department of Transportation,Transportation Planning and Design Section,Parttime-Regular,Planning Specialist II,02/12/1996,1996,40912.36
M,HHS,Department of Health and Human Services,Clinical Assessment and Triage Services,Fulltime-Regular,Therapist II,05/30/1989,1989,100849.36
M,CAT,County Attorney's Office,"Zoning, Land Use and Economic Development",Fulltime-Regular,Assistant County Attorney III,04/04/2016,2016,95475.0
M,POL,Department of Police,ISB Criminal Investigations Division Financial Crimes Section,Fulltime-Regular,Principal Administrative Aide,07/09/2001,2001,52827.26
M,FRS,Fire and Rescue Services,Station 9,Fulltime-Regular,Master Firefighter/Rescuer,11/29/1999,1999,88859.0
M,POL,Department of Police,PSB 6th District Patrol,Fulltime-Regular,Police Officer III,07/14/2008,2008,68054.0
M,DGS,Department of General Services,Building Design and Construction,Fulltime-Regular,Construction Representative III,12/11/2006,2006,88980.92
M,BOE,Board of Elections,Polling Place Management,Fulltime-Regular,Supply Technician II,10/10/1995,1995,57476.06
M,FRS,Fire and Rescue Services,Station 35,Fulltime-Regular,Firefighter/Rescuer III,05/16/2005,2005,70396.0
M,POL,Department of Police,PSB 1st District Traffic Squad,Fulltime-Regular,Police Officer III,02/25/1985,1985,92756.7
F,LIB,Department of Public Libraries,Damascus Library,Parttime-Regular,Library Associate II,03/21/1994,1994,37881.99
F,CCL,County Council,Council Central Staff,Fulltime-Regular,Manager II,10/22/2001,2001,156525.0
M,FRS,Fire and Rescue Services,Station 23,Fulltime-Regular,Fire/Rescue Captain,08/17/1998,1998,110229.0
F,POL,Department of Police,Field Services Bureau,Fulltime-Regular,Assistant Chief of Police,02/25/1985,1985,174166.0
M,FRS,Fire and Rescue Services,Fire Chief's Executive Office,Fulltime-Regular,Fire/Rescue Assistant Chief,02/22/1994,1994,144472.55
F,HHS,Department of Health and Human Services,Head Start/Pre-K (Health),Parttime-Regular,School Health Room Technician I,02/17/2004,2004,38524.73
M,LIB,Department of Public Libraries,Silver Spring Library,Fulltime-Regular,Library Assistant II,03/20/2000,2000,73926.6
M,DOT,Department of Transportation,Highway Services,Fulltime-Regular,Equipment Operator I,07/27/2015,2015,38020.38
F,CEX,Offices of the County Executive,Chief Administrative Officer's Office,Fulltime-Regular,Administrative Specialist I,06/23/2008,2008,70124.48
F,HHS,Department of Health and Human Services,Home Care Services,Fulltime-Regular,Community Services Aide III,01/04/1993,1993,76015.03
M,DLC,Department of Liquor Control,"Licensure, Regulation and Education",Fulltime-Regular,Program Manager II,02/24/1992,1992,104717.28
M,POL,Department of Police,MSB Communications Division,Fulltime-Regular,Public Safety Communications Specialist II,02/24/2014,2014,48572.17
M,FRS,Fire and Rescue Services,Station 40,Fulltime-Regular,Fire/Rescue Captain,09/04/2001,2001,118930.0
M,DHS,Office of Emergency Management and Homeland Security,Operations and Training,Fulltime-Regular,Emergency Management Specialist II,05/31/2016,2016,85425.0
F,POL,Department of Police,MSB Communications Division,Fulltime-Regular,Public Safety Emergency Communications Supervisor,04/17/2006,2006,73296.24
F,HHS,Department of Health and Human Services,School Health Services,Parttime-Regular,School Health Room Technician I,08/08/1988,1988,57807.08
F,DEP,Department of Environmental Protection,Management Services,Fulltime-Regular,Senior Executive Administrative Aide,10/01/2007,2007,69095.92
M,LIB,Department of Public Libraries,Bethesda Library,Parttime-Regular,Library Assistant I,06/13/1994,1994,30100.72
F,HHS,Department of Health and Human Services,Home Care Services,Fulltime-Regular,Community Services Aide III,02/06/1989,1989,76015.03
F,HHS,Department of Health and Human Services,Income Supports,Fulltime-Regular,Principal Administrative Aide,12/17/2012,2012,47443.98
M,DOT,Department of Transportation,Transit Silver Spring Ride On,Fulltime-Regular,Bus Operator,05/26/2015,2015,40631.32
M,HHS,Department of Health and Human Services,Income Supports,Fulltime-Regular,Income Assistance Program Specialist II,07/28/2014,2014,54535.86
M,FRS,Fire and Rescue Services,Station 11,Fulltime-Regular,Firefighter/Rescuer II,07/29/2013,2013,52693.0
M,DGS,Department of General Services,Fleet Management Fleet Services,Fulltime-Regular,Mechanic Technician II,11/04/1996,1996,76015.03
M,DOT,Department of Transportation,Transit Nicholson Ride On,Fulltime-Regular,Bus Operator,03/02/2008,2008,46860.73
F,HHS,Department of Health and Human Services,Environmental Health and Regulatory Services,Fulltime-Regular,Office Services Coordinator,06/27/2005,2005,61793.96
M,POL,Department of Police,ISB Criminal Investigations Division Central Auto Theft Section,Fulltime-Regular,Police Officer III,07/06/1992,1992,92756.7
M,DEP,Department of Environmental Protection,Management Services,Fulltime-Regular,Information Technology Specialist II,02/14/2011,2011,62517.39
M,POL,Department of Police,PSB 1st District Patrol,Fulltime-Regular,Police Officer III,07/18/2011,2011,65752.0
F,LIB,Department of Public Libraries,Cataloging and Preparation,Fulltime-Regular,Library Technician,06/13/2003,2003,46422.91
F,POL,Department of Police,MSB Communications Division,Fulltime-Regular,Public Safety Communications Specialist I,11/30/2015,2015,42662.89
F,HHS,Department of Health and Human Services,School Health Services,Parttime-Regular,School Health Room Technician I,08/15/1994,1994,57807.08
M,FRS,Fire and Rescue Services,Station 16,Fulltime-Regular,Firefighter/Rescuer II,03/10/2014,2014,50910.0
M,COR,Correction and Rehabilitation,DS MCDC Custody and Security,Fulltime-Regular,Correctional Officer II (PFC),09/05/2006,2006,59187.0
M,DOT,Department of Transportation,Transit Central Communication,Fulltime-Regular,Transit Communications Supervisor,12/18/1995,1995,75277.02
F,HHS,Department of Health and Human Services,School Based Health Centers,Fulltime-Regular,Community Health Nurse II,12/08/2008,2008,91805.0
M,FRS,Fire and Rescue Services,Station 22,Fulltime-Regular,Firefighter/Rescuer III,06/04/2012,2012,57265.0
M,FRS,Fire and Rescue Services,Station 4,Fulltime-Regular,Firefighter/Rescuer II,01/14/2013,2013,52693.0
M,DPS,Department of Permitting Services,Fire Protection,Fulltime-Regular,Permitting and Code Enforcement Inspector III,01/03/2012,2012,82511.5
M,CEX,Offices of the County Executive,CountyStat,Fulltime-Regular,Management and Budget Specialist II,08/11/2014,2014,78198.3
F,POL,Department of Police,FSB Traffic Division School Safety Section,Parttime-Regular,Crossing Guard,04/30/2007,2007,19728.85
M,HHS,Department of Health and Human Services,STD and HIV Services,Fulltime-Regular,Office Services Coordinator,11/26/2007,2007,67139.65
M,POL,Department of Police,PSB 3rd District Patrol,Fulltime-Regular,Police Officer I,10/06/2014,2014,53788.0
F,HHS,Department of Health and Human Services,Area Health Centers,Fulltime-Regular,Community Health Nurse II,04/05/2004,2004,97912.0
M,DOT,Department of Transportation,Highway Services,Fulltime-Regular,Work Force Leader IV,09/02/1997,1997,76564.78
M,DGS,Department of General Services,Facilities Major Programs,Fulltime-Regular,Senior Engineer,04/15/2002,2002,112899.0
M,POL,Department of Police,PSB 1st District Patrol,Fulltime-Regular,Police Sergeant,06/13/1994,1994,107128.71
F,HHS,Department of Health and Human Services,Behavioral Health Community Support Services,Fulltime-Regular,Behavioral Health Technician,08/27/1990,1990,76015.03
M,POL,Department of Police,MSB Information Management and Technology Division,Fulltime-Regular,Information Technology Technician I,09/19/2016,2016,40000.0
M,POL,Department of Police,PSB 2nd District Traffic Squad,Fulltime-Regular,Police Officer III,06/17/2001,2001,75453.0
F,POL,Department of Police,ISB Major Crimes Division Robbery Section,Fulltime-Regular,Police Officer III,06/13/1994,1994,92756.7
F,POL,Department of Police,PSB 6th District Patrol,Fulltime-Regular,Police Officer II,01/28/2013,2013,58455.0
M,DOT,Department of Transportation,Highway Services,Fulltime-Regular,Work Force Leader II,09/22/1997,1997,64042.02
M,FRS,Fire and Rescue Services,Station 4,Fulltime-Regular,Master Firefighter/Rescuer,09/02/2008,2008,77231.0
M,DOT,Department of Transportation,Transit Nicholson Ride On,Fulltime-Regular,Bus Operator,03/02/2008,2008,46626.87
M,FRS,Fire and Rescue Services,Fourth Battalion - Administration,Fulltime-Regular,Fire/Rescue Battalion Chief,02/22/1994,1994,131348.75
M,FRS,Fire and Rescue Services,Fifth Battalion - Administration,Fulltime-Regular,Fire/Rescue Lieutenant,01/30/2006,2006,84341.0
F,DLC,Department of Liquor Control,Customer Service,Fulltime-Regular,Alcohol Beverage Purchasing Specialist,04/16/2009,2009,58769.89
F,DOT,Department of Transportation,Transit Gaithersburg Ride On,Fulltime-Regular,Bus Operator,05/12/2002,2002,58671.02
F,DPS,Department of Permitting Services,Land Development,Fulltime-Regular,Office Services Coordinator,07/25/1994,1994,69222.18
F,COR,Correction and Rehabilitation,PTS Supervision,Fulltime-Regular,Manager III,04/24/2000,2000,130018.88
F,HHS,Department of Health and Human Services,Income Supports,Fulltime-Regular,Income Assistance Program Supervisor,05/16/1994,1994,99870.24
F,HHS,Department of Health and Human Services,STD and HIV Services,Fulltime-Regular,Community Health Clinic Technician,02/19/2008,2008,44758.57
M,COR,Correction and Rehabilitation,DS MCCF Unit 2 Security,Fulltime-Regular,Correctional Officer I (Private),08/08/2016,2016,44300.0
F,DOT,Department of Transportation,Transit Safety and Instruction,Fulltime-Regular,Safety and Training Instructor,01/09/2012,2012,50201.32
F,HCA,Department of Housing and Community Affairs,Housing Landlord and Tenant Mediation,Fulltime-Regular,Investigator III,03/20/1995,1995,93127.75
F,CEX,Offices of the County Executive,Chief Administrative Officer's Office,Fulltime-Regular,Program Manager II,03/25/2013,2013,96929.82
F,HHS,Department of Health and Human Services,Child Welfare Services,Fulltime-Regular,Social Worker III,01/09/2006,2006,75524.37
M,DOT,Department of Transportation,Transit Silver Spring Ride On,Fulltime-Regular,Bus Operator,06/26/1989,1989,66065.23
F,HHS,Department of Health and Human Services,School Health Services,Parttime-Regular,Community Health Nurse II,10/16/2006,2006,78708.7
F,HHS,Department of Health and Human Services,School Health Services,Parttime-Regular,School Health Room Technician I,08/03/2009,2009,37838.46
F,CEC,Community Engagement Cluster,Wheaton Urban District,Fulltime-Regular,Urban District Public Service Aide,10/10/2012,2012,36832.64
M,FRS,Fire and Rescue Services,Emergency Communications Center (ECC),Fulltime-Regular,Information Technology Specialist III,05/17/2004,2004,107657.0
F,POL,Department of Police,FSB Animal Services Division,Fulltime-Regular,Code Enforcement Inspector III,01/14/2013,2013,54709.01
M,LIB,Department of Public Libraries,Long Branch Library,Parttime-Regular,Library Assistant I,11/22/2010,2010,18881.74
M,FRS,Fire and Rescue Services,Field Operations Administration,Fulltime-Regular,Master Firefighter/Rescuer,05/16/2005,2005,84825.0
F,HHS,Department of Health and Human Services,Medical Assistance Eligibility Services,Fulltime-Regular,Income Assistance Program Specialist II,06/02/2014,2014,52563.37
M,SHF,Sheriff's Office,Child Support,Fulltime-Regular,Deputy Sheriff III,09/29/1997,1997,85405.0
M,DOT,Department of Transportation,Transit Gaithersburg Ride On,Fulltime-Regular,Bus Operator,07/07/2003,2003,56687.16
M,HHS,Department of Health and Human Services,Income Supports,Fulltime-Regular,Income Assistance Program Specialist II,07/23/1995,1995,83497.98
F,HHS,Department of Health and Human Services,Community Action Agency,Fulltime-Regular,Office Services Coordinator,06/19/2000,2000,67206.0
M,DGS,Department of General Services,Fleet Automotive Heavy Equipment,Fulltime-Regular,Equipment Maintenance Crew Chief,08/27/2000,2000,88859.28
F,FRS,Fire and Rescue Services,Station 4,Fulltime-Regular,Firefighter/Rescuer II,01/14/2013,2013,52693.0
F,DOT,Department of Transportation,Transit Gaithersburg Ride On,Fulltime-Regular,Bus Operator,08/18/2014,2014,42053.83
F,HHS,Department of Health and Human Services,Public Health Emergency Preparedness and Response Program,Fulltime-Regular,Administrative Specialist III,12/16/2013,2013,60402.66
M,HHS,Department of Health and Human Services,Adult Behavioral Health Services,Parttime-Regular,Office Services Coordinator,07/14/1997,1997,48640.89
F,HHS,Department of Health and Human Services,Human Resources,Fulltime-Regular,Program Manager II,10/27/1980,1980,102664.0
M,FRS,Fire and Rescue Services,Station 35,Fulltime-Regular,Master Firefighter/Rescuer,08/27/1990,1990,91969.07
M,POL,Department of Police,PSB 5th District Patrol,Fulltime-Regular,Police Officer III,07/16/2007,2007,70435.0
F,HHS,Department of Health and Human Services,Income Supports,Fulltime-Regular,Income Assistance Program Specialist II,12/11/1989,1989,83497.98
M,FRS,Fire and Rescue Services,Fleet Support,Fulltime-Regular,Senior Supply Technician,07/11/2005,2005,60855.55
F,DOT,Department of Transportation,Highway Services,Fulltime-Regular,Equipment Operator I,08/15/2005,2005,49949.14
F,SHF,Sheriff's Office,Sheriff Domestic Violence,Fulltime-Regular,Public Safety Telephone Reporting Aide I,04/28/2008,2008,48616.35
M,SHF,Sheriff's Office,Court and Transport,Fulltime-Regular,Deputy Sheriff I,06/01/2015,2015,49364.0
M,DGS,Department of General Services,Central Duplicating,Fulltime-Regular,Mail Clerk,01/17/1978,1978,54882.52
M,DOT,Department of Transportation,Highway Services,Fulltime-Regular,Equipment Operator II,09/17/1990,1990,66065.23
F,HHS,Department of Health and Human Services,STD and HIV Services,Fulltime-Regular,Community Health Nurse II,11/13/1978,1978,100849.36
F,DLC,Department of Liquor Control,Darnestown,Parttime-Regular,Liquor Store Clerk I,08/28/2001,2001,25369.64
F,DOT,Department of Transportation,Director Management Services,Fulltime-Regular,Administrative Specialist II,11/04/2002,2002,84974.0
F,DOT,Department of Transportation,Transit Silver Spring Ride On,Fulltime-Regular,Bus Operator,08/18/2014,2014,42053.83
F,COR,Correction and Rehabilitation,DS MCCF Unit 3 Security,Fulltime-Regular,Correctional Officer III (Corporal),05/19/2003,2003,72185.0
M,HHS,Department of Health and Human Services,Income Supports,Fulltime-Regular,Income Assistance Program Supervisor,09/25/1995,1995,92194.09
F,HHS,Department of Health and Human Services,School Health Services,Fulltime-Regular,Manager II,08/10/1992,1992,156525.0
M,POL,Department of Police,MSB Information Mgmt and Tech Division Telephone Reporting Section,Fulltime-Regular,Public Safety Telephone Reporting Aide I,12/20/1982,1982,69222.18
F,HHS,Department of Health and Human Services,School Based Health Centers,Fulltime-Regular,Nurse Manager,08/04/2008,2008,95352.51
F,OLO,Office of Legislative Oversight,Legislative Oversight Staff,Fulltime-Regular,Legislative Analyst I,09/08/2014,2014,65337.71
M,HHS,Department of Health and Human Services,Facilities and Logistical Services,Fulltime-Regular,Administrative Specialist I,06/17/1992,1992,75277.02
F,HHS,Department of Health and Human Services,Child Welfare Services,Fulltime-Regular,Income Assistance Program Specialist II,12/10/2007,2007,56306.54
M,POL,Department of Police,PSB 1st District Patrol,Fulltime-Regular,Police Officer III,01/14/2002,2002,89620.0
M,DOT,Department of Transportation,Transit Gaithersburg Ride On,Fulltime-Regular,Bus Operator,12/01/2003,2003,44618.0
F,CCL,County Council,Council Central Staff,Parttime-Regular,Principal Administrative Aide,03/27/1995,1995,33534.54
F,LIB,Department of Public Libraries,Davis Library,Fulltime-Regular,Library Assistant Supervisor,12/16/2013,2013,58732.9
M,COR,Correction and Rehabilitation,DS MCCF Unit 1 Security,Fulltime-Regular,Correctional Officer II (PFC),07/13/2015,2015,48145.0
M,FRS,Fire and Rescue Services,Station 28,Fulltime-Regular,Firefighter/Rescuer II,09/22/2014,2014,52947.0
M,DLC,Department of Liquor Control,Silver Spring,Fulltime-Regular,Liquor Store Clerk II,10/24/2010,2010,40946.22
F,HHS,Department of Health and Human Services,Home Care Services,Fulltime-Regular,Social Worker IV,06/22/2009,2009,93962.42
F,DEP,Department of Environmental Protection,Management Services,Fulltime-Regular,Program Manager II,02/02/1986,1986,102664.0
M,POL,Department of Police,PSB 1st District Patrol,Fulltime-Regular,Police Officer III,02/03/2003,2003,80829.0
F,HHS,Department of Health and Human Services,Child Welfare Services,Fulltime-Regular,Social Worker IV,10/07/1987,1987,104717.28
M,DPS,Department of Permitting Services,Land Development Right-of-Way Inspection,Fulltime-Regular,Permitting and Code Enforcement Inspector II,11/24/2008,2008,59154.6
F,HHS,Department of Health and Human Services,School Health Services,Fulltime-Regular,Community Health Nurse II,10/04/1999,1999,97912.0
M,COR,Correction and Rehabilitation,DS MCCF Unit 2 Security,Fulltime-Regular,Correctional Officer III (Corporal),02/22/2005,2005,67384.0
M,POL,Department of Police,PSB 6th District Patrol,Fulltime-Regular,Police Officer III,07/18/2005,2005,75453.0
F,HHS,Department of Health and Human Services,School Health Services,Fulltime-Regular,Manager III,10/22/2001,2001,119796.3
F,HHS,Department of Health and Human Services,School Health Services,Parttime-Regular,School Health Room Technician I,08/01/2011,2011,37838.46
M,FRS,Fire and Rescue Services,Station 15,Fulltime-Regular,Master Firefighter/Rescuer,09/19/2004,2004,80895.0
M,DLC,Department of Liquor Control,Hampden Lane,Parttime-Regular,Liquor Store Clerk I,06/15/2015,2015,28772.07
M,POL,Department of Police,FSB Traffic Division Alcohol Initiatives Section,Fulltime-Regular,Police Officer III,01/17/2006,2006,72902.0
M,POL,Department of Police,PSB 1st District Patrol,Fulltime-Regular,Master Police Officer,09/29/1997,1997,94099.0
M,DOT,Department of Transportation,Transit Gaithersburg Ride On,Fulltime-Regular,Bus Operator,08/18/2014,2014,42053.83
M,POL,Department of Police,PSB 5th District Community Action Team,Fulltime-Regular,Police Officer III,01/12/2009,2009,65752.0
M,DGS,Department of General Services,ADA Compliance,Fulltime-Regular,Program Manager I,05/14/2001,2001,74110.64
M,FRS,Fire and Rescue Services,Station 8,Fulltime-Regular,Firefighter/Rescuer II,03/10/2014,2014,50910.0
M,DOT,Department of Transportation,Transit Gaithersburg Ride On,Fulltime-Regular,Bus Operator,01/07/2013,2013,43525.71
M,PRO,Office of Procurement,Procurement Operations Section,Fulltime-Regular,Procurement Specialist III,11/29/1999,1999,102664.0
F,PIO,Office of Public Information,MC311,Fulltime-Regular,Manager III,11/22/1987,1987,117998.51
M,POL,Department of Police,ISB Criminal Investigations Division 2nd District Investigative Section,Fulltime-Regular,Police Officer III,02/06/1995,1995,92756.7
M,FRS,Fire and Rescue Services,Station 24,Fulltime-Regular,Firefighter/Rescuer II,07/29/2013,2013,52693.0
M,DOT,Department of Transportation,Highway Services,Fulltime-Regular,Equipment Operator I,01/16/1989,1989,63067.93
M,CEC,Community Engagement Cluster,Wheaton Urban District,Fulltime-Regular,Urban District Public Service Aide,07/01/2013,2013,43525.71
F,HHS,Department of Health and Human Services,Chief Operating Officer,Fulltime-Regular,Administrative Specialist III,08/22/2016,2016,70000.0
F,POL,Department of Police,MSB Personnel Division,Fulltime-Regular,Program Manager I,07/15/2002,2002,73697.09
F,LIB,Department of Public Libraries,Olney Library,Fulltime-Regular,Library Assistant I,01/26/2000,2000,55139.66
M,COR,Correction and Rehabilitation,DS Food Services,Fulltime-Regular,Correctional Dietary Officer II,08/17/2009,2009,49104.04
M,FRS,Fire and Rescue Services,Fleet Operations,Fulltime-Regular,Emergency Vehicle Maintenance Crew Chief,01/17/2012,2012,92798.18
F,HHS,Department of Health and Human Services,Autism Waiver,Fulltime-Regular,Program Specialist II,01/30/2012,2012,56980.89
F,POL,Department of Police,ISB Family Crimes Division Child Abuse Sexual Assault Section,Fulltime-Regular,Police Officer III,07/18/2005,2005,75453.0
M,DGS,Department of General Services,Facilities,Fulltime-Regular,Supply Technician II,05/07/2001,2001,67863.01
M,POL,Department of Police,PSB 3rd District Station,Fulltime-Regular,Police Lieutenant,09/23/1985,1985,123902.96
M,FRS,Fire and Rescue Services,Fourth Battalion - Administration,Fulltime-Regular,Fire/Rescue Lieutenant,01/12/1998,1998,106456.0
F,HHS,Department of Health and Human Services,Medical Assistance Eligibility Services,Fulltime-Regular,Office Services Coordinator,09/08/2014,2014,43850.22
M,FRS,Fire and Rescue Services,Station 26,Fulltime-Regular,Master Firefighter/Rescuer,08/17/1998,1998,88859.0
M,SHF,Sheriff's Office,Court and Transport,Fulltime-Regular,Deputy Sheriff III,07/19/2004,2004,74424.0
M,DTS,Department of Technology Services,ESOD Server Support,Fulltime-Regular,Senior Information Technology Specialist,11/20/1995,1995,120768.0
M,POL,Department of Police,PSB 4th District Patrol,Fulltime-Regular,Police Officer II,01/28/2013,2013,58455.0
M,FRS,Fire and Rescue Services,Recruit Training,Fulltime-Regular,Firefighter/Rescuer I (Recruit),12/12/2016,2016,45261.0
M,DOT,Department of Transportation,Transit Gaithersburg Ride On,Fulltime-Regular,Office Services Coordinator,01/27/1992,1992,69222.18
F,POL,Department of Police,MSB Information Mgmt and Tech Division Telephone Reporting Section,Fulltime-Regular,Public Safety Telephone Reporting Aide II,12/31/1990,1990,76015.03
M,DOT,Department of Transportation,Transit Gaithersburg Ride On,Fulltime-Regular,Bus Operator,08/13/2007,2007,45049.34
F,HHS,Department of Health and Human Services,Area Health Centers,Fulltime-Regular,Principal Administrative Aide,07/04/2010,2010,57500.73
M,DLC,Department of Liquor Control,Silver Spring,Fulltime-Regular,Liquor Store Manager,11/26/2007,2007,71342.6
F,OCP,Office of Consumer Protection,Investigations,Fulltime-Regular,Investigator III,02/06/2006,2006,99036.83
M,SHF,Sheriff's Office,Court and Transport,Fulltime-Regular,Deputy Sheriff Sergeant,06/13/1994,1994,96763.35
M,FRS,Fire and Rescue Services,Third Battalion - Administration,Fulltime-Regular,Fire/Rescue Battalion Chief,01/23/1995,1995,131348.75
M,POL,Department of Police,PSB 1st District Community Action Team,Fulltime-Regular,Police Sergeant,07/01/2002,2002,100006.0
M,FIN,Department of Finance,Tax Operations,Fulltime-Regular,Manager III,04/18/2005,2005,125751.08
M,DOT,Department of Transportation,Transportation Engineering Administration,Fulltime-Regular,Information Technology Specialist III,08/17/1998,1998,107657.0
M,DGS,Department of General Services,Fleet Management Fleet Services,Fulltime-Regular,Mechanic Technician II,04/22/2013,2013,62402.33
M,POL,Department of Police,FSB Media Services Division,Fulltime-Regular,Police Captain,02/25/1985,1985,141539.36
F,POL,Department of Police,FSB Animal Services Division,Fulltime-Regular,Principal Administrative Aide,09/22/2014,2014,38756.92
M,BOE,Board of Elections,Polling Place Management,Fulltime-Regular,Office Services Coordinator,09/28/1998,1998,63542.35
F,HHS,Department of Health and Human Services,School Health Services,Parttime-Regular,School Health Room Technician I,01/02/1990,1990,57807.08
M,POL,Department of Police,PSB 6th District Patrol,Fulltime-Regular,Police Officer III,07/17/2006,2006,72902.0
M,DOT,Department of Transportation,Transit Nicholson Ride On,Fulltime-Regular,Transit Coordinator,02/12/1996,1996,72534.66
F,HHS,Department of Health and Human Services,Director's Office,Fulltime-Regular,Manager II,05/02/2016,2016,120600.0
M,POL,Department of Police,PSB 6th District Patrol,Fulltime-Regular,Police Officer II,06/03/2013,2013,62620.0
F,HHS,Department of Health and Human Services,School Health Services,Parttime-Regular,School Health Room Technician I,08/07/2006,2006,41953.24
M,POL,Department of Police,PSB 3rd District Patrol,Fulltime-Regular,Police Sergeant,01/17/2006,2006,93356.0
M,DOT,Department of Transportation,Transit Gaithersburg Ride On,Fulltime-Regular,Bus Operator,05/27/2014,2014,42053.83
M,DEP,Department of Environmental Protection,Watershed Restoration and Capital Projects,Fulltime-Regular,Senior Planning Specialist,06/12/2000,2000,93123.03
M,POL,Department of Police,MSB Communications Division,Fulltime-Regular,Public Safety Communications Specialist III,12/10/2001,2001,72822.17
F,DOT,Department of Transportation,Transit Silver Spring Ride On,Fulltime-Regular,Bus Operator,08/08/2016,2016,39257.0
F,DOT,Department of Transportation,Transit Silver Spring Ride On,Fulltime-Regular,Bus Operator,02/28/1994,1994,66065.23
F,HHS,Department of Health and Human Services,School Health Services,Parttime-Regular,School Health Room Technician II,04/26/1999,1999,56053.24
M,DGS,Department of General Services,Building Design and Construction,Fulltime-Regular,Capital Projects Manager,06/22/2009,2009,112930.4
F,HHS,Department of Health and Human Services,Income Supports,Fulltime-Regular,Income Assistance Program Supervisor,12/27/1976,1976,99870.24
M,FRS,Fire and Rescue Services,Station 6,Fulltime-Regular,Firefighter/Rescuer II,07/29/2013,2013,58773.0
M,POL,Department of Police,PSB 3rd District Patrol,Fulltime-Regular,Police Officer III,01/14/2002,2002,89620.0
F,LIB,Department of Public Libraries,Wheaton Library,Fulltime-Regular,Manager III,10/11/1999,1999,102360.21
M,HHS,Department of Health and Human Services,Child and Adolescent Mental Health Clinic Services,Fulltime-Regular,Principal Administrative Aide,11/13/2006,2006,46925.78
M,POL,Department of Police,PSB 2nd District Special Assignment Team,Fulltime-Regular,Police Officer III,07/21/2003,2003,80829.0
M,POL,Department of Police,ISB Criminal Investigations Division 1st District Investigative Section,Fulltime-Regular,Police Officer III,07/21/2003,2003,78096.0
M,DOT,Department of Transportation,Transit Gaithersburg Ride On,Fulltime-Regular,Bus Operator,05/10/2004,2004,55122.12
M,POL,Department of Police,PSB 1st District Educational Facilities Officers,Fulltime-Regular,Police Officer III,02/01/1988,1988,92756.7
M,DOT,Department of Transportation,Transit Silver Spring Ride On,Fulltime-Regular,Bus Operator,06/22/2015,2015,40631.32
M,FRS,Fire and Rescue Services,Recruit Training,Fulltime-Regular,Firefighter/Rescuer I (Recruit),12/12/2016,2016,45261.0
M,HHS,Department of Health and Human Services,Medical Assistance Eligibility Services,Fulltime-Regular,Income Assistance Program Supervisor,02/13/1995,1995,85828.93
M,HHS,Department of Health and Human Services,Income Supports,Fulltime-Regular,Income Assistance Program Specialist II,09/25/2000,2000,74148.26
M,POL,Department of Police,PSB 4th District Patrol,Fulltime-Regular,Police Sergeant,07/19/2004,2004,103506.0
M,FRS,Fire and Rescue Services,Station 12,Fulltime-Regular,Master Firefighter/Rescuer,06/07/2004,2004,87536.0
M,FRS,Fire and Rescue Services,Station 34,Fulltime-Regular,Firefighter/Rescuer III,02/20/2001,2001,80784.0
M,CEC,Community Engagement Cluster,Wheaton Urban District,Fulltime-Regular,Public Service Worker II,10/03/2016,2016,33995.0
M,DGS,Department of General Services,Fleet Management Administration,Fulltime-Regular,Program Manager I,11/21/2011,2011,75241.76
F,CCL,County Council,Council Members and Staff,Fulltime-Regular,Legislative Senior Aide I,11/22/2010,2010,60035.66
F,CCL,County Council,Council Members and Staff,Fulltime-Regular,Legislative Senior Aide III,01/03/1995,1995,109810.14
F,POL,Department of Police,PSB 2nd District Patrol,Fulltime-Regular,Police Officer III,07/12/2010,2010,65752.0
F,SHF,Sheriff's Office,Court and Transport,Fulltime-Regular,Deputy Sheriff Sergeant,03/12/2001,2001,93945.0
M,DEP,Department of Environmental Protection,Stormwater Facility Inspection and Maintenance,Fulltime-Regular,Construction Representative III,12/16/1991,1991,96197.88
F,FRS,Fire and Rescue Services,Emergency Communications Center (ECC),Fulltime-Regular,Public Safety Communications Specialist I,06/15/2015,2015,40631.32
M,FRS,Fire and Rescue Services,Recruit Training,Fulltime-Regular,Firefighter/Rescuer I (Recruit),12/12/2016,2016,45261.0
M,CAT,County Attorney's Office,"Zoning, Land Use and Economic Development",Fulltime-Regular,Manager II,06/26/1994,1994,156525.0
M,POL,Department of Police,PSB 1st District Patrol,Fulltime-Regular,Police Officer II,08/12/2013,2013,58455.0
M,POL,Department of Police,PSB 6th District Patrol,Fulltime-Regular,Master Police Officer,06/02/2003,2003,84871.0
M,DLC,Department of Liquor Control,Chevy Chase Center,Fulltime-Regular,Liquor Store Assistant Manager,06/16/1999,1999,68080.73
M,SHF,Sheriff's Office,Administration,Fulltime-Regular,Sheriff,03/25/1985,1985,161495.4
M,LIB,Department of Public Libraries,Twinbrook Library,Fulltime-Regular,Manager III,09/03/1996,1996,135043.61
F,DTS,Department of Technology Services,ESOD Core Services,Fulltime-Regular,Senior Information Technology Specialist,09/06/1988,1988,120768.0
M,FRS,Fire and Rescue Services,Station 31,Fulltime-Regular,Firefighter/Rescuer III,09/02/2008,2008,65530.0
M,FIN,Department of Finance,Treasury Operations,Fulltime-Regular,Accountant/Auditor III,04/19/1999,1999,93396.0
F,COR,Correction and Rehabilitation,DS MCDC Custody and Security,Fulltime-Regular,Correctional Supervisor (Sergeant),07/09/2001,2001,85445.0
F,DOT,Department of Transportation,Transit Nicholson Ride On,Fulltime-Regular,Bus Operator,03/02/2008,2008,50671.27
F,HHS,Department of Health and Human Services,Income Supports,Fulltime-Regular,Program Manager II,07/02/1990,1990,104717.28
M,DOT,Department of Transportation,Transit Nicholson Ride On,Fulltime-Regular,Bus Operator,03/02/2008,2008,54817.45
F,HHS,Department of Health and Human Services,Child Welfare Services,Parttime-Regular,Social Worker III,09/04/2007,2007,36391.31
F,POL,Department of Police,MSB Communications Division,Fulltime-Regular,Public Safety Communications Specialist II,05/20/2013,2013,50272.2
M,DTS,Department of Technology Services,Enterprise Telecommunications Services,Fulltime-Regular,Manager II,06/19/2000,2000,156395.29
F,OHR,Office of Human Resources,Director's Office,Fulltime-Regular,Senior Executive Administrative Aide,08/14/2000,2000,73801.0
F,FIN,Department of Finance,Safety,Fulltime-Regular,Occupational Safety and Health Specialist,10/13/1996,1996,101338.92
F,FRS,Fire and Rescue Services,Station 29,Fulltime-Regular,Firefighter/Rescuer III,06/21/1999,1999,82821.0
M,DOT,Department of Transportation,Transit Silver Spring Ride On,Fulltime-Regular,Transit Services Supervisor,11/28/2005,2005,69368.62
M,FRS,Fire and Rescue Services,Fifth Battalion - Administration,Fulltime-Regular,Fire/Rescue Captain,11/29/1999,1999,110229.0
F,HHS,Department of Health and Human Services,Area Health Centers,Fulltime-Regular,Community Services Aide III,02/21/2006,2006,56172.9
M,COR,Correction and Rehabilitation,DS MCDC Custody and Security,Fulltime-Regular,Correctional Officer III (Corporal),10/12/2009,2009,58720.0
M,DLC,Department of Liquor Control,Purchasing,Fulltime-Regular,Alcohol Beverage Purchasing Specialist,11/30/1987,1987,76015.03
F,HHS,Department of Health and Human Services,Abused Persons Program,Fulltime-Regular,Therapist II,05/19/2014,2014,63278.75
F,POL,Department of Police,ISB Family Crimes Division Child Abuse Sexual Assault Section,Fulltime-Regular,Police Sergeant,07/06/1992,1992,107128.71
F,HHS,Department of Health and Human Services,Fiscal Team,Fulltime-Regular,Senior Financial Specialist,11/01/1989,1989,104717.28
M,POL,Department of Police,FSB Traffic Division Collision Reconstruction,Fulltime-Regular,Master Police Officer,02/03/2003,2003,93356.0
M,DOT,Department of Transportation,Highway Administration,Fulltime-Regular,Highway Inspector II,03/06/1989,1989,91751.37
M,COR,Correction and Rehabilitation,DS MCCF Case Managers Unit 2,Fulltime-Regular,Correctional Specialist IV,06/12/2000,2000,90773.64
M,DOT,Department of Transportation,Transit Silver Spring Ride On,Fulltime-Regular,Bus Operator,09/07/1997,1997,64141.0
F,FRS,Fire and Rescue Services,Emergency Medical Services,Fulltime-Regular,Administrative Specialist I,02/09/2009,2009,65722.06
M,FRS,Fire and Rescue Services,Recruit Training,Fulltime-Regular,Firefighter/Rescuer I (Recruit),12/12/2016,2016,45261.0
M,POL,Department of Police,PSB 3rd District Patrol,Fulltime-Regular,Police Officer I,10/06/2014,2014,53788.0
F,COR,Correction and Rehabilitation,DS Health Services,Fulltime-Regular,Principal Administrative Aide,02/12/2001,2001,58448.0
F,POL,Department of Police,FSB Animal Services Division,Fulltime-Regular,Animal Care Attendant,09/08/2015,2015,39003.45
M,POL,Department of Police,PSB 4th District Patrol,Fulltime-Regular,Police Officer II,01/28/2013,2013,58455.0
M,DOT,Department of Transportation,Sign and Marking Shop,Fulltime-Regular,Work Force Leader III,05/11/1992,1992,78889.86
M,DOT,Department of Transportation,Transit Gaithersburg Ride On,Fulltime-Regular,Motor Pool Attendant,05/15/1989,1989,65694.01
M,DPS,Department of Permitting Services,Commercial Building Construction Division,Fulltime-Regular,Manager II,08/18/1986,1986,144211.92
F,HHS,Department of Health and Human Services,Maternity Dental,Fulltime-Regular,Manager III,03/06/2006,2006,93768.72
M,FRS,Fire and Rescue Services,Recruit Training,Fulltime-Regular,Firefighter/Rescuer I (Recruit),12/12/2016,2016,45261.0
F,HHS,Department of Health and Human Services,Income Supports,Fulltime-Regular,Income Assistance Program Specialist II,02/20/2007,2007,58277.84
F,FRS,Fire and Rescue Services,Fifth Battalion - Administration,Fulltime-Regular,Fire/Rescue Lieutenant,09/11/2000,2000,106456.0
M,DLC,Department of Liquor Control,Montrose,Fulltime-Regular,Liquor Store Assistant Manager,05/10/2009,2009,49618.44
M,DOT,Department of Transportation,Transit Gaithersburg Ride On,Fulltime-Regular,Bus Operator,01/07/2008,2008,46626.87
F,HHS,Department of Health and Human Services,School Health Services,Fulltime-Regular,Community Health Nurse II,09/18/2000,2000,85428.25
F,POL,Department of Police,PSB 6th District Station,Fulltime-Regular,Office Services Coordinator,05/15/1995,1995,69222.18
M,POL,Department of Police,PSB 3rd District Patrol,Fulltime-Regular,Police Officer III,07/16/2007,2007,70435.0
F,FIN,Department of Finance,Tax Operations,Fulltime-Regular,Program Manager II,05/18/2015,2015,83817.3
F,POL,Department of Police,PSB 4th District Patrol,Fulltime-Regular,Police Services Assistant,03/28/1988,1988,63198.08
F,HHS,Department of Health and Human Services,Area Health Centers,Fulltime-Regular,Community Health Nurse II,04/23/2012,2012,83971.06
F,COR,Correction and Rehabilitation,DS MCCF Unit 3 Security,Fulltime-Regular,Correctional Officer III (Corporal),11/29/1999,1999,77328.0
F,HHS,Department of Health and Human Services,Community Support Network for People with Disabilities,Fulltime-Regular,Manager II,11/12/2002,2002,144375.87
M,FRS,Fire and Rescue Services,Station 24,Fulltime-Regular,Firefighter/Rescuer II,06/04/2012,2012,54538.0
M,DEP,Department of Environmental Protection,Solid Waste Services Recycling,Fulltime-Regular,Program Specialist II,01/29/1990,1990,87523.22
F,COR,Correction and Rehabilitation,MSD Management Services Division,Fulltime-Regular,Office Services Coordinator,08/14/2001,2001,66522.96
M,DLC,Department of Liquor Control,Purchasing,Fulltime-Regular,Alcohol Beverage Purchasing Specialist,05/02/2005,2005,73801.0
F,HHS,Department of Health and Human Services,Latino Health Initiative,Fulltime-Regular,Manager III,05/14/1990,1990,111084.31
F,COR,Correction and Rehabilitation,DS Inmate Records,Fulltime-Regular,Correctional Records Technician,06/11/2007,2007,52603.81
F,POL,Department of Police,MSB Training and Education Division,Fulltime-Regular,Police Officer Candidate,07/11/2016,2016,50211.0
M,FRS,Fire and Rescue Services,Station 1,Fulltime-Regular,Firefighter/Rescuer III,07/29/2013,2013,61408.0
F,POL,Department of Police,PSB 4th District Patrol,Fulltime-Regular,Police Officer II,01/28/2013,2013,58455.0
M,COR,Correction and Rehabilitation,DS MCDC Custody and Security,Fulltime-Regular,Correctional Officer III (Corporal),05/29/2001,2001,77328.0
M,POL,Department of Police,PSB 1st District Patrol,Fulltime-Regular,Police Officer III,07/19/2004,2004,78096.0
M,DOT,Department of Transportation,Transit Silver Spring Ride On,Fulltime-Regular,Bus Operator,02/22/2016,2016,39257.31
M,NDA,Non-Departmental Account,MCERP,Fulltime-Regular,Investment Officer,06/17/2013,2013,108831.76
F,DEP,Department of Environmental Protection,Solid Waste Services Operations,Fulltime-Regular,Refuse Disposal Cashier,11/27/2006,2006,56471.45
M,FRS,Fire and Rescue Services,Fifth Battalion - Administration,Fulltime-Regular,Fire/Rescue Lieutenant,06/07/2004,2004,88168.0
M,POL,Department of Police,PSB 5th District Patrol,Fulltime-Regular,Police Officer III,01/14/2002,2002,83658.0
F,POL,Department of Police,ISB Criminal Investigations Division Financial Crimes Section,Fulltime-Regular,Police Officer III,03/16/1998,1998,89620.0
M,POL,Department of Police,ISB Criminal Investigations Division 5th District Investigative Section,Fulltime-Regular,Police Officer III,02/06/1995,1995,92756.7
F,COR,Correction and Rehabilitation,DS MCCF Unit 3 Security,Fulltime-Regular,Correctional Supervisor (Sergeant),10/17/1994,1994,94277.96
F,POL,Department of Police,PSB 3rd District Patrol,Fulltime-Regular,Police Officer III,07/26/1993,1993,92756.7
M,DOT,Department of Transportation,Highway Services,Fulltime-Regular,Equipment Operator Apprentice,10/31/2016,2016,33395.0
M,DGS,Department of General Services,Fleet Management Fleet Services,Fulltime-Regular,Equipment Maintenance Crew Chief,12/10/2007,2007,84229.41
M,COR,Correction and Rehabilitation,DS MCCF Unit 3 Security,Fulltime-Regular,Correctional Officer III (Corporal),02/12/2001,2001,77328.0
F,OLO,Office of Legislative Oversight,Office of Legislative Oversight,Fulltime-Regular,Manager II,08/09/2004,2004,98420.98
M,DOT,Department of Transportation,Transit Silver Spring Ride On,Fulltime-Regular,Bus Operator,03/07/2011,2011,43525.72
M,POL,Department of Police,FSB Special Operations Division Police Community Action Team,Fulltime-Regular,Police Officer III,10/29/2007,2007,70435.0
F,HHS,Department of Health and Human Services,Child Welfare Services,Fulltime-Regular,Manager III,06/20/1983,1983,135392.0
F,HCA,Department of Housing and Community Affairs,Housing,Fulltime-Regular,Office Services Coordinator,06/27/1988,1988,69222.18
F,POL,Department of Police,PSB 6th District Patrol,Fulltime-Regular,Police Officer III,01/12/2009,2009,65752.0
M,DGS,Department of General Services,Facilities Maintenance,Fulltime-Regular,HVAC Mechanic II,10/22/2000,2000,77343.0
F,POL,Department of Police,FSB Traffic Division School Safety Section,Parttime-Regular,Crossing Guard,11/16/1998,1998,25445.0
M,DLC,Department of Liquor Control,Beer Delivery Operations,Fulltime-Regular,Truck Driver Helper/Warehouse Worker,11/16/2006,2006,39832.99
F,POL,Department of Police,MSB Communications Division,Fulltime-Regular,Public Safety Communications Specialist I,02/22/2016,2016,41220.18
M,PIO,Office of Public Information,Director,Fulltime-Regular,Director Office of Public Information,01/03/1999,1999,187757.0
F,DOT,Department of Transportation,Transit Gaithersburg Ride On,Fulltime-Regular,Bus Operator,03/23/2003,2003,42053.83
M,LIB,Department of Public Libraries,Olney Library,Fulltime-Regular,Library Assistant II,05/04/1987,1987,69222.18
F,HHS,Department of Health and Human Services,STD and HIV Services,Fulltime-Regular,Community Health Clinic Technician,11/03/2003,2003,64141.0
F,HHS,Department of Health and Human Services,School Health Services,Parttime-Regular,School Health Room Technician I,08/15/1994,1994,57807.08
M,FRS,Fire and Rescue Services,Fire Chief's Executive Office,Fulltime-Regular,Manager III,02/20/2001,2001,130023.08
M,SHF,Sheriff's Office,Evictions,Fulltime-Regular,Deputy Sheriff Sergeant,09/18/1995,1995,96763.35
F,POL,Department of Police,MSB Information Management and Technology Division Data Systems Section,Fulltime-Regular,Office Services Coordinator,04/03/2000,2000,55952.3
M,FRS,Fire and Rescue Services,Information Technology,Fulltime-Regular,Senior Information Technology Specialist,12/16/2002,2002,90561.14
M,DOT,Department of Transportation,Transit Gaithersburg Ride On,Fulltime-Regular,Bus Operator,06/18/2007,2007,46626.87
F,HHS,Department of Health and Human Services,Child Welfare Services,Fulltime-Regular,Social Worker III,08/26/2002,2002,86668.49
M,FRS,Fire and Rescue Services,Station 23,Fulltime-Regular,Master Firefighter/Rescuer,01/30/2006,2006,80895.0
M,POL,Department of Police,HQ Office of the Chief Internal Affairs Division,Fulltime-Regular,Police Sergeant,09/14/1997,1997,103506.0
M,DOT,Department of Transportation,Transit Silver Spring Ride On,Fulltime-Regular,Bus Operator,06/18/2007,2007,48258.81
M,DOT,Department of Transportation,Highway Services,Fulltime-Regular,Equipment Operator I,01/27/2014,2014,39351.08
M,DOT,Department of Transportation,Transit Silver Spring Ride On,Fulltime-Regular,Bus Operator,12/22/2014,2014,42053.42
F,HHS,Department of Health and Human Services,Medical Assistance Eligibility Services,Fulltime-Regular,Income Assistance Program Specialist II,08/29/1994,1994,83497.98
M,POL,Department of Police,ISB Criminal Investigations Division Central Auto Theft Section,Fulltime-Regular,Police Officer III,11/05/2001,2001,89620.0
F,HHS,Department of Health and Human Services,School Health Services,Parttime-Regular,School Health Room Technician I,08/05/2002,2002,48145.17
M,DOT,Department of Transportation,Highway Services,Fulltime-Regular,Equipment Operator Apprentice,04/18/2016,2016,33395.15
M,CCL,County Council,Council Central Staff,Fulltime-Regular,Manager I,10/15/2007,2007,172749.96
M,POL,Department of Police,PSB 1st District Patrol,Fulltime-Regular,Police Officer III,01/14/2002,2002,83658.0
F,POL,Department of Police,MSB Communications Division,Fulltime-Regular,Program Manager II,02/05/2007,2007,69495.4
F,POL,Department of Police,FSB Security Services Division,Fulltime-Regular,Security Officer I,09/07/2004,2004,53505.68
M,FRS,Fire and Rescue Services,Station 7,Fulltime-Regular,Master Firefighter/Rescuer,09/13/1987,1987,97224.98
M,DOT,Department of Transportation,Transit Nicholson Ride On,Fulltime-Regular,Bus Operator,01/04/2016,2016,40631.32
M,FRS,Fire and Rescue Services,Station 31,Fulltime-Regular,Firefighter/Rescuer III,09/11/2000,2000,82821.0
F,HHS,Department of Health and Human Services,School Health Services,Parttime-Regular,School Health Room Technician I,08/21/1995,1995,55251.81
F,HHS,Department of Health and Human Services,School Health Services,Parttime-Regular,School Health Room Technician I,08/02/2010,2010,37838.46
M,REC,Department of Recreation,Good Hope Neighborhood Recreation Center,Fulltime-Regular,Recreation Specialist,06/05/2000,2000,84974.0
M,DOT,Department of Transportation,Parking Management,Fulltime-Regular,Manager II,06/29/2015,2015,156525.0
M,DOT,Department of Transportation,Transit Silver Spring Ride On,Fulltime-Regular,Bus Operator,02/17/2002,2002,58671.02
M,POL,Department of Police,ISB Criminal Investigations Division Forensic Services Section,Fulltime-Regular,Forensics Specialist I,05/21/2012,2012,56946.26
F,LIB,Department of Public Libraries,Long Branch Library,Fulltime-Regular,Library Assistant I,04/18/2005,2005,47644.65
M,POL,Department of Police,PSB 4th District Patrol,Fulltime-Regular,Police Officer II,07/16/2012,2012,60501.0
F,COR,Correction and Rehabilitation,DS Health Services,Fulltime-Regular,Therapist II,01/22/2002,2002,97912.0
F,HHS,Department of Health and Human Services,Aging and Disability Resource Unit,Fulltime-Regular,Client Assistance Specialist,10/03/1988,1988,83497.98
M,POL,Department of Police,PSB 4th District Community Action Team,Fulltime-Regular,Police Officer III,06/02/2003,2003,80829.0
M,FRS,Fire and Rescue Services,Station 26,Fulltime-Regular,Fire/Rescue Captain,11/29/1999,1999,110229.0
F,DTS,Department of Technology Services,CIOs Office,Fulltime-Regular,Senior Executive Administrative Aide,10/15/2007,2007,73801.0
F,HHS,Department of Health and Human Services,Child Welfare Services,Fulltime-Regular,Social Worker III,10/05/1992,1992,100849.36
M,POL,Department of Police,PSB 3rd District Patrol,Fulltime-Regular,Police Sergeant,09/29/1997,1997,103506.0
F,CCL,County Council,Council Central Staff,Fulltime-Regular,Legislative Services Coordinator,12/19/1994,1994,71830.44
M,FRS,Fire and Rescue Services,Station 19,Fulltime-Regular,Firefighter/Rescuer III,06/04/2012,2012,63345.0
M,COR,Correction and Rehabilitation,DS Health Services,Fulltime-Regular,Therapist II,07/05/2011,2011,75053.66
M,CCL,County Council,Council Members and Staff,Fulltime-Regular,Legislative Senior Aide I,10/07/2013,2013,60727.82
M,FRS,Fire and Rescue Services,Station 1,Fulltime-Regular,Fire/Rescue Captain,01/12/1998,1998,110229.0
M,DOT,Department of Transportation,Transit Gaithersburg Ride On,Fulltime-Regular,Bus Operator,02/27/2012,2012,43525.12
F,HHS,Department of Health and Human Services,Information Systems and Technology,Fulltime-Regular,Senior Information Technology Specialist,08/07/2006,2006,118400.0
F,HHS,Department of Health and Human Services,Adult Protective Services - Nurse Assessment,Fulltime-Regular,Community Health Nurse II,01/20/2009,2009,91805.0
F,FRS,Fire and Rescue Services,Station 22,Parttime-Regular,Firefighter/Rescuer III,10/09/2006,2006,42709.0
M,DOT,Department of Transportation,Transit Silver Spring Ride On,Fulltime-Regular,Bus Operator,02/24/2014,2014,42053.83
F,DLC,Department of Liquor Control,Purchasing,Fulltime-Regular,Alcohol Beverage Purchasing Specialist,05/03/2004,2004,53230.68
M,DTS,Department of Technology Services,EASD Geographic Information System,Fulltime-Regular,Senior Information Technology Specialist,08/16/1999,1999,114098.37
M,OAG,Office of Agriculture,Agricultural Services,Fulltime-Regular,Senior Business Development Specialist,08/11/1997,1997,112899.0
F,POL,Department of Police,FSB Traffic Division School Safety Section,Parttime-Regular,Crossing Guard,10/26/2009,2009,18416.33
M,DTS,Department of Technology Services,EASD Geographic Information System,Fulltime-Regular,Information Technology Specialist III,10/09/1995,1995,110886.71
M,DGS,Department of General Services,Central Duplicating,Fulltime-Regular,Printing Technician III,11/19/2012,2012,57211.97
F,HHS,Department of Health and Human Services,Early Childhood Services,Fulltime-Regular,Program Manager II,04/24/2000,2000,102664.0
F,DOT,Department of Transportation,Transit Gaithersburg Ride On,Fulltime-Regular,Bus Operator,02/02/2015,2015,40631.32
F,HHS,Department of Health and Human Services,Nursing Home Inspections,Fulltime-Regular,Community Health Nurse II,08/30/1993,1993,100849.36
M,CEC,Community Engagement Cluster,Wheaton Urban District,Fulltime-Regular,Public Service Worker II,01/27/2016,2016,35175.0
F,HCA,Department of Housing and Community Affairs,Housing Landlord and Tenant Mediation,Fulltime-Regular,Investigator III,11/23/1987,1987,105743.92
F,OHR,Office of Human Resources,Health and Employee Welfare Division,Fulltime-Regular,Human Resources Specialist I,04/07/2014,2014,56690.07
F,LIB,Department of Public Libraries,Quince Orchard Library,Parttime-Regular,Library Desk Assistant,11/18/1995,1995,22105.41
F,HHS,Department of Health and Human Services,School Health Services,Parttime-Regular,School Health Room Technician I,11/29/2004,2004,43425.63
M,DOT,Department of Transportation,Transit Silver Spring Ride On,Fulltime-Regular,Bus Operator,08/26/2001,2001,60711.33
F,HHS,Department of Health and Human Services,Child Welfare Services,Fulltime-Regular,Principal Administrative Aide,11/10/2008,2008,44973.26
F,DLC,Department of Liquor Control,Retail Administration,Fulltime-Regular,Program Manager II,08/29/1991,1991,89615.46
F,REC,Department of Recreation,Finance/Payroll/Budget,Fulltime-Regular,Program Aide,03/24/2002,2002,47947.55
M,SHF,Sheriff's Office,Administration,Fulltime-Regular,Deputy Sheriff Candidate,07/11/2016,2016,47693.0
F,HHS,Department of Health and Human Services,School Health Services,Parttime-Regular,School Health Room Technician I,08/04/2008,2008,39162.87
M,COR,Correction and Rehabilitation,DS MCDC Custody and Security,Fulltime-Regular,Correctional Officer III (Corporal),07/15/1990,1990,79647.84
F,POL,Department of Police,PSB 3rd District Patrol,Fulltime-Regular,Police Officer I,06/01/2015,2015,51969.0
F,POL,Department of Police,MSB Communications Division,Fulltime-Regular,Public Safety Emergency Communications Specialist II,12/16/2013,2013,50272.19
M,POL,Department of Police,MSB Communications Division,Fulltime-Regular,Public Safety Communications Specialist I,02/22/2016,2016,41220.18
F,HHS,Department of Health and Human Services,Area Health Centers,Fulltime-Regular,Community Services Aide III,11/12/1991,1991,76015.03
M,FRS,Fire and Rescue Services,Emergency Communications Center (ECC),Fulltime-Regular,Master Firefighter/Rescuer,03/17/2008,2008,74890.0
F,LIB,Department of Public Libraries,Rockville Library,Parttime-Regular,Library Assistant I,03/09/1987,1987,30100.72
M,DOT,Department of Transportation,Parking Management Engineering and Capital Project Management,Fulltime-Regular,Public Service Worker III,10/28/1990,1990,57476.06
M,FRS,Fire and Rescue Services,Station 14,Fulltime-Regular,Master Firefighter/Rescuer,01/12/1998,1998,97560.0
F,DTS,Department of Technology Services,ESOD Public Safety Data Support,Fulltime-Regular,Senior Information Technology Specialist,02/25/2013,2013,118400.0
F,DOT,Department of Transportation,Transit Gaithersburg Ride On,Fulltime-Regular,Bus Operator,01/07/2008,2008,45049.12
M,DPS,Department of Permitting Services,Team 2 Residential Inspection,Fulltime-Regular,Permitting and Code Enforcement Inspector II,10/26/1987,1987,87523.22
M,DOT,Department of Transportation,Transit Silver Spring Ride On,Fulltime-Regular,Bus Operator,11/26/2012,2012,45049.12
F,HHS,Department of Health and Human Services,Tuberculosis Program,Fulltime-Regular,Community Health Nurse II,10/05/2015,2015,80002.98
M,DOT,Department of Transportation,Transit Silver Spring Ride On,Fulltime-Regular,Bus Operator,01/08/2007,2007,40631.32
F,COR,Correction and Rehabilitation,DS Inmate Records,Fulltime-Regular,Correctional Records Technician,11/18/2001,2001,68048.01
M,POL,Department of Police,PSB 4th District Patrol,Fulltime-Regular,Police Sergeant,06/25/1990,1990,107128.71
F,HHS,Department of Health and Human Services,Child Welfare Services,Fulltime-Regular,Social Worker II,10/17/2016,2016,57300.0
M,DPS,Department of Permitting Services,Land Development Right-of-Way Inspection,Fulltime-Regular,Permitting and Code Enforcement Inspector II,02/20/2007,2007,72269.66
M,DOT,Department of Transportation,Transit Nicholson Ride On,Fulltime-Regular,Bus Operator,05/21/2013,2013,43525.71
F,POL,Department of Police,Management Services Bureau,Fulltime-Regular,Police Officer III,07/06/1992,1992,92756.7
M,FRS,Fire and Rescue Services,Station 22,Fulltime-Regular,Firefighter/Rescuer III,06/04/2012,2012,57265.0
M,FRS,Fire and Rescue Services,Station 32,Fulltime-Regular,Fire/Rescue Captain,08/17/1998,1998,110229.0
F,HHS,Department of Health and Human Services,School Health Services,Parttime-Regular,Community Health Nurse II,07/30/2013,2013,64435.1
F,LIB,Department of Public Libraries,Marilyn J Praisner Library,Fulltime-Regular,Librarian II,10/30/2006,2006,83942.23
M,DOT,Department of Transportation,Transportation Technical Center,Fulltime-Regular,Transportation Systems Technician I,07/11/2016,2016,43985.0
F,HHS,Department of Health and Human Services,Income Supports,Fulltime-Regular,Income Assistance Program Specialist II,03/20/2006,2006,64615.13
F,HHS,Department of Health and Human Services,Child Welfare Services,Fulltime-Regular,Social Worker I,02/25/2013,2013,51394.0
M,DOT,Department of Transportation,Transit Gaithersburg Ride On,Fulltime-Regular,Bus Operator,08/27/2012,2012,45048.5
M,FIN,Department of Finance,Division of Fiscal Management,Fulltime-Regular,Manager II,02/24/1997,1997,175127.0
F,HHS,Department of Health and Human Services,Child Welfare Services,Fulltime-Regular,Social Worker II,08/04/2008,2008,64872.71
F,DHS,Office of Emergency Management and Homeland Security,Policy and Planning,Fulltime-Regular,Emergency Management Specialist I,05/02/2016,2016,68340.0
F,HHS,Department of Health and Human Services,Child Welfare Services,Fulltime-Regular,Social Worker IV,06/30/2003,2003,87720.27
F,FRS,Fire and Rescue Services,EMS Billing,Fulltime-Regular,Administrative Specialist II,12/23/1996,1996,84974.0
F,COR,Correction and Rehabilitation,PRRS Facility and Security,Fulltime-Regular,Resident Supervisor II,11/04/2013,2013,54580.28
M,COR,Correction and Rehabilitation,DS MCDC Custody and Security,Fulltime-Regular,Correctional Officer II (PFC),07/09/2001,2001,67922.0
F,POL,Department of Police,ISB Criminal Investigations Division Forensic Services Section,Fulltime-Regular,Senior Latent Print Examiner,11/24/1986,1986,91751.37
M,FRS,Fire and Rescue Services,Internal Affairs,Fulltime-Regular,Manager III,11/02/2015,2015,104520.0
F,HCA,Department of Housing and Community Affairs,Licensing,Fulltime-Regular,Program Specialist II,01/06/1997,1997,73559.2
M,FRS,Fire and Rescue Services,Station 40,Fulltime-Regular,Master Firefighter/Rescuer,02/08/1999,1999,88859.0
M,HHS,Department of Health and Human Services,Income Supports,Fulltime-Regular,Income Assistance Program Specialist I,02/22/2016,2016,42792.0
M,DOT,Department of Transportation,Transit Silver Spring Ride On,Fulltime-Regular,Bus Operator,08/11/2008,2008,43525.72
F,DTS,Department of Technology Services,COO Office - Project Mangement Office,Fulltime-Regular,Senior Information Technology Specialist,03/30/2009,2009,118400.0
M,COR,Correction and Rehabilitation,PRRS Facility and Security,Fulltime-Regular,Resident Supervisor II,01/22/2008,2008,60771.36
F,CEX,Offices of the County Executive,Chief Administrative Officer's Office,Fulltime-Regular,Manager II,12/14/1998,1998,126542.64
M,POL,Department of Police,PSB 4th District Patrol,Fulltime-Regular,Police Officer II,08/12/2013,2013,58455.0
M,DOT,Department of Transportation,Transit Silver Spring Ride On,Fulltime-Regular,Bus Operator,09/12/2011,2011,45049.12
F,POL,Department of Police,FSB Traffic Division School Safety Section,Parttime-Regular,Crossing Guard,12/03/2012,2012,18416.48
F,HHS,Department of Health and Human Services,Educational Support,Fulltime-Regular,Program Manager II,10/10/2011,2011,64052.33
F,POL,Department of Police,FSB Traffic Division School Safety Section,Parttime-Regular,Crossing Guard,10/31/2005,2005,20419.48
M,DOT,Department of Transportation,Transit Silver Spring Ride On,Fulltime-Regular,Bus Operator,07/25/2011,2011,45048.5
M,DPS,Department of Permitting Services,Land Development Sediment Stormwater Plan Review,Fulltime-Regular,Senior Permitting Services Specialist,04/03/1995,1995,110886.71
F,POL,Department of Police,PSB 2nd District Patrol,Fulltime-Regular,Police Services Assistant,08/11/1991,1991,69222.18
M,DOT,Department of Transportation,Transit Silver Spring Ride On,Fulltime-Regular,Bus Operator,12/09/2002,2002,56689.66
M,COR,Correction and Rehabilitation,PRRS Facility and Security,Fulltime-Regular,Resident Supervisor II,01/14/2013,2013,56731.79
M,COR,Correction and Rehabilitation,DS MCDC Custody and Security,Fulltime-Regular,Correctional Supervisor (Sergeant),10/27/1997,1997,91532.0
M,DOT,Department of Transportation,Transit Central Communication,Fulltime-Regular,Transit Communications Supervisor,01/21/2008,2008,52032.89
M,DOT,Department of Transportation,Transit Nicholson Ride On,Fulltime-Regular,Bus Operator,02/22/2016,2016,39257.31
M,HHS,Department of Health and Human Services,Information Systems and Technology,Fulltime-Regular,Information Technology Specialist III,12/11/2000,2000,107657.0
M,COR,Correction and Rehabilitation,DS Food Services,Fulltime-Regular,Correctional Dietary Officer II,06/11/2007,2007,69316.94
M,FRS,Fire and Rescue Services,Station 20,Fulltime-Regular,Fire/Rescue Captain,02/22/1994,1994,119211.02
M,POL,Department of Police,PSB 4th District Patrol,Fulltime-Regular,Police Officer I,10/06/2014,2014,55671.0
F,COR,Correction and Rehabilitation,DS MCCF Unit 1 Security,Fulltime-Regular,Correctional Officer III (Corporal),06/30/2003,2003,72185.0
M,DPS,Department of Permitting Services,"Team 3 Commercial Building, Life Safety, Structural and Accessibility",Fulltime-Regular,Senior Permitting Services Specialist,09/08/2015,2015,89247.02
M,DOT,Department of Transportation,Transit Silver Spring Ride On,Fulltime-Regular,Bus Operator,02/24/2014,2014,42053.83
M,DGS,Department of General Services,Fleet Management Services,Fulltime-Regular,Program Manager II,11/18/2013,2013,90416.97
F,COR,Correction and Rehabilitation,DS MCCF Unit 2 Security,Fulltime-Regular,Correctional Supervisor (Sergeant),09/05/2000,2000,88436.0
M,COR,Correction and Rehabilitation,DS Detention Services,Fulltime-Regular,Office Clerk,10/12/2009,2009,34537.99
F,POL,Department of Police,PSB 1st District Patrol,Fulltime-Regular,Police Officer III,08/07/1989,1989,92756.7
M,POL,Department of Police,FSB Traffic Division School Safety Section,Parttime-Regular,Crossing Guard,04/07/2014,2014,17192.05
M,HHS,Department of Health and Human Services,STD and HIV Services,Fulltime-Regular,Public Health Advisor,01/07/1985,1985,87523.22
M,DEP,Department of Environmental Protection,Watershed Restoration and Capital Projects,Fulltime-Regular,Manager III,01/18/2000,2000,116282.95
M,POL,Department of Police,PSB 3rd District Patrol,Fulltime-Regular,Police Officer I,10/06/2014,2014,53788.0
M,OLO,Office of Legislative Oversight,Legislative Oversight Staff,Fulltime-Regular,Manager III,08/20/2007,2007,126150.37
M,POL,Department of Police,FSB Special Operations Division Canine Section,Fulltime-Regular,Police Officer III,09/13/1999,1999,89620.0
F,COR,Correction and Rehabilitation,DS MCCF Unit 1 Security,Fulltime-Regular,Correctional Officer I (Private),08/08/2016,2016,44300.0
M,LIB,Department of Public Libraries,Technology Management,Parttime-Regular,Information Technology Technician III,01/11/1987,1987,39831.65
F,LIB,Department of Public Libraries,Marilyn J Praisner Library,Parttime-Regular,Library Assistant I,11/05/2001,2001,34241.8
F,DOT,Department of Transportation,Transit Safety and Instruction,Fulltime-Regular,Safety and Training Instructor,09/19/2016,2016,54000.0
F,LIB,Department of Public Libraries,Twinbrook Library,Parttime-Regular,Library Aide,09/13/2011,2011,17269.0
F,HHS,Department of Health and Human Services,Environmental Health and Regulatory Services,Fulltime-Regular,Environmental Health Specialist III,03/30/2009,2009,69787.05
M,HHS,Department of Health and Human Services,Child Welfare Services,Fulltime-Regular,Social Worker II,08/26/2013,2013,64942.98
M,POL,Department of Police,PSB 4th District Patrol,Fulltime-Regular,Police Officer I,06/01/2015,2015,61725.0
M,POL,Department of Police,FSB Security Services Division,Fulltime-Regular,Security Officer I,08/12/2013,2013,40631.32
M,DOT,Department of Transportation,Highway Services,Fulltime-Regular,Equipment Operator I,11/18/2002,2002,55023.05
M,COR,Correction and Rehabilitation,Professional Standards Unit,Fulltime-Regular,Correctional Supervisor (Sergeant),09/21/1998,1998,91532.0
M,DLC,Department of Liquor Control,Pike,Parttime-Regular,Liquor Store Clerk I,11/19/2002,2002,24510.63
F,HHS,Department of Health and Human Services,Adult Protective Services - Nurse Assessment,Fulltime-Regular,Community Health Nurse II,01/10/2000,2000,97912.0
F,HHS,Department of Health and Human Services,Area Health Centers,Fulltime-Regular,Community Services Aide III,06/12/2006,2006,58322.67
F,CCL,County Council,Council Central Staff,Fulltime-Regular,Legislative Services Coordinator,08/01/1988,1988,71830.44
M,FRS,Fire and Rescue Services,Operations Division,Fulltime-Regular,Fire/Rescue Captain,11/17/1997,1997,120967.0
F,HHS,Department of Health and Human Services,Community Support Network for People with Disabilities,Fulltime-Regular,Program Specialist II,01/26/2004,2004,70165.08
M,POL,Department of Police,MSB Information Mgmt and Tech Division Records Management Section,Fulltime-Regular,Office Services Coordinator,02/25/2013,2013,40935.0
F,CCL,County Council,Council Members and Staff,Fulltime-Regular,Council Member,06/03/2009,2009,128519.0
F,POL,Department of Police,MSB Personnel Division,Fulltime-Regular,Program Manager II,04/23/1979,1979,102664.0
M,FRS,Fire and Rescue Services,Station 1,Fulltime-Regular,Firefighter/Rescuer III,02/20/2001,2001,80784.0
F,DGS,Department of General Services,Fleet Management Services,Fulltime-Regular,Management and Budget Specialist III,08/25/1989,1989,104717.28
M,DOT,Department of Transportation,Director Management Services,Fulltime-Regular,Manager II,10/04/2004,2004,148930.75
M,POL,Department of Police,PSB 1st District Patrol,Fulltime-Regular,Police Officer III,01/16/2007,2007,83658.0
M,POL,Department of Police,FSB Traffic Division School Safety Section,Parttime-Regular,Crossing Guard,02/22/2016,2016,16049.0
M,DOT,Department of Transportation,Highway Services,Fulltime-Regular,Equipment Operator I,12/10/2007,2007,46325.1
M,REC,Department of Recreation,Aquatic Team Management,Fulltime-Regular,Senior Pool Manager,04/24/2011,2011,44753.0
M,COR,Correction and Rehabilitation,DS MCCF Unit 1 Security,Fulltime-Regular,Correctional Officer I (Private),12/12/2016,2016,44300.0
F,POL,Department of Police,MSB Information Mgmt and Tech Division Records Management Section,Fulltime-Regular,Police Aide,10/03/2005,2005,64141.0
M,FRS,Fire and Rescue Services,Station 21,Fulltime-Regular,Fire/Rescue Captain,08/17/1998,1998,118930.0
M,POL,Department of Police,FSB Animal Services Division,Fulltime-Regular,Code Enforcement Inspector III,11/04/2013,2013,54797.84
F,DOT,Department of Transportation,Transit Silver Spring Ride On,Fulltime-Regular,Bus Operator,09/28/2015,2015,40631.32
M,POL,Department of Police,FSB Security Services Division,Fulltime-Regular,Security Officer I,06/17/2013,2013,43525.72
M,LIB,Department of Public Libraries,Wheaton Library,Parttime-Regular,Library Desk Assistant,11/18/2004,2004,26049.96
M,POL,Department of Police,MSB Information Management and Technology Division,Fulltime-Regular,Information Technology Specialist III,05/31/2016,2016,98490.0
M,DLC,Department of Liquor Control,Stock Liquor and Wine Warehouse Operations,Fulltime-Regular,Warehouse Assistant Supervisor,04/17/1978,1978,81066.0
M,FRS,Fire and Rescue Services,Station 3,Fulltime-Regular,Fire/Rescue Lieutenant,02/11/2002,2002,94449.0
M,POL,Department of Police,PSB 4th District Patrol,Fulltime-Regular,Police Sergeant,03/14/1988,1988,107128.71
F,OHR,Office of Human Resources,Communications and Strategic Planning Team,Fulltime-Regular,Human Resources Specialist III,03/16/2009,2009,94052.2
F,SHF,Sheriff's Office,Court and Transport,Fulltime-Regular,Deputy Sheriff III,03/06/2006,2006,69475.0
F,POL,Department of Police,FSB Animal Services Division,Fulltime-Regular,Animal Care Attendant,12/30/2013,2013,41781.91
F,HHS,Department of Health and Human Services,Area Health Centers,Fulltime-Regular,Community Services Aide II,09/23/1985,1985,69222.18
M,DGS,Department of General Services,Fleet Management Fleet Services,Fulltime-Regular,Mechanic Technician II,08/25/2014,2014,56123.18
M,DGS,Department of General Services,Facilities Maintenance,Fulltime-Regular,Building Services Inspector,06/04/1990,1990,57476.06
M,HHS,Department of Health and Human Services,Urine Monitoring Program,Fulltime-Regular,Community Services Aide III,07/24/2006,2006,57371.98
M,DOT,Department of Transportation,Highway Services,Fulltime-Regular,Equipment Operator I,01/14/2013,2013,41781.91
F,HHS,Department of Health and Human Services,Medication Assisted Treatment - Clinical and Vocational Services,Fulltime-Regular,Community Health Nurse II,01/08/2001,2001,97912.0
M,POL,Department of Police,ISB Major Crimes Division Robbery Section,Fulltime-Regular,Police Officer III,01/18/1994,1994,92756.7
M,DOT,Department of Transportation,Highway Administration,Fulltime-Regular,Highway Inspector II,09/28/1998,1998,69460.69
M,DOT,Department of Transportation,Transit Gaithersburg Ride On,Fulltime-Regular,Bus Operator,03/02/2015,2015,40631.32
F,OHR,Office of Human Resources,Recruitment and Selection Division,Parttime-Regular,Human Resources Specialist III,11/18/2004,2004,43759.74
F,LIB,Department of Public Libraries,Rockville Library,Fulltime-Regular,Library Associate,06/02/1997,1997,56279.62
M,DGS,Department of General Services,Fleet Management Fleet Services,Fulltime-Regular,Mechanic Technician I,09/21/2015,2015,45767.7
F,POL,Department of Police,FSB Traffic Division School Safety Section,Parttime-Regular,Crossing Guard,10/18/2004,2004,21030.74
M,DOT,Department of Transportation,Highway Administration,Fulltime-Regular,Highway Inspector II,06/01/2010,2010,63760.43
F,POL,Department of Police,FSB Animal Services Division,Fulltime-Regular,Staff Veterinarian,10/03/2016,2016,90000.0
M,DGS,Department of General Services,Fleet Management Fleet Services,Fulltime-Regular,Mechanic Technician II,03/01/2010,2010,59975.32
M,DOT,Department of Transportation,Transportation Property Acquisition Section,Fulltime-Regular,Real Estate Specialist III,03/10/1997,1997,102664.0
M,HHS,Department of Health and Human Services,Income Supports,Fulltime-Regular,Income Assistance Program Specialist II,04/18/1994,1994,78703.37
F,DPS,Department of Permitting Services,Zoning,Fulltime-Regular,Permitting Services Specialist II,09/08/2003,2003,97912.0
M,HHS,Department of Health and Human Services,Information Systems and Technology,Fulltime-Regular,Manager III,04/16/2007,2007,135392.0
M,POL,Department of Police,PSB 1st District Patrol,Fulltime-Regular,Police Officer III,01/16/2007,2007,70435.0
M,POL,Department of Police,MSB Management and Budget Division Abandoned Vehicle Section,Fulltime-Regular,Abandoned Vehicle Code Enforcement Specialist,09/14/1987,1987,69222.18
M,POL,Department of Police,FSB Special Operations Division Canine Section,Fulltime-Regular,Police Officer III,12/04/2000,2000,89620.0
F,HHS,Department of Health and Human Services,Income Supports,Fulltime-Regular,Income Assistance Program Specialist II,02/17/1998,1998,74146.46
F,HCA,Department of Housing and Community Affairs,Management Services,Fulltime-Regular,Program Manager I,02/28/2000,2000,93396.0
M,DLC,Department of Liquor Control,Burtonsville,Parttime-Regular,Liquor Store Clerk I,08/16/2009,2009,31899.51
M,POL,Department of Police,PSB 4th District Patrol,Fulltime-Regular,Police Officer II,08/12/2013,2013,58455.0
M,FRS,Fire and Rescue Services,Third Battalion - Administration,Fulltime-Regular,Fire/Rescue Lieutenant,09/04/2001,2001,108493.0
F,HHS,Department of Health and Human Services,Child Welfare Services,Fulltime-Regular,Social Worker III,05/29/2007,2007,78183.58
M,DTS,Department of Technology Services,ERP Financials,Fulltime-Regular,ERP Functional Business Analyst,08/08/2016,2016,129000.0
F,HHS,Department of Health and Human Services,School Health Services,Fulltime-Regular,Community Health Nurse II,10/03/2005,2005,96792.26
M,POL,Department of Police,FSB Special Operations Division Police Community Action Team,Fulltime-Regular,Police Sergeant,08/31/1998,1998,103506.0
F,DOT,Department of Transportation,Transit Gaithersburg Ride On,Fulltime-Regular,Bus Operator,08/02/2004,2004,55123.38
M,POL,Department of Police,PSB 3rd District Patrol,Fulltime-Regular,Police Officer III,07/18/2011,2011,65752.0
M,FRS,Fire and Rescue Services,Station 31,Fulltime-Regular,Master Firefighter/Rescuer,03/27/2006,2006,80895.0
M,DPS,Department of Permitting Services,Team 2 Residential Inspection,Fulltime-Regular,Permitting and Code Enforcement Inspector II,06/15/1987,1987,87523.22
M,DPS,Department of Permitting Services,Fire Code Compliance,Fulltime-Regular,Permitting and Code Enforcement Inspector III,05/05/2014,2014,79913.17
F,LIB,Department of Public Libraries,Poolesville Library,Fulltime-Regular,Librarian I,03/31/1996,1996,87523.22
M,FRS,Fire and Rescue Services,Station 6,Fulltime-Regular,Firefighter/Rescuer III,10/09/2006,2006,76716.0
F,DOT,Department of Transportation,Transit Gaithersburg Ride On,Fulltime-Regular,Bus Operator,04/08/2013,2013,43525.72
F,OHR,Office of Human Resources,Training and Organizational Development Team,Fulltime-Regular,Manager III,12/11/2006,2006,113997.23
F,HHS,Department of Health and Human Services,Community Support Network for People with Disabilities,Fulltime-Regular,Program Manager I,06/16/2003,2003,93396.0
M,POL,Department of Police,ISB Criminal Investigations Division 5th District Investigative Section,Fulltime-Regular,Police Officer III,09/12/1988,1988,92756.7
M,DOT,Department of Transportation,Transit Gaithersburg Ride On,Fulltime-Regular,Manager III,04/08/2013,2013,107807.51
F,DTS,Department of Technology Services,ESOD Public Safety Data Support,Fulltime-Regular,Senior Information Technology Specialist,10/18/1999,1999,118400.0
M,POL,Department of Police,PSB 2nd District Community Action Team,Fulltime-Regular,Police Officer III,07/14/2008,2008,68054.0
M,SHF,Sheriff's Office,Warrant Section,Fulltime-Regular,Deputy Sheriff Sergeant,09/18/1995,1995,96763.35
F,HHS,Department of Health and Human Services,Medical Assistance Eligibility Services,Fulltime-Regular,Principal Administrative Aide,05/28/1993,1993,60201.44
F,CAT,County Attorney's Office,Insurance Defense Litigation,Fulltime-Regular,Paralegal Specialist,06/01/2015,2015,65780.67
F,PIO,Office of Public Information,Cable Programming,Fulltime-Regular,Program Manager I,01/30/2012,2012,82390.34
M,DOT,Department of Transportation,Highway Services,Fulltime-Regular,Equipment Operator I,08/12/2001,2001,56950.48
F,DOT,Department of Transportation,Transit Gaithersburg Ride On,Fulltime-Regular,Bus Operator,10/06/2003,2003,46626.87
F,DTS,Department of Technology Services,EASD Geographic Information System,Fulltime-Regular,Senior Information Technology Specialist,01/21/1986,1986,120768.0
M,FRS,Fire and Rescue Services,Field Relief Personnel,Fulltime-Regular,Fire/Rescue Battalion Chief,02/22/1994,1994,131348.75
M,POL,Department of Police,PSB 1st District Patrol,Fulltime-Regular,Police Officer III,02/06/1995,1995,92756.7
M,POL,Department of Police,PSB 5th District Patrol,Fulltime-Regular,Police Officer III,12/17/2001,2001,89620.0
F,DLC,Department of Liquor Control,Walnut Hill,Parttime-Regular,Liquor Store Clerk I,08/07/2001,2001,40591.43
M,HHS,Department of Health and Human Services,Income Supports,Fulltime-Regular,Accountant/Auditor III,10/02/2000,2000,85218.86
M,POL,Department of Police,FSB Special Operations Division Canine Section,Fulltime-Regular,Police Officer III,05/06/1980,1980,92756.7
M,LIB,Department of Public Libraries,Silver Spring Library,Parttime-Regular,Library Assistant I,12/18/2000,2000,29224.0
M,DLC,Department of Liquor Control,Olney,Fulltime-Regular,Liquor Store Manager,01/27/1981,1981,91007.15
M,FRS,Fire and Rescue Services,Station 1,Fulltime-Regular,Firefighter/Rescuer III,10/17/2005,2005,76476.0
M,DPS,Department of Permitting Services,"Team 3 Commercial Building, Life Safety, Structural and Accessibility",Fulltime-Regular,Permitting Services Specialist II,07/26/2004,2004,97912.0
M,POL,Department of Police,PSB 1st District Patrol,Fulltime-Regular,Police Officer III,08/27/2001,2001,89620.0
M,DOT,Department of Transportation,Transit Nicholson Ride On,Fulltime-Regular,Bus Operator,06/30/2014,2014,42053.83
M,POL,Department of Police,PSB 2nd District Traffic Squad,Fulltime-Regular,Master Police Officer,07/06/1992,1992,97392.47
M,DOT,Department of Transportation,Transit Silver Spring Ride On,Fulltime-Regular,Bus Operator,05/13/2001,2001,60711.33
M,POL,Department of Police,PSB 5th District Community Action Team,Fulltime-Regular,Police Sergeant,01/17/2006,2006,84201.0
F,POL,Department of Police,PSB 4th District Patrol,Fulltime-Regular,Police Services Assistant,10/01/2007,2007,50317.92
F,DTS,Department of Technology Services,EASD Web and Mobile Applications,Fulltime-Regular,Senior Information Technology Specialist,12/13/2004,2004,118400.0
M,FIN,Department of Finance,Safety,Fulltime-Regular,Manager III,09/08/1992,1992,135386.91
M,POL,Department of Police,FSB Security Services Division,Fulltime-Regular,Security Officer I,09/07/2004,2004,57103.49
M,CEC,Community Engagement Cluster,Wheaton Urban District,Fulltime-Regular,Public Service Worker II,01/27/2016,2016,34170.0
F,HHS,Department of Health and Human Services,"Planning, Accountability and Customer Service",Fulltime-Regular,Program Manager II,01/14/2013,2013,95960.52
M,DEP,Department of Environmental Protection,Solid Waste Services Operations,Fulltime-Regular,Code Enforcement Inspector III,01/23/1989,1989,83497.98
F,FIN,Department of Finance,Division of Fiscal Management,Fulltime-Regular,Manager III,02/27/2012,2012,135392.0
M,POL,Department of Police,PSB 3rd District Patrol,Fulltime-Regular,Police Officer III,07/18/2005,2005,78096.0
M,HHS,Department of Health and Human Services,Income Supports,Fulltime-Regular,Manager III,04/07/1997,1997,105360.22
F,HHS,Department of Health and Human Services,School Health Services,Parttime-Regular,School Health Room Technician I,04/29/2002,2002,48145.17
M,POL,Department of Police,PSB 3rd District Patrol,Fulltime-Regular,Police Officer II,08/12/2013,2013,58455.0
M,DOT,Department of Transportation,Highway Services,Fulltime-Regular,Equipment Operator Apprentice,12/12/2016,2016,33395.0
M,POL,Department of Police,ISB Criminal Investigations Division 2nd District Investigative Section,Fulltime-Regular,Police Officer III,01/26/2004,2004,78096.0
M,DLC,Department of Liquor Control,Beer Delivery Operations,Fulltime-Regular,Truck Driver Helper/Warehouse Worker,09/26/2001,2001,45591.48
F,REC,Department of Recreation,Special Programs,Fulltime-Regular,Administrative Specialist III,02/20/2007,2007,74872.5
M,FRS,Fire and Rescue Services,Station 40,Fulltime-Regular,Master Firefighter/Rescuer,10/09/2006,2006,83516.0
F,DLC,Department of Liquor Control,White Oak,Fulltime-Regular,Liquor Store Clerk II,06/24/1999,1999,59787.12
M,FRS,Fire and Rescue Services,Emergency Communications Center (ECC),Fulltime-Regular,Firefighter/Rescuer III,11/30/1997,1997,85834.0
F,REC,Department of Recreation,Youth Development Your Sports/Activities,Fulltime-Regular,Recreation Specialist,06/15/2003,2003,65209.54
M,FRS,Fire and Rescue Services,First Battalion - Administration,Fulltime-Regular,Fire/Rescue Lieutenant,06/07/2004,2004,88168.0
M,FRS,Fire and Rescue Services,Station 22,Fulltime-Regular,Fire/Rescue Captain,02/17/1985,1985,118080.06
M,DOT,Department of Transportation,Highway Services,Fulltime-Regular,Public Service Craftsworker,10/22/2012,2012,44261.53
F,HHS,Department of Health and Human Services,Adult Protective Services - Nurse Assessment,Fulltime-Regular,Community Health Nurse II,03/05/2001,2001,97912.0
M,FRS,Fire and Rescue Services,Station 6,Fulltime-Regular,Master Firefighter/Rescuer,08/17/1998,1998,97560.0
F,DLC,Department of Liquor Control,Retail Administration,Fulltime-Regular,Administrative Specialist I,06/02/2002,2002,56941.54
M,FRS,Fire and Rescue Services,Station 32,Fulltime-Regular,Firefighter/Rescuer II,09/22/2014,2014,50910.0
M,COR,Correction and Rehabilitation,DS MCDC Custody and Security,Fulltime-Regular,Correctional Unit Commander (Captain),09/29/1997,1997,110756.8
F,OMB,Office of Management and Budget,Capital Budget Management,Fulltime-Regular,Manager II,11/30/1998,1998,156461.43
M,DOT,Department of Transportation,Transit Gaithersburg Ride On,Fulltime-Regular,Transit Coordinator,02/24/2008,2008,64888.45
F,DLC,Department of Liquor Control,Cabin John,Parttime-Regular,Liquor Store Clerk I,10/11/2009,2009,29779.07
F,POL,Department of Police,MSB Communications Division,Fulltime-Regular,Administrative Specialist II,07/25/2005,2005,72247.78
M,POL,Department of Police,PSB 5th District Station,Fulltime-Regular,Police Captain,08/07/1989,1989,155693.29
F,HHS,Department of Health and Human Services,Disease Control,Fulltime-Regular,Community Health Nurse II,05/12/2008,2008,95019.08
M,POL,Department of Police,MSB Training and Education Division,Fulltime-Regular,Master Police Officer,04/12/1999,1999,94099.0
F,POL,Department of Police,ISB Family Crimes Division Pedophile Section,Fulltime-Regular,Police Officer III,10/04/1993,1993,92756.7
M,DOT,Department of Transportation,Transit Nicholson Ride On,Fulltime-Regular,Bus Operator,05/26/2015,2015,40631.32
M,DOT,Department of Transportation,Transit Silver Spring Ride On,Fulltime-Regular,Bus Operator,09/09/1985,1985,66065.23
F,DGS,Department of General Services,Central Duplicating,Fulltime-Regular,Principal Administrative Aide,01/28/2013,2013,52342.11
F,HHS,Department of Health and Human Services,Adult Protective and Case Management Services,Fulltime-Regular,Social Worker III,11/03/2014,2014,77691.47
F,POL,Department of Police,FSB Traffic Division School Safety Section,Parttime-Regular,Crossing Guard,08/24/2015,2015,16610.72
M,DOT,Department of Transportation,Transit Silver Spring Ride On,Fulltime-Regular,Bus Operator,09/29/2014,2014,42053.42
F,COR,Correction and Rehabilitation,DO Director,Fulltime-Regular,Senior Executive Administrative Aide,05/06/2002,2002,73801.0
F,HHS,Department of Health and Human Services,Disease Control,Fulltime-Regular,Office Services Coordinator,07/20/1981,1981,69222.18
M,OCP,Office of Consumer Protection,Investigations,Fulltime-Regular,Investigator III,10/29/2007,2007,71175.95
M,DLC,Department of Liquor Control,Stock Liquor and Wine Warehouse Operations,Fulltime-Regular,Warehouse Equipment Operator,05/03/1987,1987,60201.44
F,FRS,Fire and Rescue Services,Training,Fulltime-Regular,Program Manager II,10/19/2015,2015,80897.21
M,POL,Department of Police,PSB 6th District Patrol,Fulltime-Regular,Police Officer III,07/12/2010,2010,65752.0
M,DLC,Department of Liquor Control,Montrose,Parttime-Regular,Liquor Store Clerk I,09/21/2015,2015,27799.2
F,HHS,Department of Health and Human Services,School Health Services,Parttime-Regular,School Health Room Technician I,06/14/2011,2011,35552.3
F,POL,Department of Police,MSB Communications Division,Fulltime-Regular,Public Safety Communications Specialist II,09/22/2014,2014,48571.6
M,POL,Department of Police,PSB 1st District Patrol,Fulltime-Regular,Police Officer III,07/14/2008,2008,68054.0
M,DLC,Department of Liquor Control,White Oak,Fulltime-Regular,Liquor Store Manager,05/07/1990,1990,91007.15
F,HHS,Department of Health and Human Services,Child Welfare Services,Fulltime-Regular,Community Services Aide III,09/27/1995,1995,76015.03
F,DEP,Department of Environmental Protection,Solid Waste Services Recycling,Fulltime-Regular,Manager III,12/11/1989,1989,135392.0
F,CAT,County Attorney's Office,Health and Human Services,Fulltime-Regular,Assistant County Attorney II,12/12/2016,2016,89000.0
M,DGS,Department of General Services,Fleet Management Fleet Services,Fulltime-Regular,Mechanic Technician II,03/03/2008,2008,61035.5
M,FRS,Fire and Rescue Services,Station 25,Fulltime-Regular,Master Firefighter/Rescuer,06/07/2004,2004,92920.0
M,FRS,Fire and Rescue Services,Station 40,Fulltime-Regular,Firefighter/Rescuer III,02/14/2000,2000,80784.0
M,FRS,Fire and Rescue Services,Station 34,Fulltime-Regular,Fire/Rescue Captain,07/28/1985,1985,121167.06
M,FRS,Fire and Rescue Services,Station 8,Fulltime-Regular,Firefighter/Rescuer III,01/14/2013,2013,55328.0
M,DLC,Department of Liquor Control,Montrose,Parttime-Regular,Liquor Store Clerk I,07/24/2005,2005,34172.68
M,FRS,Fire and Rescue Services,Station 16,Fulltime-Regular,Firefighter/Rescuer III,02/14/2000,2000,80784.0
F,HHS,Department of Health and Human Services,School Health Services,Fulltime-Regular,Community Health Nurse II,12/02/2014,2014,77297.7
M,FRS,Fire and Rescue Services,Station 28,Fulltime-Regular,Firefighter/Rescuer II,09/22/2014,2014,50910.0
M,FRS,Fire and Rescue Services,Recruit Training,Fulltime-Regular,Firefighter/Rescuer I (Recruit),12/12/2016,2016,45261.0
F,HHS,Department of Health and Human Services,Jail Addiction Services,Fulltime-Regular,Principal Administrative Aide,03/20/2000,2000,58448.0
M,SHF,Sheriff's Office,Courthouse Security,Fulltime-Regular,Deputy Sheriff Sergeant,06/13/1994,1994,96763.35
M,FRS,Fire and Rescue Services,Station 34,Fulltime-Regular,Firefighter/Rescuer III,02/11/2002,2002,78052.0
M,DLC,Department of Liquor Control,Silver Spring,Parttime-Regular,Liquor Store Clerk I,03/07/2016,2016,27799.2
M,POL,Department of Police,PSB 4th District Traffic Squad,Fulltime-Regular,Police Officer III,09/23/1985,1985,92756.7
F,FRS,Fire and Rescue Services,Station 29,Fulltime-Regular,Firefighter/Rescuer III,02/14/2000,2000,82821.0
M,DOT,Department of Transportation,Transportation System Engineering,Fulltime-Regular,Engineer Technician II,08/31/1987,1987,76015.03
F,DLC,Department of Liquor Control,Kensington,Parttime-Regular,Liquor Store Clerk I,10/26/2010,2010,29779.07
M,DTS,Department of Technology Services,ERP Technical Support,Fulltime-Regular,Technology Expert,02/24/2014,2014,140794.0
M,DGS,Department of General Services,Fleet Management Fleet Services,Fulltime-Regular,Mechanic Technician II,01/17/2012,2012,59975.33
F,POL,Department of Police,ISB Major Crimes Division Victim Witness Assistance Section,Fulltime-Regular,Client Assistance Specialist,01/14/2002,2002,81066.0
M,FRS,Fire and Rescue Services,Station 7,Fulltime-Regular,Firefighter/Rescuer II,01/14/2013,2013,60810.0
F,LIB,Department of Public Libraries,Long Branch Library,Parttime-Regular,Library Assistant I,01/31/2013,2013,19542.51
M,FRS,Fire and Rescue Services,Station 5,Fulltime-Regular,Firefighter/Rescuer III,09/20/2004,2004,68015.0
F,HHS,Department of Health and Human Services,School Health Services,Parttime-Regular,School Health Room Technician I,08/15/1994,1994,57807.08
M,POL,Department of Police,PSB 5th District Educational Facilities Officers,Fulltime-Regular,Police Officer III,06/25/1990,1990,92756.7
M,FRS,Fire and Rescue Services,Station 11,Fulltime-Regular,Firefighter/Rescuer III,11/16/1992,1992,83611.44
F,HHS,Department of Health and Human Services,Child Welfare Services,Fulltime-Regular,Social Worker II,09/08/2015,2015,58360.55
F,FIN,Department of Finance,Tax Operations,Fulltime-Regular,Office Services Coordinator,09/21/1998,1998,67206.0
M,DLC,Department of Liquor Control,Potomac,Parttime-Regular,Liquor Store Clerk I,08/11/2013,2013,29779.06
F,HHS,Department of Health and Human Services,Women's Health Services,Fulltime-Regular,Community Services Aide III,09/14/1998,1998,73352.7
F,FIN,Department of Finance,Accounts Payable,Fulltime-Regular,Manager III,07/23/2007,2007,133583.96
F,HHS,Department of Health and Human Services,Child Welfare Services,Fulltime-Regular,Social Worker III,11/28/1988,1988,100849.36
F,POL,Department of Police,PSB 2nd District Patrol,Fulltime-Regular,Police Officer II,08/12/2013,2013,58455.0
F,HHS,Department of Health and Human Services,Child Welfare Services,Fulltime-Regular,Principal Administrative Aide,04/12/1993,1993,60201.44
F,HHS,Department of Health and Human Services,Abused Persons Program,Parttime-Regular,Client Assistance Specialist,04/11/2010,2010,24534.0
F,HHS,Department of Health and Human Services,Public Health Emergency Preparedness and Response Program,Fulltime-Regular,Emergency Management Specialist I,03/05/2007,2007,69813.09
F,POL,Department of Police,MSB Personnel Division,Fulltime-Regular,Office Services Coordinator,09/06/2016,2016,50000.0
F,HHS,Department of Health and Human Services,Maternity Dental,Fulltime-Regular,Administrative Specialist III,08/23/2004,2004,76271.8
M,COR,Correction and Rehabilitation,DS MCCF Unit 2 Security,Fulltime-Regular,Correctional Officer II (PFC),05/05/2014,2014,49831.0
F,HHS,Department of Health and Human Services,Medical Assistance Eligibility Services,Fulltime-Regular,Income Assistance Program Specialist II,12/11/2006,2006,59888.68
M,SHF,Sheriff's Office,Court and Transport,Fulltime-Regular,Deputy Sheriff III,08/16/2004,2004,71908.0
M,DOT,Department of Transportation,Highway Services,Fulltime-Regular,Public Service Worker II,11/15/1988,1988,50053.88
F,POL,Department of Police,FSB Traffic Division School Safety Section,Parttime-Regular,Crossing Guard,05/12/2008,2008,19060.64
F,LIB,Department of Public Libraries,Bethesda Library,Parttime-Regular,Library Assistant I,12/12/2005,2005,24023.1
M,DOT,Department of Transportation,Transit Gaithersburg Ride On,Fulltime-Regular,Bus Operator,09/12/2011,2011,45049.12
F,HHS,Department of Health and Human Services,School Health Services,Parttime-Regular,School Health Room Technician I,08/03/2009,2009,37838.46
M,DOT,Department of Transportation,Transit Gaithersburg Ride On,Fulltime-Regular,Bus Operator,08/27/2007,2007,48258.81
M,DPS,Department of Permitting Services,Fire Code Compliance,Fulltime-Regular,Manager III,09/07/2004,2004,135270.36
M,POL,Department of Police,FSB Traffic Division School Safety Section,Fulltime-Regular,Police Officer III,09/18/1995,1995,92756.7
M,FRS,Fire and Rescue Services,Station 14,Fulltime-Regular,Master Firefighter/Rescuer,07/19/1987,1987,95187.98
M,HHS,Department of Health and Human Services,Permanent Supportive Housing,Fulltime-Regular,Social Worker III,09/08/1992,1992,100849.36
M,HHS,Department of Health and Human Services,Behavioral Health Planning and Management,Fulltime-Regular,Program Manager I,03/05/2001,2001,93396.0
M,POL,Department of Police,PSB 2nd District Patrol,Fulltime-Regular,Police Officer III,01/18/2005,2005,75453.0
F,BOE,Board of Elections,Election Operations,Fulltime-Regular,Program Manager I,08/07/2006,2006,79762.34
F,DEP,Department of Environmental Protection,Management Services,Fulltime-Regular,Manager II,12/14/2015,2015,156525.0
F,HHS,Department of Health and Human Services,STD and HIV Services,Parttime-Regular,Medical Doctor III - Physician,08/26/2013,2013,171386.1
M,DTS,Department of Technology Services,ETSD Network Services,Fulltime-Regular,Senior Information Technology Specialist,04/10/1989,1989,118400.0
F,HHS,Department of Health and Human Services,STD and HIV Services,Fulltime-Regular,Client Assistance Specialist,01/16/1978,1978,83497.98
F,DEP,Department of Environmental Protection,Solid Waste Services Recycling,Fulltime-Regular,Program Specialist I,09/19/2005,2005,69963.56
M,DOT,Department of Transportation,Transit Nicholson Ride On,Fulltime-Regular,Transit Operations Supervisor,02/11/1985,1985,77343.0
F,HHS,Department of Health and Human Services,Adult Protective and Case Management Services,Fulltime-Regular,Social Worker III,07/06/2009,2009,97912.0
F,LIB,Department of Public Libraries,Rockville Library,Fulltime-Regular,Library Associate II,11/30/1992,1992,87523.22
F,POL,Department of Police,PSB 1st District Community Action Team,Fulltime-Regular,Police Officer III,07/18/2011,2011,65752.0
M,DGS,Department of General Services,Fleet Management Fleet Services,Fulltime-Regular,Autobody Repairer,05/05/1997,1997,70422.0
M,POL,Department of Police,PSB 1st District Patrol,Fulltime-Regular,Police Sergeant,09/18/1995,1995,107128.71
F,SHF,Sheriff's Office,Warrant Section,Fulltime-Regular,Principal Administrative Aide,11/16/2015,2015,37446.3
M,CEC,Community Engagement Cluster,Wheaton Urban District,Fulltime-Regular,Public Service Worker II,11/05/2007,2007,37934.39
M,FRS,Fire and Rescue Services,Station 31,Fulltime-Regular,Firefighter/Rescuer III,09/04/2007,2007,67753.0
F,HHS,Department of Health and Human Services,Maternity Dental,Fulltime-Regular,Dental Assistant,03/05/2001,2001,61231.0
F,HHS,Department of Health and Human Services,Medical Assistance Eligibility Services,Fulltime-Regular,Income Assistance Program Supervisor,01/16/1990,1990,97912.0
M,DOT,Department of Transportation,Transit Gaithersburg Ride On,Fulltime-Regular,Bus Operator,02/14/2011,2011,43525.72
F,HHS,Department of Health and Human Services,Medical Assistance Eligibility Services,Fulltime-Regular,Income Assistance Program Specialist II,02/13/2012,2012,54402.73
F,POL,Department of Police,PSB 3rd District Patrol,Fulltime-Regular,Police Services Assistant,09/18/2006,2006,53207.38
M,POL,Department of Police,ISB Family Crimes Division Child Abuse Sexual Assault Section,Fulltime-Regular,Police Sergeant,09/18/1995,1995,107128.71
M,FRS,Fire and Rescue Services,Recruit Training,Fulltime-Regular,Firefighter/Rescuer I (Recruit),12/12/2016,2016,45261.0
M,COR,Correction and Rehabilitation,DS MCDC Custody and Security,Fulltime-Regular,Correctional Officer III (Corporal),03/18/1996,1996,79647.84
F,HHS,Department of Health and Human Services,Income Supports,Fulltime-Regular,Income Assistance Program Specialist II,04/05/1974,1974,83497.98
M,REC,Department of Recreation,Facilities Division,Parttime-Regular,Recreation Coordinator,02/14/2015,2015,33564.74
M,FRS,Fire and Rescue Services,Station 40,Fulltime-Regular,Fire/Rescue Captain,09/04/2001,2001,110229.0
M,FRS,Fire and Rescue Services,Station 18,Fulltime-Regular,Firefighter/Rescuer II,01/14/2013,2013,52693.0
M,POL,Department of Police,PSB 4th District Patrol,Fulltime-Regular,Police Officer I,10/06/2014,2014,53788.0
M,POL,Department of Police,PSB 3rd District Patrol,Fulltime-Regular,Police Officer II,07/01/2013,2013,58455.0
M,POL,Department of Police,PSB 3rd District Traffic Squad,Fulltime-Regular,Police Officer III,07/22/2002,2002,83658.0
F,HHS,Department of Health and Human Services,Medication Assisted Treatment - Clinical and Vocational Services,Fulltime-Regular,Community Health Nurse II,02/05/1990,1990,100849.36
M,DOT,Department of Transportation,Sign and Marking Shop,Fulltime-Regular,Public Service Worker II,01/12/2015,2015,31939.69
M,FRS,Fire and Rescue Services,Station 24,Fulltime-Regular,Firefighter/Rescuer III,03/17/2008,2008,63493.0
M,COR,Correction and Rehabilitation,DS MCCF Unit 1 Security,Fulltime-Regular,Correctional Officer II (PFC),12/17/2012,2012,53381.0
F,HCA,Department of Housing and Community Affairs,Housing Code Enforcement,Fulltime-Regular,Housing Code Inspector II,08/24/2009,2009,64541.64
M,DOT,Department of Transportation,Highway Services,Fulltime-Regular,Equipment Operator I,03/05/1990,1990,63067.93
M,POL,Department of Police,ISB Major Crimes Division Cold Case Section,Fulltime-Regular,Police Sergeant,06/13/1994,1994,107128.71
M,DOT,Department of Transportation,Transportation Property Acquisition Section,Fulltime-Regular,Real Estate Specialist II,03/23/2015,2015,87530.73
F,POL,Department of Police,MSB Communications Division,Fulltime-Regular,Public Safety Communications Specialist I,11/30/2015,2015,41220.18
M,DOT,Department of Transportation,Transit Nicholson Ride On,Fulltime-Regular,Bus Operator,02/25/2013,2013,43525.72
F,DOT,Department of Transportation,Transit Silver Spring Ride On,Fulltime-Regular,Transit Coordinator,10/21/1985,1985,72534.66
M,POL,Department of Police,PSB 4th District Patrol,Fulltime-Regular,Police Officer III,07/17/2000,2000,89620.0
F,HHS,Department of Health and Human Services,School Health Services,Parttime-Regular,School Health Room Technician I,01/22/2007,2007,40534.48
F,HHS,Department of Health and Human Services,Service Coordination and Individual Support Services,Fulltime-Regular,Program Specialist II,12/17/2012,2012,58975.22
M,FRS,Fire and Rescue Services,Station 26,Fulltime-Regular,Master Firefighter/Rescuer,01/30/2006,2006,74815.0
M,DTS,Department of Technology Services,Enterprise Information Security Office,Fulltime-Regular,Information Technology Specialist I,12/01/2014,2014,76675.72
M,DOT,Department of Transportation,Transit Nicholson Ride On,Fulltime-Regular,Bus Operator,01/07/2013,2013,45049.12
M,FRS,Fire and Rescue Services,Station 15,Fulltime-Regular,Firefighter/Rescuer II,09/02/2008,2008,60468.0
F,OHR,Office of Human Resources,Classification and Compensation Team,Fulltime-Regular,Human Resources Specialist II,08/26/2013,2013,68274.95
M,FRS,Fire and Rescue Services,Station 12,Fulltime-Regular,Fire/Rescue Captain,09/04/2001,2001,118930.0
F,FRS,Fire and Rescue Services,Station 8,Fulltime-Regular,Firefighter/Rescuer III,01/20/1998,1998,89485.0
M,POL,Department of Police,PSB 5th District Patrol,Fulltime-Regular,Police Officer II,01/28/2013,2013,58455.0
M,FRS,Fire and Rescue Services,Station 6,Fulltime-Regular,Fire/Rescue Captain,07/24/1989,1989,117174.02
M,FRS,Fire and Rescue Services,Station 26,Fulltime-Regular,Firefighter/Rescuer III,03/17/2008,2008,70884.0
F,PIO,Office of Public Information,MC311,Fulltime-Regular,Customer Service Representative I,06/16/2014,2014,39351.07
M,POL,Department of Police,PSB 4th District Community Action Team,Fulltime-Regular,Police Sergeant,03/27/1989,1989,107128.71
M,FRS,Fire and Rescue Services,Technical Operations,Fulltime-Regular,Telecommunications Specialist,09/10/2012,2012,68971.62
M,DGS,Department of General Services,Fleet Management Fleet Services,Fulltime-Regular,Senior Mechanic Technician,03/16/1998,1998,81066.0
F,POL,Department of Police,Management Services Bureau,Fulltime-Regular,Administrative Specialist I,08/06/2001,2001,73801.0
M,POL,Department of Police,PSB 1st District Patrol,Fulltime-Regular,Police Officer III,04/12/1999,1999,89620.0
M,CAT,County Attorney's Office,County Attorney,Fulltime-Regular,County Attorney,07/16/1984,1984,210143.0
F,FRS,Fire and Rescue Services,Second Battalion - Administration,Fulltime-Regular,Fire/Rescue Lieutenant,12/13/2004,2004,95559.0
F,DLC,Department of Liquor Control,Downtown Rockville,Parttime-Regular,Liquor Store Clerk I,04/25/2016,2016,27805.44
F,FIN,Department of Finance,General Accounting,Fulltime-Regular,Accountant/Auditor II,09/19/2016,2016,73000.0
M,POL,Department of Police,ISB Major Crimes Division Robbery Section,Fulltime-Regular,Police Officer III,06/02/2003,2003,80829.0
F,OHR,Office of Human Resources,Director,Fulltime-Regular,Director Office of Human Resources,03/09/2015,2015,210120.0
F,LIB,Department of Public Libraries,Rockville Library,Parttime-Regular,Library Assistant I,01/06/1989,1989,30100.72
F,HHS,Department of Health and Human Services,School Based Health Centers,Fulltime-Regular,Community Health Nurse II,11/03/2015,2015,72094.53
M,POL,Department of Police,FSB Animal Services Division,Fulltime-Regular,Program Specialist I,12/30/2013,2013,46319.36
F,HHS,Department of Health and Human Services,Community Action Agency,Fulltime-Regular,Manager III,01/08/1990,1990,115607.01
M,DGS,Department of General Services,Fleet Management Fleet Services,Fulltime-Regular,Mechanic Technician II,09/20/2004,2004,67486.85
M,FRS,Fire and Rescue Services,Emergency Communications Center (ECC),Fulltime-Regular,Fire/Rescue Lieutenant,03/27/2006,2006,87354.0
M,DGS,Department of General Services,Fleet Automotive Heavy Equipment,Fulltime-Regular,Mechanic Technician II,03/27/1989,1989,76015.03
F,COR,Correction and Rehabilitation,DS MCCF Unit 1 Security,Fulltime-Regular,Correctional Officer II (PFC),06/17/2001,2001,57186.0
M,COR,Correction and Rehabilitation,DS MCCF Unit 3 Security,Fulltime-Regular,Correctional Officer I (Private),10/31/2016,2016,44300.0
M,PIO,Office of Public Information,MC311,Fulltime-Regular,Program Specialist II,05/07/2012,2012,91042.55
F,PIO,Office of Public Information,Information,Fulltime-Regular,Public Information Officer II,03/19/2001,2001,100128.62
M,DOT,Department of Transportation,Transit Silver Spring Ride On,Fulltime-Regular,Bus Operator,02/11/2008,2008,46626.87
F,NDA,Non-Departmental Account,MCERP,Fulltime-Regular,Manager I,10/03/1999,1999,175110.54
F,HHS,Department of Health and Human Services,School Health Services,Parttime-Regular,School Health Room Technician I,07/28/2014,2014,35552.77
M,DOT,Department of Transportation,Transit Nicholson Ride On,Fulltime-Regular,Bus Operator,03/02/2008,2008,50671.27
M,FRS,Fire and Rescue Services,Recruit Training,Fulltime-Regular,Firefighter/Rescuer I (Recruit),12/12/2016,2016,45261.0
M,DOT,Department of Transportation,Transportation Management,Fulltime-Regular,Traffic Management Technician II,06/23/2003,2003,61401.3
M,DEP,Department of Environmental Protection,Solid Waste Services Operations,Fulltime-Regular,Refuse Disposal Cashier,04/29/2007,2007,50448.5
F,FRS,Fire and Rescue Services,Station 14,Fulltime-Regular,Firefighter/Rescuer III,01/30/2006,2006,68015.0
M,POL,Department of Police,PSB 5th District Patrol,Fulltime-Regular,Police Sergeant,08/19/1996,1996,107128.71
M,DTS,Department of Technology Services,Enterprise Information Security Office,Fulltime-Regular,Senior Information Technology Specialist,09/23/2002,2002,118400.0
M,FRS,Fire and Rescue Services,Emergency Communications Center (ECC),Fulltime-Regular,Firefighter/Rescuer III,09/02/2008,2008,68543.0
M,FRS,Fire and Rescue Services,Station 17,Fulltime-Regular,Firefighter/Rescuer II,03/10/2014,2014,50910.0
F,POL,Department of Police,PSB 3rd District Patrol,Fulltime-Regular,Police Services Assistant,06/18/2001,2001,61860.6
F,HHS,Department of Health and Human Services,Outpatient Addiction and Mental Health Clinic,Fulltime-Regular,Therapist II,01/14/2013,2013,73908.98
F,DOT,Department of Transportation,Transit Gaithersburg Ride On,Fulltime-Regular,Bus Operator,12/10/2007,2007,46626.87
M,DEP,Department of Environmental Protection,Solid Waste Services Operations,Fulltime-Regular,Program Manager I,09/17/2007,2007,93396.0
M,POL,Department of Police,PSB 3rd District Patrol,Fulltime-Regular,Police Officer III,07/14/2008,2008,65752.0
F,POL,Department of Police,MSB Communications Division,Fulltime-Regular,Administrative Specialist II,01/03/1999,1999,72247.77
M,DPS,Department of Permitting Services,Team 1 Residential Plan Review,Fulltime-Regular,Permitting Services Specialist II,11/28/2005,2005,97912.0
M,HHS,Department of Health and Human Services,Income Supports,Fulltime-Regular,Income Assistance Program Specialist I,03/10/2014,2014,46619.65
M,POL,Department of Police,PSB 6th District Patrol,Fulltime-Regular,Police Officer II,02/24/2014,2014,56478.0
F,BOE,Board of Elections,Polling Place Management,Fulltime-Regular,Office Services Coordinator,07/18/2010,2010,49759.15
F,POL,Department of Police,ISB Criminal Investigations Division Crime Laboratory Section,Fulltime-Regular,Senior Forensic Scientist,11/27/2006,2006,105766.41
M,SHF,Sheriff's Office,Sheriff Domestic Violence,Fulltime-Regular,Deputy Sheriff Sergeant,04/12/1999,1999,93945.0
M,LIB,Department of Public Libraries,Technology Management,Fulltime-Regular,Manager III,11/16/1998,1998,108112.9
M,FRS,Fire and Rescue Services,Station 7,Fulltime-Regular,Firefighter/Rescuer III,01/14/2013,2013,63445.0
M,POL,Department of Police,PSB 3rd District Patrol,Fulltime-Regular,Police Sergeant,07/22/2002,2002,96624.0
M,DTS,Department of Technology Services,ETSD Radio Communications Services,Fulltime-Regular,Communications Equipment Technician II,07/30/1990,1990,83497.98
M,FRS,Fire and Rescue Services,Station 8,Fulltime-Regular,Firefighter/Rescuer III,06/13/1988,1988,86537.84
F,REC,Department of Recreation,MLK Indoor Pool,Fulltime-Regular,Recreation Specialist,09/24/1995,1995,67678.71
M,DGS,Department of General Services,Fleet Management Services,Fulltime-Regular,Supply Technician III,04/02/1979,1979,71573.08
F,CCL,County Council,Council Central Staff,Fulltime-Regular,Administrative Specialist I,02/02/2009,2009,59420.09
M,DEP,Department of Environmental Protection,Water and Waste Water Management,Fulltime-Regular,Senior Planning Specialist,06/22/1987,1987,105743.92
F,HHS,Department of Health and Human Services,Child Welfare Services,Fulltime-Regular,Social Worker III,06/27/1994,1994,100849.36
M,SHF,Sheriff's Office,Court and Transport,Fulltime-Regular,Deputy Sheriff III,07/21/2003,2003,77029.0
M,POL,Department of Police,Management Services Bureau,Fulltime-Regular,Maintenance Renovation and Inspection Specialist,06/22/1998,1998,84974.0
M,DLC,Department of Liquor Control,Leisure World,Parttime-Regular,Liquor Store Clerk I,04/06/2015,2015,28772.07
F,POL,Department of Police,PSB 1st District Patrol,Fulltime-Regular,Police Officer III,07/16/2007,2007,70435.0
F,FRS,Fire and Rescue Services,Emergency Communications Center (ECC),Fulltime-Regular,Public Safety Communications Specialist II,01/26/2015,2015,44694.45
F,SHF,Sheriff's Office,Sheriff Domestic Violence,Fulltime-Regular,Public Safety Telephone Reporting Aide I,10/17/2013,2013,45028.5
F,HHS,Department of Health and Human Services,Child Welfare Services,Fulltime-Regular,Social Worker II,06/06/2011,2011,64705.41
F,FRS,Fire and Rescue Services,Station 19,Fulltime-Regular,Master Firefighter/Rescuer,09/03/2002,2002,85854.0
M,DOT,Department of Transportation,Highway Services,Fulltime-Regular,Public Service Craftsworker,11/27/2006,2006,50343.91
F,OHR,Office of Human Resources,Stress Management Team,Fulltime-Regular,Psychologist Supervisor,05/08/1989,1989,139345.26
F,HHS,Department of Health and Human Services,Aging and Disability Resource Unit,Fulltime-Regular,Client Assistance Specialist,02/07/2000,2000,74146.46
M,DOT,Department of Transportation,Transit Gaithersburg Ride On,Fulltime-Regular,Bus Operator,05/12/2003,2003,56688.39
M,DGS,Department of General Services,Facilities Maintenance,Fulltime-Regular,Public Service Craftsworker II,03/17/1996,1996,70771.31
F,DEP,Department of Environmental Protection,Solid Waste Services Recycling,Fulltime-Regular,Program Manager I,08/22/2005,2005,74253.6
F,CCL,County Council,Council Members and Staff,Fulltime-Regular,Public Administration Associate,05/05/2014,2014,51021.06
M,DLC,Department of Liquor Control,Pike,Parttime-Regular,Liquor Store Clerk I,12/05/2010,2010,29948.98
M,DLC,Department of Liquor Control,Montrose,Fulltime-Regular,Liquor Store Clerk II,10/30/2008,2008,45397.36
F,LIB,Department of Public Libraries,Gaithersburg Library,Parttime-Regular,Library Aide,05/10/2008,2008,18193.45
F,POL,Department of Police,FSB Traffic Division School Safety Section,Parttime-Regular,Crossing Guard,08/26/2013,2013,17793.55
M,ZAH,Office of Zoning and Administrative Hearings,Director,Fulltime-Regular,Administrative Hearing Examiner,08/25/2003,2003,176003.0
F,FIN,Department of Finance,Treasury Operations,Fulltime-Regular,Office Services Coordinator,10/05/1998,1998,67206.0
M,FRS,Fire and Rescue Services,Recruit Training,Fulltime-Regular,Firefighter/Rescuer I (Recruit),12/12/2016,2016,45261.0
F,LIB,Department of Public Libraries,Little Falls Library,Parttime-Regular,Librarian I,05/01/1994,1994,43761.61
F,PIO,Office of Public Information,MC311,Fulltime-Regular,Customer Service Representative II,05/21/1984,1984,69222.18
F,PRO,Office of Procurement,Procurement Services Section,Fulltime-Regular,Management and Budget Specialist III,06/26/1985,1985,104717.28
M,FRS,Fire and Rescue Services,Property and Supply,Fulltime-Regular,Supply Technician II,08/27/2012,2012,51954.44
M,DOT,Department of Transportation,Transit Nicholson Ride On,Fulltime-Regular,Transit Coordinator,02/26/1979,1979,72534.66
M,FRS,Fire and Rescue Services,Station 32,Fulltime-Regular,Firefighter/Rescuer II,09/22/2014,2014,50910.0
F,POL,Department of Police,ISB Family Crimes Division,Fulltime-Regular,Principal Administrative Aide,01/08/2001,2001,55139.73
F,LIB,Department of Public Libraries,Quince Orchard Library,Fulltime-Regular,Library Assistant I,02/06/1996,1996,55139.67
F,DEP,Department of Environmental Protection,Water Quality Monitoring and Planning,Fulltime-Regular,Planning Specialist III,04/10/1995,1995,93396.0
F,REC,Department of Recreation,Kennedy Shriver Aquatic Center,Fulltime-Regular,Recreation Specialist,04/14/1997,1997,69459.44
M,DOT,Department of Transportation,Transit Nicholson Ride On,Fulltime-Regular,Bus Operator,07/18/1999,1999,46626.87
F,POL,Department of Police,ISB Family Crimes Division,Fulltime-Regular,Police Aide,06/10/1985,1985,66065.23
M,POL,Department of Police,PSB 6th District Patrol,Fulltime-Regular,Police Officer II,08/12/2013,2013,58455.0
M,FRS,Fire and Rescue Services,Station 3,Fulltime-Regular,Master Firefighter/Rescuer,09/04/2007,2007,78365.0
M,FRS,Fire and Rescue Services,Recruit Training,Fulltime-Regular,Firefighter/Rescuer I (Recruit),12/12/2016,2016,45261.0
F,POL,Department of Police,MSB Communications Division,Fulltime-Regular,Public Safety Communications Specialist III,11/23/2009,2009,60097.19
F,HHS,Department of Health and Human Services,Child Welfare Services,Fulltime-Regular,Social Worker II,06/26/2006,2006,71742.61
M,DLC,Department of Liquor Control,Burtonsville,Fulltime-Regular,Liquor Store Manager,12/19/1977,1977,84974.0
M,DLC,Department of Liquor Control,Stock Liquor and Wine Warehouse Operations,Fulltime-Regular,Supply Technician II,11/30/2015,2015,34749.0
M,FRS,Fire and Rescue Services,Field Operations Administration,Fulltime-Regular,Fire/Rescue Captain,09/11/2000,2000,118930.0
F,POL,Department of Police,MSB Training and Education Division,Fulltime-Regular,Administrative Specialist II,04/09/2001,2001,112337.0
F,FRS,Fire and Rescue Services,Station 8,Fulltime-Regular,Firefighter/Rescuer II,02/27/2012,2012,60618.0
M,DOT,Department of Transportation,Transit Nicholson Ride On,Fulltime-Regular,Bus Operator,09/25/2006,2006,49949.25
M,POL,Department of Police,PSB 5th District Traffic Squad,Fulltime-Regular,Police Sergeant,09/08/1987,1987,107128.71
M,CAT,County Attorney's Office,Insurance Defense Litigation,Fulltime-Regular,Assistant County Attorney III,05/19/2014,2014,110545.64
M,DTS,Department of Technology Services,EASD Web and Mobile Applications,Fulltime-Regular,Senior Information Technology Specialist,09/22/2003,2003,118400.0
M,POL,Department of Police,PSB 5th District Community Action Team,Fulltime-Regular,Police Officer III,11/13/2006,2006,72902.0
M,POL,Department of Police,MSB Information Management and Technology Division,Fulltime-Regular,Information Technology Technician III,09/06/2016,2016,77000.0
F,HHS,Department of Health and Human Services,Child Welfare Services,Fulltime-Regular,Social Worker II,07/05/2011,2011,64871.95
M,POL,Department of Police,PSB 1st District Traffic Squad,Fulltime-Regular,Master Police Officer,03/17/1986,1986,97392.47
M,FRS,Fire and Rescue Services,Fifth Battalion - Administration,Fulltime-Regular,Fire/Rescue Lieutenant,06/07/2004,2004,90205.0
M,FRS,Fire and Rescue Services,Station 21,Fulltime-Regular,Firefighter/Rescuer II,05/16/2005,2005,67044.0
M,FRS,Fire and Rescue Services,Duty Operations Chief's Office,Fulltime-Regular,Fire/Rescue Assistant Chief,08/05/1991,1991,144472.55
F,HHS,Department of Health and Human Services,School Health Services,Parttime-Regular,School Health Room Technician I,10/22/2001,2001,52953.44
F,POL,Department of Police,FSB Animal Services Division,Fulltime-Regular,Program Specialist I,09/06/2016,2016,44753.0
F,DPS,Department of Permitting Services,Zoning and Site Plan Enforcement,Fulltime-Regular,Permit Technician III,11/28/2005,2005,69300.19
F,POL,Department of Police,FSB Traffic Division School Safety Section,Parttime-Regular,Crossing Guard,10/18/2004,2004,21030.74
M,DLC,Department of Liquor Control,Wheaton,Parttime-Regular,Liquor Store Clerk I,06/23/2003,2003,36606.7
M,PIO,Office of Public Information,Web Content and Graphic Management,Fulltime-Regular,Visual Information Specialist,04/30/1990,1990,86673.48
F,POL,Department of Police,PSB 5th District Patrol,Fulltime-Regular,Police Services Assistant,06/25/1990,1990,69222.18
M,COR,Correction and Rehabilitation,DS MCCF Unit 3 Security,Fulltime-Regular,Correctional Officer III (Corporal),04/01/1996,1996,79647.84
M,COR,Correction and Rehabilitation,DS MCCF Unit 1 Security,Fulltime-Regular,Correctional Officer I (Private),08/24/2015,2015,44300.0
F,COR,Correction and Rehabilitation,DS MCCF Unit 2 Security,Fulltime-Regular,Correctional Officer II (PFC),08/11/2014,2014,49831.0
M,POL,Department of Police,PSB 2nd District Special Assignment Team,Fulltime-Regular,Police Sergeant,07/26/1993,1993,107128.71
M,DPS,Department of Permitting Services,Team 1 Residential Plan Review,Fulltime-Regular,Permitting Services Specialist II,12/27/1999,1999,97912.0
M,HHS,Department of Health and Human Services,Ombudsman Services,Fulltime-Regular,Office Services Coordinator,10/11/1998,1998,67206.0
F,FRS,Fire and Rescue Services,Station 33,Fulltime-Regular,Firefighter/Rescuer II,03/10/2014,2014,50910.0
F,POL,Department of Police,FSB Security Services Division,Fulltime-Regular,Security Officer I,01/10/2005,2005,58516.53
M,FRS,Fire and Rescue Services,Station 16,Fulltime-Regular,Firefighter/Rescuer III,02/14/2000,2000,80784.0
M,POL,Department of Police,PSB 5th District Special Assignment Team,Fulltime-Regular,Police Officer III,01/16/2007,2007,70435.0
M,COR,Correction and Rehabilitation,DS MCDC Intake/Release Operations,Fulltime-Regular,Correctional Shift Commander (Lieutenant),10/17/1994,1994,103708.64
M,DOT,Department of Transportation,Transit Gaithersburg Ride On,Fulltime-Regular,Transit Coordinator,08/14/2006,2006,55769.09
F,HHS,Department of Health and Human Services,School Health Services,Parttime-Regular,School Health Room Technician I,08/17/1998,1998,51574.16
F,HHS,Department of Health and Human Services,Child Welfare Services,Parttime-Regular,Community Services Aide III,08/21/2006,2006,41688.0
M,DOT,Department of Transportation,Transit Gaithersburg Ride On,Fulltime-Regular,Bus Operator,04/15/2001,2001,60713.84
M,POL,Department of Police,PSB 3rd District Traffic Squad,Fulltime-Regular,Police Officer III,01/18/1994,1994,92756.7
M,POL,Department of Police,PSB 5th District Patrol,Fulltime-Regular,Police Officer II,02/24/2014,2014,56478.0
F,HHS,Department of Health and Human Services,Environmental Health and Regulatory Services,Fulltime-Regular,Office Services Coordinator,12/03/1984,1984,69222.18
F,DOT,Department of Transportation,Transit Operations and Planning,Fulltime-Regular,Program Specialist II,03/05/1979,1979,83066.61
M,POL,Department of Police,Field Services Bureau,Fulltime-Regular,Master Police Officer,01/18/1994,1994,97392.47
M,CAT,County Attorney's Office,Insurance Defense Litigation,Fulltime-Regular,Assistant County Attorney III,06/17/2001,2001,140794.0
M,FRS,Fire and Rescue Services,Station 40,Fulltime-Regular,Firefighter/Rescuer III,01/02/2011,2011,57265.0
M,DPS,Department of Permitting Services,Team 5 Green Building,Fulltime-Regular,Senior Permitting Services Specialist,05/13/1996,1996,110886.71
M,FRS,Fire and Rescue Services,Station 12,Fulltime-Regular,Firefighter/Rescuer III,01/14/2013,2013,61408.0
M,DOT,Department of Transportation,Transit Gaithersburg Ride On,Fulltime-Regular,Bus Operator,04/09/2007,2007,48258.81
F,POL,Department of Police,FSB Traffic Division School Safety Section,Parttime-Regular,Crossing Guard,01/03/1994,1994,26208.35
M,DOT,Department of Transportation,Transit Gaithersburg Ride On,Fulltime-Regular,Bus Operator,07/07/2003,2003,48548.22
M,POL,Department of Police,PSB 2nd District Patrol,Fulltime-Regular,Police Officer III,01/18/1994,1994,92756.7
M,FRS,Fire and Rescue Services,Fleet Operations,Fulltime-Regular,Emergency Vehicle Mechanic Trainee,05/16/2016,2016,40200.0
M,DPS,Department of Permitting Services,Fire Protection,Fulltime-Regular,Permitting and Code Enforcement Inspector III,01/03/2012,2012,85524.82
F,ECM,Ethics Commission,Administrative Support,Fulltime-Regular,Program Manager I,02/25/2013,2013,86934.9
F,DOT,Department of Transportation,Director's Office,Fulltime-Regular,Program Manager II,06/27/1988,1988,102664.0
M,REC,Department of Recreation,Countywide Programs Therapeutics,Fulltime-Regular,Recreation Specialist,01/09/1995,1995,87523.22
F,POL,Department of Police,MSB Communications Division,Fulltime-Regular,Public Safety Emergency Communications Supervisor,10/10/1989,1989,93396.0
M,DOT,Department of Transportation,Transportation Management,Fulltime-Regular,Traffic Management Technician I,01/26/2015,2015,40631.32
M,DOT,Department of Transportation,Transit Nicholson Ride On,Fulltime-Regular,Bus Operator,09/29/2014,2014,42053.42
F,OAG,Office of Agriculture,Soil Conservation,Fulltime-Regular,Principal Administrative Aide,01/07/2002,2002,58448.0
M,POL,Department of Police,ISB Major Crimes Division Homicide and Sex Section,Fulltime-Regular,Police Officer III,06/25/1990,1990,92756.7
F,DOT,Department of Transportation,Transit Commuter Services,Fulltime-Regular,Program Manager II,01/13/2014,2014,88136.06
F,POL,Department of Police,PSB 4th District Station,Fulltime-Regular,Police District Station Assistant,12/21/1998,1998,76201.98
M,DOT,Department of Transportation,Transportation Technical Center,Fulltime-Regular,Transportation Systems Technician II,02/24/2014,2014,44753.0
F,COR,Correction and Rehabilitation,DS Health Services,Fulltime-Regular,Correctional Health Nurse II,12/31/2001,2001,97912.0
F,DLC,Department of Liquor Control,Stock Liquor and Wine Warehouse Operations,Fulltime-Regular,Supply Technician II,11/02/2015,2015,35965.22
M,DOT,Department of Transportation,Transit Silver Spring Ride On,Fulltime-Regular,Bus Operator,10/30/2006,2006,48260.15
F,HHS,Department of Health and Human Services,School Health Services,Parttime-Regular,School Health Room Technician I,03/10/2003,2003,46516.83
F,PRO,Office of Procurement,Procurement Operations Section,Fulltime-Regular,Procurement Specialist I,06/15/2015,2015,60687.97
M,DOT,Department of Transportation,Highway Services,Fulltime-Regular,Work Force Leader II,06/15/1987,1987,75277.02
M,POL,Department of Police,PSB 4th District Community Action Team,Fulltime-Regular,Master Police Officer,01/18/2005,2005,76546.0
F,POL,Department of Police,PSB 3rd District Patrol,Parttime-Regular,Police Officer III,01/17/2006,2006,41829.0
F,FIN,Department of Finance,Accounts Payable,Fulltime-Regular,Fiscal Assistant,08/16/1999,1999,59873.55
F,POL,Department of Police,PSB 2nd District Patrol,Fulltime-Regular,Police Officer II,07/16/2012,2012,60501.0
M,POL,Department of Police,PSB 3rd District Patrol,Fulltime-Regular,Police Officer III,09/10/2012,2012,68054.0
M,DLC,Department of Liquor Control,Stock Liquor and Wine Warehouse Operations,Fulltime-Regular,Senior Supply Technician,12/20/1993,1993,70422.0
F,PRO,Office of Procurement,Procurement Operations Section,Fulltime-Regular,Procurement Specialist I,06/29/2015,2015,50184.29
F,DOT,Department of Transportation,Transit Gaithersburg Ride On,Fulltime-Regular,Bus Operator,05/30/2000,2000,54759.28
F,HHS,Department of Health and Human Services,Medical Assistance Eligibility Services,Fulltime-Regular,Income Assistance Program Specialist II,05/20/2013,2013,54644.19
F,HHS,Department of Health and Human Services,Child Welfare Services,Fulltime-Regular,Office Services Coordinator,11/04/2013,2013,46704.68
M,DPS,Department of Permitting Services,Land Development Right-of-Way Plan Review,Fulltime-Regular,Manager III,07/17/1989,1989,135392.0
M,HHS,Department of Health and Human Services,Information Systems and Technology,Fulltime-Regular,Information Technology Specialist III,05/05/2014,2014,104309.72
M,FRS,Fire and Rescue Services,Station 5,Fulltime-Regular,Fire/Rescue Captain,08/14/1989,1989,117174.02
M,POL,Department of Police,PSB 6th District Patrol,Fulltime-Regular,Police Officer III,07/17/2006,2006,72902.0
M,DOT,Department of Transportation,Transit Nicholson Ride On,Fulltime-Regular,Bus Operator,06/27/2016,2016,39257.31
F,POL,Department of Police,PSB 1st District Patrol,Fulltime-Regular,Police Services Assistant,01/14/2002,2002,66197.01
M,DPS,Department of Permitting Services,"Team 4 Commercial Electrical, Mechanical and Fire Protection Systems",Fulltime-Regular,Permitting and Code Enforcement Inspector III,11/10/2008,2008,79951.9
M,POL,Department of Police,ISB Criminal Investigations Division 1st District Investigative Section,Fulltime-Regular,Police Officer III,07/12/2010,2010,65752.0
F,POL,Department of Police,PSB 5th District Patrol,Fulltime-Regular,Police Officer I,10/06/2014,2014,53788.0
F,HHS,Department of Health and Human Services,Child Care Subsidies - Admin,Fulltime-Regular,Principal Administrative Aide,06/04/2001,2001,55139.73
M,DLC,Department of Liquor Control,Customer Service,Fulltime-Regular,Alcohol Beverage Purchasing Specialist,10/05/1995,1995,65766.88
M,FRS,Fire and Rescue Services,Station 34,Fulltime-Regular,Fire/Rescue Captain,08/14/1989,1989,114087.02
M,FRS,Fire and Rescue Services,Emergency Medical Services,Fulltime-Regular,Fire/Rescue Captain,09/11/2000,2000,118930.0
F,FRS,Fire and Rescue Services,Budgets and Grants,Fulltime-Regular,Management and Budget Specialist III,07/18/1988,1988,104717.28
M,DOT,Department of Transportation,Transit Silver Spring Ride On,Fulltime-Regular,Bus Operator,05/10/2004,2004,55122.12
M,POL,Department of Police,PSB 1st District Community Action Team,Fulltime-Regular,Police Officer III,06/13/1994,1994,92756.7
M,DOT,Department of Transportation,Sign and Marking Shop,Fulltime-Regular,Sign Fabricator I,04/05/1999,1999,58448.0
F,POL,Department of Police,ISB Family Crimes Division Family Outreach Section,Fulltime-Regular,Program Specialist II,02/24/1991,1991,87523.22
F,LIB,Department of Public Libraries,Chevy Chase Library,Fulltime-Regular,Library Assistant I,03/11/2004,2004,48046.91
F,CCL,County Council,Council Central Staff,Fulltime-Regular,Legislative Analyst III,03/20/2006,2006,110672.05
M,DOT,Department of Transportation,Transit Silver Spring Ride On,Fulltime-Regular,Bus Operator,10/16/2006,2006,48260.15
F,HHS,Department of Health and Human Services,Income Supports,Fulltime-Regular,Income Assistance Program Specialist II,07/28/2014,2014,50785.5
M,DLC,Department of Liquor Control,Clarksburg Village,Fulltime-Regular,Liquor Store Manager,06/26/1978,1978,91007.15
F,REC,Department of Recreation,Long Branch Senior Center,Fulltime-Regular,Recreation Specialist,03/05/2007,2007,69161.89
F,POL,Department of Police,PSB 5th District Station,Fulltime-Regular,Police District Station Assistant,10/15/1991,1991,77343.0
M,DOT,Department of Transportation,Transit Silver Spring Ride On,Fulltime-Regular,Bus Operator,05/27/2014,2014,42053.83
F,PRO,Office of Procurement,Procurement Operations Section,Fulltime-Regular,Procurement Specialist I,09/21/2015,2015,54921.24
F,HHS,Department of Health and Human Services,Women's Health Services,Parttime-Regular,Community Health Nurse II,01/06/2003,2003,67866.18
F,LIB,Department of Public Libraries,Business Office,Fulltime-Regular,Office Services Coordinator,08/07/1989,1989,69222.18
F,HHS,Department of Health and Human Services,Child Welfare Services,Fulltime-Regular,Social Worker II,06/25/2007,2007,71927.98
F,POL,Department of Police,FSB Traffic Division School Safety Section,Parttime-Regular,Crossing Guard,11/03/2003,2003,21766.2
M,POL,Department of Police,PSB 4th District Patrol,Fulltime-Regular,Police Officer III,01/14/2008,2008,68054.0
F,POL,Department of Police,MSB Communications Division,Fulltime-Regular,Public Safety Communications Specialist I,11/30/2015,2015,42662.89
M,DOT,Department of Transportation,Transit Silver Spring Ride On,Fulltime-Regular,Bus Operator,02/17/2002,2002,58671.02
F,HHS,Department of Health and Human Services,Income Supports,Fulltime-Regular,Income Assistance Program Specialist II,03/11/2013,2013,52563.37
M,DEP,Department of Environmental Protection,Solid Waste Services Recycling,Fulltime-Regular,Program Specialist II,01/10/2000,2000,84753.01
M,SHF,Sheriff's Office,Court and Transport,Fulltime-Regular,Deputy Sheriff I,06/01/2015,2015,49364.0
F,HHS,Department of Health and Human Services,School Health Services,Fulltime-Regular,Community Health Nurse II,03/08/2016,2016,69656.6
M,POL,Department of Police,FSB Security Services Division,Fulltime-Regular,Security Officer I,06/01/2004,2004,59686.76
F,POL,Department of Police,FSB Traffic Division Alcohol Initiatives Section,Fulltime-Regular,Police Sergeant,01/23/1995,1995,107128.71
M,FRS,Fire and Rescue Services,Station 33,Fulltime-Regular,Firefighter/Rescuer III,10/09/2006,2006,76716.0
M,FRS,Fire and Rescue Services,Station 28,Fulltime-Regular,Firefighter/Rescuer III,05/16/2005,2005,72433.0
M,DPS,Department of Permitting Services,Land Development Well and Septic,Fulltime-Regular,Office Clerk,09/23/2013,2013,34537.99
F,FRS,Fire and Rescue Services,Fourth Battalion - Administration,Fulltime-Regular,Fire/Rescue Battalion Chief,11/28/1988,1988,141676.07
M,FRS,Fire and Rescue Services,Planning and Accreditation,Fulltime-Regular,Manager III,10/01/1995,1995,135380.88
M,SHF,Sheriff's Office,Court and Transport,Fulltime-Regular,Deputy Sheriff Lieutenant,09/12/1988,1988,106448.44
F,COR,Correction and Rehabilitation,PRRS Reentry Services and Programs,Fulltime-Regular,Correctional Specialist III,02/02/2009,2009,65644.0
M,DOT,Department of Transportation,Transit Gaithersburg Ride On,Fulltime-Regular,Bus Operator,01/04/2016,2016,40631.32
M,DTS,Department of Technology Services,ESOD Data Center Operations,Fulltime-Regular,Senior Information Technology Specialist,07/18/1999,1999,118400.0
F,DGS,Department of General Services,Facilities,Fulltime-Regular,Management and Budget Specialist III,10/08/2012,2012,71176.03
M,OHR,Office of Human Resources,Labor and Employee Relations Division,Fulltime-Regular,Manager I,05/18/2015,2015,168936.48
M,DGS,Department of General Services,Fleet Automotive Heavy Equipment,Fulltime-Regular,Mechanic Technician II,02/03/1997,1997,73801.0
F,CAT,County Attorney's Office,"Zoning, Land Use and Economic Development",Fulltime-Regular,Assistant County Attorney II,04/03/1998,1998,89743.37
M,DOT,Department of Transportation,Highway Services,Fulltime-Regular,Equipment Operator I,01/28/2002,2002,55022.21
M,COR,Correction and Rehabilitation,DS MCCF Unit 1 Security,Fulltime-Regular,Correctional Officer III (Corporal),05/19/2003,2003,72185.0
M,FRS,Fire and Rescue Services,Station 35,Fulltime-Regular,Firefighter/Rescuer II,09/03/2002,2002,74333.0
M,DLC,Department of Liquor Control,Liquor and Wine Delivery Operations,Fulltime-Regular,Truck Driver Helper/Warehouse Worker,11/19/2012,2012,34384.11
F,HHS,Department of Health and Human Services,Child Welfare Services,Fulltime-Regular,Social Worker II,08/24/2015,2015,58512.07
F,DOT,Department of Transportation,Transit Nicholson Ride On,Fulltime-Regular,Bus Operator,08/27/2007,2007,48258.81
M,DOT,Department of Transportation,Highway Services,Fulltime-Regular,Equipment Operator I,04/02/2007,2007,46325.18
F,FIN,Department of Finance,Tax Operations,Fulltime-Regular,Principal Administrative Aide,07/15/2013,2013,40113.21
M,POL,Department of Police,PSB 6th District Special Assignment Team,Fulltime-Regular,Police Officer III,01/16/2007,2007,72902.0
M,DOT,Department of Transportation,Transit Silver Spring Ride On,Fulltime-Regular,Bus Operator,01/17/2005,2005,52471.74
F,CCL,County Council,Council Members and Staff,Fulltime-Regular,Confidential Aide,01/21/2007,2007,143590.61
F,HHS,Department of Health and Human Services,24 Hours Crisis Center,Fulltime-Regular,Therapist II,08/25/2014,2014,87676.86
F,HHS,Department of Health and Human Services,Income Supports,Fulltime-Regular,Income Assistance Program Specialist II,09/10/2012,2012,54402.74
F,DPS,Department of Permitting Services,Land Development Sediment and Stormwater Inspection,Fulltime-Regular,Permitting and Code Enforcement Inspector III,05/06/2013,2013,93396.0
F,DOT,Department of Transportation,Transit Gaithersburg Ride On,Fulltime-Regular,Transit Operations Supervisor,11/16/1998,1998,75483.8
M,POL,Department of Police,PSB 2nd District Patrol,Fulltime-Regular,Police Officer I,10/06/2014,2014,53788.0
M,DLC,Department of Liquor Control,Goshen Crossing,Fulltime-Regular,Liquor Store Assistant Manager,09/24/2002,2002,62279.48
M,FRS,Fire and Rescue Services,Station 35,Fulltime-Regular,Firefighter/Rescuer II,03/10/2014,2014,50910.0
F,LIB,Department of Public Libraries,Aspen Hill Library,Fulltime-Regular,Library Assistant I,12/21/1998,1998,56589.34
M,DOT,Department of Transportation,Transportation Property Acquisition Section,Fulltime-Regular,Manager III,09/09/2002,2002,125888.36
F,LIB,Department of Public Libraries,Davis Library,Fulltime-Regular,Librarian II,07/31/1995,1995,96880.05
M,FRS,Fire and Rescue Services,Behavioral Health,Fulltime-Regular,Psychologist,12/10/2001,2001,124175.0
M,DTS,Department of Technology Services,ETSD Network Services,Fulltime-Regular,Senior Information Technology Specialist,06/14/1982,1982,120768.0
M,CAT,County Attorney's Office,Human Resources and Appeals,Fulltime-Regular,Assistant County Attorney III,06/13/2016,2016,110550.0
M,DPS,Department of Permitting Services,Team 2 Residential Inspection,Fulltime-Regular,Manager III,11/28/2005,2005,114419.25
M,POL,Department of Police,PSB 4th District Patrol,Fulltime-Regular,Police Officer I,10/06/2014,2014,63887.0
M,POL,Department of Police,PSB 3rd District Patrol,Fulltime-Regular,Police Officer III,03/01/1999,1999,78096.0
M,POL,Department of Police,ISB Major Crimes Division Robbery Section,Fulltime-Regular,Police Officer III,07/22/2002,2002,83658.0
F,OHR,Office of Human Resources,Administrative Services Team,Fulltime-Regular,Insurance Fund Manager,05/12/2008,2008,107657.0
F,COR,Correction and Rehabilitation,DS MCDC Custody and Security,Fulltime-Regular,Correctional Officer III (Corporal),11/18/2013,2013,56733.0
M,POL,Department of Police,FSB Special Operations Division Canine Section,Fulltime-Regular,Police Officer III,06/13/1994,1994,92756.7
M,HHS,Department of Health and Human Services,24 Hours Crisis Center,Fulltime-Regular,Therapist II,02/20/2007,2007,72616.18
M,DOT,Department of Transportation,Highway Services,Fulltime-Regular,Work Force Leader IV,06/26/2006,2006,60917.35
F,POL,Department of Police,PSB 3rd District Patrol,Fulltime-Regular,Police Officer I,10/06/2014,2014,53788.0
F,POL,Department of Police,PSB 1st District Special Assignment Team,Fulltime-Regular,Master Police Officer,01/18/2005,2005,79227.0
M,DGS,Department of General Services,Facilities Maintenance,Fulltime-Regular,Building Services Worker II,01/23/2006,2006,40105.92
M,POL,Department of Police,PSB 4th District Patrol,Fulltime-Regular,Police Officer III,01/13/2003,2003,80829.0
M,FRS,Fire and Rescue Services,Station 33,Fulltime-Regular,Firefighter/Rescuer III,09/04/2007,2007,70884.0
F,HHS,Department of Health and Human Services,School Health Services,Parttime-Regular,Community Health Nurse II,08/14/2000,2000,85673.0
F,HHS,Department of Health and Human Services,Infants and Toddlers,Fulltime-Regular,Administrative Specialist I,12/17/2001,2001,69349.08
F,HHS,Department of Health and Human Services,Income Supports,Fulltime-Regular,Income Assistance Program Specialist I,09/08/2015,2015,44289.72
M,POL,Department of Police,PSB 2nd District Patrol,Fulltime-Regular,Police Officer III,08/31/1998,1998,89620.0
M,POL,Department of Police,PSB 3rd District Patrol,Fulltime-Regular,Master Police Officer,01/12/2009,2009,69040.0
F,HHS,Department of Health and Human Services,Nursing Home Inspections,Fulltime-Regular,Community Health Nurse II,02/12/1979,1979,100849.36
F,COR,Correction and Rehabilitation,DS MCDC Custody and Security,Fulltime-Regular,Correctional Supervisor (Sergeant),09/25/2000,2000,88436.0
M,HHS,Department of Health and Human Services,TB and Refugee Health,Fulltime-Regular,Radiologic Technologist,10/30/2000,2000,70422.0
F,REC,Department of Recreation,Southern Region,Fulltime-Regular,Manager III,02/26/1990,1990,117271.79
M,POL,Department of Police,HQ Office of the Chief,Fulltime-Regular,Police Sergeant,07/08/2002,2002,96624.0
M,FRS,Fire and Rescue Services,Station 11,Fulltime-Regular,Fire/Rescue Captain,02/26/1990,1990,117174.02
F,COR,Correction and Rehabilitation,DS MCCF Unit 1 Security,Fulltime-Regular,Correctional Supervisor (Sergeant),07/28/1997,1997,91532.0
F,HHS,Department of Health and Human Services,Medical Assistance Eligibility Services,Fulltime-Regular,Income Assistance Program Specialist II,07/16/2001,2001,76942.23
M,POL,Department of Police,MSB Personnel Division,Fulltime-Regular,Police Officer III,01/18/1994,1994,92756.7
M,DOT,Department of Transportation,Highway Services,Fulltime-Regular,Equipment Operator I,12/19/2011,2011,43244.28
M,FRS,Fire and Rescue Services,Station 9,Fulltime-Regular,Firefighter/Rescuer III,02/20/2001,2001,80784.0
F,HHS,Department of Health and Human Services,Child Welfare Services,Fulltime-Regular,Legal Secretary II,02/21/2006,2006,52081.6
M,FRS,Fire and Rescue Services,Station 17,Fulltime-Regular,Fire/Rescue Captain,02/14/2000,2000,118930.0
F,HCA,Department of Housing and Community Affairs,Licensing,Fulltime-Regular,Program Manager II,05/22/1989,1989,105743.92
F,HHS,Department of Health and Human Services,School Health Services,Fulltime-Regular,Community Health Nurse II,08/01/2011,2011,81646.1
M,POL,Department of Police,PSB 4th District Special Assignment Team,Fulltime-Regular,Police Officer II,01/28/2013,2013,58455.0
M,DOT,Department of Transportation,Transit Silver Spring Ride On,Fulltime-Regular,Bus Operator,02/24/2014,2014,42053.83
M,POL,Department of Police,MSB Training and Education Division,Fulltime-Regular,Police Sergeant,09/18/1995,1995,107128.71
F,DEP,Department of Environmental Protection,Solid Waste Services Recycling,Fulltime-Regular,Program Specialist I,12/03/2001,2001,73801.0
M,POL,Department of Police,MSB Training and Education Division,Fulltime-Regular,Police Officer Candidate,07/11/2016,2016,50211.0
M,DGS,Department of General Services,Real Estate Office,Fulltime-Regular,Program Manager II,06/16/1986,1986,104717.28
F,DOT,Department of Transportation,Transit Gaithersburg Ride On,Fulltime-Regular,Transit Operations Supervisor,03/10/1985,1985,78889.86
M,POL,Department of Police,PSB 3rd District Patrol,Fulltime-Regular,Police Officer III,07/19/2004,2004,78096.0
M,DOT,Department of Transportation,Transit Silver Spring Ride On,Fulltime-Regular,Bus Operator,04/04/2016,2016,39257.31
M,FRS,Fire and Rescue Services,Station 6,Fulltime-Regular,Fire/Rescue Lieutenant,09/20/1993,1993,101176.43
M,POL,Department of Police,FSB Traffic Division,Fulltime-Regular,Police Lieutenant,07/26/1993,1993,123902.96
M,HHS,Department of Health and Human Services,Income Supports,Fulltime-Regular,Income Assistance Program Specialist II,01/17/2012,2012,54402.73
F,HHS,Department of Health and Human Services,Women's Health Services,Fulltime-Regular,Nurse Manager,06/28/2004,2004,102664.0
F,HHS,Department of Health and Human Services,TB and Refugee Health,Fulltime-Regular,Community Health Nurse II,08/13/2001,2001,97912.0
M,POL,Department of Police,PSB 3rd District Patrol,Fulltime-Regular,Police Sergeant,09/18/1995,1995,107128.71
F,POL,Department of Police,FSB Traffic Division School Safety Section,Parttime-Regular,Crossing Guard,08/31/2009,2009,18416.04
M,DGS,Department of General Services,Facilities Maintenance,Fulltime-Regular,Locksmith,03/25/2002,2002,73801.0
M,POL,Department of Police,PSB 3rd District Patrol,Fulltime-Regular,Police Officer I,10/06/2014,2014,53788.0
M,POL,Department of Police,MSB Management and Budget Division Central Supply Section,Fulltime-Regular,Senior Supply Technician,02/22/2016,2016,63315.0
M,COR,Correction and Rehabilitation,DS Health Services,Fulltime-Regular,Correctional Health Nurse II,04/18/2016,2016,65604.39
F,DOT,Department of Transportation,Transit Silver Spring Ride On,Fulltime-Regular,Bus Operator,01/05/2015,2015,42053.42
M,FRS,Fire and Rescue Services,Station 34,Fulltime-Regular,Firefighter/Rescuer III,02/29/1988,1988,86537.84
F,FIN,Department of Finance,Tax Operations,Fulltime-Regular,Office Services Coordinator,05/29/2001,2001,67206.0
F,HHS,Department of Health and Human Services,Special Projects - Linkages to Learning,Parttime-Regular,Program Manager I,01/13/2014,2014,45352.05
F,HHS,Department of Health and Human Services,School Health Services,Parttime-Regular,School Health Room Technician I,08/13/1990,1990,57807.08
F,HHS,Department of Health and Human Services,School Health Services,Fulltime-Regular,Community Health Nurse II,08/17/1998,1998,97912.0
F,DOT,Department of Transportation,Transit Special Transportation and Medicaid,Fulltime-Regular,Community Services Aide II,10/20/2002,2002,59295.61
M,DOT,Department of Transportation,Transit Gaithersburg Ride On,Fulltime-Regular,Bus Operator,11/28/2011,2011,45049.12
M,FRS,Fire and Rescue Services,Fleet Operations,Fulltime-Regular,Emergency Vehicle Mechanic Technician II,01/14/2013,2013,62212.41
M,POL,Department of Police,PSB 2nd District Patrol,Fulltime-Regular,Police Sergeant,03/06/1995,1995,107128.71
M,COR,Correction and Rehabilitation,DS MCDC Custody and Security,Fulltime-Regular,Correctional Shift Commander (Lieutenant),12/19/1988,1988,103708.64
F,HHS,Department of Health and Human Services,School Health Services,Parttime-Regular,School Health Room Technician I,09/23/2002,2002,46518.13
F,COR,Correction and Rehabilitation,DS Health Services,Fulltime-Regular,Correctional Health Nurse II,11/02/2015,2015,68940.72
M,POL,Department of Police,PSB 3rd District Patrol,Fulltime-Regular,Police Officer III,01/14/2009,2009,68054.0
M,FRS,Fire and Rescue Services,Emergency Communications Center (ECC),Fulltime-Regular,Fire/Rescue Captain,11/16/1992,1992,119137.02
M,POL,Department of Police,PSB 6th District Patrol,Fulltime-Regular,Police Sergeant,07/21/2003,2003,96624.0
M,FRS,Fire and Rescue Services,Station 25,Fulltime-Regular,Firefighter/Rescuer II,03/10/2014,2014,52947.0
M,FRS,Fire and Rescue Services,Station 35,Fulltime-Regular,Firefighter/Rescuer III,03/17/2008,2008,63493.0
F,POL,Department of Police,MSB Communications Division,Fulltime-Regular,Public Safety Communications Specialist I,02/22/2016,2016,41220.18
M,COR,Correction and Rehabilitation,DS MCCF Unit 2 Security,Fulltime-Regular,Correctional Officer III (Corporal),01/28/2013,2013,56733.0
F,HHS,Department of Health and Human Services,Environmental Health and Regulatory Services,Fulltime-Regular,Environmental Health Specialist II,02/08/2016,2016,56387.0
M,FRS,Fire and Rescue Services,Third Battalion - Administration,Fulltime-Regular,Fire/Rescue Captain,09/03/2002,2002,117239.0
M,FRS,Fire and Rescue Services,Station 7,Fulltime-Regular,Firefighter/Rescuer III,03/27/2006,2006,70052.0
F,HHS,Department of Health and Human Services,School Health Services,Parttime-Regular,School Health Room Technician I,12/02/2014,2014,35552.41
F,DOT,Department of Transportation,Transit Nicholson Ride On,Fulltime-Regular,Bus Operator,03/02/2008,2008,46626.87
F,HHS,Department of Health and Human Services,Child Welfare Services,Parttime-Regular,Child Welfare Caseworker,12/08/1997,1997,46671.22
M,DOT,Department of Transportation,Highway Services,Fulltime-Regular,Equipment Operator II,05/30/1979,1979,66065.23
M,DGS,Department of General Services,Fleet Automotive Heavy Equipment,Fulltime-Regular,Equipment Maintenance Crew Chief,02/07/2005,2005,81181.1
F,HHS,Department of Health and Human Services,Adult Behavioral Health Services,Parttime-Regular,Principal Administrative Aide,07/10/2000,2000,43836.0
F,POL,Department of Police,FSB Traffic Division School Safety Section,Parttime-Regular,Crossing Guard,07/28/2003,2003,21766.2
M,FRS,Fire and Rescue Services,Fleet Support,Fulltime-Regular,Senior Supply Technician,05/22/2000,2000,70422.0
M,DPS,Department of Permitting Services,Land Development Right-of-Way Inspection,Fulltime-Regular,Permitting and Code Enforcement Inspector II,11/08/1999,1999,84974.0
F,POL,Department of Police,MSB Personnel Division,Fulltime-Regular,Manager III,08/13/1979,1979,135392.0
F,SHF,Sheriff's Office,Sheriff Domestic Violence,Fulltime-Regular,Public Safety Telephone Reporting Aide I,02/22/2005,2005,67206.0
M,DGS,Department of General Services,Fleet Management Services,Fulltime-Regular,Program Manager II,09/06/1988,1988,104717.28
F,HHS,Department of Health and Human Services,Community Action Agency,Fulltime-Regular,Program Specialist II,02/01/2010,2010,75595.57
M,SHF,Sheriff's Office,Sheriff Domestic Violence,Fulltime-Regular,Deputy Sheriff II,01/28/2013,2013,56580.0
M,FRS,Fire and Rescue Services,Station 10,Fulltime-Regular,Firefighter/Rescuer III,09/02/2008,2008,65530.0
M,PIO,Office of Public Information,Cable Programming,Fulltime-Regular,Audiovisual Production Specialist,09/06/1988,1988,95263.92
M,FRS,Fire and Rescue Services,Station 15,Fulltime-Regular,Master Firefighter/Rescuer,01/30/2006,2006,74815.0
F,HHS,Department of Health and Human Services,Adult Protective Services - Nurse Assessment,Fulltime-Regular,Community Health Nurse II,02/12/2001,2001,97912.0
M,FRS,Fire and Rescue Services,Station 24,Fulltime-Regular,Master Firefighter/Rescuer,02/10/1986,1986,95187.98
M,FRS,Fire and Rescue Services,Station 8,Fulltime-Regular,Fire/Rescue Captain,01/23/1984,1984,121167.06
F,POL,Department of Police,MSB Communications Division,Fulltime-Regular,Administrative Specialist II,06/28/2004,2004,74779.89
F,DGS,Department of General Services,Facilities Maintenance,Fulltime-Regular,Building Services Worker II,04/02/2007,2007,38752.55
F,HHS,Department of Health and Human Services,Income Supports,Fulltime-Regular,Income Assistance Program Specialist I,09/06/2016,2016,42792.0
M,POL,Department of Police,ISB Criminal Investigations Division Crime Laboratory Section,Fulltime-Regular,Forensic Scientist,04/08/2013,2013,66294.16
M,HHS,Department of Health and Human Services,Environmental Health and Regulatory Services,Fulltime-Regular,Environmental Health Specialist III,10/21/1985,1985,100849.36
F,POL,Department of Police,FSB Traffic Division School Safety Section,Parttime-Regular,Crossing Guard,10/06/1997,1997,25445.0
F,CAT,County Attorney's Office,Finance and Procurement,Fulltime-Regular,Office Services Coordinator,02/10/2014,2014,49887.27
M,FRS,Fire and Rescue Services,Recruit Training,Fulltime-Regular,Firefighter/Rescuer I (Recruit),12/12/2016,2016,45261.0
M,DGS,Department of General Services,Fleet Automotive Heavy Equipment,Fulltime-Regular,Welder,11/20/1989,1989,76015.03
M,DPS,Department of Permitting Services,Land Development Sediment and Stormwater Inspection,Fulltime-Regular,Permitting and Code Enforcement Inspector II,10/08/2012,2012,84974.0
F,LIB,Department of Public Libraries,Rockville Library,Fulltime-Regular,Librarian I,03/23/1981,1981,87523.22
F,LIB,Department of Public Libraries,Long Branch Library,Fulltime-Regular,Library Assistant I,05/03/1999,1999,57160.72
M,COR,Correction and Rehabilitation,DS MCCF Unit 2 Security,Fulltime-Regular,Correctional Officer III (Corporal),08/30/2010,2010,58720.0
F,HHS,Department of Health and Human Services,School Health Services,Fulltime-Regular,Community Health Nurse II,08/11/2014,2014,74617.74
M,LIB,Department of Public Libraries,Rockville Library,Fulltime-Regular,Librarian I,10/20/2014,2014,55307.96
M,DGS,Department of General Services,Building Design and Construction,Fulltime-Regular,Senior Architect,04/08/2013,2013,118400.0
M,SHF,Sheriff's Office,Court and Transport,Fulltime-Regular,Deputy Sheriff III,07/21/2003,2003,77029.0
M,DOT,Department of Transportation,Transit Silver Spring Ride On,Fulltime-Regular,Bus Operator,01/06/2014,2014,43525.72
M,POL,Department of Police,FSB Animal Services Division,Fulltime-Regular,Animal Care Attendant,06/13/2016,2016,37684.49
M,SHF,Sheriff's Office,Child Support,Fulltime-Regular,Deputy Sheriff III,09/29/1997,1997,85405.0
M,DLC,Department of Liquor Control,Milestone,Fulltime-Regular,Liquor Store Clerk II,01/26/2000,2000,57764.37
F,PRO,Office of Procurement,Procurement Operations Section,Fulltime-Regular,Procurement Specialist I,03/10/2014,2014,54875.99
F,HHS,Department of Health and Human Services,School Health Services,Fulltime-Regular,Community Health Nurse II,07/30/2012,2012,83971.62
F,COR,Correction and Rehabilitation,DS MCCF Unit 3 Security,Fulltime-Regular,Correctional Officer II (PFC),03/09/2015,2015,48145.0
M,POL,Department of Police,MSB Training and Education Division,Fulltime-Regular,Police Officer Candidate,07/11/2016,2016,50211.0
M,POL,Department of Police,PSB 6th District Patrol,Fulltime-Regular,Police Officer III,01/14/2002,2002,83658.0
M,SHF,Sheriff's Office,Civil Process,Fulltime-Regular,Deputy Sheriff Sergeant,02/06/1995,1995,96763.35
F,POL,Department of Police,MSB Communications Division,Fulltime-Regular,Public Safety Communications Specialist I,09/19/2016,2016,39257.0
F,REC,Department of Recreation,Countywide Programs,Fulltime-Regular,Office Services Coordinator,01/27/1986,1986,69222.18
F,COR,Correction and Rehabilitation,DS MCDC Central Processing Unit,Fulltime-Regular,Correctional Shift Commander (Lieutenant),02/27/1995,1995,103708.64
M,DLC,Department of Liquor Control,Flower Avenue,Fulltime-Regular,Liquor Store Clerk II,11/03/1993,1993,63067.93
M,DTS,Department of Technology Services,ERP Technical Support,Fulltime-Regular,Senior Information Technology Specialist,03/09/2015,2015,118400.0
M,SHF,Sheriff's Office,Sheriff Domestic Violence,Fulltime-Regular,Deputy Sheriff III,07/18/2005,2005,71908.0
F,OCP,Office of Consumer Protection,Operations,Fulltime-Regular,Management and Budget Specialist III,09/10/1984,1984,104717.28
F,DOT,Department of Transportation,Transportation System Engineering,Fulltime-Regular,Engineer Technician II,03/30/1998,1998,73801.0
M,HCA,Department of Housing and Community Affairs,Multi-Family Housing Program,Fulltime-Regular,Program Manager II,08/21/1989,1989,105743.92
M,FRS,Fire and Rescue Services,Station 23,Fulltime-Regular,Firefighter/Rescuer II,07/29/2013,2013,52693.0
F,POL,Department of Police,MSB Training and Education Division,Fulltime-Regular,Police Officer Candidate,05/26/1992,1992,70490.11
F,POL,Department of Police,FSB Traffic Division School Safety Section,Parttime-Regular,Crossing Guard,08/11/1991,1991,26208.35
M,FRS,Fire and Rescue Services,Recruit Training,Fulltime-Regular,Firefighter/Rescuer I (Recruit),12/12/2016,2016,45261.0
M,FRS,Fire and Rescue Services,Training,Fulltime-Regular,Master Firefighter/Rescuer,01/23/1995,1995,100670.07
F,POL,Department of Police,FSB Animal Services Division,Fulltime-Regular,Animal Care Attendant,12/30/2013,2013,41781.91
F,POL,Department of Police,PSB 3rd District Patrol,Fulltime-Regular,Police Officer II,08/12/2013,2013,58455.0
M,FRS,Fire and Rescue Services,Self Contained Breathing Apparatus (SCBA) Shop,Fulltime-Regular,SCBA Technician,07/11/2016,2016,52000.0
F,LIB,Department of Public Libraries,Aspen Hill Library,Parttime-Regular,Library Assistant I,09/22/2013,2013,19542.5
M,DEP,Department of Environmental Protection,Solid Waste Services Recycling,Fulltime-Regular,Program Manager II,01/03/2000,2000,102664.0
F,HHS,Department of Health and Human Services,Adult Shelters,Fulltime-Regular,Social Worker IV,11/27/1989,1989,104717.28
M,DEP,Department of Environmental Protection,Water Quality Monitoring and Planning,Fulltime-Regular,Public Administration Associate,06/14/2004,2004,63398.15
F,OMB,Office of Management and Budget,Capital Budget Management,Fulltime-Regular,Senior Management and Budget Specialist,06/17/2013,2013,99958.87
F,HHS,Department of Health and Human Services,Victim Assistance and Sexual Assault Program,Fulltime-Regular,Executive Administrative Aide,09/06/1994,1994,71830.44
M,COR,Correction and Rehabilitation,DS MCCF Unit 2 Security,Fulltime-Regular,Correctional Officer III (Corporal),11/14/2005,2005,67384.0
M,FRS,Fire and Rescue Services,Station 15,Fulltime-Regular,Firefighter/Rescuer III,09/02/2008,2008,68735.0
M,POL,Department of Police,FSB Security Services Division,Fulltime-Regular,Security Officer III (Sergeant),07/29/2002,2002,70358.59
F,CEC,Community Engagement Cluster,Business Management,Fulltime-Regular,Administrative Specialist II,08/04/1998,1998,81824.51
F,CCL,County Council,Council Central Staff,Fulltime-Regular,Manager II,08/22/1988,1988,156525.0
F,HHS,Department of Health and Human Services,Maternity Dental,Fulltime-Regular,Office Services Coordinator,01/07/2002,2002,65591.78
F,CAT,County Attorney's Office,Insurance Defense Litigation,Fulltime-Regular,Assistant County Attorney III,11/18/2002,2002,140794.0
F,HHS,Department of Health and Human Services,Income Supports,Fulltime-Regular,Income Assistance Program Specialist II,06/18/2012,2012,54523.02
M,DOT,Department of Transportation,Highway Services,Fulltime-Regular,Work Force Leader IV,05/17/1982,1982,86673.48
F,LIB,Department of Public Libraries,Collection Development,Parttime-Regular,Librarian II,11/02/2015,2015,35542.78
F,BOE,Board of Elections,Election Judge Recruitment,Fulltime-Regular,Administrative Specialist I,08/21/2006,2006,70402.55
F,FIN,Department of Finance,Tax Operations,Fulltime-Regular,Accountant/Auditor II,01/26/2015,2015,67106.89
F,HHS,Department of Health and Human Services,STD and HIV Services,Fulltime-Regular,Client Assistance Specialist,09/04/2007,2007,62429.35
F,OHR,Office of Human Resources,Records Management Team,Fulltime-Regular,Administrative Specialist I,02/12/2001,2001,73801.0
M,FRS,Fire and Rescue Services,Station 25,Fulltime-Regular,Firefighter/Rescuer III,09/04/2007,2007,67753.0
F,FRS,Fire and Rescue Services,EMS Billing,Fulltime-Regular,Manager III,01/22/2007,2007,92520.57
M,FRS,Fire and Rescue Services,Recruit Training,Fulltime-Regular,Firefighter/Rescuer I (Recruit),12/12/2016,2016,45261.0
M,FRS,Fire and Rescue Services,Fourth Battalion - Administration,Fulltime-Regular,Fire/Rescue Lieutenant,03/19/2007,2007,79520.0
M,FRS,Fire and Rescue Services,Station 5,Fulltime-Regular,Firefighter/Rescuer III,09/04/2007,2007,71796.0
M,FRS,Fire and Rescue Services,Station 12,Fulltime-Regular,Firefighter/Rescuer II,04/24/2011,2011,52693.0
M,DTS,Department of Technology Services,ESOD Core Services,Fulltime-Regular,Senior Information Technology Specialist,08/10/1992,1992,120768.0
M,DOT,Department of Transportation,Transit Gaithersburg Ride On,Fulltime-Regular,Bus Operator,03/07/2005,2005,51696.32
M,COR,Correction and Rehabilitation,DS MCDC Central Processing Unit,Fulltime-Regular,Correctional Officer II (PFC),03/31/2008,2008,55251.0
F,HHS,Department of Health and Human Services,Ombudsman Services,Fulltime-Regular,Program Manager II,03/12/1980,1980,102664.0
F,DGS,Department of General Services,Real Estate Office,Fulltime-Regular,Program Specialist I,07/21/2005,2005,68866.34
M,POL,Department of Police,PSB 2nd District Patrol,Fulltime-Regular,Police Officer I,10/06/2014,2014,53788.0
M,FRS,Fire and Rescue Services,Recruit Training,Fulltime-Regular,Firefighter/Rescuer I (Recruit),12/12/2016,2016,45261.0
M,DOT,Department of Transportation,Transit Nicholson Ride On,Fulltime-Regular,Bus Operator,06/22/2015,2015,40631.32
M,OLO,Office of Legislative Oversight,Legislative Oversight Staff,Fulltime-Regular,Manager II,06/09/1986,1986,156519.88
M,DOT,Department of Transportation,Transit Gaithersburg Ride On,Fulltime-Regular,Bus Operator,07/25/2011,2011,45049.12
F,HHS,Department of Health and Human Services,Screening and Assessment Services for Children and Adolescents,Fulltime-Regular,Therapist I,06/15/2015,2015,58360.18
F,COR,Correction and Rehabilitation,DS Health Services,Fulltime-Regular,Correctional Health Nurse II,10/03/2016,2016,76572.0
M,DGS,Department of General Services,Fleet Automotive Heavy Equipment,Fulltime-Regular,Mechanic Technician II,11/27/2006,2006,70208.09
M,POL,Department of Police,PSB 5th District Patrol,Fulltime-Regular,Police Sergeant,08/19/1996,1996,107128.71
M,COR,Correction and Rehabilitation,DS MCDC Custody and Security,Fulltime-Regular,Correctional Officer I (Private),05/31/2016,2016,44300.0
M,LIB,Department of Public Libraries,Technology Management,Fulltime-Regular,Information Technology Specialist III,02/21/1989,1989,110886.71
F,REC,Department of Recreation,Aquatic Team Management,Fulltime-Regular,Office Services Coordinator,09/10/1984,1984,69222.18
M,DGS,Department of General Services,Facilities,Fulltime-Regular,Information Technology Specialist II,04/16/2001,2001,82851.53
F,POL,Department of Police,ISB Family Crimes Division Child Abuse Sexual Assault Section,Fulltime-Regular,Police Officer III,06/13/1994,1994,92756.7
M,DGS,Department of General Services,Fleet Automotive Heavy Equipment,Fulltime-Regular,Mechanic Technician I,11/28/2016,2016,45000.0
M,SHF,Sheriff's Office,Civil Process,Fulltime-Regular,Deputy Sheriff Lieutenant,06/25/1990,1990,106448.44
M,DLC,Department of Liquor Control,Beer Warehouse Operations,Fulltime-Regular,Warehouse Equipment Operator,08/17/1986,1986,60201.44
F,HHS,Department of Health and Human Services,School Health Services,Parttime-Regular,School Health Room Technician I,10/04/1999,1999,53380.28
M,DOT,Department of Transportation,Transit Gaithersburg Ride On,Fulltime-Regular,Bus Operator,03/07/2011,2011,43525.72
M,FRS,Fire and Rescue Services,Third Battalion - Administration,Fulltime-Regular,Fire/Rescue Lieutenant,08/16/1999,1999,106456.0
F,HCA,Department of Housing and Community Affairs,Management Services,Fulltime-Regular,Administrative Specialist II,02/12/1990,1990,86673.48
M,FRS,Fire and Rescue Services,Emergency Medical Services,Fulltime-Regular,Fire/Rescue Captain,08/27/1990,1990,122788.02
M,DOT,Department of Transportation,Traffic Engineering Studies Section,Fulltime-Regular,Planning Specialist III,06/25/2007,2007,88330.93
M,DPS,Department of Permitting Services,Land Development Sediment Stormwater Plan Review,Fulltime-Regular,Senior Permitting Services Specialist,02/22/1988,1988,110886.71
F,HHS,Department of Health and Human Services,School Health Services,Parttime-Regular,School Health Room Technician I,08/06/2012,2012,37838.48
F,LIB,Department of Public Libraries,Rockville Library,Parttime-Regular,Librarian I,02/04/2008,2008,30519.56
F,POL,Department of Police,FSB Traffic Division School Safety Section,Parttime-Regular,Crossing Guard,11/20/1989,1989,26208.35
F,DEP,Department of Environmental Protection,Watershed Restoration and Capital Projects,Fulltime-Regular,Planning Specialist III,03/02/2009,2009,84145.99
M,FIN,Department of Finance,Tax Operations,Fulltime-Regular,Manager III,11/01/1999,1999,135343.18
M,COR,Correction and Rehabilitation,DS MCCF Unit 3 Security,Fulltime-Regular,Correctional Officer III (Corporal),02/22/2005,2005,67384.0
F,DEP,Department of Environmental Protection,Solid Waste Services Collection Operations,Fulltime-Regular,Executive Administrative Aide,05/31/2005,2005,63197.03
F,HHS,Department of Health and Human Services,Early Childhood Services,Fulltime-Regular,Social Worker II,08/12/2002,2002,88272.4
M,FRS,Fire and Rescue Services,Station 2,Fulltime-Regular,Firefighter/Rescuer III,02/27/2012,2012,57265.0
M,BOE,Board of Elections,Polling Place Management,Fulltime-Regular,Program Specialist II,08/24/1998,1998,63726.52
M,POL,Department of Police,PSB 5th District Patrol,Fulltime-Regular,Police Officer III,09/04/2007,2007,70435.0
F,COR,Correction and Rehabilitation,DS Food Services,Fulltime-Regular,Office Services Coordinator,03/18/2002,2002,67206.0
F,LIB,Department of Public Libraries,Quince Orchard Library,Fulltime-Regular,Librarian I,03/22/1999,1999,80381.48
F,POL,Department of Police,ISB Criminal Investigations Division Forensic Services Section,Fulltime-Regular,Latent Print Examiner,11/08/2010,2010,72733.7
M,POL,Department of Police,MSB Management and Budget Division Abandoned Vehicle Section,Fulltime-Regular,Police Sergeant,09/08/1987,1987,107128.71
M,FRS,Fire and Rescue Services,Station 23,Fulltime-Regular,Firefighter/Rescuer III,02/27/2012,2012,57265.0
M,FRS,Fire and Rescue Services,Station 16,Fulltime-Regular,Firefighter/Rescuer III,12/13/2004,2004,72861.0
F,FRS,Fire and Rescue Services,HR Labor Relations,Fulltime-Regular,Fire/Rescue Battalion Chief,01/23/1995,1995,131348.75
M,FRS,Fire and Rescue Services,Station 25,Fulltime-Regular,Firefighter/Rescuer II,09/22/2014,2014,50910.0
F,POL,Department of Police,FSB Traffic Division School Safety Section,Parttime-Regular,Crossing Guard,08/29/2011,2011,18416.05
M,DEP,Department of Environmental Protection,Solid Waste Services Operations,Fulltime-Regular,Executive Administrative Aide,10/13/2008,2008,67231.02
M,DEP,Department of Environmental Protection,Environmental Planning and Policy Implementation,Fulltime-Regular,Senior Planning Specialist,08/27/2001,2001,102664.0
M,DOT,Department of Transportation,Transit Gaithersburg Ride On,Fulltime-Regular,Bus Operator,07/21/2002,2002,58671.02
M,POL,Department of Police,PSB 1st District Patrol,Fulltime-Regular,Police Officer III,06/13/1994,1994,92756.7
M,DGS,Department of General Services,Building Design and Construction,Fulltime-Regular,Capital Projects Manager,08/31/2009,2009,118400.0
F,CUS,Community Use of Public Facilities,Scheduling Team,Fulltime-Regular,Program Specialist I,01/23/2005,2005,73801.0
F,HHS,Department of Health and Human Services,Rental Assistance,Fulltime-Regular,Program Specialist I,12/09/2002,2002,55142.18
M,FRS,Fire and Rescue Services,Station 15,Fulltime-Regular,Firefighter/Rescuer III,01/30/2006,2006,68015.0
F,POL,Department of Police,PSB 3rd District Patrol,Fulltime-Regular,Police Officer II,08/12/2013,2013,58455.0
F,CAT,County Attorney's Office,Finance and Procurement,Fulltime-Regular,Assistant County Attorney III,01/22/2007,2007,137238.09
M,DGS,Department of General Services,Fleet Management Fleet Services,Fulltime-Regular,Mechanic Technician I,05/31/2016,2016,47034.0
,COR,Correction and Rehabilitation,DS MCDC Custody and Security,Fulltime-Regular,Correctional Officer III (Corporal),04/17/2006,2006,65105.0
M,DOT,Department of Transportation,Highway Services,Fulltime-Regular,Equipment Operator I,11/03/2014,2014,40368.82
F,HHS,Department of Health and Human Services,Rental Assistance,Fulltime-Regular,Income Assistance Program Specialist II,08/14/2000,2000,76741.59
M,POL,Department of Police,PSB 2nd District Patrol,Fulltime-Regular,Police Officer III,01/14/2008,2008,68054.0
M,DTS,Department of Technology Services,EASD Web and Mobile Applications,Fulltime-Regular,Senior Information Technology Specialist,08/08/2016,2016,110000.0
M,DGS,Department of General Services,Fleet Management Fleet Services,Fulltime-Regular,Equipment Services Coordinator,04/02/2007,2007,96357.93
F,LIB,Department of Public Libraries,Bethesda Library,Parttime-Regular,Library Aide,07/08/2005,2005,18247.04
M,REC,Department of Recreation,Germantown Indoor Pool,Fulltime-Regular,Recreation Specialist,10/12/1997,1997,70045.08
F,POL,Department of Police,FSB Traffic Division School Safety Section,Parttime-Regular,Crossing Guard,11/04/2002,2002,22529.52
F,CAT,County Attorney's Office,Government Operations,Fulltime-Regular,Assistant County Attorney III,09/18/2006,2006,100394.16
M,FRS,Fire and Rescue Services,Station 30,Fulltime-Regular,Fire/Rescue Captain,02/08/1999,1999,124054.0
M,FRS,Fire and Rescue Services,Station 16,Fulltime-Regular,Master Firefighter/Rescuer,02/22/1994,1994,91969.07
M,DOT,Department of Transportation,Transit Gaithersburg Ride On,Fulltime-Regular,Bus Operator,04/25/2005,2005,52472.35
F,DOT,Department of Transportation,Transit Gaithersburg Ride On,Fulltime-Regular,Bus Operator,01/27/2014,2014,42053.83
F,HHS,Department of Health and Human Services,School Health Services Center,Fulltime-Regular,Community Health Nurse II,02/22/1994,1994,100849.36
F,HHS,Department of Health and Human Services,School Based Health Centers,Fulltime-Regular,Community Health Nurse II,08/05/2002,2002,97912.0
F,COR,Correction and Rehabilitation,DS MCDC Custody and Security,Fulltime-Regular,Correctional Officer II (PFC),12/01/2014,2014,49831.0
F,DOT,Department of Transportation,Transit Gaithersburg Ride On,Fulltime-Regular,Bus Operator,04/04/2004,2004,55122.12
F,HHS,Department of Health and Human Services,Income Supports,Fulltime-Regular,Principal Administrative Aide,12/21/2009,2009,41868.29
M,POL,Department of Police,PSB 3rd District Patrol,Fulltime-Regular,Police Officer II,07/16/2012,2012,60501.0
F,HHS,Department of Health and Human Services,School Health Services,Fulltime-Regular,Community Health Nurse II,07/30/2013,2013,85700.5
M,POL,Department of Police,MSB Personnel Division Background Section,Fulltime-Regular,Background Screening Specialist,10/27/2014,2014,73605.0
M,FRS,Fire and Rescue Services,Station 31,Fulltime-Regular,Firefighter/Rescuer III,01/30/2006,2006,70052.0
M,HCA,Department of Housing and Community Affairs,Housing Code Enforcement,Fulltime-Regular,Housing Code Inspector I,11/05/2012,2012,51670.26
M,POL,Department of Police,PSB 2nd District Patrol,Fulltime-Regular,Police Officer III,08/31/1998,1998,89620.0
M,POL,Department of Police,ISB Family Crimes Division Child Abuse Sexual Assault Section,Fulltime-Regular,Police Officer III,07/21/2003,2003,83658.0
M,HHS,Department of Health and Human Services,Income Supports,Fulltime-Regular,Income Assistance Program Specialist I,04/08/2014,2014,42792.0
F,REC,Department of Recreation,Aquatic Team Management,Fulltime-Regular,Manager III,02/20/1990,1990,129625.05
F,FRS,Fire and Rescue Services,Procurement,Fulltime-Regular,Office Services Coordinator,06/16/1986,1986,69222.18
M,COR,Correction and Rehabilitation,DS Food Services,Fulltime-Regular,Correctional Dietary Officer II,05/28/2006,2006,54444.26
M,DOT,Department of Transportation,Highway Administration,Fulltime-Regular,Highway Inspector II,11/27/2006,2006,63122.83
F,DLC,Department of Liquor Control,Leisure World,Parttime-Regular,Liquor Store Clerk I,06/01/2015,2015,28772.07
M,DOT,Department of Transportation,Highway Services,Fulltime-Regular,Equipment Operator II,12/17/2001,2001,64141.0
F,HHS,Department of Health and Human Services,School Health Services,Fulltime-Regular,Community Health Nurse II,11/02/2015,2015,78128.59
M,FRS,Fire and Rescue Services,Station 15,Fulltime-Regular,Firefighter/Rescuer III,06/01/2010,2010,55328.0
M,DOT,Department of Transportation,Highway Services,Fulltime-Regular,Equipment Operator I,01/13/2014,2014,39351.08
M,SHF,Sheriff's Office,Administration,Fulltime-Regular,Deputy Sheriff Lieutenant,09/06/1988,1988,106448.44
F,HHS,Department of Health and Human Services,Permanent Supportive Housing,Fulltime-Regular,Social Worker III,03/07/1994,1994,100849.36
F,POL,Department of Police,MSB Communications Division,Fulltime-Regular,Public Safety Communications Specialist III,01/03/2012,2012,57234.12
F,DTS,Department of Technology Services,COO Office - Management Services,Fulltime-Regular,Management and Budget Specialist III,08/17/1987,1987,105743.92
M,DOT,Department of Transportation,Transit Silver Spring Ride On,Fulltime-Regular,Bus Operator,10/29/2007,2007,46626.87
M,PIO,Office of Public Information,Information,Fulltime-Regular,Manager II,09/22/2014,2014,121371.84
M,FRS,Fire and Rescue Services,Rescue 2,Fulltime-Regular,Firefighter/Rescuer II,02/14/2000,2000,76936.0
F,POL,Department of Police,PSB 3rd District Patrol,Fulltime-Regular,Police Officer III,01/26/2004,2004,78096.0
M,DOT,Department of Transportation,Transit COS Passenger Facilities,Fulltime-Regular,Work Force Leader II,12/31/2001,2001,73628.44
M,COR,Correction and Rehabilitation,DS MCCF Unit 3 Security,Fulltime-Regular,Correctional Officer II (PFC),08/06/2007,2007,57186.0
M,OAG,Office of Agriculture,Agricultural Services,Fulltime-Regular,Senior Business Development Specialist,11/04/2002,2002,112899.0
M,POL,Department of Police,FSB Special Operations Division Tactical Operations Section,Fulltime-Regular,Police Officer III,01/18/1994,1994,92756.7
M,FRS,Fire and Rescue Services,Station 30,Fulltime-Regular,Fire/Rescue Captain,02/08/1999,1999,120967.0
F,HHS,Department of Health and Human Services,School Health Services,Parttime-Regular,School Health Room Technician I,01/31/2011,2011,37838.73
M,DGS,Department of General Services,Facilities Maintenance,Fulltime-Regular,Public Service Craftsworker,11/01/2004,2004,64141.0
M,FRS,Fire and Rescue Services,Emergency Communications Center (ECC),Fulltime-Regular,Public Safety Communications Specialist II,01/26/2015,2015,44694.45
M,COR,Correction and Rehabilitation,DS MCDC Custody and Security,Fulltime-Regular,Correctional Officer III (Corporal),02/19/2008,2008,60775.0
F,HHS,Department of Health and Human Services,Health Care and Group Residential Services,Fulltime-Regular,Community Health Nurse II,10/19/2015,2015,80002.98
M,POL,Department of Police,PSB 4th District Patrol,Fulltime-Regular,Police Officer III,01/16/2007,2007,80829.0
F,LIB,Department of Public Libraries,Davis Library,Parttime-Regular,Library Aide,07/12/2011,2011,15834.05
M,POL,Department of Police,MSB Training and Education Division,Fulltime-Regular,Police Officer Candidate,07/11/2016,2016,50211.0
F,LIB,Department of Public Libraries,Public Service Administration,Fulltime-Regular,Manager II,11/06/2000,2000,113662.32
F,HHS,Department of Health and Human Services,Area Health Centers,Fulltime-Regular,Community Health Nurse II,08/01/2011,2011,86622.09
M,POL,Department of Police,PSB 6th District Patrol,Fulltime-Regular,Police Officer II,02/24/2014,2014,56478.0
M,DGS,Department of General Services,Fleet Management Fleet Services,Fulltime-Regular,Mechanic Technician I,05/02/2016,2016,49044.0
M,POL,Department of Police,FSB Traffic Division Collision Reconstruction,Fulltime-Regular,Police Officer III,02/09/1992,1992,92756.7
M,DOT,Department of Transportation,Transit Nicholson Ride On,Fulltime-Regular,Bus Operator,03/02/2008,2008,50671.27
F,CEX,Offices of the County Executive,County Executive's Office,Fulltime-Regular,Special Assistant to County Executive,01/03/1995,1995,182492.0
M,DOT,Department of Transportation,Transit Silver Spring Ride On,Fulltime-Regular,Bus Operator,04/16/2012,2012,43525.72
F,FRS,Fire and Rescue Services,Station 6,Fulltime-Regular,Firefighter/Rescuer III,02/20/2001,2001,80784.0
M,HHS,Department of Health and Human Services,24 Hours Crisis Center,Fulltime-Regular,Therapist I,06/09/2008,2008,62517.38
M,POL,Department of Police,PSB 3rd District Patrol,Fulltime-Regular,Police Officer II,08/12/2013,2013,58455.0
M,POL,Department of Police,PSB 5th District Patrol,Fulltime-Regular,Police Officer II,08/12/2013,2013,58455.0
M,COR,Correction and Rehabilitation,DS MCDC Central Processing Unit,Fulltime-Regular,Correctional Supervisor (Sergeant),01/20/1998,1998,91532.0
F,CEC,Community Engagement Cluster,Community Partnerships,Fulltime-Regular,Program Manager I,07/01/1986,1986,95263.92
M,FRS,Fire and Rescue Services,Station 16,Fulltime-Regular,Firefighter/Rescuer II,03/10/2014,2014,50910.0
M,POL,Department of Police,PSB 5th District Patrol,Fulltime-Regular,Police Officer III,05/22/2000,2000,89620.0
M,DPS,Department of Permitting Services,Fire Code Compliance,Fulltime-Regular,Program Manager II,11/04/2013,2013,92362.0
F,ZAH,Office of Zoning and Administrative Hearings,Zoning and Administrative Hearings,Fulltime-Regular,Hearing Examiner,10/25/2010,2010,157828.0
F,POL,Department of Police,MSB Information Mgmt and Tech Division Records Management Section,Fulltime-Regular,Police Aide,02/22/2016,2016,39257.31
F,CCL,County Council,Council Central Staff,Parttime-Regular,Legislative Services Coordinator,10/01/2007,2007,47280.91
M,POL,Department of Police,FSB Traffic Division School Safety Section,Parttime-Regular,Crossing Guard,03/06/1994,1994,20419.48
F,OHR,Office of Human Resources,Information Technology Team,Fulltime-Regular,Human Capital Oracle Analyst,11/26/2000,2000,112899.0
M,FRS,Fire and Rescue Services,Station 20,Fulltime-Regular,Firefighter/Rescuer II,03/10/2014,2014,50910.0
M,PRO,Office of Procurement,Procurement Services Section,Fulltime-Regular,Office Services Coordinator,03/27/2000,2000,67206.0
F,FRS,Fire and Rescue Services,Station 9,Fulltime-Regular,Fire/Rescue Captain,02/26/1990,1990,122788.02
F,DLC,Department of Liquor Control,Montrose,Parttime-Regular,Liquor Store Clerk I,12/15/2014,2014,29779.09
F,HHS,Department of Health and Human Services,Fiscal Team,Fulltime-Regular,Fiscal Assistant,01/16/1990,1990,69222.18
M,FRS,Fire and Rescue Services,Station 8,Fulltime-Regular,Firefighter/Rescuer III,09/02/2008,2008,69573.0
F,COR,Correction and Rehabilitation,DS Health Services,Fulltime-Regular,Office Services Coordinator,12/19/1994,1994,69222.18
F,POL,Department of Police,FSB Animal Services Division,Fulltime-Regular,Client Assistance Specialist,06/15/2015,2015,50785.5
M,DOT,Department of Transportation,Parking Management Engineering and Capital Project Management,Fulltime-Regular,Property Manager II,03/19/1990,1990,97912.0
M,LIB,Department of Public Libraries,Little Falls Library,Fulltime-Regular,Manager III,10/28/2002,2002,105290.0
M,DOT,Department of Transportation,Transit Silver Spring Ride On,Fulltime-Regular,Bus Operator,11/09/2015,2015,40631.32
M,DTS,Department of Technology Services,ETSD Telephone Services,Fulltime-Regular,Telecommunications Specialist,04/21/1991,1991,87298.39
F,POL,Department of Police,MSB Information Management and Technology Division,Fulltime-Regular,Senior Information Technology Specialist,08/10/1987,1987,113897.14
F,POL,Department of Police,FSB Traffic Division Automated Traffic Enforcement Section,Fulltime-Regular,Traffic Enforcement Field Service Technician II,10/15/2007,2007,47821.87
M,POL,Department of Police,PSB 4th District Community Action Team,Fulltime-Regular,Police Officer III,07/21/2003,2003,80829.0
M,FRS,Fire and Rescue Services,Station 29,Fulltime-Regular,Firefighter/Rescuer III,03/19/2007,2007,67753.0
M,FRS,Fire and Rescue Services,Station 24,Fulltime-Regular,Firefighter/Rescuer III,10/09/2006,2006,76716.0
M,DLC,Department of Liquor Control,King Farm,Fulltime-Regular,Liquor Store Manager,10/08/1997,1997,82975.12
F,HHS,Department of Health and Human Services,Child Welfare Services,Fulltime-Regular,Community Services Aide III,11/22/1999,1999,72916.8
M,DEP,Department of Environmental Protection,Water Quality Monitoring and Planning,Fulltime-Regular,Water Quality Specialist I,09/14/1998,1998,77343.0
F,HHS,Department of Health and Human Services,24 Hours Crisis Center,Fulltime-Regular,Supervisory Therapist,05/10/2010,2010,91139.47
M,CEC,Community Engagement Cluster,Community Partnerships,Fulltime-Regular,Community Outreach Manager,04/06/2014,2014,100908.32
F,DOT,Department of Transportation,Traffic Engineering Studies Section,Fulltime-Regular,Planning Specialist III,08/23/2004,2004,69322.75
M,PIO,Office of Public Information,MC311,Fulltime-Regular,Senior Information Technology Specialist,01/07/2008,2008,118400.0
F,POL,Department of Police,FSB Traffic Division School Safety Section,Parttime-Regular,Crossing Guard,06/17/2002,2002,22529.52
F,REC,Department of Recreation,Facilities Division,Parttime-Regular,Recreation Coordinator,09/29/2006,2006,33564.74
F,POL,Department of Police,FSB Traffic Division School Safety Section,Parttime-Regular,Crossing Guard,08/29/2011,2011,18416.05
M,FRS,Fire and Rescue Services,Recruit Training,Fulltime-Regular,Firefighter/Rescuer I (Recruit),12/12/2016,2016,45261.0
F,HHS,Department of Health and Human Services,Income Supports,Fulltime-Regular,Income Assistance Program Specialist I,12/22/1997,1997,66543.05
M,FRS,Fire and Rescue Services,Station 1,Fulltime-Regular,Master Firefighter/Rescuer,08/27/1990,1990,91969.07
F,CAT,County Attorney's Office,Health and Human Services,Parttime-Regular,Assistant County Attorney III,09/12/2011,2011,56280.85
M,FIN,Department of Finance,General Accounting,Fulltime-Regular,Senior Financial Specialist,09/17/1984,1984,104717.28
M,DOT,Department of Transportation,Transit Central Communication,Fulltime-Regular,Manager III,03/05/2007,2007,110107.86
M,HHS,Department of Health and Human Services,School Health Services,Parttime-Regular,School Health Room Technician I,06/01/2010,2010,36797.11
F,DGS,Department of General Services,Contracting and Accounts Payable,Fulltime-Regular,Program Specialist II,02/11/1974,1974,84279.24
F,CAT,County Attorney's Office,Health and Human Services,Fulltime-Regular,Assistant County Attorney III,02/14/1994,1994,143609.88
F,LIB,Department of Public Libraries,Davis Library,Parttime-Regular,Librarian I,09/17/2006,2006,31588.82
F,POL,Department of Police,FSB Animal Services Division,Fulltime-Regular,Manager III,12/16/2013,2013,100427.43
M,DOT,Department of Transportation,Transit Gaithersburg Ride On,Fulltime-Regular,Bus Operator,04/16/2012,2012,43525.12
M,FRS,Fire and Rescue Services,Rescue 2,Fulltime-Regular,Master Firefighter/Rescuer,09/03/2002,2002,85854.0
F,DPS,Department of Permitting Services,"Team 4 Commercial Electrical, Mechanical and Fire Protection Systems",Fulltime-Regular,Permit Technician III,08/08/2005,2005,63820.41
M,LIB,Department of Public Libraries,Materials Delivery,Fulltime-Regular,Driver/Clerk,09/25/2006,2006,44210.81
M,POL,Department of Police,FSB Special Operations Division Tactical Operations Section,Fulltime-Regular,Police Officer III,07/18/2005,2005,75453.0
F,POL,Department of Police,FSB Traffic Division School Safety Section,Parttime-Regular,Crossing Guard,12/01/1997,1997,25445.0
M,POL,Department of Police,FSB Traffic Division School Safety Section,Parttime-Regular,Crossing Guard,08/27/2012,2012,18416.04
F,HHS,Department of Health and Human Services,Positive Youth Development,Fulltime-Regular,Community Services Aide III,01/31/2011,2011,49618.44
M,REC,Department of Recreation,Automation,Fulltime-Regular,Information Technology Technician III,11/28/2016,2016,65000.0
M,DEP,Department of Environmental Protection,Solid Waste Services Collection Operations,Fulltime-Regular,Driver/Clerk,10/13/2008,2008,40885.13
M,DOT,Department of Transportation,Transit Nicholson Ride On,Fulltime-Regular,Bus Operator,03/02/2008,2008,61166.35
M,DGS,Department of General Services,Central Duplicating,Fulltime-Regular,Mail Clerk,05/31/2016,2016,40200.0
M,DLC,Department of Liquor Control,Beer Delivery Operations,Fulltime-Regular,Truck Driver/Warehouse Worker,07/13/2015,2015,40631.32
M,DPS,Department of Permitting Services,Site Plan Enforcement,Fulltime-Regular,Investigator III,01/11/1988,1988,105743.92
M,DEP,Department of Environmental Protection,Watershed Management Capital Projects,Fulltime-Regular,Manager II,03/21/2016,2016,140700.0
M,POL,Department of Police,FSB Traffic Division School Safety Section,Parttime-Regular,Crossing Guard,10/25/2010,2010,18416.33
M,DOT,Department of Transportation,Transit Gaithersburg Ride On,Fulltime-Regular,Bus Operator,10/19/1997,1997,64141.0
M,DOT,Department of Transportation,Transit Silver Spring Ride On,Fulltime-Regular,Manager III,02/16/2004,2004,89074.11
M,CCL,County Council,Council Members and Staff,Fulltime-Regular,Public Administration Associate,01/26/2015,2015,50396.48
M,FRS,Fire and Rescue Services,Station 8,Fulltime-Regular,Master Firefighter/Rescuer,10/15/1979,1979,95187.98
M,CAT,County Attorney's Office,"Zoning, Land Use and Economic Development",Fulltime-Regular,Assistant County Attorney III,06/25/1990,1990,143609.88
M,FRS,Fire and Rescue Services,First Battalion - Administration,Fulltime-Regular,Fire/Rescue Lieutenant,10/09/2006,2006,91005.0
M,POL,Department of Police,PSB 1st District Patrol,Fulltime-Regular,Police Officer III,01/26/2004,2004,78096.0
F,POL,Department of Police,MSB Training and Education Division,Fulltime-Regular,Administrative Specialist I,05/01/2006,2006,73801.0
M,DOT,Department of Transportation,Transit Silver Spring Ride On,Fulltime-Regular,Bus Operator,03/02/2008,2008,46626.87
F,DOT,Department of Transportation,Transportation Property Acquisition Section,Fulltime-Regular,Real Estate Specialist III,03/19/1979,1979,105743.92
F,HHS,Department of Health and Human Services,Child and Adolescent Mental Health Clinic Services,Fulltime-Regular,Therapist II,08/22/2016,2016,59072.0
F,HHS,Department of Health and Human Services,Fiscal Team,Fulltime-Regular,Fiscal Assistant,03/19/2007,2007,66430.86
M,DOT,Department of Transportation,Transit Nicholson Ride On,Fulltime-Regular,Bus Operator,03/02/2008,2008,55889.73
M,FRS,Fire and Rescue Services,Station 8,Fulltime-Regular,Firefighter/Rescuer III,07/29/2013,2013,55328.0
F,CEC,Community Engagement Cluster,Regional Services Centers,Fulltime-Regular,Manager I,06/21/1968,1968,174661.34
F,HHS,Department of Health and Human Services,Adult Protective and Case Management Services,Fulltime-Regular,Social Worker III,02/11/2013,2013,67729.71
M,POL,Department of Police,PSB 3rd District Patrol,Fulltime-Regular,Master Police Officer,09/29/1997,1997,94099.0
M,POL,Department of Police,PSB 3rd District Patrol,Fulltime-Regular,Police Officer I,10/06/2014,2014,53788.0
M,POL,Department of Police,PSB 2nd District Patrol,Fulltime-Regular,Police Officer III,07/26/1993,1993,92756.7
F,HHS,Department of Health and Human Services,Environmental Health and Regulatory Services,Fulltime-Regular,Environmental Health Specialist III,12/02/1985,1985,100849.36
F,HHS,Department of Health and Human Services,School Health Services,Parttime-Regular,School Health Room Technician I,08/10/1987,1987,57807.08
F,COR,Correction and Rehabilitation,DS MCCF Unit 3 Security,Fulltime-Regular,Correctional Officer III (Corporal),11/28/2005,2005,67384.0
M,FRS,Fire and Rescue Services,Station 9,Fulltime-Regular,Firefighter/Rescuer III,02/14/2000,2000,80784.0
F,HHS,Department of Health and Human Services,Early Childhood Services,Fulltime-Regular,Program Manager I,01/11/2016,2016,80902.5
M,DLC,Department of Liquor Control,Beer Delivery Operations,Fulltime-Regular,Truck Driver/Warehouse Worker,10/16/2006,2006,49949.25
M,HHS,Department of Health and Human Services,Latino Health Initiative,Fulltime-Regular,Program Specialist II,04/07/2014,2014,73810.48
M,POL,Department of Police,PSB 2nd District Patrol,Fulltime-Regular,Master Police Officer,01/14/2002,2002,94099.0
F,HHS,Department of Health and Human Services,STD and HIV Services,Fulltime-Regular,Community Health Nurse II,05/22/2000,2000,97912.0
M,POL,Department of Police,PSB 4th District Patrol,Fulltime-Regular,Police Officer II,06/01/2010,2010,58455.0
M,FRS,Fire and Rescue Services,Station 34,Fulltime-Regular,Firefighter/Rescuer III,09/02/2008,2008,63493.0
M,DOT,Department of Transportation,Highway Services,Fulltime-Regular,Equipment Operator I,04/18/2016,2016,37684.0
M,COR,Correction and Rehabilitation,DS MCCF Unit 2 Security,Fulltime-Regular,Correctional Officer III (Corporal),10/17/2005,2005,67384.0
M,FRS,Fire and Rescue Services,Station 40,Fulltime-Regular,Firefighter/Rescuer III,01/14/2013,2013,55328.0
M,FRS,Fire and Rescue Services,Fiscal Management Division,Fulltime-Regular,Manager II,11/13/2006,2006,154887.98
M,CEC,Community Engagement Cluster,Silver Spring Urban District,Fulltime-Regular,Program Specialist II,09/21/2015,2015,53192.79
F,HHS,Department of Health and Human Services,Adult Protective and Case Management Services,Fulltime-Regular,Social Worker II,03/26/1986,1986,96197.88
M,DOT,Department of Transportation,Transit Silver Spring Ride On,Fulltime-Regular,Bus Operator,09/04/2006,2006,50699.16
M,POL,Department of Police,PSB 2nd District Patrol,Fulltime-Regular,Police Officer III,01/16/2007,2007,70435.0
M,FRS,Fire and Rescue Services,Station 6,Fulltime-Regular,Firefighter/Rescuer III,05/22/2011,2011,57265.0
M,FRS,Fire and Rescue Services,Second Battalion - Administration,Fulltime-Regular,Fire/Rescue Lieutenant,11/17/1997,1997,99792.0
M,POL,Department of Police,FSB Special Operations Division Tactical Operations Section,Fulltime-Regular,Police Officer III,02/03/2003,2003,80829.0
M,FRS,Fire and Rescue Services,Station 28,Fulltime-Regular,Firefighter/Rescuer III,09/02/2008,2008,72921.0
F,DTS,Department of Technology Services,ESOD Core Services,Fulltime-Regular,Manager III,10/24/1988,1988,135392.0
F,HHS,Department of Health and Human Services,School Health Services,Parttime-Regular,School Health Room Technician I,08/01/2011,2011,37838.73
M,DGS,Department of General Services,Facilities Maintenance,Fulltime-Regular,Public Service Craftsworker,11/17/2003,2003,64141.0
F,DPS,Department of Permitting Services,Land Development Well and Septic,Fulltime-Regular,Senior Permitting Services Specialist,01/13/2014,2014,92490.98
M,FRS,Fire and Rescue Services,Station 14,Fulltime-Regular,Master Firefighter/Rescuer,01/23/1995,1995,100670.07
M,POL,Department of Police,MSB Communications Division,Fulltime-Regular,Program Specialist II,04/19/2004,2004,74779.9
M,FRS,Fire and Rescue Services,Station 23,Fulltime-Regular,Firefighter/Rescuer II,01/14/2013,2013,52693.0
F,OHR,Office of Human Resources,Police Labor Relations Team,Fulltime-Regular,Human Resources Specialist III,11/27/2006,2006,102664.0
M,POL,Department of Police,PSB 6th District Patrol,Fulltime-Regular,Police Officer III,07/22/2002,2002,83658.0
F,POL,Department of Police,PSB 2nd District Patrol,Fulltime-Regular,Police Officer II,01/28/2013,2013,58455.0
F,LIB,Department of Public Libraries,Director,Fulltime-Regular,Office Services Coordinator,08/10/1970,1970,69222.18
M,FRS,Fire and Rescue Services,Station 8,Fulltime-Regular,Firefighter/Rescuer II,02/14/2000,2000,76936.0
M,POL,Department of Police,ISB Criminal Investigations Division 2nd District Investigative Section,Fulltime-Regular,Master Police Officer,12/08/1986,1986,97392.47
M,POL,Department of Police,PSB 6th District Traffic Squad,Fulltime-Regular,Police Sergeant,08/07/1989,1989,107128.71
M,HHS,Department of Health and Human Services,Support Planning,Fulltime-Regular,Social Worker IV,02/07/1994,1994,104717.28
F,HHS,Department of Health and Human Services,Medical Assistance Eligibility Services,Fulltime-Regular,Income Assistance Program Specialist III,07/03/2000,2000,89079.0
M,COR,Correction and Rehabilitation,DS MCDC Custody and Security,Fulltime-Regular,Correctional Officer III (Corporal),09/04/2007,2007,62903.0
F,POL,Department of Police,ISB Family Crimes Division Family Outreach Section,Fulltime-Regular,Police Officer III,04/12/1999,1999,89620.0
F,LIB,Department of Public Libraries,White Oak Library,Fulltime-Regular,Library Assistant I,07/25/1993,1993,60201.44
M,POL,Department of Police,PSB 6th District Patrol,Fulltime-Regular,Police Officer II,02/24/2014,2014,56478.0
M,DOT,Department of Transportation,Transit Nicholson Ride On,Fulltime-Regular,Bus Operator,03/02/2008,2008,52701.95
M,POL,Department of Police,PSB 3rd District Patrol,Fulltime-Regular,Police Officer I,07/16/2012,2012,59638.0
M,FRS,Fire and Rescue Services,Emergency Communications Center (ECC),Fulltime-Regular,Master Firefighter/Rescuer,03/17/2008,2008,74890.0
M,CAT,County Attorney's Office,Government Operations,Fulltime-Regular,Manager II,09/26/1988,1988,156525.0
F,HHS,Department of Health and Human Services,Area Health Centers,Fulltime-Regular,Community Health Nurse II,02/05/2001,2001,97912.0
F,DTS,Department of Technology Services,COO Office - Management Services,Fulltime-Regular,Fiscal Assistant,12/11/1989,1989,69222.18
M,FRS,Fire and Rescue Services,Station 23,Fulltime-Regular,Firefighter/Rescuer III,10/17/2005,2005,70396.0
M,POL,Department of Police,PSB 5th District Patrol,Fulltime-Regular,Police Services Assistant,03/05/2007,2007,48870.8
F,POL,Department of Police,PSB 5th District Patrol,Fulltime-Regular,Police Officer III,08/12/2002,2002,89620.0
F,POL,Department of Police,FSB Media Services Division,Fulltime-Regular,Public Information Officer II,07/30/2001,2001,102664.0
M,DGS,Department of General Services,Facilities Maintenance,Fulltime-Regular,Electrician I,01/27/2014,2014,63492.87
F,HHS,Department of Health and Human Services,Early Childhood Services,Fulltime-Regular,Program Manager II,09/05/2006,2006,98027.49
M,POL,Department of Police,PSB 4th District Patrol,Fulltime-Regular,Police Officer III,01/14/2008,2008,68054.0
F,COR,Correction and Rehabilitation,DS MCCF Unit 1 Security,Fulltime-Regular,Correctional Officer II (PFC),10/29/2007,2007,57186.0
M,FRS,Fire and Rescue Services,Safety,Fulltime-Regular,Fire/Rescue Captain,01/12/1998,1998,110229.0
M,CEC,Community Engagement Cluster,Silver Spring Urban District,Fulltime-Regular,Public Service Worker II,09/17/2008,2008,36651.52
M,OIG,Office of the Inspector General,Inspector General Staff,Fulltime-Regular,Manager II,06/28/2011,2011,156525.0
F,HHS,Department of Health and Human Services,Child Welfare Services,Fulltime-Regular,Social Worker II,10/19/2015,2015,58512.07
M,DOT,Department of Transportation,Transit Gaithersburg Ride On,Fulltime-Regular,Bus Operator,08/27/2012,2012,45048.5
F,LIB,Department of Public Libraries,Kensington Park Library,Parttime-Regular,Library Assistant I,05/18/2007,2007,19541.53
F,DPS,Department of Permitting Services,Land Development Sediment Stormwater Plan Review,Fulltime-Regular,Senior Permitting Services Specialist,11/16/2015,2015,107657.0
M,HHS,Department of Health and Human Services,Information Systems and Technology,Fulltime-Regular,Senior Information Technology Specialist,09/05/2000,2000,118400.0
,HHS,Department of Health and Human Services,"Planning, Accountability and Customer Service",Fulltime-Regular,Office Services Coordinator,12/27/2016,2016,40935.0
F,LIB,Department of Public Libraries,Director,Fulltime-Regular,Principal Administrative Aide,10/01/2007,2007,44851.63
F,COR,Correction and Rehabilitation,DS MCCF Unit 2 Security,Fulltime-Regular,Correctional Unit Commander (Captain),11/03/1986,1986,125487.68
M,POL,Department of Police,FSB Traffic Division Collision Reconstruction,Fulltime-Regular,Police Officer III,11/08/1999,1999,89620.0
M,DOT,Department of Transportation,Transit Gaithersburg Ride On,Fulltime-Regular,Bus Operator,11/02/1997,1997,64141.0
F,DEP,Department of Environmental Protection,Solid Waste Northern Operations,Fulltime-Regular,Senior Planning Specialist,12/26/2006,2006,93861.6
M,POL,Department of Police,PSB 3rd District Patrol,Fulltime-Regular,Police Officer II,08/12/2013,2013,58455.0
M,DTS,Department of Technology Services,EASD Web and Mobile Applications,Fulltime-Regular,Senior Information Technology Specialist,08/22/2016,2016,101000.0
F,LIB,Department of Public Libraries,Quince Orchard Library,Parttime-Regular,Library Assistant I,09/03/2002,2002,36036.11
F,POL,Department of Police,FSB Animal Services Division,Fulltime-Regular,Program Specialist I,09/08/2014,2014,47940.3
F,CAT,County Attorney's Office,Support Services,Fulltime-Regular,Legal Secretary II,09/11/1995,1995,68550.12
F,PIO,Office of Public Information,MC311,Fulltime-Regular,Customer Service Representative II,11/04/2002,2002,58483.81
M,POL,Department of Police,PSB 4th District Patrol,Fulltime-Regular,Police Officer III,07/21/2003,2003,80829.0
M,POL,Department of Police,PSB 3rd District Patrol,Fulltime-Regular,Police Officer III,07/12/2010,2010,65752.0
M,DGS,Department of General Services,ADA Compliance,Fulltime-Regular,Architect III,05/02/2016,2016,81405.0
M,HHS,Department of Health and Human Services,Child Welfare Services,Fulltime-Regular,Social Worker II,10/24/2011,2011,64871.95
F,POL,Department of Police,MSB Information Management and Technology Division,Fulltime-Regular,Information Technology Technician III,01/04/2010,2010,71054.35
M,DOT,Department of Transportation,Highway Services,Fulltime-Regular,Equipment Operator I,02/04/2008,2008,44758.55
M,SHF,Sheriff's Office,Administration,Fulltime-Regular,Deputy Sheriff Lieutenant,06/13/1994,1994,106448.44
M,FRS,Fire and Rescue Services,Station 23,Fulltime-Regular,Firefighter/Rescuer II,07/29/2013,2013,52693.0
F,HCA,Department of Housing and Community Affairs,Housing Landlord and Tenant Mediation,Fulltime-Regular,Investigator III,06/13/1988,1988,105743.92
F,REC,Department of Recreation,Coffield Community Recreation Center,Fulltime-Regular,Recreation Specialist,01/30/2000,2000,66894.28
M,COR,Correction and Rehabilitation,PRRS Reentry Services and Programs,Fulltime-Regular,Correctional Specialist III,03/27/1989,1989,100849.36
F,HHS,Department of Health and Human Services,Adult Drug Court,Fulltime-Regular,Therapist II,06/23/2008,2008,79617.07
M,DOT,Department of Transportation,Highway Administration,Fulltime-Regular,Highway Inspector II,11/03/2003,2003,63123.37
F,POL,Department of Police,PSB 4th District Patrol,Fulltime-Regular,Police Services Assistant,05/07/1990,1990,69222.18
F,LIB,Department of Public Libraries,Chevy Chase Library,Fulltime-Regular,Librarian II,12/03/2012,2012,64873.05
M,DLC,Department of Liquor Control,Clarksburg Village,Fulltime-Regular,Liquor Store Assistant Manager,04/19/1999,1999,68080.73
F,HHS,Department of Health and Human Services,STD and HIV Services,Fulltime-Regular,Community Health Nurse II,01/03/1978,1978,100849.36
F,HHS,Department of Health and Human Services,"Chief, Children Youth and Families",Fulltime-Regular,Chief Children Youth and Family Services,10/19/1977,1977,169950.0
F,POL,Department of Police,FSB Traffic Division School Safety Section,Parttime-Regular,Crossing Guard,08/15/1994,1994,26208.35
M,PIO,Office of Public Information,MC311,Fulltime-Regular,Customer Service Representative II,06/16/2014,2014,43849.84
M,DOT,Department of Transportation,Transit Nicholson Ride On,Fulltime-Regular,Bus Operator,11/10/2014,2014,42053.42
M,DEP,Department of Environmental Protection,Watershed Restoration and Capital Projects,Fulltime-Regular,Engineer II,05/23/1988,1988,91751.37
M,DOT,Department of Transportation,Transit Silver Spring Ride On,Fulltime-Regular,Bus Operator,10/08/2012,2012,45049.12
M,HCA,Department of Housing and Community Affairs,Multi-Family Housing Program,Fulltime-Regular,Manager III,09/02/2008,2008,135392.0
M,FRS,Fire and Rescue Services,Station 10,Fulltime-Regular,Firefighter/Rescuer II,09/22/2014,2014,50910.0
M,POL,Department of Police,HQ Office of the Chief Internal Affairs Division,Fulltime-Regular,Police Sergeant,09/07/1999,1999,103506.0
F,LIB,Department of Public Libraries,Collection Development,Parttime-Regular,Library Technician,07/17/1972,1972,36120.86
M,DLC,Department of Liquor Control,Downtown Rockville,Parttime-Regular,Liquor Store Clerk I,08/08/2016,2016,27805.44
M,FRS,Fire and Rescue Services,Fleet Operations,Fulltime-Regular,Emergency Vehicle Mechanic Technician II,09/09/2013,2013,65943.48
M,DOT,Department of Transportation,Transit Central Communication,Fulltime-Regular,Transit Communications Supervisor,02/19/1985,1985,75277.02
M,LIB,Department of Public Libraries,Materials Delivery,Fulltime-Regular,Driver/Clerk,09/29/2008,2008,41270.12
M,DOT,Department of Transportation,Highway Services,Fulltime-Regular,Equipment Operator Apprentice,10/31/2016,2016,33395.0
F,POL,Department of Police,MSB Information Mgmt and Tech Division Telephone Reporting Section,Fulltime-Regular,Office Services Coordinator,10/15/1990,1990,69222.18
M,DOT,Department of Transportation,Highway Services,Fulltime-Regular,Equipment Operator III,08/13/1984,1984,69222.18
M,CEC,Community Engagement Cluster,Wheaton Urban District,Fulltime-Regular,Urban District Public Service Aide,05/12/1996,1996,50890.0
M,FRS,Fire and Rescue Services,Second Battalion - Administration,Fulltime-Regular,Fire/Rescue Battalion Chief,11/17/1997,1997,125496.15
M,FRS,Fire and Rescue Services,Training,Fulltime-Regular,Fire/Rescue Lieutenant,05/16/2005,2005,92576.0
F,CCL,County Council,Council Central Staff,Fulltime-Regular,Program Manager I,08/24/1987,1987,92846.53
M,DOT,Department of Transportation,Transportation Planning and Design Section,Fulltime-Regular,Capital Projects Manager,01/05/1998,1998,130240.0
M,DGS,Department of General Services,Facilities Maintenance,Fulltime-Regular,Plumber II,05/05/2014,2014,64853.44
M,POL,Department of Police,PSB 1st District Patrol,Fulltime-Regular,Master Police Officer,03/16/1998,1998,94099.0
F,HHS,Department of Health and Human Services,School Health Services,Parttime-Regular,School Health Room Technician I,08/04/2003,2003,46516.83
F,DLC,Department of Liquor Control,Cabin John,Parttime-Regular,Liquor Store Clerk I,11/09/2012,2012,29779.06
F,HHS,Department of Health and Human Services,School Health Services,Parttime-Regular,School Health Room Technician I,08/06/2007,2007,33568.92
M,POL,Department of Police,PSB 1st District Patrol,Fulltime-Regular,Police Officer III,06/24/2002,2002,83658.0
M,SHF,Sheriff's Office,Court and Transport,Fulltime-Regular,Deputy Sheriff Sergeant,08/19/1996,1996,96763.35
M,DOT,Department of Transportation,Highway Services,Fulltime-Regular,Equipment Operator I,11/01/2004,2004,49625.72
M,CCL,County Council,Council Members and Staff,Fulltime-Regular,Confidential Aide,12/04/2006,2006,115627.79
M,DLC,Department of Liquor Control,Liquor and Wine Delivery Operations,Fulltime-Regular,Work Force Leader II,05/18/1998,1998,67538.28
M,POL,Department of Police,PSB 4th District Patrol,Fulltime-Regular,Police Officer III,07/17/2006,2006,72902.0
M,DLC,Department of Liquor Control,Liquor and Wine Delivery Operations,Fulltime-Regular,Truck Driver Helper/Warehouse Worker,07/14/2008,2008,38480.14
F,DOT,Department of Transportation,Transit Special Transportation and Medicaid,Fulltime-Regular,Income Assistance Program Specialist II,05/30/2006,2006,60153.67
M,COR,Correction and Rehabilitation,DS MCCF Unit 2 Security,Fulltime-Regular,Correctional Officer II (PFC),03/09/2015,2015,48145.0
F,DOT,Department of Transportation,Transit Nicholson Ride On,Fulltime-Regular,Bus Operator,04/14/1986,1986,66065.23
M,POL,Department of Police,PSB 6th District Traffic Squad,Fulltime-Regular,Police Officer III,02/06/1995,1995,92756.7
F,CAT,County Attorney's Office,Finance and Procurement,Fulltime-Regular,Assistant County Attorney III,05/12/2008,2008,115288.33
M,HHS,Department of Health and Human Services,School Health Services Center,Parttime-Regular,School Health Room Technician I,07/26/2016,2016,28461.33
M,DOT,Department of Transportation,Transit Nicholson Ride On,Fulltime-Regular,Bus Operator,03/02/2008,2008,54817.45
M,DGS,Department of General Services,Fleet Management Services,Fulltime-Regular,Senior Supply Technician,04/02/2007,2007,70422.0
M,POL,Department of Police,PSB 6th District Patrol,Fulltime-Regular,Police Officer III,08/07/1989,1989,92756.7
F,HHS,Department of Health and Human Services,Juvenile Justice Services,Fulltime-Regular,Social Worker III,03/09/2015,2015,59072.0
M,FRS,Fire and Rescue Services,Station 30,Fulltime-Regular,Firefighter/Rescuer III,01/30/2006,2006,70052.0
M,FRS,Fire and Rescue Services,Station 3,Fulltime-Regular,Master Firefighter/Rescuer,07/24/1989,1989,91969.07
F,POL,Department of Police,MSB Information Management and Technology DivisioinCrime Analysis Section,Fulltime-Regular,Program Manager I,06/20/1983,1983,95263.92
F,HHS,Department of Health and Human Services,Child Welfare Services,Fulltime-Regular,Program Specialist II,01/24/1994,1994,76070.52
M,DLC,Department of Liquor Control,Silver Spring,Fulltime-Regular,Liquor Store Assistant Manager,08/21/2006,2006,53495.79
M,FRS,Fire and Rescue Services,Station 8,Fulltime-Regular,Firefighter/Rescuer III,07/29/2013,2013,55328.0
M,COR,Correction and Rehabilitation,DS MCCF Unit 1 Security,Fulltime-Regular,Correctional Supervisor (Sergeant),02/27/1995,1995,88008.35
F,POL,Department of Police,MSB Communications Division,Fulltime-Regular,Public Safety Communications Specialist III,09/10/2001,2001,75370.94
M,DLC,Department of Liquor Control,Goshen Crossing,Fulltime-Regular,Liquor Store Manager,10/02/1995,1995,77259.31
M,DOT,Department of Transportation,Transit Gaithersburg Ride On,Fulltime-Regular,Senior Transit Information Systems Technician,03/21/1988,1988,83497.98
M,POL,Department of Police,PSB 3rd District Special Assignment Team,Fulltime-Regular,Police Officer III,03/04/2002,2002,86588.0
M,POL,Department of Police,PSB 3rd District Patrol,Fulltime-Regular,Police Officer III,07/19/2004,2004,78096.0
F,LIB,Department of Public Libraries,Gaithersburg Library,Parttime-Regular,Library Desk Assistant,12/20/1994,1994,28738.03
M,DPS,Department of Permitting Services,Land Development Right-of-Way Plan Review,Fulltime-Regular,Senior Permitting Services Specialist,11/04/2002,2002,107657.0
F,CAT,County Attorney's Office,Support Services,Fulltime-Regular,Legal Secretary I,06/30/2014,2014,51021.06
F,HHS,Department of Health and Human Services,Child Welfare Services,Fulltime-Regular,Social Worker II,06/17/2013,2013,62678.98
F,POL,Department of Police,PSB 2nd District Patrol,Fulltime-Regular,Police Officer III,01/18/2005,2005,75453.0
F,COR,Correction and Rehabilitation,DS MCCF Unit 2 Security,Fulltime-Regular,Correctional Officer III (Corporal),09/24/2012,2012,58720.0
M,OIG,Office of the Inspector General,Director,Fulltime-Regular,Inspector General,04/26/2011,2011,169627.18
F,HHS,Department of Health and Human Services,Income Supports,Fulltime-Regular,Income Assistance Program Specialist II,08/08/2016,2016,56026.45
F,DOT,Department of Transportation,Transit Silver Spring Ride On,Fulltime-Regular,Bus Operator,02/07/1999,1999,64141.0
F,DGS,Department of General Services,Facilities Maintenance,Fulltime-Regular,Administrative Specialist II,02/14/2000,2000,78451.65
F,BOE,Board of Elections,Polling Place Management,Fulltime-Regular,Program Specialist II,11/04/2013,2013,68338.75
M,DOT,Department of Transportation,Highway Services,Fulltime-Regular,Equipment Operator Apprentice,10/31/2016,2016,33395.0
M,DOT,Department of Transportation,Transit Gaithersburg Ride On,Fulltime-Regular,Bus Operator,11/28/2011,2011,45049.12
M,POL,Department of Police,PSB 3rd District Patrol,Fulltime-Regular,Police Officer I,10/06/2014,2014,53788.0
M,DGS,Department of General Services,Administration and Budget,Fulltime-Regular,Management and Budget Specialist III,09/21/2015,2015,85153.93
M,FRS,Fire and Rescue Services,Emergency Communications Center (ECC),Fulltime-Regular,Fire/Rescue Lieutenant,03/17/2008,2008,82911.0
M,FRS,Fire and Rescue Services,Station 3,Fulltime-Regular,Master Firefighter/Rescuer,06/07/2004,2004,88846.0
M,COR,Correction and Rehabilitation,DS MCCF Unit 2 Security,Fulltime-Regular,Correctional Officer III (Corporal),06/04/2012,2012,56733.0
M,DTS,Department of Technology Services,ETSD Network Services,Fulltime-Regular,Manager III,05/05/2003,2003,135378.04
F,POL,Department of Police,MSB Information Management and Technology Division Data Systems Section,Fulltime-Regular,Office Services Coordinator,03/08/2004,2004,51466.63
M,DOT,Department of Transportation,Highway Services,Fulltime-Regular,Equipment Operator I,04/23/2012,2012,43243.96
M,COR,Correction and Rehabilitation,DS MCDC Custody and Security,Fulltime-Regular,Correctional Supervisor (Sergeant),12/26/2006,2006,71941.0
F,DOT,Department of Transportation,Transit Silver Spring Ride On,Fulltime-Regular,Bus Operator,02/22/2016,2016,39257.31
M,DOT,Department of Transportation,Highway Services,Fulltime-Regular,Program Manager I,07/01/1974,1974,95263.92
F,HHS,Department of Health and Human Services,Director's Office,Fulltime-Regular,Administrative Specialist II,05/07/2001,2001,84974.0
M,POL,Department of Police,ISB Criminal Investigations Division Financial Crimes Section,Fulltime-Regular,Police Sergeant,09/12/1988,1988,107128.71
M,DOT,Department of Transportation,Transportation Technical Center,Fulltime-Regular,Traffic Field Service Technician II,11/26/1979,1979,63067.93
M,POL,Department of Police,MSB Communications Division,Fulltime-Regular,Public Safety Emergency Communications Supervisor,01/05/2009,2009,68423.48
F,HHS,Department of Health and Human Services,Home Energy Assistance Program,Fulltime-Regular,Income Assistance Program Specialist II,02/11/2013,2013,54402.73
F,FRS,Fire and Rescue Services,Station 33,Fulltime-Regular,Master Firefighter/Rescuer,02/11/2002,2002,94555.0
M,FRS,Fire and Rescue Services,Station 28,Fulltime-Regular,Master Firefighter/Rescuer,05/16/2005,2005,79471.0
M,DOT,Department of Transportation,Highway Services,Fulltime-Regular,Equipment Operator II,05/20/1974,1974,66065.23
M,COR,Correction and Rehabilitation,DS MCDC Custody and Security,Fulltime-Regular,Correctional Officer III (Corporal),01/14/2013,2013,56733.0
M,FIN,Department of Finance,Payroll,Fulltime-Regular,Program Manager I,04/20/2015,2015,85939.26
M,FRS,Fire and Rescue Services,First Battalion - Administration,Fulltime-Regular,Fire/Rescue Captain,06/13/1988,1988,118080.06
M,DOT,Department of Transportation,Transit Gaithersburg Ride On,Fulltime-Regular,Bus Operator,01/27/1992,1992,66065.23
F,HHS,Department of Health and Human Services,Care Coordination,Fulltime-Regular,Community Health Nurse II,10/16/2006,2006,92256.44
F,DOT,Department of Transportation,Transit Commuter Services Trips,Fulltime-Regular,Office Services Coordinator,02/01/1988,1988,69222.18
F,POL,Department of Police,FSB Traffic Division School Safety Section,Parttime-Regular,Crossing Guard,12/16/2002,2002,22529.52
M,DPS,Department of Permitting Services,Zoning,Fulltime-Regular,Permitting Services Specialist II,07/23/1990,1990,100849.36
M,SHF,Sheriff's Office,Administration,Fulltime-Regular,Deputy Sheriff Candidate,07/11/2016,2016,47693.0
M,DPS,Department of Permitting Services,Fire Code Compliance,Fulltime-Regular,Permitting and Code Enforcement Inspector III,09/08/2014,2014,63107.38
F,DOT,Department of Transportation,Transportation Engineering Administration,Fulltime-Regular,Manager II,04/14/1997,1997,155052.34
F,POL,Department of Police,FSB Animal Services Division,Fulltime-Regular,Animal Care Attendant,12/30/2013,2013,41781.91
M,POL,Department of Police,PSB 5th District Patrol,Fulltime-Regular,Master Police Officer,02/06/1995,1995,97392.47
F,FRS,Fire and Rescue Services,Station 1,Fulltime-Regular,Firefighter/Rescuer III,01/14/2013,2013,61408.0
M,POL,Department of Police,PSB 6th District Special Assignment Team,Fulltime-Regular,Police Officer III,05/29/2007,2007,70435.0
M,REC,Department of Recreation,Office of the Director,Fulltime-Regular,Director Department of Recreation,01/30/2007,2007,184314.0
M,FRS,Fire and Rescue Services,Station 13,Fulltime-Regular,Master Firefighter/Rescuer,08/17/1998,1998,97560.0
F,HHS,Department of Health and Human Services,Income Supports,Fulltime-Regular,Income Assistance Program Specialist II,05/06/1996,1996,83497.98
M,DGS,Department of General Services,Facilities Maintenance,Fulltime-Regular,Locksmith,05/02/2016,2016,59276.91
M,DLC,Department of Liquor Control,Liquor and Wine Delivery Operations,Fulltime-Regular,Truck Driver/Warehouse Worker,03/19/2007,2007,48260.15
F,POL,Department of Police,MSB Communications Division,Fulltime-Regular,Public Safety Emergency Call-Taker II,05/20/2013,2013,45701.39
F,HHS,Department of Health and Human Services,Child Welfare Services,Fulltime-Regular,Social Worker III,07/19/2010,2010,68364.67
F,HHS,Department of Health and Human Services,Income Supports,Fulltime-Regular,Income Assistance Program Specialist III,01/01/1985,1985,91751.37
F,HCA,Department of Housing and Community Affairs,Asset Management,Fulltime-Regular,Program Manager I,11/03/2003,2003,88834.2
M,FRS,Fire and Rescue Services,Station 16,Fulltime-Regular,Master Firefighter/Rescuer,01/12/1998,1998,88859.0
F,HHS,Department of Health and Human Services,Medical Assistance Eligibility Services,Fulltime-Regular,Income Assistance Program Specialist II,07/02/2012,2012,63955.52
F,POL,Department of Police,ISB Major Crimes Division Homicide and Sex Section,Fulltime-Regular,Police Officer III,09/29/1997,1997,89620.0
M,DOT,Department of Transportation,Transit Nicholson Ride On,Fulltime-Regular,Transit Coordinator,04/16/2000,2000,64836.35
M,DOT,Department of Transportation,Transit Silver Spring Ride On,Fulltime-Regular,Bus Operator,01/04/2016,2016,40631.32
F,DOT,Department of Transportation,Transit Gaithersburg Ride On,Fulltime-Regular,Bus Operator,08/18/2014,2014,40631.72
M,FRS,Fire and Rescue Services,Station 2,Fulltime-Regular,Firefighter/Rescuer III,09/04/2007,2007,65716.0
F,HHS,Department of Health and Human Services,School Health Services,Parttime-Regular,School Health Room Technician I,08/09/2004,2004,43425.63
F,HHS,Department of Health and Human Services,Chief Operating Officer,Fulltime-Regular,Program Manager II,11/30/2015,2015,78013.13
M,FRS,Fire and Rescue Services,Station 10,Fulltime-Regular,Firefighter/Rescuer III,10/09/2006,2006,65716.0
F,HHS,Department of Health and Human Services,Mental Health Services Seniors and Persons with Disabilities,Fulltime-Regular,Program Manager II,01/28/1991,1991,104717.28
M,DOT,Department of Transportation,Transit Silver Spring Ride On,Fulltime-Regular,Bus Operator,02/03/2002,2002,58671.02
M,PIO,Office of Public Information,MC311,Fulltime-Regular,Customer Service Representative I,02/24/2014,2014,39351.07
M,SHF,Sheriff's Office,Court and Transport,Fulltime-Regular,Deputy Sheriff Sergeant,09/18/1995,1995,96763.35
M,REC,Department of Recreation,Automation,Fulltime-Regular,Information Technology Specialist I,09/21/2015,2015,67345.09
F,DPS,Department of Permitting Services,Customer Service & Outreach,Fulltime-Regular,Manager III,10/30/2006,2006,129403.12
M,HCA,Department of Housing and Community Affairs,Common Ownership Community Program,Fulltime-Regular,Investigator III,05/11/1987,1987,105743.92
F,POL,Department of Police,MSB Information Management and Technology Division,Fulltime-Regular,Administrative Specialist III,02/25/2013,2013,58360.06
M,COR,Correction and Rehabilitation,DS MCDC Central Processing Unit,Fulltime-Regular,Correctional Officer III (Corporal),05/30/2006,2006,65105.0
F,LIB,Department of Public Libraries,Silver Spring Library,Parttime-Regular,Library Associate,10/17/2012,2012,34739.52
M,DGS,Department of General Services,Fleet Management Fleet Services,Fulltime-Regular,Mechanic Technician II,01/03/2000,2000,73801.0
F,HHS,Department of Health and Human Services,Care Coordination,Fulltime-Regular,Office Services Coordinator,09/17/1984,1984,69222.18
F,CAT,County Attorney's Office,Administration,Fulltime-Regular,Imaging Operator I,01/29/2007,2007,39455.54
M,POL,Department of Police,PSB 4th District Patrol,Fulltime-Regular,Police Sergeant,08/19/1996,1996,107128.71
M,DLC,Department of Liquor Control,Beer Delivery Operations,Fulltime-Regular,Truck Driver/Warehouse Worker,10/11/2006,2006,46626.06
M,DGS,Department of General Services,Facilities Maintenance,Fulltime-Regular,HVAC Mechanic I,01/06/2003,2003,73801.0
M,HHS,Department of Health and Human Services,Child Welfare Services,Fulltime-Regular,Social Worker II,02/20/1994,1994,96197.88
F,HHS,Department of Health and Human Services,Emergency Housing Assistance,Fulltime-Regular,Principal Administrative Aide,02/15/1989,1989,60201.44
M,DOT,Department of Transportation,Transit Gaithersburg Ride On,Fulltime-Regular,Bus Operator,08/12/2013,2013,43525.71
F,POL,Department of Police,FSB Traffic Division School Safety Section,Parttime-Regular,Crossing Guard,01/22/2001,2001,24134.31
M,DEP,Department of Environmental Protection,Watershed Restoration and Capital Projects,Fulltime-Regular,Planning Specialist III,02/05/1996,1996,96197.88
M,POL,Department of Police,PSB 6th District Patrol,Fulltime-Regular,Police Officer III,01/26/2004,2004,78096.0
F,LIB,Department of Public Libraries,Cataloging and Preparation,Fulltime-Regular,Library Technician,06/24/1996,1996,60201.44
F,HHS,Department of Health and Human Services,Care Coordination,Fulltime-Regular,Community Health Nurse II,06/13/2005,2005,91827.56
M,FRS,Fire and Rescue Services,Station 3,Fulltime-Regular,Firefighter/Rescuer III,10/09/2006,2006,68015.0
M,FRS,Fire and Rescue Services,Station 8,Fulltime-Regular,Firefighter/Rescuer III,03/17/2008,2008,63493.0
F,CCL,County Council,Council Members and Staff,Fulltime-Regular,Legislative Senior Aide I,03/26/2012,2012,55976.97
M,POL,Department of Police,PSB 5th District Patrol,Fulltime-Regular,Police Officer III,01/14/2002,2002,83658.0
F,COR,Correction and Rehabilitation,DS MCCF Unit 2 Security,Fulltime-Regular,Correctional Officer II (PFC),09/21/2015,2015,48145.0
M,DGS,Department of General Services,Central Duplicating,Fulltime-Regular,Truck Driver/Warehouse Worker,05/07/2012,2012,49732.31
M,FRS,Fire and Rescue Services,Rescue 2,Fulltime-Regular,Firefighter/Rescuer III,09/02/2008,2008,70884.0
F,HHS,Department of Health and Human Services,Medical Assistance Eligibility Services,Fulltime-Regular,Income Assistance Program Specialist II,05/07/2012,2012,54402.73
M,FRS,Fire and Rescue Services,Station 29,Fulltime-Regular,Fire/Rescue Captain,11/17/1997,1997,112266.0
M,DTS,Department of Technology Services,Enterprise Information Security Office,Fulltime-Regular,Information Technology Specialist I,11/24/2014,2014,73365.0
M,POL,Department of Police,PSB 3rd District Patrol,Fulltime-Regular,Police Officer I,02/09/2015,2015,51969.0
F,HHS,Department of Health and Human Services,Home Energy Assistance Program,Fulltime-Regular,Income Assistance Program Specialist III,10/17/2016,2016,54000.0
M,POL,Department of Police,PSB 3rd District Special Assignment Team,Fulltime-Regular,Master Police Officer,03/12/2001,2001,94099.0
M,DGS,Department of General Services,Facilities Maintenance,Fulltime-Regular,Building Services Worker II,11/26/2000,2000,42268.33
M,DOT,Department of Transportation,Highway Services,Fulltime-Regular,Equipment Operator I,06/17/2013,2013,41781.91
M,HCA,Department of Housing and Community Affairs,Management Services,Fulltime-Regular,Information Technology Technician III,10/29/2001,2001,57594.06
F,HCA,Department of Housing and Community Affairs,Director Administration,Fulltime-Regular,Senior Executive Administrative Aide,03/01/1978,1978,75277.02
F,DLC,Department of Liquor Control,"Licensure, Regulation and Education",Fulltime-Regular,Administrative Specialist II,03/09/2015,2015,58353.82
F,LIB,Department of Public Libraries,Detention Center Library,Fulltime-Regular,Senior Librarian,02/25/2013,2013,76332.22
M,FRS,Fire and Rescue Services,Station 10,Fulltime-Regular,Fire/Rescue Lieutenant,07/27/1981,1981,106754.6
M,COR,Correction and Rehabilitation,DS Inmate Records,Fulltime-Regular,Administrative Specialist II,03/13/1995,1995,86673.48
M,DOT,Department of Transportation,Sign and Marking Shop,Fulltime-Regular,Public Service Worker IV,08/06/2007,2007,47736.63
M,FRS,Fire and Rescue Services,Fire and Explosive Investigations,Fulltime-Regular,Fire/Rescue Lieutenant,08/27/1984,1984,106754.6
M,COR,Correction and Rehabilitation,DS Food Services,Fulltime-Regular,Correctional Dietary Officer II,11/24/2008,2008,49104.65
F,DGS,Department of General Services,Facilities Maintenance,Fulltime-Regular,Building Services Worker II,06/11/2007,2007,36992.05
M,FRS,Fire and Rescue Services,Station 25,Fulltime-Regular,Firefighter/Rescuer III,01/14/2013,2013,63445.0
M,DOT,Department of Transportation,Transit Silver Spring Ride On,Fulltime-Regular,Transit Operations Supervisor,02/25/2013,2013,69368.25
F,COR,Correction and Rehabilitation,DS MCCF Unit 3 Security,Fulltime-Regular,Correctional Officer III (Corporal),04/17/2006,2006,65105.0
M,DOT,Department of Transportation,Transit Operations and Planning,Fulltime-Regular,Transit Analyst,01/07/2013,2013,47301.58
M,DOT,Department of Transportation,Transit Silver Spring Ride On,Fulltime-Regular,Bus Operator,09/30/2001,2001,58657.24
M,CCL,County Council,Council Members and Staff,Fulltime-Regular,Public Administration Associate,01/26/2015,2015,50396.48
M,FRS,Fire and Rescue Services,Station 32,Fulltime-Regular,Firefighter/Rescuer II,09/22/2014,2014,50910.0
M,FRS,Fire and Rescue Services,Station 18,Fulltime-Regular,Firefighter/Rescuer III,09/20/1993,1993,83611.44
F,FRS,Fire and Rescue Services,Support Services Division,Fulltime-Regular,Office Services Coordinator,11/03/2003,2003,67206.0
M,DOT,Department of Transportation,Transit Nicholson Ride On,Fulltime-Regular,Bus Operator,11/26/2007,2007,46626.87
M,DOT,Department of Transportation,Parking Management Administration,Fulltime-Regular,Planning Specialist III,11/28/2016,2016,70000.0
M,DOT,Department of Transportation,Transit Silver Spring Ride On,Fulltime-Regular,Bus Operator,09/04/2006,2006,50699.16
M,POL,Department of Police,Patrol Services Bureau,Fulltime-Regular,Police Lieutenant,01/18/1994,1994,123902.96
M,POL,Department of Police,ISB Criminal Investigations Division Forensic Services Section,Fulltime-Regular,Forensic Firearms/Toolmark Examiner,10/08/2012,2012,95933.26
F,HHS,Department of Health and Human Services,24 Hours Crisis Center,Fulltime-Regular,Therapist II,12/13/2004,2004,90937.39
M,DOT,Department of Transportation,Highway Services,Fulltime-Regular,Equipment Operator I,12/17/2012,2012,42153.85
M,FRS,Fire and Rescue Services,Station 21,Fulltime-Regular,Fire/Rescue Captain,11/16/1992,1992,117174.02
M,FRS,Fire and Rescue Services,Station 33,Fulltime-Regular,Fire/Rescue Captain,01/12/1998,1998,118930.0
M,FRS,Fire and Rescue Services,Recruit Training,Fulltime-Regular,Firefighter/Rescuer I (Recruit),12/12/2016,2016,45261.0
F,HHS,Department of Health and Human Services,School Health Services,Fulltime-Regular,Community Health Nurse II,12/21/1992,1992,100849.36
F,HHS,Department of Health and Human Services,Social Services Officer,Fulltime-Regular,Program Manager - Sr II,03/18/2015,2015,47985.0
M,FRS,Fire and Rescue Services,Station 33,Fulltime-Regular,Firefighter/Rescuer III,09/04/2001,2001,72861.0
F,COR,Correction and Rehabilitation,MSD Budget/Procurement and Contracts,Fulltime-Regular,Administrative Specialist III,11/07/2011,2011,66463.57
F,HHS,Department of Health and Human Services,Child Welfare Services,Fulltime-Regular,Information and Referral Aide II,01/07/2008,2008,55014.29
M,DPS,Department of Permitting Services,Building Construction Permit Processing,Fulltime-Regular,Permit Technician II,10/12/1998,1998,70422.0
M,DOT,Department of Transportation,Transit Gaithersburg Ride On,Fulltime-Regular,Bus Operator,06/23/2003,2003,48981.15
F,DPS,Department of Permitting Services,Land Development Permit Processing,Fulltime-Regular,Permit Technician III,08/17/1983,1983,79663.29
M,FRS,Fire and Rescue Services,Station 9,Fulltime-Regular,Master Firefighter/Rescuer,09/28/1986,1986,103888.98
M,DOT,Department of Transportation,Transit Nicholson Ride On,Fulltime-Regular,Bus Operator,01/21/2008,2008,46626.87
M,HHS,Department of Health and Human Services,"Chief, Behavioral Health and Crisis Services",Fulltime-Regular,Chief Behavioral Health and Crisis Services,07/13/2009,2009,159266.0
M,FRS,Fire and Rescue Services,Station 32,Fulltime-Regular,Firefighter/Rescuer II,03/10/2014,2014,50910.0
M,COR,Correction and Rehabilitation,PTS Diversion Services,Fulltime-Regular,Manager III,07/21/1997,1997,102659.52
M,DOT,Department of Transportation,Transit Nicholson Ride On,Fulltime-Regular,Bus Operator,06/11/2006,2006,48258.81
M,COR,Correction and Rehabilitation,DS MCCF Unit 3 Security,Fulltime-Regular,Correctional Officer III (Corporal),08/14/2000,2000,77328.0
M,FRS,Fire and Rescue Services,Station 34,Fulltime-Regular,Firefighter/Rescuer III,03/19/2007,2007,65716.0
F,HHS,Department of Health and Human Services,Emergency Housing Assistance,Fulltime-Regular,Social Worker III,08/07/2006,2006,79326.14
F,POL,Department of Police,PSB 4th District Patrol,Fulltime-Regular,Police Officer III,06/01/2010,2010,68054.0
F,DOT,Department of Transportation,Transit Nicholson Ride On,Fulltime-Regular,Bus Operator,02/16/2004,2004,55122.12
M,DLC,Department of Liquor Control,"Licensure, Regulation and Education",Fulltime-Regular,Alcohol/Tobacco Enforcement Specialist II,11/10/2008,2008,80980.21
M,FRS,Fire and Rescue Services,Station 6,Fulltime-Regular,Fire/Rescue Lieutenant,06/07/2004,2004,88168.0
M,POL,Department of Police,PSB 4th District Station,Fulltime-Regular,Police Lieutenant,09/26/1983,1983,136293.25
F,POL,Department of Police,ISB Criminal Investigations Division Forensic Services Section,Fulltime-Regular,Forensic Firearms/Toolmark Examiner,11/05/2012,2012,95933.26
M,DOT,Department of Transportation,Highway Services,Fulltime-Regular,Equipment Operator I,04/09/2012,2012,41781.91
F,COR,Correction and Rehabilitation,PTS Intervention Program for Substance Abusers,Fulltime-Regular,Laboratory Assistant,11/20/2000,2000,56620.34
M,DOT,Department of Transportation,Transit Nicholson Ride On,Fulltime-Regular,Bus Operator,05/20/2013,2013,43525.72
M,FRS,Fire and Rescue Services,Station 2,Fulltime-Regular,Fire/Rescue Captain,11/17/1997,1997,110229.0
M,CUS,Community Use of Public Facilities,Scheduling Team,Fulltime-Regular,Manager III,12/05/1988,1988,110424.49
M,DEP,Department of Environmental Protection,Water and Waste Water Management,Fulltime-Regular,Senior Engineer,04/03/1995,1995,116285.97
F,DGS,Department of General Services,Fleet Management Services,Fulltime-Regular,Office Services Coordinator,02/21/2006,2006,67206.0
M,HHS,Department of Health and Human Services,Positive Youth Development,Fulltime-Regular,Community Outreach Manager,10/17/2005,2005,118400.0
M,HHS,Department of Health and Human Services,Compliance Team,Fulltime-Regular,Senior Financial Specialist,09/24/2001,2001,102664.0
M,POL,Department of Police,PSB 4th District Traffic Squad,Fulltime-Regular,Police Officer III,04/12/1999,1999,89620.0
M,POL,Department of Police,PSB 4th District Patrol,Fulltime-Regular,Police Officer I,02/24/2014,2014,51969.0
M,HCA,Department of Housing and Community Affairs,Housing,Fulltime-Regular,Manager II,04/09/2012,2012,153412.57
F,POL,Department of Police,PSB 6th District Patrol,Fulltime-Regular,Police Officer III,01/14/2002,2002,83658.0
M,FRS,Fire and Rescue Services,Station 31,Fulltime-Regular,Firefighter/Rescuer III,02/27/2012,2012,65382.0
F,OAG,Office of Agriculture,Administration,Fulltime-Regular,Administrative Specialist II,01/08/2007,2007,76566.35
M,POL,Department of Police,PSB 6th District Patrol,Fulltime-Regular,Police Sergeant,07/06/1992,1992,107128.71
M,DOT,Department of Transportation,Transit Silver Spring Ride On,Fulltime-Regular,Bus Operator,04/06/2003,2003,56688.39
F,HHS,Department of Health and Human Services,School Health Services,Parttime-Regular,School Health Room Technician I,03/12/2013,2013,38085.01
F,DOT,Department of Transportation,Transit Silver Spring Ride On,Fulltime-Regular,Principal Administrative Aide,03/03/2008,2008,43334.91
F,HHS,Department of Health and Human Services,Income Supports,Fulltime-Regular,Income Assistance Program Specialist III,11/13/2000,2000,76139.65
M,DGS,Department of General Services,Fleet Management Administration,Fulltime-Regular,Equipment Services Coordinator,05/31/2005,2005,97912.0
M,CAT,County Attorney's Office,"Zoning, Land Use and Economic Development",Fulltime-Regular,Assistant County Attorney III,06/12/2006,2006,97107.24
M,DEP,Department of Environmental Protection,Stormwater Facility Inspection and Maintenance,Fulltime-Regular,Program Manager II,12/30/1974,1974,104717.28
M,DOT,Department of Transportation,Transit Silver Spring Ride On,Fulltime-Regular,Transit Coordinator,01/21/2001,2001,66782.46
M,POL,Department of Police,PSB 1st District Patrol,Fulltime-Regular,Police Officer III,01/14/2008,2008,80829.0
F,DTS,Department of Technology Services,EASD Web and Mobile Applications,Fulltime-Regular,Senior Information Technology Specialist,04/06/1998,1998,118400.0
M,DLC,Department of Liquor Control,Beer Delivery Operations,Fulltime-Regular,Truck Driver/Warehouse Worker,01/07/2008,2008,48258.81
M,FRS,Fire and Rescue Services,Operations Division,Fulltime-Regular,Fire/Rescue Battalion Chief,07/01/1985,1985,135945.95
M,DTS,Department of Technology Services,COO Office - Project Mangement Office,Fulltime-Regular,Manager III,05/19/2003,2003,135063.16
M,DOT,Department of Transportation,Transit Gaithersburg Ride On,Fulltime-Regular,Bus Operator,07/18/1999,1999,64141.0
M,POL,Department of Police,FSB Special Operations Division Canine Section,Fulltime-Regular,Police Officer III,01/18/1994,1994,92756.7
M,COR,Correction and Rehabilitation,DS Intake Classification and Re-Entry Services,Fulltime-Regular,Correctional Supervisor (Sergeant),07/06/1987,1987,94277.96
M,COR,Correction and Rehabilitation,DS MCCF Unit 1 Security,Fulltime-Regular,Correctional Supervisor (Sergeant),04/29/2002,2002,82556.0
F,POL,Department of Police,MSB Communications Division,Fulltime-Regular,Public Safety Emergency Communications Supervisor,03/05/2007,2007,70820.09
F,OHR,Office of Human Resources,Recruitment and Selection Division,Fulltime-Regular,Manager III,11/16/1987,1987,135392.0
M,POL,Department of Police,FSB Traffic Division Collision Reconstruction,Fulltime-Regular,Police Officer III,07/16/2007,2007,70435.0
M,POL,Department of Police,ISB Major Crimes Division Homicide and Sex Section,Fulltime-Regular,Police Officer III,08/31/1998,1998,89620.0
F,DOT,Department of Transportation,Transit Silver Spring Ride On,Fulltime-Regular,Bus Operator,09/28/2015,2015,40631.32
F,DOT,Department of Transportation,Transit Silver Spring Ride On,Fulltime-Regular,Bus Operator,09/10/1990,1990,66065.23
M,FRS,Fire and Rescue Services,Station 31,Fulltime-Regular,Fire/Rescue Captain,02/14/2000,2000,120967.0
M,DGS,Department of General Services,Fleet Automotive Heavy Equipment,Fulltime-Regular,Mechanic Technician II,10/29/2007,2007,63171.74
M,POL,Department of Police,PSB 6th District Patrol,Fulltime-Regular,Police Officer II,07/16/2012,2012,60501.0
F,POL,Department of Police,MSB Information Management and Technology DivisioinCrime Analysis Section,Fulltime-Regular,Crime Analyst,02/03/2003,2003,73921.11
M,DGS,Department of General Services,Fleet Management Fleet Services,Fulltime-Regular,Mechanic Technician II,12/29/2003,2003,73801.0
M,FRS,Fire and Rescue Services,Station 24,Fulltime-Regular,Firefighter/Rescuer II,03/10/2014,2014,50910.0
F,LIB,Department of Public Libraries,Silver Spring Library,Fulltime-Regular,Librarian II,09/08/2014,2014,64349.41
M,POL,Department of Police,Field Services Bureau,Fulltime-Regular,Police Officer III,02/03/2003,2003,80829.0
M,DEP,Department of Environmental Protection,Water and Waste Water Management,Fulltime-Regular,Manager II,04/22/1985,1985,156525.0
F,DOT,Department of Transportation,Transit Gaithersburg Ride On,Fulltime-Regular,Bus Operator,05/23/1994,1994,66065.23
F,CEX,Offices of the County Executive,Chief Administrative Officer's Office,Parttime-Regular,Office Services Coordinator,04/23/1990,1990,34275.06
M,LIB,Department of Public Libraries,Silver Spring Library,Fulltime-Regular,Library Associate,09/21/2015,2015,46891.09
M,DTS,Department of Technology Services,ETSD Telephone Services,Fulltime-Regular,Telecommunications Specialist,11/26/2007,2007,73161.42
M,FRS,Fire and Rescue Services,Station 24,Fulltime-Regular,Firefighter/Rescuer II,03/10/2014,2014,50910.0
F,LIB,Department of Public Libraries,Public Service Administration,Fulltime-Regular,Program Specialist II,10/09/2000,2000,76384.21
F,POL,Department of Police,MSB Personnel Division,Fulltime-Regular,Administrative Specialist III,01/12/1998,1998,85018.36
F,FIN,Department of Finance,Management and Operations - Director,Fulltime-Regular,Manager III,04/16/1979,1979,135378.13
M,DOT,Department of Transportation,Parking Management Engineering and Capital Project Management,Fulltime-Regular,Public Service Craftsworker I,05/12/2008,2008,53604.63
M,COR,Correction and Rehabilitation,DS MCDC Custody and Security,Fulltime-Regular,Correctional Officer II (PFC),02/23/2015,2015,48145.0
M,FRS,Fire and Rescue Services,Station 9,Fulltime-Regular,Firefighter/Rescuer III,01/14/2013,2013,55328.0
M,FRS,Fire and Rescue Services,Station 11,Fulltime-Regular,Firefighter/Rescuer II,01/14/2013,2013,52693.0
M,HCA,Department of Housing and Community Affairs,Community Development,Fulltime-Regular,Manager II,11/04/1996,1996,147847.62
F,DGS,Department of General Services,Building Design and Construction,Fulltime-Regular,Senior Architect,05/02/2005,2005,118400.0
F,LIB,Department of Public Libraries,Silver Spring Library,Fulltime-Regular,Library Assistant I,12/14/1997,1997,58448.0
M,DGS,Department of General Services,Fleet Management Fleet Services,Fulltime-Regular,Mechanic Technician II,04/05/2004,2004,70601.26
M,DGS,Department of General Services,Facilities Maintenance,Fulltime-Regular,Public Service Craftsworker,12/27/2004,2004,64141.0
M,FRS,Fire and Rescue Services,Station 1,Fulltime-Regular,Firefighter/Rescuer II,09/22/2014,2014,50910.0
M,POL,Department of Police,PSB 2nd District Patrol,Fulltime-Regular,Police Officer II,01/28/2013,2013,58455.0
F,POL,Department of Police,MSB Communications Division,Fulltime-Regular,Public Safety Communications Specialist II,06/20/1994,1994,72534.66
F,SHF,Sheriff's Office,Sheriff Domestic Violence,Fulltime-Regular,Deputy Sheriff III,10/10/1984,1984,87967.15
F,DLC,Department of Liquor Control,"Licensure, Regulation and Education",Fulltime-Regular,Manager II,11/04/2002,2002,155994.02
M,FRS,Fire and Rescue Services,Second Battalion - Administration,Fulltime-Regular,Fire/Rescue Battalion Chief,09/20/1993,1993,131348.75
F,POL,Department of Police,FSB Traffic Division School Safety Section,Parttime-Regular,Crossing Guard,10/02/2006,2006,20419.48
M,FRS,Fire and Rescue Services,Station 31,Fulltime-Regular,Fire/Rescue Lieutenant,01/23/1995,1995,103213.43
M,HCA,Department of Housing and Community Affairs,Affordable Housing Programs,Fulltime-Regular,Senior Planning Specialist,05/05/2014,2014,88096.37
F,HHS,Department of Health and Human Services,Abused Persons Program,Fulltime-Regular,Supervisory Therapist,10/24/1978,1978,104717.28
M,DGS,Department of General Services,Director,Fulltime-Regular,Director Department of General Services,02/13/2007,2007,210143.0
F,HHS,Department of Health and Human Services,Aging and Disability Resource Unit,Fulltime-Regular,Client Assistance Specialist,01/10/2000,2000,81066.0
M,OMB,Office of Management and Budget,Special Projects,Fulltime-Regular,Management and Budget Specialist I,10/31/2016,2016,59000.0
F,DOT,Department of Transportation,Highway Services,Fulltime-Regular,Management and Budget Specialist I,04/18/1994,1994,76015.03
M,FRS,Fire and Rescue Services,Station 8,Fulltime-Regular,Firefighter/Rescuer II,03/10/2014,2014,56990.0
M,DOT,Department of Transportation,Traffic Engineering Studies Section,Fulltime-Regular,Senior Planning Specialist,09/17/1990,1990,105743.92
M,DGS,Department of General Services,Facilities Maintenance,Fulltime-Regular,Building Services Worker II,09/09/2003,2003,45775.85
M,OMB,Office of Management and Budget,Special Projects,Fulltime-Regular,Senior Management and Budget Specialist,06/20/1988,1988,115156.98
M,COR,Correction and Rehabilitation,DS MCCF Unit 1 Security,Fulltime-Regular,Correctional Officer III (Corporal),01/16/2001,2001,77328.0
F,HHS,Department of Health and Human Services,Child Welfare Services,Fulltime-Regular,Social Worker II,04/16/2012,2012,64973.26
M,COR,Correction and Rehabilitation,DS MCDC Central Processing Unit,Fulltime-Regular,Correctional Officer III (Corporal),05/07/2001,2001,77328.0
F,HHS,Department of Health and Human Services,24 Hours Crisis Center,Fulltime-Regular,Principal Administrative Aide,10/01/2007,2007,44851.63
F,DOT,Department of Transportation,Transit Silver Spring Ride On,Fulltime-Regular,Bus Operator,01/24/2011,2011,43525.72
F,HHS,Department of Health and Human Services,Service Coordination and Individual Support Services,Fulltime-Regular,Program Specialist II,11/17/2003,2003,61707.0
M,DOT,Department of Transportation,Highway Services,Fulltime-Regular,Equipment Operator I,06/20/1988,1988,63067.93
F,COR,Correction and Rehabilitation,DS Inmate Records,Fulltime-Regular,Correctional Records Technician,09/07/1999,1999,66266.06
M,DGS,Department of General Services,Facilities Maintenance,Fulltime-Regular,Maintenance Renovation and Inspection Specialist,05/07/2000,2000,84974.0
M,DOT,Department of Transportation,Transit Central Communication,Fulltime-Regular,Program Manager II,01/27/1992,1992,96339.57
M,DOT,Department of Transportation,Parking Management Parking Operations,Fulltime-Regular,Parking Meter Mechanic,11/12/2008,2008,44348.35
M,POL,Department of Police,PSB 1st District Patrol,Fulltime-Regular,Police Officer III,01/14/2002,2002,83658.0
M,SHF,Sheriff's Office,Warrant Section,Fulltime-Regular,Deputy Sheriff Sergeant,09/29/1997,1997,93945.0
M,FRS,Fire and Rescue Services,Station 8,Fulltime-Regular,Firefighter/Rescuer II,02/27/2012,2012,60618.0
M,FRS,Fire and Rescue Services,Station 18,Fulltime-Regular,Firefighter/Rescuer III,02/11/2002,2002,78052.0
M,DGS,Department of General Services,Fleet Management Fleet Services,Fulltime-Regular,Mechanic Technician II,10/20/2003,2003,73801.0
F,HRC,Office of Human Rights,Compliance,Fulltime-Regular,Investigator III,03/13/2000,2000,95372.89
F,POL,Department of Police,MSB Communications Division,Fulltime-Regular,Public Safety Communications Specialist II,02/24/2014,2014,48572.17
M,DOT,Department of Transportation,Transit Silver Spring Ride On,Fulltime-Regular,Bus Operator,07/01/2013,2013,43525.72
M,HHS,Department of Health and Human Services,Information Systems and Technology,Fulltime-Regular,Information Technology Specialist III,11/24/2008,2008,107657.0
M,POL,Department of Police,FSB Traffic Division Automated Traffic Enforcement Section,Fulltime-Regular,Traffic Enforcement Field Service Technician II,07/09/2007,2007,47821.87
M,CAT,County Attorney's Office,Administration,Fulltime-Regular,Manager I,01/08/2007,2007,175127.0
F,LIB,Department of Public Libraries,Little Falls Library,Parttime-Regular,Library Aide,09/10/2003,2003,17578.21
F,REC,Department of Recreation,Youth Development Youth Services,Fulltime-Regular,Recreation Supervisor,11/08/1987,1987,95263.92
F,REC,Department of Recreation,Facilities Division,Fulltime-Regular,Recreation Coordinator,05/05/2005,2005,44753.0
F,REC,Department of Recreation,Youth Development Youth Services,Fulltime-Regular,Manager III,12/16/2013,2013,116139.35
F,DLC,Department of Liquor Control,Montrose,Parttime-Regular,Liquor Store Clerk I,10/14/2015,2015,28772.17
F,HCA,Department of Housing and Community Affairs,Community Development Neighborhood Revitalization,Fulltime-Regular,Senior Planning Specialist,03/03/1997,1997,102664.0
M,POL,Department of Police,MSB Communications Division,Fulltime-Regular,Public Safety Communications Specialist III,06/04/2008,2008,59242.3
M,FRS,Fire and Rescue Services,Station 28,Fulltime-Regular,Firefighter/Rescuer III,01/22/2002,2002,82821.0
F,POL,Department of Police,MSB Information Management and Technology Division,Fulltime-Regular,Information Technology Specialist III,11/16/2015,2015,96736.28
F,DEP,Department of Environmental Protection,Management Services,Fulltime-Regular,Administrative Specialist III,06/26/2006,2006,93396.0
F,POL,Department of Police,FSB Traffic Division School Safety Section,Parttime-Regular,Crossing Guard,12/26/1995,1995,26208.35
M,REC,Department of Recreation,Countywide Programs Therapeutics,Fulltime-Regular,Recreation Specialist,04/20/1993,1993,87523.22
M,DGS,Department of General Services,Fleet Management Fleet Services,Fulltime-Regular,Mechanic Technician II,12/27/2005,2005,73801.0
M,DGS,Department of General Services,Fleet Management Fleet Services,Fulltime-Regular,Mechanic Technician II,02/25/2013,2013,62269.04
F,OHR,Office of Human Resources,Administrative Services Team,Fulltime-Regular,Administrative Specialist I,06/26/2006,2006,73801.0
M,DOT,Department of Transportation,Transit Silver Spring Ride On,Fulltime-Regular,Bus Operator,03/02/2008,2008,55889.73
M,DTS,Department of Technology Services,ETSD Radio Communications Services,Fulltime-Regular,Communications Equipment Technician II,03/06/2006,2006,81066.0
F,COR,Correction and Rehabilitation,MSD Human Resources,Fulltime-Regular,Administrative Specialist II,05/07/2012,2012,56980.89
F,LIB,Department of Public Libraries,Quince Orchard Library,Parttime-Regular,Library Assistant I,01/25/1988,1988,45151.08
M,FRS,Fire and Rescue Services,Recruit Training,Fulltime-Regular,Firefighter/Rescuer I (Recruit),12/12/2016,2016,45261.0
F,DLC,Department of Liquor Control,Leisure World,Fulltime-Regular,Liquor Store Assistant Manager,01/07/2007,2007,51684.82
M,FRS,Fire and Rescue Services,Station 10,Fulltime-Regular,Firefighter/Rescuer III,07/29/2013,2013,57365.0
M,DPS,Department of Permitting Services,Fire Code Compliance,Fulltime-Regular,Permitting and Code Enforcement Inspector III,10/21/2013,2013,79323.24
M,COR,Correction and Rehabilitation,DS MCDC Custody and Security,Fulltime-Regular,Correctional Officer III (Corporal),11/13/2006,2006,65105.0
M,DOT,Department of Transportation,Transit Nicholson Ride On,Fulltime-Regular,Transit Coordinator,01/07/2008,2008,51289.57
F,FIN,Department of Finance,Division of Fiscal Management,Fulltime-Regular,Business Development Specialist III,03/05/2001,2001,102664.0
F,POL,Department of Police,PSB 5th District Patrol,Fulltime-Regular,Police Officer III,07/21/2003,2003,80829.0
M,DOT,Department of Transportation,Parking Management Parking Operations,Fulltime-Regular,Lead Revenue Counter,05/21/1990,1990,60201.44
F,HHS,Department of Health and Human Services,School Health Services,Parttime-Regular,School Health Room Technician I,07/30/2013,2013,38085.07
M,DOT,Department of Transportation,Transit Nicholson Ride On,Fulltime-Regular,Transit Operations Supervisor,02/24/2008,2008,71377.3
M,HCA,Department of Housing and Community Affairs,Affordable Housing Programs,Fulltime-Regular,Senior Planning Specialist,12/13/2004,2004,81496.88
M,FRS,Fire and Rescue Services,Recruit Training,Fulltime-Regular,Firefighter/Rescuer I (Recruit),05/04/2016,2016,45261.0
M,DOT,Department of Transportation,Transit Silver Spring Ride On,Fulltime-Regular,Bus Operator,11/09/2015,2015,40631.32
F,HCA,Department of Housing and Community Affairs,Affordable Housing Programs,Fulltime-Regular,Program Manager I,10/02/2006,2006,91571.74
F,HHS,Department of Health and Human Services,Child Welfare Services,Fulltime-Regular,Social Worker I,10/17/2016,2016,51394.0
M,DLC,Department of Liquor Control,Potomac,Parttime-Regular,Liquor Store Clerk I,11/16/2015,2015,28772.17
M,DOT,Department of Transportation,Highway Services,Fulltime-Regular,Public Service Craftsworker,10/30/2006,2006,50343.91
M,DOT,Department of Transportation,Transportation Planning and Design Section,Fulltime-Regular,Land Survey Supervisor,11/10/2008,2008,97912.0
F,FIN,Department of Finance,Treasury Operations,Fulltime-Regular,Executive Administrative Aide,07/23/2001,2001,70422.0
M,DOT,Department of Transportation,Highway Services,Fulltime-Regular,Equipment Operator I,07/27/2015,2015,38020.38
M,DHS,Office of Emergency Management and Homeland Security,Operations and Training,Fulltime-Regular,Emergency Management Specialist II,06/01/2010,2010,75726.42
M,POL,Department of Police,FSB Traffic Division Collision Reconstruction,Fulltime-Regular,Police Officer III,07/19/2004,2004,78096.0
M,COR,Correction and Rehabilitation,DS MCCF Unit 1 Security,Fulltime-Regular,Correctional Officer II (PFC),09/23/2013,2013,51576.0
F,HHS,Department of Health and Human Services,Income Supports,Fulltime-Regular,Office Services Coordinator,04/30/2001,2001,67206.0
M,POL,Department of Police,MSB Training and Education Division,Fulltime-Regular,Police Officer III,06/22/1997,1997,80829.0
M,DGS,Department of General Services,Fleet Management Administration,Fulltime-Regular,Program Manager I,06/25/2007,2007,92062.72
F,POL,Department of Police,MSB Management and Budget Division,Fulltime-Regular,Program Manager II,12/08/1997,1997,101928.2
M,DGS,Department of General Services,Facilities Major Programs,Fulltime-Regular,Office Clerk,09/19/2016,2016,32000.0
M,FRS,Fire and Rescue Services,Station 19,Fulltime-Regular,Fire/Rescue Captain,11/17/1997,1997,113316.0
F,DEP,Department of Environmental Protection,Environmental Planning and Policy Implementation,Fulltime-Regular,Senior Planning Specialist,06/02/2014,2014,88436.5
F,LIB,Department of Public Libraries,Kensington Park Library,Fulltime-Regular,Library Assistant I,03/27/1996,1996,60201.44
M,DOT,Department of Transportation,Highway Services,Fulltime-Regular,Public Service Craftsworker,11/02/1998,1998,61890.9
F,DGS,Department of General Services,Facilities,Fulltime-Regular,Property Manager II,03/10/2014,2014,94105.52
M,POL,Department of Police,PSB 3rd District Patrol,Fulltime-Regular,Police Officer II,08/12/2013,2013,58455.0
F,PIO,Office of Public Information,MC311,Fulltime-Regular,Customer Service Representative II,12/01/2014,2014,43153.12
M,HHS,Department of Health and Human Services,Income Supports,Fulltime-Regular,Income Assistance Program Specialist II,04/23/2012,2012,54403.08
M,DLC,Department of Liquor Control,Burtonsville,Parttime-Regular,Liquor Store Clerk I,06/01/2015,2015,28766.75
M,DOT,Department of Transportation,Highway Services,Fulltime-Regular,Arborist,03/21/2016,2016,74891.6
M,POL,Department of Police,PSB 4th District Patrol,Fulltime-Regular,Police Officer III,07/12/2010,2010,65752.0
M,DLC,Department of Liquor Control,Milestone,Parttime-Regular,Liquor Store Clerk I,12/08/2010,2010,30542.07
M,POL,Department of Police,PSB 4th District Patrol,Fulltime-Regular,Police Officer I,09/02/2008,2008,57620.0
M,POL,Department of Police,FSB Special Operations Division Canine Section,Fulltime-Regular,Police Officer III,09/29/1997,1997,89620.0
M,DPS,Department of Permitting Services,"Team 4 Commercial Electrical, Mechanical and Fire Protection Systems",Fulltime-Regular,Permit Technician II,04/02/2007,2007,53085.58
F,HHS,Department of Health and Human Services,Emergency Housing Assistance,Fulltime-Regular,Community Services Aide III,08/03/1992,1992,72445.29
F,LIB,Department of Public Libraries,Germantown Library,Fulltime-Regular,Librarian II,10/09/1984,1984,100849.36
M,CAT,County Attorney's Office,Insurance Defense Litigation,Fulltime-Regular,Assistant County Attorney III,07/13/1992,1992,143609.88
F,DGS,Department of General Services,Real Estate Office,Fulltime-Regular,Office Services Coordinator,05/16/1988,1988,69222.18
F,FIN,Department of Finance,Management and Operations - Director,Fulltime-Regular,Manager III,02/27/1989,1989,134105.88
M,DPS,Department of Permitting Services,Team 2 Residential Inspection,Fulltime-Regular,Permitting and Code Enforcement Inspector I,11/02/2015,2015,55129.28
M,COR,Correction and Rehabilitation,DS MCCF Unit 2 Security,Fulltime-Regular,Correctional Supervisor (Sergeant),07/15/1990,1990,94277.96
F,HCA,Department of Housing and Community Affairs,Affordable Housing Programs,Fulltime-Regular,Senior Planning Specialist,12/26/2006,2006,102664.0
F,HHS,Department of Health and Human Services,Area Health Centers,Fulltime-Regular,Manager III,02/05/2001,2001,124286.7
F,LIB,Department of Public Libraries,Cataloging and Preparation,Parttime-Regular,Librarian II,11/23/1988,1988,50424.68
M,POL,Department of Police,PSB 3rd District Patrol,Fulltime-Regular,Police Officer II,02/24/2014,2014,56478.0
M,FRS,Fire and Rescue Services,Third Battalion - Administration,Fulltime-Regular,Fire/Rescue Lieutenant,05/16/2005,2005,85185.0
F,POL,Department of Police,PSB 6th District Patrol,Fulltime-Regular,Police Officer II,07/01/2013,2013,58455.0
M,POL,Department of Police,ISB Family Crimes Division Child Abuse Sexual Assault Section,Fulltime-Regular,Police Officer III,07/21/2003,2003,89620.0
M,DOT,Department of Transportation,Transit Management Services,Fulltime-Regular,Program Manager I,02/21/2006,2006,92513.95
M,CEC,Community Engagement Cluster,Silver Spring Urban District,Fulltime-Regular,Public Service Worker II,02/14/2010,2010,35411.29
M,HRC,Office of Human Rights,Compliance,Fulltime-Regular,Investigator III,04/22/1996,1996,97103.07
M,CEC,Community Engagement Cluster,Silver Spring Urban District,Fulltime-Regular,Urban District Public Service Aide,04/04/2016,2016,32098.0
M,HHS,Department of Health and Human Services,Environmental Health and Regulatory Services,Fulltime-Regular,Environmental Health Specialist I,09/19/2016,2016,49068.0
M,DOT,Department of Transportation,Transportation Management,Fulltime-Regular,Traffic Management Technician I,04/16/1993,1993,66065.23
M,POL,Department of Police,PSB 6th District Patrol,Fulltime-Regular,Police Officer III,01/14/2002,2002,89620.0
F,DOT,Department of Transportation,Transit Gaithersburg Ride On,Fulltime-Regular,Transit Coordinator,07/24/2006,2006,55769.09
M,FRS,Fire and Rescue Services,Station 6,Fulltime-Regular,Firefighter/Rescuer II,02/27/2012,2012,54538.0
M,POL,Department of Police,ISB Family Crimes Division Family Outreach Section,Fulltime-Regular,Police Officer III,08/31/1998,1998,89620.0
F,HHS,Department of Health and Human Services,Home Care Services,Fulltime-Regular,Community Health Nurse II,12/21/1992,1992,100849.36
F,HHS,Department of Health and Human Services,School Health Services,Parttime-Regular,School Health Room Technician II,08/01/2011,2011,39730.39
M,POL,Department of Police,ISB Criminal Investigations Division 5th District Investigative Section,Fulltime-Regular,Police Officer III,07/26/1993,1993,92756.7
F,CEC,Community Engagement Cluster,Silver Spring Urban District,Fulltime-Regular,Public Service Worker II,05/07/2012,2012,35411.29
M,DOT,Department of Transportation,Transportation Planning and Design Section,Fulltime-Regular,Construction Representative III,02/16/1993,1993,96197.88
F,POL,Department of Police,FSB Traffic Division School Safety Section,Parttime-Regular,Crossing Guard,03/04/2005,2005,21031.35
M,POL,Department of Police,PSB 4th District Patrol,Fulltime-Regular,Police Officer II,08/12/2013,2013,58455.0
M,DOT,Department of Transportation,Highway Services,Fulltime-Regular,Equipment Operator III,04/04/2005,2005,54592.21
F,POL,Department of Police,MSB Management and Budget Division Abandoned Vehicle Section,Fulltime-Regular,Master Police Officer,07/21/2003,2003,96624.0
F,DPS,Department of Permitting Services,Central Services Unit,Fulltime-Regular,Office Services Coordinator,10/24/1988,1988,75145.12
F,CEX,Offices of the County Executive,County Executive's Office,Fulltime-Regular,Senior Executive Administrative Aide,01/27/2014,2014,69842.16
F,HCA,Department of Housing and Community Affairs,Housing Code Enforcement,Fulltime-Regular,Housing Code Inspector III,09/06/1994,1994,96197.88
M,DGS,Department of General Services,Fleet Management Fleet Services,Fulltime-Regular,Equipment Services Coordinator,10/04/2004,2004,92652.35
F,REC,Department of Recreation,Management Services,Fulltime-Regular,Administrative Specialist III,05/30/2004,2004,68769.14
F,HHS,Department of Health and Human Services,Service Coordination and Individual Support Services,Fulltime-Regular,Income Assistance Program Specialist III,03/07/2016,2016,55275.0
F,HHS,Department of Health and Human Services,Area Health Centers,Fulltime-Regular,Community Health Nurse II,03/05/2007,2007,97676.37
M,DTS,Department of Technology Services,ETSD Network Services,Fulltime-Regular,Senior Information Technology Specialist,05/31/1988,1988,120768.0
F,LIB,Department of Public Libraries,Chevy Chase Library,Fulltime-Regular,Library Assistant II,06/07/2007,2007,45397.22
F,DGS,Department of General Services,Central Duplicating,Fulltime-Regular,Imaging Operator II,09/06/2016,2016,40000.0
M,POL,Department of Police,PSB 6th District Station,Fulltime-Regular,Police Lieutenant,03/16/1998,1998,119713.0
M,POL,Department of Police,PSB 5th District Patrol,Fulltime-Regular,Police Officer II,02/24/2014,2014,60501.0
M,POL,Department of Police,FSB Security Services Division,Fulltime-Regular,Security Officer I,03/31/2002,2002,56947.99
M,SHF,Sheriff's Office,Court and Transport,Fulltime-Regular,Deputy Sheriff III,09/18/1995,1995,87967.15
F,HHS,Department of Health and Human Services,Income Supports,Fulltime-Regular,Income Assistance Program Specialist II,06/30/2014,2014,50785.5
M,DGS,Department of General Services,Fleet Management Fleet Services,Fulltime-Regular,Equipment Maintenance Crew Chief,06/23/2008,2008,81380.25
M,FRS,Fire and Rescue Services,Station 16,Fulltime-Regular,Firefighter/Rescuer III,03/27/2006,2006,68015.0
F,HHS,Department of Health and Human Services,School Health Services,Parttime-Regular,School Health Room Technician I,10/29/2001,2001,56123.38
M,DGS,Department of General Services,Fleet Management Fleet Services,Fulltime-Regular,Equipment Maintenance Crew Chief,03/03/2008,2008,67139.06
F,HHS,Department of Health and Human Services,Child Welfare Services,Fulltime-Regular,Social Worker III,06/23/2008,2008,70319.8
F,OHR,Office of Human Resources,Recruitment and Selection Division,Fulltime-Regular,Human Resources Specialist III,02/07/2000,2000,102664.0
F,POL,Department of Police,PSB 4th District Patrol,Fulltime-Regular,Police Officer II,08/12/2013,2013,60501.0
F,DOT,Department of Transportation,Transit Nicholson Ride On,Fulltime-Regular,Transit Coordinator,05/21/1984,1984,72534.66
F,LIB,Department of Public Libraries,Aspen Hill Library,Parttime-Regular,Library Aide,05/21/2005,2005,18246.95
F,POL,Department of Police,PSB 3rd District Patrol,Fulltime-Regular,Police Officer III,07/18/2005,2005,44810.0
F,HHS,Department of Health and Human Services,School Health Services,Parttime-Regular,School Health Room Technician I,08/07/1989,1989,57807.08
M,DOT,Department of Transportation,Highway Services,Fulltime-Regular,Equipment Operator I,10/13/2008,2008,44757.56
M,POL,Department of Police,PSB 4th District Special Assignment Team,Fulltime-Regular,Police Officer II,07/16/2012,2012,60501.0
F,DGS,Department of General Services,Central Duplicating,Fulltime-Regular,Graphic Artist,05/14/1990,1990,79663.29
M,POL,Department of Police,PSB 6th District Educational Facilities Officers,Fulltime-Regular,Police Officer III,06/17/2002,2002,83658.0
F,LIB,Department of Public Libraries,Chevy Chase Library,Parttime-Regular,Library Assistant I,03/14/2000,2000,24865.53
F,POL,Department of Police,PSB 2nd District Patrol,Fulltime-Regular,Police Services Assistant,04/02/2007,2007,48957.37
F,HHS,Department of Health and Human Services,Medication Assisted Treatment - Clinical and Vocational Services,Fulltime-Regular,Nurse Manager,01/26/1987,1987,104717.28
M,POL,Department of Police,PSB 2nd District Patrol,Fulltime-Regular,Police Officer III,06/13/1994,1994,92756.7
M,DPS,Department of Permitting Services,Land Development Right-of-Way Plan Review,Fulltime-Regular,Senior Permitting Services Specialist,04/26/1999,1999,107657.0
F,FRS,Fire and Rescue Services,Station 17,Fulltime-Regular,Firefighter/Rescuer III,02/22/1994,1994,83611.44
F,CAT,County Attorney's Office,Health and Human Services,Fulltime-Regular,Manager II,05/04/1998,1998,156525.0
M,DOT,Department of Transportation,Highway Services,Fulltime-Regular,Equipment Operator Apprentice,04/18/2016,2016,33395.15
M,DGS,Department of General Services,Facilities Major Programs,Fulltime-Regular,Energy Management Systems Technician,12/31/2000,2000,89172.6
F,CCL,County Council,Council Members and Staff,Parttime-Regular,Legislative Senior Aide III,04/27/2009,2009,53976.6
F,POL,Department of Police,MSB Management and Budget Division,Fulltime-Regular,Office Services Coordinator,11/01/2004,2004,55963.58
M,POL,Department of Police,PSB 2nd District Patrol,Fulltime-Regular,Police Officer III,01/18/1994,1994,92756.7
M,POL,Department of Police,PSB 5th District Patrol,Fulltime-Regular,Police Officer III,12/15/1986,1986,92756.7
F,HHS,Department of Health and Human Services,Chief Special Needs Housing,Fulltime-Regular,Program Manager II,06/26/2006,2006,84984.38
M,DPS,Department of Permitting Services,Zoning,Fulltime-Regular,Permitting Services Specialist II,11/10/1986,1986,100849.36
M,DGS,Department of General Services,Fleet Management Fleet Services,Fulltime-Regular,Autobody Repairer,07/09/2007,2007,50863.92
M,DOT,Department of Transportation,Transit Gaithersburg Ride On,Fulltime-Regular,Bus Operator,06/01/1997,1997,64141.0
F,POL,Department of Police,ISB Criminal Investigations Division Crime Laboratory Section,Fulltime-Regular,Forensic Scientist,03/02/1998,1998,102664.0
F,FIN,Department of Finance,General Accounting,Fulltime-Regular,Accountant/Auditor I,09/19/2016,2016,63000.0
M,FRS,Fire and Rescue Services,Fifth Battalion - Administration,Fulltime-Regular,Fire/Rescue Captain,08/27/1990,1990,114087.02
F,HHS,Department of Health and Human Services,Income Supports,Fulltime-Regular,Income Assistance Program Specialist I,07/28/2014,2014,44289.72
M,DOT,Department of Transportation,Transit Silver Spring Ride On,Fulltime-Regular,Bus Operator,02/17/1981,1981,66065.23
M,COR,Correction and Rehabilitation,DS MCCF Unit 2 Security,Fulltime-Regular,Correctional Officer III (Corporal),05/20/2013,2013,56733.0
F,HHS,Department of Health and Human Services,School Health Services,Parttime-Regular,School Health Room Technician I,11/04/2002,2002,46517.91
M,POL,Department of Police,PSB 1st District Patrol,Fulltime-Regular,Police Officer III,07/19/2004,2004,78096.0
F,HHS,Department of Health and Human Services,School Health Services,Parttime-Regular,School Health Room Technician I,02/19/2008,2008,36797.11
M,POL,Department of Police,MSB Training and Education Division,Fulltime-Regular,Police Officer Candidate,07/11/2016,2016,57620.0
F,LIB,Department of Public Libraries,Chevy Chase Library,Parttime-Regular,Library Desk Assistant,12/22/1997,1997,26258.75
M,LIB,Department of Public Libraries,Gaithersburg Library,Parttime-Regular,Library Assistant I,12/02/2013,2013,20226.5
M,POL,Department of Police,PSB 2nd District Station,Fulltime-Regular,Police Lieutenant,02/06/1995,1995,123902.96
M,FRS,Fire and Rescue Services,Station 8,Fulltime-Regular,Firefighter/Rescuer II,03/10/2014,2014,50910.0
M,HHS,Department of Health and Human Services,Environmental Health and Regulatory Services,Fulltime-Regular,Principal Administrative Aide,04/22/2013,2013,54523.02
F,FRS,Fire and Rescue Services,Station 14,Fulltime-Regular,Firefighter/Rescuer III,01/12/1998,1998,89485.0
F,HHS,Department of Health and Human Services,STD and HIV Services,Fulltime-Regular,Manager II,08/08/1988,1988,152403.3
M,DGS,Department of General Services,Fleet Management Fleet Services,Fulltime-Regular,Mechanic Technician II,11/14/2005,2005,71592.56
M,DOT,Department of Transportation,Transit Silver Spring Ride On,Fulltime-Regular,Bus Operator,11/26/2007,2007,46626.87
M,COR,Correction and Rehabilitation,DS MCCF Unit 3 Security,Fulltime-Regular,Correctional Supervisor (Sergeant),06/28/1983,1983,94277.96
M,DGS,Department of General Services,Fleet Automotive Heavy Equipment,Fulltime-Regular,Mechanic Technician II,04/22/1985,1985,76015.03
M,DOT,Department of Transportation,Highway Services,Fulltime-Regular,Equipment Operator I,10/29/2000,2000,56947.99
F,PIO,Office of Public Information,MC311,Fulltime-Regular,Customer Service Representative II,10/08/2012,2012,57554.12
M,POL,Department of Police,PSB 4th District Patrol,Fulltime-Regular,Police Officer II,01/28/2013,2013,58455.0
M,FRS,Fire and Rescue Services,Mobile Volunteer Corp,Fulltime-Regular,Administrative Specialist II,06/25/2007,2007,84974.0
F,COR,Correction and Rehabilitation,DS MCCF Unit 3 Security,Fulltime-Regular,Correctional Officer III (Corporal),03/22/2004,2004,69744.0
M,DLC,Department of Liquor Control,Liquor and Wine Delivery Operations,Fulltime-Regular,Truck Driver Helper/Warehouse Worker,09/30/2013,2013,34710.46
M,DTS,Department of Technology Services,ETSD Telephone Services,Fulltime-Regular,Telecommunications Technician,09/23/2013,2013,73108.08
M,COR,Correction and Rehabilitation,DS MCDC Custody and Security,Fulltime-Regular,Correctional Officer I (Private),04/18/2003,2003,45852.0
M,FRS,Fire and Rescue Services,Field Operations Administration,Fulltime-Regular,Fire/Rescue Captain,11/16/1992,1992,114087.02
F,HHS,Department of Health and Human Services,Income Supports,Fulltime-Regular,Income Assistance Program Specialist II,04/03/2000,2000,74146.46
M,DOT,Department of Transportation,Highway Services,Fulltime-Regular,Public Service Worker II,11/04/1988,1988,50053.88
F,LIB,Department of Public Libraries,Public Service Administration,Fulltime-Regular,Manager II,09/29/1986,1986,156525.0
F,LIB,Department of Public Libraries,Quince Orchard Library,Fulltime-Regular,Library Associate II,08/12/1985,1985,87523.22
F,HHS,Department of Health and Human Services,School Health Services,Fulltime-Regular,Community Health Nurse II,04/16/2012,2012,83971.07
F,HHS,Department of Health and Human Services,School Health Services,Parttime-Regular,Community Health Nurse II,11/24/1997,1997,85673.0
F,OMB,Office of Management and Budget,Operating Budget Management,Fulltime-Regular,Management and Budget Specialist III,09/08/2003,2003,90125.22
M,FRS,Fire and Rescue Services,Station 32,Fulltime-Regular,Firefighter/Rescuer II,01/14/2013,2013,52693.0
M,HHS,Department of Health and Human Services,Income Supports,Fulltime-Regular,Income Assistance Program Specialist II,07/06/1992,1992,83497.98
M,DLC,Department of Liquor Control,Kingsview,Parttime-Regular,Liquor Store Clerk I,04/18/2011,2011,29779.07
F,COR,Correction and Rehabilitation,DS Health Services,Fulltime-Regular,Licensed Practical Nurse (C and R),11/13/2005,2005,72560.66
F,POL,Department of Police,FSB Traffic Division School Safety Section,Parttime-Regular,Crossing Guard,11/17/2014,2014,17192.05
M,DLC,Department of Liquor Control,Beer Delivery Operations,Fulltime-Regular,Truck Driver Helper/Warehouse Worker,12/11/2006,2006,39832.99
F,FIN,Department of Finance,Tax Operations,Fulltime-Regular,Program Specialist II,05/07/1979,1979,86673.48
M,DOT,Department of Transportation,Transit Silver Spring Ride On,Fulltime-Regular,Bus Operator,05/20/2013,2013,43525.72
F,CAT,County Attorney's Office,Human Resources and Appeals,Fulltime-Regular,Assistant County Attorney II,07/25/2016,2016,89000.0
M,DLC,Department of Liquor Control,Beer Delivery Operations,Fulltime-Regular,Truck Driver Helper/Warehouse Worker,11/30/2001,2001,43972.53
F,DGS,Department of General Services,Fleet Management Services,Fulltime-Regular,Accountant/Auditor III,11/27/2006,2006,93396.0
F,DGS,Department of General Services,Facilities Maintenance,Fulltime-Regular,Building Services Worker II,02/28/2000,2000,46469.0
F,HHS,Department of Health and Human Services,Income Supports,Fulltime-Regular,Principal Administrative Aide,12/15/2014,2014,38756.92
F,POL,Department of Police,PSB 6th District Patrol,Fulltime-Regular,Police Officer III,07/12/2010,2010,65752.0
M,DGS,Department of General Services,Building Design and Construction,Fulltime-Regular,Construction Representative III,05/21/1990,1990,96197.88
M,DOT,Department of Transportation,Highway Services,Fulltime-Regular,Work Force Leader II,03/05/1990,1990,75277.02
M,DGS,Department of General Services,Fleet Automotive Heavy Equipment,Fulltime-Regular,Equipment Services Coordinator,12/29/2003,2003,97912.0
M,FRS,Fire and Rescue Services,Station 13,Fulltime-Regular,Firefighter/Rescuer II,09/29/2009,2009,58422.0
F,DHS,Office of Emergency Management and Homeland Security,Policy and Planning,Fulltime-Regular,Manager III,08/26/2013,2013,105007.29
M,FRS,Fire and Rescue Services,Fifth Battalion - Administration,Fulltime-Regular,Fire/Rescue Lieutenant,05/16/2005,2005,92576.0
M,HHS,Department of Health and Human Services,Victim Assistance and Sexual Assault Program,Parttime-Regular,Program Manager I,08/08/2016,2016,59000.0
M,FRS,Fire and Rescue Services,Station 25,Fulltime-Regular,Firefighter/Rescuer II,06/01/2010,2010,52947.0
F,FIN,Department of Finance,Insurance,Fulltime-Regular,Manager III,10/10/1989,1989,120600.0
F,HHS,Department of Health and Human Services,Income Supports,Fulltime-Regular,Income Assistance Program Specialist II,02/22/2016,2016,49068.12
M,DOT,Department of Transportation,Transportation Planning and Design Section,Fulltime-Regular,Manager III,09/29/1997,1997,104880.92
F,HHS,Department of Health and Human Services,School Health Services,Parttime-Regular,School Health Room Technician I,08/06/2007,2007,39163.74
M,POL,Department of Police,PSB 5th District Patrol,Fulltime-Regular,Police Officer III,02/03/2003,2003,80829.0
M,DGS,Department of General Services,Building Design and Construction,Fulltime-Regular,Manager II,12/05/1994,1994,156525.0
M,POL,Department of Police,PSB 4th District Patrol,Fulltime-Regular,Police Officer III,01/14/2008,2008,65752.0
F,SHF,Sheriff's Office,Sheriff Domestic Violence,Fulltime-Regular,Client Assistance Specialist,11/04/2013,2013,52563.37
M,FRS,Fire and Rescue Services,Station 21,Fulltime-Regular,Firefighter/Rescuer II,09/22/2014,2014,50910.0
M,DOT,Department of Transportation,Highway Services,Fulltime-Regular,Equipment Operator I,09/15/2008,2008,44757.56
M,FRS,Fire and Rescue Services,Station 33,Fulltime-Regular,Firefighter/Rescuer II,09/22/2014,2014,50910.0
M,COR,Correction and Rehabilitation,DS MCDC Central Processing Unit,Fulltime-Regular,Correctional Officer II (PFC),02/07/2005,2005,61260.0
F,DPS,Department of Permitting Services,Central Services Unit,Fulltime-Regular,Administrative Specialist II,06/29/2015,2015,64189.2
F,HHS,Department of Health and Human Services,"Chief, Children Youth and Families",Fulltime-Regular,Executive Administrative Aide,02/07/2008,2008,55275.0
F,DEP,Department of Environmental Protection,Solid Waste Services Recycling,Fulltime-Regular,Program Specialist II,04/08/2013,2013,75362.93
M,FRS,Fire and Rescue Services,Station 23,Fulltime-Regular,Firefighter/Rescuer III,07/29/2013,2013,55328.0
M,DPS,Department of Permitting Services,Team 5 Green Building,Fulltime-Regular,Senior Permitting Services Specialist,05/16/2005,2005,107657.0
F,HHS,Department of Health and Human Services,Child Welfare Services,Fulltime-Regular,Social Worker III,08/20/2007,2007,72780.99
F,LIB,Department of Public Libraries,Silver Spring Library,Parttime-Regular,Librarian I,08/10/1998,1998,38831.29
F,COR,Correction and Rehabilitation,DS Health Services,Fulltime-Regular,Correctional Health Nurse II,11/04/2002,2002,97912.0
M,FRS,Fire and Rescue Services,Station 30,Fulltime-Regular,Firefighter/Rescuer II,01/14/2013,2013,54730.0
M,DLC,Department of Liquor Control,Wheaton,Fulltime-Regular,Liquor Store Assistant Manager,09/18/1998,1998,71472.15
F,HHS,Department of Health and Human Services,Medical Assistance Eligibility Services,Fulltime-Regular,Income Assistance Program Specialist II,03/26/2012,2012,54644.19
F,CUS,Community Use of Public Facilities,Scheduling Team,Fulltime-Regular,Program Specialist II,05/19/2014,2014,66100.63
F,CEC,Community Engagement Cluster,Bethesda Urban District,Fulltime-Regular,Program Specialist II,10/29/1984,1984,86673.48
F,HCA,Department of Housing and Community Affairs,Housing Code Enforcement,Fulltime-Regular,Housing Code Inspector III,04/17/2000,2000,93396.0
F,POL,Department of Police,ISB Major Crimes Division Victim Witness Assistance Section,Fulltime-Regular,Client Assistance Specialist,09/17/2001,2001,81066.0
F,DLC,Department of Liquor Control,Seneca Meadows,Parttime-Regular,Liquor Store Clerk I,03/11/1998,1998,36611.38
M,FIN,Department of Finance,Grants Accounting,Fulltime-Regular,Accountant/Auditor III,07/06/1998,1998,93396.0
F,POL,Department of Police,MSB Communications Division,Fulltime-Regular,Public Safety Communications Specialist III,07/06/2010,2010,57234.14
M,DOT,Department of Transportation,Transit Nicholson Ride On,Fulltime-Regular,Bus Operator,01/07/2013,2013,45049.12
M,DGS,Department of General Services,Fleet Automotive Heavy Equipment,Fulltime-Regular,Mechanic Technician II,03/02/1998,1998,73801.0
M,POL,Department of Police,PSB 4th District Patrol,Fulltime-Regular,Police Officer II,01/28/2013,2013,58455.0
F,HHS,Department of Health and Human Services,School Health Services,Parttime-Regular,School Health Room Technician I,08/05/2002,2002,48145.17
F,HHS,Department of Health and Human Services,Infants and Toddlers,Parttime-Regular,Psychologist,07/24/2006,2006,62087.5
F,CEX,Offices of the County Executive,County Executive's Office,Parttime-Regular,Special Assistant to County Executive,04/18/2000,2000,122300.0
F,POL,Department of Police,FSB Special Operations Division Canine Section,Fulltime-Regular,Police Sergeant,12/08/1986,1986,107128.71
M,LIB,Department of Public Libraries,Chevy Chase Library,Parttime-Regular,Library Assistant I,07/23/2006,2006,22425.92
M,COR,Correction and Rehabilitation,DS MCDC Custody and Security,Fulltime-Regular,Correctional Officer II (PFC),06/01/2004,2004,65623.0
M,POL,Department of Police,FSB Animal Services Division,Fulltime-Regular,Code Enforcement Inspector III,06/06/1988,1988,83497.98
F,OHR,Office of Human Resources,Training and Organizational Development Team,Fulltime-Regular,Human Resources Specialist III,10/30/2006,2006,97374.14
M,HHS,Department of Health and Human Services,Income Supports,Fulltime-Regular,Manager III,02/02/1998,1998,105585.3
F,COR,Correction and Rehabilitation,DS MCCF Unit 3 Security,Fulltime-Regular,Correctional Supervisor (Sergeant),05/13/2002,2002,82556.0
F,HHS,Department of Health and Human Services,School Health Services,Parttime-Regular,School Health Room Technician I,10/04/1999,1999,51574.16
M,FRS,Fire and Rescue Services,Station 40,Fulltime-Regular,Master Firefighter/Rescuer,01/30/2006,2006,74815.0
M,POL,Department of Police,PSB 6th District Patrol,Fulltime-Regular,Police Officer II,07/16/2012,2012,60501.0
M,LIB,Department of Public Libraries,Gaithersburg Library,Fulltime-Regular,Library Assistant Supervisor,12/20/1982,1982,82687.32
M,CEX,Offices of the County Executive,Chief Administrative Officer's Office,Fulltime-Regular,Director Criminal Justice Coordinating Commission,12/01/1986,1986,159432.0
M,COR,Correction and Rehabilitation,DS MCDC Custody and Security,Fulltime-Regular,Correctional Officer III (Corporal),05/07/2001,2001,77328.0
M,SHF,Sheriff's Office,Warrant Section,Fulltime-Regular,Deputy Sheriff III,10/31/2005,2005,64854.0
M,DOT,Department of Transportation,Highway Services,Fulltime-Regular,Equipment Operator Apprentice,04/18/2016,2016,33395.15
F,REC,Department of Recreation,Facilities Division,Fulltime-Regular,Recreation Coordinator,01/24/2016,2016,44753.0
M,DOT,Department of Transportation,Transportation Technical Center,Fulltime-Regular,Transportation Systems Technician I,07/25/2016,2016,40200.0
M,DEP,Department of Environmental Protection,Solid Waste Services Operations,Fulltime-Regular,Program Manager II,04/12/1999,1999,102664.0
M,POL,Department of Police,PSB 5th District Patrol,Fulltime-Regular,Police Officer II,08/12/2013,2013,58455.0
M,FRS,Fire and Rescue Services,Station 10,Fulltime-Regular,Firefighter/Rescuer II,03/27/2006,2006,66813.0
F,HHS,Department of Health and Human Services,Child Welfare Services,Fulltime-Regular,Social Worker II,07/01/2013,2013,62678.97
F,HHS,Department of Health and Human Services,School Health Services,Fulltime-Regular,Manager III,08/18/2003,2003,119484.51
M,COR,Correction and Rehabilitation,DS MCDC Central Processing Unit,Fulltime-Regular,Correctional Officer II (PFC),11/13/2000,2000,70301.0
M,DOT,Department of Transportation,Transit Silver Spring Ride On,Fulltime-Regular,Bus Operator,11/12/2000,2000,60711.33
F,DOT,Department of Transportation,Transit Nicholson Ride On,Fulltime-Regular,Bus Operator,01/04/2016,2016,40631.32
M,PIO,Office of Public Information,MC311,Fulltime-Regular,Customer Service Representative Trainee,03/21/2016,2016,33395.15
M,POL,Department of Police,ISB Major Crimes Division Robbery Section,Fulltime-Regular,Police Sergeant,03/14/1988,1988,107128.71
M,POL,Department of Police,MSB Information Management and Technology Division Data Systems Section,Fulltime-Regular,Information Technology Technician III,11/30/2015,2015,68131.46
M,POL,Department of Police,PSB 5th District Patrol,Fulltime-Regular,Police Officer II,02/24/2014,2014,56478.0
M,POL,Department of Police,MSB Training and Education Division,Fulltime-Regular,Police Lieutenant,06/13/1994,1994,123902.96
M,FRS,Fire and Rescue Services,Station 8,Fulltime-Regular,Firefighter/Rescuer III,01/14/2013,2013,61408.0
F,POL,Department of Police,ISB Major Crimes Division,Fulltime-Regular,Office Services Coordinator,03/05/2007,2007,52447.27
M,HHS,Department of Health and Human Services,Medication Assisted Treatment - Clinical and Vocational Services,Fulltime-Regular,Therapist II,11/22/1993,1993,100849.36
F,POL,Department of Police,FSB Animal Services Division,Fulltime-Regular,Program Specialist I,12/16/2013,2013,49618.44
F,HHS,Department of Health and Human Services,School Health Services,Parttime-Regular,School Health Room Technician I,10/07/2003,2003,44942.21
M,HCA,Department of Housing and Community Affairs,Housing Code Enforcement,Fulltime-Regular,Program Manager I,04/24/2000,2000,93396.0
M,HHS,Department of Health and Human Services,Budget Team,Fulltime-Regular,Manager III,01/09/1994,1994,100236.24
M,DOT,Department of Transportation,Transit Gaithersburg Ride On,Fulltime-Regular,Bus Operator,08/08/2016,2016,39257.0
F,POL,Department of Police,PSB 3rd District Station,Fulltime-Regular,Police Lieutenant,08/07/1989,1989,123902.96
F,DGS,Department of General Services,Facilities,Fulltime-Regular,Office Services Coordinator,12/26/1989,1989,69222.18
F,CAT,County Attorney's Office,Insurance Defense Litigation,Fulltime-Regular,Assistant County Attorney III,10/23/2000,2000,121416.37
M,HHS,Department of Health and Human Services,Environmental Health and Regulatory Services,Fulltime-Regular,Environmental Health Specialist III,01/13/2014,2014,64059.78
M,DOT,Department of Transportation,Highway Services,Fulltime-Regular,District Supervisor,11/02/1998,1998,82378.23
F,DOT,Department of Transportation,Transit Nicholson Ride On,Fulltime-Regular,Bus Operator,03/02/2008,2008,48258.81
M,FRS,Fire and Rescue Services,Property and Supply,Fulltime-Regular,Fire/Rescue Assistant Chief,06/13/1988,1988,149529.08
M,DTS,Department of Technology Services,ETSD Radio Communications Services,Fulltime-Regular,Senior Information Technology Specialist,08/03/1987,1987,120768.0
F,HHS,Department of Health and Human Services,Child and Adolescent Mental Health Clinic Services,Fulltime-Regular,Therapist I,08/24/2015,2015,58360.55
F,POL,Department of Police,FSB Traffic Division School Safety Section,Parttime-Regular,Crossing Guard,10/05/1987,1987,26208.35
F,HHS,Department of Health and Human Services,Emergency Housing Assistance,Parttime-Regular,Social Worker II,06/17/1991,1991,57718.73
M,DLC,Department of Liquor Control,Beer Delivery Operations,Fulltime-Regular,Truck Driver/Warehouse Worker,04/11/1994,1994,66065.23
M,DLC,Department of Liquor Control,"Licensure, Regulation and Education",Fulltime-Regular,Alcohol/Tobacco Enforcement Specialist II,03/31/2008,2008,78668.24
F,COR,Correction and Rehabilitation,DS Food Services,Fulltime-Regular,Correctional Dietary Officer II,03/17/2003,2003,62482.02
M,DGS,Department of General Services,Fleet Management Fleet Services,Fulltime-Regular,Mechanic Technician II,02/09/2004,2004,73247.45
F,COR,Correction and Rehabilitation,DS Food Services,Fulltime-Regular,Correctional Dietary Supervisor,07/03/2000,2000,84772.39
M,DGS,Department of General Services,Facilities Maintenance,Fulltime-Regular,Master Plumber,03/26/2001,2001,84974.0
M,OMB,Office of Management and Budget,Capital Budget Management,Fulltime-Regular,Senior Management and Budget Specialist,01/23/2006,2006,102572.65
M,DPS,Department of Permitting Services,Fire Code Compliance,Fulltime-Regular,Permitting and Code Enforcement Inspector III,05/05/2014,2014,79913.17
F,DPS,Department of Permitting Services,Zoning,Fulltime-Regular,Senior Permitting Services Specialist,02/06/2006,2006,89921.79
M,POL,Department of Police,PSB 4th District Patrol,Fulltime-Regular,Police Officer III,01/14/2008,2008,68054.0
F,HHS,Department of Health and Human Services,Child Welfare Services,Fulltime-Regular,Social Worker I,08/08/2016,2016,51394.0
M,DOT,Department of Transportation,Transit Gaithersburg Ride On,Fulltime-Regular,Bus Operator,02/25/2013,2013,43525.72
M,POL,Department of Police,FSB Special Operations Division,Fulltime-Regular,Police Sergeant,08/04/1997,1997,103506.0
M,DOT,Department of Transportation,Transit Nicholson Ride On,Fulltime-Regular,Bus Operator,08/08/2016,2016,39257.0
F,SHF,Sheriff's Office,Administration,Fulltime-Regular,Senior Executive Administrative Aide,07/09/1990,1990,75277.02
F,POL,Department of Police,FSB Traffic Division School Safety Section,Parttime-Regular,Crossing Guard,08/16/2010,2010,18416.04
M,DOT,Department of Transportation,Transit Silver Spring Ride On,Fulltime-Regular,Bus Operator,03/07/2008,2008,48722.98
M,COR,Correction and Rehabilitation,DS MCDC Custody and Security,Fulltime-Regular,Correctional Officer III (Corporal),10/15/2007,2007,62903.0
F,POL,Department of Police,FSB Traffic Division School Safety Section,Parttime-Regular,Crossing Guard,10/02/2000,2000,24134.31
F,HHS,Department of Health and Human Services,Chief Operating Officer,Fulltime-Regular,Management and Budget Specialist III,10/30/2006,2006,81041.66
F,POL,Department of Police,PSB 4th District Patrol,Fulltime-Regular,Police Officer II,01/28/2013,2013,58455.0
M,FRS,Fire and Rescue Services,Station 26,Fulltime-Regular,Firefighter/Rescuer II,03/10/2014,2014,50910.0
F,COR,Correction and Rehabilitation,DS MCCF Educational Services,Fulltime-Regular,Program Manager I,05/01/1994,1994,96197.88
F,HHS,Department of Health and Human Services,Public Health Emergency Preparedness and Response Program,Fulltime-Regular,Office Services Coordinator,09/12/1988,1988,69222.18
M,DLC,Department of Liquor Control,Stock Liquor and Wine Warehouse Operations,Fulltime-Regular,Supply Technician II,08/05/2001,2001,46068.92
M,SHF,Sheriff's Office,Court and Transport,Fulltime-Regular,Deputy Sheriff III,08/31/1998,1998,85405.0
M,POL,Department of Police,MSB Management and Budget Division Fleet Management Section,Fulltime-Regular,Administrative Specialist II,11/25/2002,2002,84974.0
F,HHS,Department of Health and Human Services,School Health Services,Parttime-Regular,School Health Room Technician I,10/31/2005,2005,41953.24
M,DGS,Department of General Services,Fleet Management Services,Fulltime-Regular,Information Technology Specialist III,01/26/2015,2015,79573.39
M,FRS,Fire and Rescue Services,Station 2,Fulltime-Regular,Master Firefighter/Rescuer,09/04/2001,2001,88859.0
M,FRS,Fire and Rescue Services,Station 6,Fulltime-Regular,Firefighter/Rescuer II,09/04/2007,2007,62585.0
F,HHS,Department of Health and Human Services,Medical Assistance Eligibility Services,Fulltime-Regular,Income Assistance Program Specialist II,12/17/2007,2007,56306.54
F,HHS,Department of Health and Human Services,Infants and Toddlers,Fulltime-Regular,Program Aide,11/04/2013,2013,42118.95
M,POL,Department of Police,MSB Communications Division,Fulltime-Regular,Public Safety Communications Specialist II,09/22/2014,2014,48571.6
M,DGS,Department of General Services,Fleet Management Fleet Services,Fulltime-Regular,Equipment Maintenance Crew Chief,12/27/2005,2005,78751.79
F,HHS,Department of Health and Human Services,School Health Services,Parttime-Regular,School Health Room Technician I,07/28/2014,2014,36797.13
M,SHF,Sheriff's Office,Courthouse Security,Fulltime-Regular,Deputy Sheriff Lieutenant,05/08/1988,1988,106448.44
M,DOT,Department of Transportation,Transportation Management,Fulltime-Regular,Traffic Management Technician I,12/14/2015,2015,40631.32
M,FRS,Fire and Rescue Services,Station 31,Fulltime-Regular,Firefighter/Rescuer III,03/27/2006,2006,70052.0
F,POL,Department of Police,PSB 1st District Station,Fulltime-Regular,Police District Station Assistant,07/09/1996,1996,71945.68
M,POL,Department of Police,PSB 5th District Patrol,Fulltime-Regular,Police Officer I,07/17/2006,2006,63887.0
M,HHS,Department of Health and Human Services,Emergency Housing Assistance,Fulltime-Regular,Social Worker III,07/10/2006,2006,75330.17
F,FIN,Department of Finance,Accounts Receivable,Fulltime-Regular,Program Specialist II,01/12/2015,2015,52285.02
M,POL,Department of Police,MSB Communications Division,Fulltime-Regular,Public Safety Emergency Communications Supervisor,07/06/2009,2009,62958.95
M,HHS,Department of Health and Human Services,Environmental Health and Regulatory Services,Fulltime-Regular,Environmental Health Specialist III,10/01/2007,2007,91248.21
M,POL,Department of Police,PSB 3rd District Special Assignment Team,Fulltime-Regular,Police Officer III,01/18/2005,2005,75453.0
F,POL,Department of Police,ISB Family Crimes Division Child Abuse Sexual Assault Section,Fulltime-Regular,Police Officer III,07/17/2006,2006,72902.0
F,SHF,Sheriff's Office,Court and Transport,Fulltime-Regular,Deputy Sheriff III,07/21/2003,2003,77029.0
F,HHS,Department of Health and Human Services,Adult Protective and Case Management Services,Fulltime-Regular,Social Worker IV,11/19/1989,1989,104717.28
F,HHS,Department of Health and Human Services,STD and HIV Services,Fulltime-Regular,Nurse Practitioner,12/21/1992,1992,110886.71
F,DOT,Department of Transportation,Transit Silver Spring Ride On,Fulltime-Regular,Bus Operator,09/28/2015,2015,40631.32
M,DPS,Department of Permitting Services,Land Development Permit Processing,Parttime-Regular,Office Clerk,08/22/2016,2016,14976.0
M,SHF,Sheriff's Office,Administration,Fulltime-Regular,Deputy Sheriff Candidate,02/09/2015,2015,47693.0
F,DLC,Department of Liquor Control,Goshen Crossing,Parttime-Regular,Liquor Store Clerk I,06/29/2015,2015,28772.17
F,HHS,Department of Health and Human Services,School Health Services,Fulltime-Regular,Community Health Nurse II,03/08/2016,2016,71150.0
F,POL,Department of Police,MSB Communications Division,Fulltime-Regular,Public Safety Communications Specialist I,11/30/2015,2015,42662.89
M,DOT,Department of Transportation,Sign and Marking Shop,Fulltime-Regular,Public Service Worker IV,11/24/2008,2008,44757.55
M,FRS,Fire and Rescue Services,Station 24,Fulltime-Regular,Master Firefighter/Rescuer,10/17/2005,2005,77434.0
M,DGS,Department of General Services,Fleet Management Fleet Services,Fulltime-Regular,Equipment Maintenance Crew Chief,09/19/2005,2005,78179.34
F,DOT,Department of Transportation,Transit Silver Spring Ride On,Fulltime-Regular,Bus Operator,10/01/2000,2000,60711.33
M,POL,Department of Police,HQ Office of the Chief Internal Affairs Division,Fulltime-Regular,Police Sergeant,01/14/2002,2002,96624.0
F,POL,Department of Police,FSB Security Services Division,Fulltime-Regular,Security Officer I,10/15/2007,2007,48258.81
M,POL,Department of Police,PSB 3rd District Patrol,Fulltime-Regular,Police Officer II,07/16/2012,2012,60501.0
F,HHS,Department of Health and Human Services,Community Action Agency,Fulltime-Regular,Program Specialist II,09/10/2012,2012,76370.39
M,DOT,Department of Transportation,Transit Gaithersburg Ride On,Fulltime-Regular,Bus Operator,08/27/2012,2012,45048.5
M,POL,Department of Police,PSB 2nd District Patrol,Fulltime-Regular,Police Sergeant,06/13/1994,1994,107128.71
F,HHS,Department of Health and Human Services,Area Health Centers,Fulltime-Regular,Principal Administrative Aide,02/14/2000,2000,58448.0
M,POL,Department of Police,PSB 1st District Traffic Squad,Fulltime-Regular,Police Officer III,02/06/1995,1995,92756.7
M,HHS,Department of Health and Human Services,Medical Assistance Eligibility Services,Fulltime-Regular,Income Assistance Program Specialist II,02/06/2006,2006,62430.09
M,FRS,Fire and Rescue Services,Station 15,Fulltime-Regular,Firefighter/Rescuer III,06/04/2012,2012,57265.0
F,HHS,Department of Health and Human Services,School Health Services,Parttime-Regular,School Health Room Technician I,08/06/2012,2012,36797.13
M,FRS,Fire and Rescue Services,Station 1,Fulltime-Regular,Firefighter/Rescuer II,03/19/2007,2007,62585.0
F,DOT,Department of Transportation,Transit Silver Spring Ride On,Fulltime-Regular,Bus Operator,04/28/2008,2008,46626.87
M,POL,Department of Police,ISB Criminal Investigations Division Forensic Services Section,Fulltime-Regular,Police Officer III,08/31/1998,1998,89620.0
M,FRS,Fire and Rescue Services,Station 10,Fulltime-Regular,Fire/Rescue Lieutenant,10/26/1986,1986,113418.6
F,DOT,Department of Transportation,Highway Services,Fulltime-Regular,Equipment Operator I,05/22/1995,1995,63067.93
F,HHS,Department of Health and Human Services,Medical Assistance Eligibility Services,Fulltime-Regular,Income Assistance Program Specialist II,04/23/1986,1986,83497.98
M,POL,Department of Police,PSB 6th District Community Action Team,Fulltime-Regular,Police Officer III,07/18/2011,2011,65752.0
F,REC,Department of Recreation,Youth Development Your Sports/Activities,Fulltime-Regular,Recreation Supervisor,08/17/1987,1987,95263.92
M,CUS,Community Use of Public Facilities,Scheduling Team,Fulltime-Regular,Program Specialist I,09/08/2015,2015,63315.0
M,POL,Department of Police,PSB 3rd District Patrol,Fulltime-Regular,Police Officer III,07/12/2010,2010,68054.0
M,DEP,Department of Environmental Protection,Solid Waste Services Operations,Fulltime-Regular,Code Enforcement Inspector III,02/20/2001,2001,81066.0
F,HHS,Department of Health and Human Services,Access to Behavioral Health Services,Fulltime-Regular,Therapist II,07/12/2004,2004,80903.7
M,POL,Department of Police,FSB Traffic Division Alcohol Initiatives Section,Fulltime-Regular,Master Police Officer,01/12/2009,2009,75943.0
F,LIB,Department of Public Libraries,Wheaton Library,Parttime-Regular,Library Desk Assistant,01/21/2003,2003,22879.14
M,HHS,Department of Health and Human Services,Aging and Disability Resource Unit,Fulltime-Regular,Client Assistance Specialist,06/19/2000,2000,69054.01
M,DLC,Department of Liquor Control,Hampden Lane,Parttime-Regular,Liquor Store Clerk I,06/15/2015,2015,28772.07
M,DGS,Department of General Services,Fleet Management Services,Fulltime-Regular,Supply Technician III,03/17/2008,2008,56464.05
M,FRS,Fire and Rescue Services,Station 4,Fulltime-Regular,Master Firefighter/Rescuer,03/25/1984,1984,95187.98
M,FRS,Fire and Rescue Services,Station 18,Fulltime-Regular,Fire/Rescue Captain,02/22/1994,1994,114087.02
F,FRS,Fire and Rescue Services,Training,Fulltime-Regular,Office Services Coordinator,12/20/1993,1993,69222.18
M,FRS,Fire and Rescue Services,Information Technology,Fulltime-Regular,Administrative Specialist III,06/24/2002,2002,93396.0
F,POL,Department of Police,PSB 5th District Patrol,Fulltime-Regular,Police Officer III,01/17/2006,2006,72902.0
M,FRS,Fire and Rescue Services,First Battalion - Administration,Fulltime-Regular,Fire/Rescue Battalion Chief,07/16/1984,1984,141027.78
M,REC,Department of Recreation,Damascus Senior Center,Fulltime-Regular,Recreation Specialist,01/11/1999,1999,81618.54
M,POL,Department of Police,MSB Communications Division,Fulltime-Regular,Senior Information Technology Specialist,12/17/2007,2007,112304.62
M,DOT,Department of Transportation,Highway Services,Fulltime-Regular,Work Force Leader IV,08/21/1989,1989,84974.0
M,POL,Department of Police,PSB 4th District Patrol,Fulltime-Regular,Police Officer III,01/06/2003,2003,83658.0
F,POL,Department of Police,MSB Communications Division,Fulltime-Regular,Public Safety Communications Specialist III,09/15/1982,1982,79663.29
M,POL,Department of Police,PSB 3rd District Patrol,Fulltime-Regular,Police Officer II,08/12/2013,2013,58455.0
F,PIO,Office of Public Information,MC311,Fulltime-Regular,Customer Service Representative II,10/10/2011,2011,57576.82
M,POL,Department of Police,PSB 5th District Patrol,Fulltime-Regular,Police Officer II,11/18/2013,2013,58455.0
F,HHS,Department of Health and Human Services,Nursing Home Inspections,Fulltime-Regular,Community Health Nurse II,04/26/1993,1993,100849.36
M,DOT,Department of Transportation,Highway Services,Fulltime-Regular,Equipment Operator III,03/25/1985,1985,69222.18
M,POL,Department of Police,MSB Communications Division,Fulltime-Regular,Program Specialist II,10/03/2005,2005,72247.14
M,FRS,Fire and Rescue Services,Station 1,Fulltime-Regular,Master Firefighter/Rescuer,09/11/2000,2000,97560.0
M,POL,Department of Police,ISB Family Crimes Division,Fulltime-Regular,Police Captain,09/08/1987,1987,141539.36
M,SHF,Sheriff's Office,Courthouse Security,Fulltime-Regular,Deputy Sheriff III,07/22/2002,2002,79728.0
M,POL,Department of Police,HQ Office of the Chief,Fulltime-Regular,Police Lieutenant,03/04/1991,1991,123902.96
F,LIB,Department of Public Libraries,Long Branch Library,Fulltime-Regular,Librarian I,10/06/2014,2014,58957.67
F,FRS,Fire and Rescue Services,Emergency Communications Center (ECC),Fulltime-Regular,Public Safety Communications Specialist II,08/13/2012,2012,52031.02
F,SHF,Sheriff's Office,Sheriff Domestic Violence,Fulltime-Regular,Client Assistance Specialist,06/01/2015,2015,50785.86
F,HHS,Department of Health and Human Services,Access to Behavioral Health Services,Fulltime-Regular,Therapist II,01/19/2010,2010,65643.17
M,POL,Department of Police,PSB 6th District Patrol,Fulltime-Regular,Police Sergeant,07/06/1992,1992,107128.71
F,POL,Department of Police,FSB Traffic Division School Safety Section,Parttime-Regular,Crossing Guard,12/19/1988,1988,26208.35
M,DGS,Department of General Services,Facilities Maintenance,Fulltime-Regular,Building Services Worker II,11/28/1999,1999,46469.0
F,COR,Correction and Rehabilitation,DS Health Services,Fulltime-Regular,Correctional Health Nurse II,07/08/2002,2002,97912.0
M,DOT,Department of Transportation,Transit Central Communication,Fulltime-Regular,Transit Communications Supervisor,12/04/1989,1989,75277.02
F,DTS,Department of Technology Services,Enterprise Telecommunications Services,Fulltime-Regular,Senior Information Technology Specialist,12/13/1993,1993,118400.0
M,DPS,Department of Permitting Services,Land Development Right-of-Way Plan Review,Fulltime-Regular,Senior Permitting Services Specialist,01/13/2014,2014,79819.62
F,LIB,Department of Public Libraries,Potomac Library,Fulltime-Regular,Librarian II,05/15/2006,2006,71927.98
M,POL,Department of Police,MSB Communications Division,Fulltime-Regular,Manager II,02/01/1993,1993,150831.84
M,POL,Department of Police,PSB 5th District Special Assignment Team,Fulltime-Regular,Police Officer III,07/16/2007,2007,70435.0
M,DOT,Department of Transportation,Transportation Technical Center,Fulltime-Regular,Transportation Systems Technician II,05/07/2001,2001,69218.79
M,REC,Department of Recreation,Germantown Community Recreation Center,Fulltime-Regular,Recreation Specialist,02/22/2004,2004,71062.1
M,HHS,Department of Health and Human Services,Treatment Services Admin,Fulltime-Regular,Manager II,03/18/1985,1985,149596.97
F,HHS,Department of Health and Human Services,Child Welfare Services,Fulltime-Regular,Social Worker III,07/06/1999,1999,92600.05
F,HHS,Department of Health and Human Services,Fiscal Team,Fulltime-Regular,Accountant/Auditor III,11/05/2012,2012,102735.6
M,POL,Department of Police,PSB 2nd District Patrol,Fulltime-Regular,Police Officer III,01/17/2006,2006,83658.0
M,COR,Correction and Rehabilitation,PRRS Facility and Security,Fulltime-Regular,Resident Supervisor III,09/18/1994,1994,91751.37
M,FRS,Fire and Rescue Services,Station 7,Fulltime-Regular,Firefighter/Rescuer II,01/14/2013,2013,60810.0
M,PRO,Office of Procurement,Procurement Operations Section,Fulltime-Regular,Procurement Specialist II,11/15/2004,2004,88869.93
M,COR,Correction and Rehabilitation,DS MCCF Unit 1 Security,Fulltime-Regular,Correctional Officer II (PFC),04/20/2015,2015,48145.0
F,HHS,Department of Health and Human Services,Child Welfare Services,Fulltime-Regular,Social Worker II,09/21/2015,2015,58360.55
M,DGS,Department of General Services,Fleet Management Fleet Services,Fulltime-Regular,Mechanic Technician II,02/11/1980,1980,76015.03
M,FRS,Fire and Rescue Services,Emergency Communications Center (ECC),Fulltime-Regular,Public Safety Communications Specialist II,11/23/2009,2009,52032.19
M,FRS,Fire and Rescue Services,Second Battalion - Administration,Fulltime-Regular,Fire/Rescue Lieutenant,02/11/2002,2002,94449.0
M,DGS,Department of General Services,Fleet Automotive Heavy Equipment,Fulltime-Regular,Welder,02/03/2000,2000,70466.92
M,DLC,Department of Liquor Control,Beer Delivery Operations,Fulltime-Regular,Truck Driver/Warehouse Worker,06/03/2013,2013,43525.72
M,POL,Department of Police,PSB 3rd District Patrol,Fulltime-Regular,Police Officer III,09/18/1995,1995,92756.7
F,HHS,Department of Health and Human Services,Income Supports,Fulltime-Regular,Income Assistance Program Specialist I,08/10/2015,2015,44727.53
F,HHS,Department of Health and Human Services,STD and HIV Services,Parttime-Regular,Medical Doctor III - Physician,12/01/2003,2003,152343.2
F,POL,Department of Police,FSB Animal Services Division,Fulltime-Regular,Principal Administrative Aide,08/11/2014,2014,38756.92
M,POL,Department of Police,MSB Communications Division,Fulltime-Regular,Public Safety Emergency Communications Supervisor,04/09/1990,1990,89574.8
F,HHS,Department of Health and Human Services,Care Coordination,Fulltime-Regular,Program Specialist I,08/07/2000,2000,70599.34
F,DEP,Department of Environmental Protection,Management Services,Fulltime-Regular,Manager III,03/06/2006,2006,129509.88
F,HHS,Department of Health and Human Services,Income Supports,Fulltime-Regular,Income Assistance Program Specialist II,03/13/2000,2000,72195.63
M,DPS,Department of Permitting Services,Building Construction Permit Processing,Fulltime-Regular,Permit Technician II,06/12/1989,1989,72534.66
M,FRS,Fire and Rescue Services,Station 8,Fulltime-Regular,Fire/Rescue Captain,03/16/1986,1986,126781.06
M,CEC,Community Engagement Cluster,Regional Services Centers,Fulltime-Regular,Director Regional Services Center,09/07/1999,1999,165046.0
M,FRS,Fire and Rescue Services,Station 13,Fulltime-Regular,Firefighter/Rescuer III,03/19/2007,2007,65716.0
F,POL,Department of Police,PSB 4th District Patrol,Fulltime-Regular,Police Officer III,01/17/2006,2006,72902.0
M,DGS,Department of General Services,Fleet Management Fleet Services,Fulltime-Regular,Mechanic Technician II,06/30/2014,2014,56715.6
M,POL,Department of Police,PSB 5th District Patrol,Fulltime-Regular,Police Officer III,03/07/1994,1994,92756.7
M,HHS,Department of Health and Human Services,Facilities and Logistical Services,Fulltime-Regular,Manager III,11/18/1991,1991,131155.93
F,HHS,Department of Health and Human Services,TB and Refugee Health,Fulltime-Regular,Nurse Practitioner,02/22/2016,2016,84254.18
F,DOT,Department of Transportation,Transit Gaithersburg Ride On,Fulltime-Regular,Bus Operator,05/27/2014,2014,42053.84
M,DOT,Department of Transportation,Transit Silver Spring Ride On,Fulltime-Regular,Bus Operator,01/27/2014,2014,42053.83
M,DGS,Department of General Services,Fleet Automotive Heavy Equipment,Fulltime-Regular,Mechanic Technician II,05/04/1978,1978,76015.03
F,HHS,Department of Health and Human Services,School Health Services,Fulltime-Regular,Community Health Nurse II,08/06/2007,2007,87843.27
F,CAT,County Attorney's Office,Support Services,Fulltime-Regular,Principal Administrative Aide,10/20/2003,2003,58448.0
F,HHS,Department of Health and Human Services,Abused Persons Program,Fulltime-Regular,Client Assistance Specialist,06/03/2002,2002,71642.04
M,FRS,Fire and Rescue Services,Station 24,Fulltime-Regular,Fire/Rescue Captain,08/05/1991,1991,114087.02
M,DOT,Department of Transportation,Highway Services,Fulltime-Regular,Equipment Operator I,03/28/1995,1995,60260.05
F,POL,Department of Police,FSB Traffic Division School Safety Section,Parttime-Regular,Crossing Guard,01/24/2000,2000,24978.81
F,POL,Department of Police,FSB Animal Services Division,Fulltime-Regular,Principal Administrative Aide,07/23/2007,2007,45048.5
F,POL,Department of Police,MSB Communications Division,Fulltime-Regular,Public Safety Communications Specialist II,03/01/1993,1993,72534.66
F,FRS,Fire and Rescue Services,Station 22,Fulltime-Regular,Firefighter/Rescuer III,08/31/1986,1986,86537.84
F,HHS,Department of Health and Human Services,Income Supports,Fulltime-Regular,Principal Administrative Aide,03/22/2004,2004,55598.94
F,HHS,Department of Health and Human Services,STD and HIV Services,Fulltime-Regular,Public Health Advisor,01/08/1995,1995,87523.22
M,DGS,Department of General Services,Fleet Management Services,Fulltime-Regular,Supply Technician III,06/12/2000,2000,58448.0
M,POL,Department of Police,PSB 5th District Patrol,Fulltime-Regular,Police Officer III,01/18/1994,1994,92756.7
M,FRS,Fire and Rescue Services,Station 16,Fulltime-Regular,Fire/Rescue Lieutenant,09/11/2000,2000,97755.0
M,POL,Department of Police,PSB 6th District Patrol,Fulltime-Regular,Police Officer III,06/13/1994,1994,92756.7
M,DLC,Department of Liquor Control,Purchasing,Fulltime-Regular,Program Manager II,08/25/2014,2014,70749.22
F,HHS,Department of Health and Human Services,Child Welfare Services,Fulltime-Regular,Social Worker III,07/11/2005,2005,78168.68
F,SHF,Sheriff's Office,Evictions,Fulltime-Regular,Principal Administrative Aide,04/24/1989,1989,60201.44
M,POL,Department of Police,PSB 1st District Patrol,Fulltime-Regular,Police Officer III,01/17/2006,2006,72902.0
F,LIB,Department of Public Libraries,Germantown Library,Parttime-Regular,Library Aide,11/04/2002,2002,18247.04
M,HHS,Department of Health and Human Services,Contract Team,Fulltime-Regular,Manager III,02/22/2016,2016,130650.0
M,FRS,Fire and Rescue Services,Third Battalion - Administration,Fulltime-Regular,Fire/Rescue Lieutenant,06/07/2004,2004,96869.0
M,FRS,Fire and Rescue Services,Recruit Training,Fulltime-Regular,Firefighter/Rescuer I (Recruit),12/12/2016,2016,45261.0
M,HHS,Department of Health and Human Services,Maternity Dental,Fulltime-Regular,Administrative Aide,11/20/2000,2000,49018.76
M,HHS,Department of Health and Human Services,Child Welfare Services,Fulltime-Regular,Principal Administrative Aide,04/02/2001,2001,55139.73
M,CEC,Community Engagement Cluster,Silver Spring Urban District,Fulltime-Regular,Public Service Worker II,03/26/2006,2006,42020.03
M,DGS,Department of General Services,Real Estate Office,Fulltime-Regular,Real Estate Specialist III,01/12/2015,2015,102664.0
M,DGS,Department of General Services,Facilities Maintenance,Fulltime-Regular,HVAC Mechanic I,11/18/1991,1991,76015.03
M,FRS,Fire and Rescue Services,Station 21,Fulltime-Regular,Firefighter/Rescuer III,03/17/2008,2008,63493.0
F,SHF,Sheriff's Office,Court and Transport,Fulltime-Regular,Deputy Sheriff III,01/14/2008,2008,64854.0
M,POL,Department of Police,PSB 3rd District Patrol,Fulltime-Regular,Police Officer II,08/12/2013,2013,58455.0
M,FRS,Fire and Rescue Services,Station 31,Fulltime-Regular,Fire/Rescue Captain,10/18/1987,1987,131905.06
M,DOT,Department of Transportation,Transportation System Engineering,Fulltime-Regular,Engineer II,01/07/1991,1991,91751.37
M,FRS,Fire and Rescue Services,Fourth Battalion - Administration,Fulltime-Regular,Fire/Rescue Captain,01/23/1995,1995,122788.02
M,DTS,Department of Technology Services,ESOD Public Safety Data Support,Fulltime-Regular,Senior Information Technology Specialist,02/23/2004,2004,118400.0
M,DOT,Department of Transportation,Highway Administration,Fulltime-Regular,Highway Inspector I,05/11/1997,1997,71264.02
M,DOT,Department of Transportation,Traffic Engineering Studies Section,Fulltime-Regular,Engineer Technician II,10/17/2016,2016,52000.0
M,FRS,Fire and Rescue Services,Technical Operations,Fulltime-Regular,Fire/Rescue Captain,08/16/1999,1999,115279.0
M,HCA,Department of Housing and Community Affairs,Grants Management,Fulltime-Regular,Senior Planning Specialist,02/21/2006,2006,102664.0
F,HHS,Department of Health and Human Services,Emergency Housing Assistance,Fulltime-Regular,Client Assistance Specialist,09/06/1994,1994,83497.98
M,DOT,Department of Transportation,Transit Gaithersburg Ride On,Fulltime-Regular,Bus Operator,01/06/2014,2014,42053.83
M,DOT,Department of Transportation,Transit Silver Spring Ride On,Fulltime-Regular,Bus Operator,02/02/2015,2015,40631.32
F,SHF,Sheriff's Office,Sheriff Domestic Violence,Fulltime-Regular,Public Safety Telephone Reporting Aide I,08/11/2003,2003,66555.1
F,DPS,Department of Permitting Services,Zoning,Fulltime-Regular,Permitting Services Specialist II,04/18/2016,2016,72360.0
M,POL,Department of Police,PSB 1st District Patrol,Fulltime-Regular,Police Officer II,07/14/2008,2008,64812.0
F,COR,Correction and Rehabilitation,DS MCDC Central Processing Unit,Fulltime-Regular,Correctional Supervisor (Sergeant),10/31/2005,2005,74458.0
M,DPS,Department of Permitting Services,Information Technology Services,Fulltime-Regular,Senior Information Technology Specialist,04/07/2003,2003,115324.9
M,COR,Correction and Rehabilitation,DS MCDC Custody and Security,Fulltime-Regular,Correctional Supervisor (Sergeant),01/20/1998,1998,91532.0
F,HHS,Department of Health and Human Services,Income Supports,Fulltime-Regular,Principal Administrative Aide,02/04/2008,2008,45119.99
M,OMB,Office of Management and Budget,Operating Budget Management,Fulltime-Regular,Senior Management and Budget Specialist,01/14/2013,2013,99958.87
M,POL,Department of Police,PSB 3rd District Traffic Squad,Fulltime-Regular,Police Officer III,01/17/2006,2006,86588.0
M,DOT,Department of Transportation,Highway Services,Fulltime-Regular,Depot Supply Coordinator,08/27/1979,1979,66065.23
M,DGS,Department of General Services,Facilities Maintenance,Fulltime-Regular,Maintenance Renovation and Inspection Specialist,10/27/1997,1997,84974.0
M,DOT,Department of Transportation,Transit Gaithersburg Ride On,Fulltime-Regular,Bus Operator,03/21/1988,1988,66065.23
F,HHS,Department of Health and Human Services,School Health Services,Fulltime-Regular,Office Services Coordinator,12/04/2000,2000,59795.88
F,REC,Department of Recreation,White Oak Community Center,Fulltime-Regular,Recreation Specialist,06/27/2004,2004,63177.64
F,HHS,Department of Health and Human Services,Child Welfare Services,Fulltime-Regular,Community Services Aide III,05/30/2006,2006,59294.89
M,POL,Department of Police,PSB 4th District Traffic Squad,Fulltime-Regular,Police Officer III,12/08/1986,1986,92756.7
M,DLC,Department of Liquor Control,"Licensure, Regulation and Education",Fulltime-Regular,Alcohol/Tobacco Enforcement Specialist II,10/26/2009,2009,75241.76
M,DOT,Department of Transportation,Transportation Technical Center,Fulltime-Regular,Transportation Systems Technician I,07/11/2016,2016,43985.0
F,HHS,Department of Health and Human Services,Behavioral Health Planning and Management,Fulltime-Regular,Program Manager II,02/20/2007,2007,95265.37
M,LIB,Department of Public Libraries,Kensington Park Library,Fulltime-Regular,Library Associate II,11/19/2001,2001,75036.11
F,POL,Department of Police,MSB Communications Division,Fulltime-Regular,Program Specialist II,06/16/2003,2003,77393.5
F,DEP,Department of Environmental Protection,Water Quality Monitoring and Planning,Fulltime-Regular,Planning Specialist III,03/24/2014,2014,81633.71
M,DEP,Department of Environmental Protection,Solid Waste Northern Operations,Fulltime-Regular,Senior Engineer,12/01/2003,2003,112899.0
F,LIB,Department of Public Libraries,Gaithersburg Library,Parttime-Regular,Library Associate II,09/17/2007,2007,30257.86
M,FRS,Fire and Rescue Services,Station 2,Fulltime-Regular,Firefighter/Rescuer II,09/22/2014,2014,50910.0
M,DGS,Department of General Services,Building Design and Construction,Fulltime-Regular,Construction Representative III,01/22/2008,2008,81421.63
F,HHS,Department of Health and Human Services,School Based Health Centers,Fulltime-Regular,Community Health Nurse II,08/07/2006,2006,95331.33
M,DOT,Department of Transportation,Highway Services,Fulltime-Regular,Work Force Leader II,05/21/1989,1989,73801.0
M,FRS,Fire and Rescue Services,Station 1,Fulltime-Regular,Firefighter/Rescuer II,07/29/2013,2013,52693.0
F,POL,Department of Police,FSB Traffic Division School Safety Section,Parttime-Regular,Crossing Guard,09/08/2014,2014,17192.05
M,FRS,Fire and Rescue Services,Station 34,Fulltime-Regular,Firefighter/Rescuer II,01/14/2013,2013,52693.0
M,FRS,Fire and Rescue Services,Station 35,Fulltime-Regular,Fire/Rescue Captain,08/05/1991,1991,117174.02
M,HHS,Department of Health and Human Services,Income Supports,Fulltime-Regular,Program Manager I,03/07/1988,1988,95263.92
M,OMB,Office of Management and Budget,Special Projects,Fulltime-Regular,Senior Management and Budget Specialist,10/07/2002,2002,112899.0
M,DPS,Department of Permitting Services,Land Development Permit Processing,Fulltime-Regular,Permit Technician II,06/11/1990,1990,72534.66
M,FRS,Fire and Rescue Services,Station 31,Fulltime-Regular,Firefighter/Rescuer II,03/10/2014,2014,50910.0
F,COR,Correction and Rehabilitation,DS MCCF Case Managers Unit 2,Fulltime-Regular,Correctional Specialist I,04/02/2007,2007,60515.71
F,HHS,Department of Health and Human Services,Child Welfare Services,Fulltime-Regular,Administrative Specialist II,04/03/2006,2006,79920.54
M,DLC,Department of Liquor Control,Liquor and Wine Delivery Operations,Fulltime-Regular,Truck Driver/Warehouse Worker,11/13/2006,2006,49949.25
M,FRS,Fire and Rescue Services,Station 31,Fulltime-Regular,Master Firefighter/Rescuer,03/17/2008,2008,79268.0
F,HHS,Department of Health and Human Services,Child Welfare Services,Fulltime-Regular,Social Worker II,02/09/2015,2015,58360.18
F,HHS,Department of Health and Human Services,Home Energy Assistance Program,Fulltime-Regular,Principal Administrative Aide,05/02/2016,2016,36180.0
F,HHS,Department of Health and Human Services,Medical Assistance Eligibility Services,Fulltime-Regular,Income Assistance Program Specialist II,06/11/2007,2007,60318.22
M,DOT,Department of Transportation,Highway Services,Fulltime-Regular,Equipment Operator I,10/20/2014,2014,40368.82
F,POL,Department of Police,MSB Management and Budget Division,Fulltime-Regular,Fiscal Assistant,11/04/2002,2002,67206.0
M,DOT,Department of Transportation,Transit Gaithersburg Ride On,Fulltime-Regular,Bus Operator,01/27/2014,2014,42053.83
M,CEC,Community Engagement Cluster,Community Partnerships,Fulltime-Regular,Community Outreach Manager,10/26/2009,2009,104199.68
M,FRS,Fire and Rescue Services,Recruit Training,Fulltime-Regular,Firefighter/Rescuer I (Recruit),12/12/2016,2016,45261.0
M,LIB,Department of Public Libraries,Gaithersburg Library,Fulltime-Regular,Librarian II,12/16/2013,2013,75807.1
M,COR,Correction and Rehabilitation,MSD Information Technology,Fulltime-Regular,Information Technology Specialist III,06/16/2003,2003,107657.0
M,SHF,Sheriff's Office,Child Support,Fulltime-Regular,Deputy Sheriff III,07/17/2000,2000,85405.0
M,COR,Correction and Rehabilitation,DS Food Services,Fulltime-Regular,Correctional Dietary Officer II,03/25/2013,2013,49104.52
M,FRS,Fire and Rescue Services,Station 21,Fulltime-Regular,Firefighter/Rescuer III,03/27/2006,2006,68015.0
M,DOT,Department of Transportation,Transit Gaithersburg Ride On,Fulltime-Regular,Bus Operator,07/23/2000,2000,62835.65
M,DOT,Department of Transportation,Transit Gaithersburg Ride On,Fulltime-Regular,Bus Operator,06/14/1992,1992,64141.0
F,DOT,Department of Transportation,Transportation Construction Section,Parttime-Regular,Administrative Specialist II,04/23/1990,1990,76582.82
F,CCL,County Council,Council Members and Staff,Parttime-Regular,Legislative Senior Aide II,07/15/2013,2013,60464.28
F,POL,Department of Police,ISB Criminal Investigations Division Crime Laboratory Section,Fulltime-Regular,Forensic Scientist,01/11/2016,2016,98992.5
F,LIB,Department of Public Libraries,Olney Library,Parttime-Regular,Library Associate,01/12/2015,2015,23743.1
M,FRS,Fire and Rescue Services,Station 6,Fulltime-Regular,Firefighter/Rescuer III,12/13/2004,2004,72861.0
M,DGS,Department of General Services,Facilities Maintenance,Fulltime-Regular,Building Services Worker II,07/15/2013,2013,36914.25
M,FRS,Fire and Rescue Services,Station 4,Fulltime-Regular,Firefighter/Rescuer II,03/10/2014,2014,56990.0
F,HHS,Department of Health and Human Services,School Health Services,Parttime-Regular,School Health Room Technician I,11/29/2004,2004,43425.63
F,HHS,Department of Health and Human Services,Child Welfare Services,Fulltime-Regular,Program Specialist II,03/02/2009,2009,56491.42
F,DGS,Department of General Services,Facilities Maintenance,Fulltime-Regular,Building Services Worker II,10/01/2000,2000,46469.0
F,LIB,Department of Public Libraries,Gaithersburg Library,Parttime-Regular,Library Assistant I,11/23/1998,1998,42441.06
F,DPS,Department of Permitting Services,Customer Service & Outreach,Fulltime-Regular,Permit Technician II,11/28/1994,1994,72534.66
F,DEP,Department of Environmental Protection,Water Quality Monitoring and Planning,Fulltime-Regular,Planning Specialist III,01/05/2009,2009,80383.69
M,HHS,Department of Health and Human Services,Adult Drug Court,Fulltime-Regular,Behavioral Health Associate Counselor,02/27/2012,2012,81066.0
M,FRS,Fire and Rescue Services,Recruit Training,Fulltime-Regular,Firefighter/Rescuer I (Recruit),12/12/2016,2016,45261.0
M,HHS,Department of Health and Human Services,"Planning, Accountability and Customer Service",Fulltime-Regular,Manager II,10/03/2016,2016,143000.0
F,POL,Department of Police,PSB 4th District Station,Fulltime-Regular,Police Captain,03/04/1991,1991,155693.29
M,DOT,Department of Transportation,Transit Gaithersburg Ride On,Fulltime-Regular,Bus Operator,08/18/2014,2014,42053.83
M,HHS,Department of Health and Human Services,Income Supports,Fulltime-Regular,Income Assistance Program Specialist II,06/16/1985,1985,81066.0
M,DLC,Department of Liquor Control,Olney,Parttime-Regular,Liquor Store Clerk I,04/06/2015,2015,27799.2
F,HHS,Department of Health and Human Services,Child Welfare Services,Fulltime-Regular,Social Worker III,07/03/2000,2000,96092.51
M,FRS,Fire and Rescue Services,Emergency Communications Center (ECC),Fulltime-Regular,Fire/Rescue Captain,08/16/1999,1999,123980.0
F,DEP,Department of Environmental Protection,Solid Waste Services Collection Operations,Fulltime-Regular,Program Specialist II,07/19/1999,1999,84974.0
M,POL,Department of Police,PSB 1st District Patrol,Fulltime-Regular,Police Officer III,07/16/2007,2007,70435.0
F,COR,Correction and Rehabilitation,PRRS Facility and Security,Fulltime-Regular,Resident Supervisor I,06/20/2010,2010,44753.0
F,OHR,Office of Human Resources,Recruitment and Selection Division,Fulltime-Regular,Human Resources Specialist III,05/11/1992,1992,104717.28
M,DLC,Department of Liquor Control,Liquor and Wine Delivery Operations,Fulltime-Regular,Truck Driver Helper/Warehouse Worker,05/31/2006,2006,41228.72
F,CEX,Offices of the County Executive,Chief Administrative Officer's Office,Fulltime-Regular,Manager I,11/29/2004,2004,210132.65
F,REC,Department of Recreation,Automation,Fulltime-Regular,Senior Information Technology Specialist,11/13/1984,1984,94427.09
M,COR,Correction and Rehabilitation,DS MCCF Unit 3 Security,Fulltime-Regular,Correctional Supervisor (Sergeant),07/20/1987,1987,94277.96
F,POL,Department of Police,FSB Traffic Division School Safety Section,Parttime-Regular,Crossing Guard,10/02/2000,2000,24134.31
F,COR,Correction and Rehabilitation,DS MCCF Unit 3 Security,Fulltime-Regular,Correctional Officer III (Corporal),01/22/2001,2001,77328.0
M,CEC,Community Engagement Cluster,Silver Spring Urban District,Fulltime-Regular,Urban District Public Service and Maintenance Team Supv,02/13/1996,1996,63937.96
M,DEP,Department of Environmental Protection,Solid Waste Services Administration,Fulltime-Regular,Manager III,12/29/1997,1997,135392.0
F,POL,Department of Police,ISB Family Crimes Division Child Abuse Sexual Assault Section,Fulltime-Regular,Police Officer III,07/19/2004,2004,78096.0
M,FRS,Fire and Rescue Services,Station 22,Fulltime-Regular,Fire/Rescue Captain,08/05/1991,1991,117174.02
F,HHS,Department of Health and Human Services,School Health Services,Parttime-Regular,School Health Room Technician I,08/08/2005,2005,41954.12
M,FRS,Fire and Rescue Services,Station 8,Fulltime-Regular,Firefighter/Rescuer III,03/17/2008,2008,63493.0
M,SHF,Sheriff's Office,Court and Transport,Fulltime-Regular,Deputy Sheriff III,02/06/1995,1995,87967.15
F,POL,Department of Police,FSB Traffic Division School Safety Section,Parttime-Regular,Crossing Guard,11/04/2013,2013,17793.77
F,LIB,Department of Public Libraries,Germantown Library,Parttime-Regular,Library Assistant I,02/23/1994,1994,45151.08
M,FRS,Fire and Rescue Services,Station 11,Fulltime-Regular,Master Firefighter/Rescuer,01/30/2006,2006,74815.0
F,FIN,Department of Finance,General Accounting,Fulltime-Regular,Program Manager II,05/07/1990,1990,134865.58
F,COR,Correction and Rehabilitation,PRRS Facility and Security,Fulltime-Regular,Resident Supervisor II,06/03/2013,2013,54580.28
M,FRS,Fire and Rescue Services,Station 16,Fulltime-Regular,Firefighter/Rescuer III,10/09/2006,2006,68015.0
M,FRS,Fire and Rescue Services,Station 13,Fulltime-Regular,Fire/Rescue Captain,09/04/2001,2001,110229.0
F,LIB,Department of Public Libraries,Germantown Library,Fulltime-Regular,Library Assistant II,09/19/1995,1995,69222.18
F,HHS,Department of Health and Human Services,School Health Services,Fulltime-Regular,Office Services Coordinator,10/11/2010,2010,46972.96
M,FRS,Fire and Rescue Services,Station 29,Fulltime-Regular,Firefighter/Rescuer III,01/30/2006,2006,70052.0
F,DTS,Department of Technology Services,ERP Financials,Fulltime-Regular,Senior ERP Functional Business Analyst,06/27/2016,2016,140700.0
F,DPS,Department of Permitting Services,Building Construction Permit Processing,Fulltime-Regular,Permit Technician II,03/06/1989,1989,72534.66
M,COR,Correction and Rehabilitation,PRRS Reentry Services and Programs,Fulltime-Regular,Correctional Specialist III,01/25/1999,1999,97912.0
F,DTS,Department of Technology Services,EASD Web and Mobile Applications,Fulltime-Regular,Senior Information Technology Specialist,08/19/1985,1985,120768.0
F,HHS,Department of Health and Human Services,Community Support Network for People with Disabilities,Parttime-Regular,Office Clerk,05/04/2010,2010,17269.0
F,HHS,Department of Health and Human Services,School Health Services,Fulltime-Regular,Community Health Nurse II,03/08/2016,2016,73176.1
M,POL,Department of Police,PSB 3rd District Community Action Team,Fulltime-Regular,Master Police Officer,06/16/2003,2003,84871.0
F,HHS,Department of Health and Human Services,Child Welfare Services,Fulltime-Regular,Social Worker I,01/11/2016,2016,51394.0
F,LIB,Department of Public Libraries,Davis Library,Fulltime-Regular,Librarian II,01/13/1986,1986,100849.36
F,FIN,Department of Finance,Accounts Payable,Fulltime-Regular,Fiscal Assistant,02/11/2013,2013,58157.89
M,DGS,Department of General Services,Facilities Maintenance,Fulltime-Regular,HVAC Mechanic I,10/16/2006,2006,73801.0
M,DLC,Department of Liquor Control,Kingsview,Fulltime-Regular,Liquor Store Manager,09/12/2003,2003,69500.93
M,SHF,Sheriff's Office,"Civil, Child Support and Criminal Divison",Fulltime-Regular,Deputy Sheriff Captain,01/24/1988,1988,128560.48
F,HHS,Department of Health and Human Services,School Health Services,Parttime-Regular,School Health Room Technician I,11/03/2015,2015,34350.14
M,DLC,Department of Liquor Control,Beer Delivery Operations,Fulltime-Regular,Truck Driver/Warehouse Worker,10/02/2000,2000,57378.12
M,POL,Department of Police,PSB 6th District Patrol,Fulltime-Regular,Police Officer III,07/08/1992,1992,92756.7
F,COR,Correction and Rehabilitation,DS MCCF Unit 1 Security,Fulltime-Regular,Correctional Officer III (Corporal),04/27/1997,1997,77328.0
M,DLC,Department of Liquor Control,Olney,Fulltime-Regular,Liquor Store Assistant Manager,11/06/2000,2000,67450.85
M,DGS,Department of General Services,Fleet Management Fleet Services,Fulltime-Regular,Mechanic Technician II,10/22/2000,2000,73801.0
M,COR,Correction and Rehabilitation,DS MCDC Central Processing Unit,Fulltime-Regular,Correctional Supervisor (Sergeant),05/31/2005,2005,74458.0
M,DPS,Department of Permitting Services,Land Development Right-of-Way Inspection,Fulltime-Regular,Permitting and Code Enforcement Inspector II,04/18/2016,2016,56581.5
F,COR,Correction and Rehabilitation,DS Health Services,Fulltime-Regular,Licensed Practical Nurse (C and R),04/04/2005,2005,68065.33
M,DOT,Department of Transportation,Transit Silver Spring Ride On,Fulltime-Regular,Bus Operator,12/04/2006,2006,48260.15
M,DEP,Department of Environmental Protection,Solid Waste Services Operations,Fulltime-Regular,Engineer I,02/23/2015,2015,67902.62
M,DOT,Department of Transportation,Transit Silver Spring Ride On,Fulltime-Regular,Bus Operator,10/14/2001,2001,58657.24
F,HHS,Department of Health and Human Services,Environmental Health and Regulatory Services,Fulltime-Regular,Environmental Health Specialist III,04/23/2012,2012,68699.01
M,COR,Correction and Rehabilitation,DS MCCF Custody and Security,Fulltime-Regular,Correctional Unit Commander (Captain),04/19/1993,1993,114079.71
F,POL,Department of Police,ISB Criminal Investigations Division 3rd District Investigative Section,Fulltime-Regular,Police Officer III,02/03/2003,2003,80829.0
F,HHS,Department of Health and Human Services,Disease Control,Fulltime-Regular,Manager III,05/14/2001,2001,130842.19
F,DEP,Department of Environmental Protection,Management Services,Fulltime-Regular,Management and Budget Specialist III,05/30/2006,2006,100095.45
F,HHS,Department of Health and Human Services,Income Supports,Fulltime-Regular,Income Assistance Program Specialist II,02/01/1993,1993,83497.98
M,CCL,County Council,Council Members and Staff,Fulltime-Regular,Council Member,12/02/2002,2002,128519.0
F,HHS,Department of Health and Human Services,Environmental Health and Regulatory Services,Fulltime-Regular,Environmental Health Specialist III,02/05/2007,2007,84009.08
F,HHS,Department of Health and Human Services,Director's Office,Fulltime-Regular,Manager II,04/23/2012,2012,125385.27
F,HHS,Department of Health and Human Services,Adult Protective Services - Nurse Assessment,Fulltime-Regular,Community Health Nurse II,03/17/2008,2008,89952.8
F,POL,Department of Police,ISB Family Crimes Division,Fulltime-Regular,Program Manager II,12/07/1987,1987,105743.92
M,FRS,Fire and Rescue Services,Station 8,Fulltime-Regular,Master Firefighter/Rescuer,09/29/2009,2009,73558.0
M,DOT,Department of Transportation,Highway Services,Fulltime-Regular,Work Force Leader II,11/13/1989,1989,75277.02
F,COR,Correction and Rehabilitation,DS Health Services,Fulltime-Regular,Licensed Practical Nurse (C and R),05/15/2006,2006,72961.95
M,DLC,Department of Liquor Control,Beer Delivery Operations,Fulltime-Regular,Truck Driver/Warehouse Worker,12/14/2015,2015,40631.32
F,HHS,Department of Health and Human Services,School Health Services,Parttime-Regular,School Health Room Technician I,03/12/2013,2013,38085.07
F,DOT,Department of Transportation,Transit Management Services,Fulltime-Regular,Office Services Coordinator,09/17/1984,1984,69222.18
M,FRS,Fire and Rescue Services,Station 24,Fulltime-Regular,Firefighter/Rescuer II,02/27/2012,2012,54538.0
F,DEP,Department of Environmental Protection,Environmental Planning and Policy Implementation,Fulltime-Regular,Program Manager I,06/27/2016,2016,70350.0
F,POL,Department of Police,PSB 3rd District Patrol,Parttime-Regular,Police Officer III,01/17/2006,2006,36451.0
F,POL,Department of Police,FSB Traffic Division School Safety Section,Parttime-Regular,Crossing Guard,09/15/2008,2008,19060.61
M,DPS,Department of Permitting Services,Team 2 Residential Inspection,Fulltime-Regular,Permitting and Code Enforcement Inspector II,02/20/2007,2007,81905.7
M,FRS,Fire and Rescue Services,Station 25,Fulltime-Regular,Fire/Rescue Lieutenant,10/09/2006,2006,84341.0
F,HHS,Department of Health and Human Services,School Health Services,Parttime-Regular,School Health Room Technician I,08/17/1998,1998,53383.79
M,DTS,Department of Technology Services,ERP Technical Support,Parttime-Regular,Senior Information Technology Specialist,09/08/2003,2003,59200.0
M,DOT,Department of Transportation,Transit Silver Spring Ride On,Fulltime-Regular,Transit Information Systems Technician,02/25/2013,2013,47878.29
M,HHS,Department of Health and Human Services,Adult Protective and Case Management Services,Fulltime-Regular,Social Worker III,02/19/1992,1992,100849.36
F,HHS,Department of Health and Human Services,Contract Team,Fulltime-Regular,Program Manager I,04/02/1990,1990,95263.92
F,DPS,Department of Permitting Services,Customer Outreach and Education,Fulltime-Regular,Community Outreach Manager,08/27/1990,1990,109943.21
M,POL,Department of Police,ISB Criminal Investigations Division 2nd District Investigative Section,Fulltime-Regular,Police Officer III,01/14/2002,2002,83658.0
M,POL,Department of Police,ISB Criminal Investigations Division Financial Crimes Section,Fulltime-Regular,Police Officer III,02/06/1995,1995,92756.7
M,DOT,Department of Transportation,Transit Gaithersburg Ride On,Fulltime-Regular,Bus Operator,01/29/1990,1990,66065.23
F,POL,Department of Police,MSB Training and Education Division,Fulltime-Regular,Police Officer III,02/06/1995,1995,92756.7
M,DOT,Department of Transportation,Transit Gaithersburg Ride On,Fulltime-Regular,Bus Operator,01/06/2002,2002,58671.02
M,SHF,Sheriff's Office,Sheriff Domestic Violence,Fulltime-Regular,Deputy Sheriff III,07/17/2006,2006,69475.0
F,HHS,Department of Health and Human Services,Disease Control,Fulltime-Regular,Community Health Nurse II,01/05/1981,1981,100849.36
M,FRS,Fire and Rescue Services,Station 23,Fulltime-Regular,Firefighter/Rescuer II,02/14/2000,2000,85637.0
M,FRS,Fire and Rescue Services,Station 24,Fulltime-Regular,Master Firefighter/Rescuer,09/11/2000,2000,90896.0
M,LIB,Department of Public Libraries,Germantown Library,Fulltime-Regular,Library Assistant Supervisor,08/08/1993,1993,78158.65
M,FRS,Fire and Rescue Services,Station 6,Fulltime-Regular,Firefighter/Rescuer III,09/02/2008,2008,63493.0
M,SHF,Sheriff's Office,Civil Process,Fulltime-Regular,Deputy Sheriff Sergeant,01/24/1988,1988,96763.35
F,COR,Correction and Rehabilitation,DS Food Services,Fulltime-Regular,Correctional Dietary Officer II,04/21/2003,2003,62482.02
M,POL,Department of Police,FSB Security Services Division,Fulltime-Regular,Security Officer III (Sergeant),07/29/2002,2002,84832.58
M,POL,Department of Police,MSB Personnel Division Background Section,Fulltime-Regular,Background Screening Specialist,11/07/2011,2011,76182.23
F,CAT,County Attorney's Office,Government Operations,Fulltime-Regular,Assistant County Attorney III,08/30/1999,1999,121653.95
M,DTS,Department of Technology Services,ETSD Telephone Services,Fulltime-Regular,Telecommunications Specialist,02/21/1989,1989,83497.98
F,FIN,Department of Finance,Division of Fiscal Management,Fulltime-Regular,Senior Management and Budget Specialist,10/21/2013,2013,112899.0
M,DOT,Department of Transportation,Highway Services,Fulltime-Regular,Equipment Operator I,01/27/2014,2014,40369.0
M,FRS,Fire and Rescue Services,Emergency Communications Center (ECC),Fulltime-Regular,Firefighter/Rescuer III,03/19/2007,2007,70766.0
M,REC,Department of Recreation,Youth Development Your Sports/Activities,Fulltime-Regular,Recreation Specialist,05/08/2011,2011,62417.64
F,COR,Correction and Rehabilitation,DS Health Services,Fulltime-Regular,Correctional Health Nurse II,05/28/2006,2006,87005.41
F,LIB,Department of Public Libraries,Davis Library,Parttime-Regular,Library Desk Assistant,05/28/1997,1997,22879.67
F,DOT,Department of Transportation,Transit Gaithersburg Ride On,Fulltime-Regular,Bus Operator,02/22/2016,2016,39257.31
F,DTS,Department of Technology Services,Cable Franchise Administration (CTV),Fulltime-Regular,Program Manager II,04/21/2003,2003,102664.0
M,COR,Correction and Rehabilitation,DS MCCF Unit 3 Security,Fulltime-Regular,Correctional Shift Commander (Lieutenant),05/14/2001,2001,93989.33
M,FRS,Fire and Rescue Services,First Battalion - Administration,Fulltime-Regular,Fire/Rescue Lieutenant,10/17/2005,2005,85185.0
M,POL,Department of Police,ISB Criminal Investigations Division,Fulltime-Regular,Master Police Officer,01/18/1994,1994,97392.47
M,DLC,Department of Liquor Control,Beer Warehouse Operations,Fulltime-Regular,Warehouse Equipment Operator,08/08/1988,1988,60201.44
M,FRS,Fire and Rescue Services,Station 3,Fulltime-Regular,Master Firefighter/Rescuer,08/17/1998,1998,88859.0
F,CAT,County Attorney's Office,Support Services,Fulltime-Regular,Principal Administrative Aide,11/27/2006,2006,58062.82
M,POL,Department of Police,MSB Information Management and Technology DivisioinCrime Analysis Section,Fulltime-Regular,Crime Analyst,09/21/1987,1987,83497.98
M,DGS,Department of General Services,Central Duplicating,Fulltime-Regular,Government Records/Warehouse Clerk,04/08/2013,2013,44830.05
M,HHS,Department of Health and Human Services,STD and HIV Services,Fulltime-Regular,Public Health Advisor,07/18/1994,1994,79815.21
M,LIB,Department of Public Libraries,Long Branch Library,Fulltime-Regular,Manager III,10/08/2012,2012,75476.5
F,HHS,Department of Health and Human Services,Service Coordination and Individual Support Services,Fulltime-Regular,Program Manager I,02/05/2007,2007,78329.68
F,HHS,Department of Health and Human Services,OESS-Health Care for the Uninsured,Fulltime-Regular,Principal Administrative Aide,07/16/2012,2012,41517.19
M,FRS,Fire and Rescue Services,Station 8,Fulltime-Regular,Fire/Rescue Lieutenant,09/11/2000,2000,106456.0
F,LIB,Department of Public Libraries,Rockville Library,Parttime-Regular,Library Assistant I,08/15/1988,1988,30100.72
F,HHS,Department of Health and Human Services,Environmental Health and Regulatory Services,Fulltime-Regular,Environmental Health Specialist III,06/01/1982,1982,100849.36
M,COR,Correction and Rehabilitation,DS MCCF Unit 1 Security,Fulltime-Regular,Correctional Supervisor (Sergeant),07/12/2004,2004,77065.0
F,HHS,Department of Health and Human Services,Area Health Centers,Fulltime-Regular,Community Health Nurse II,11/23/1998,1998,97912.0
F,HHS,Department of Health and Human Services,Area Health Centers,Parttime-Regular,Community Health Nurse II,08/29/1977,1977,50424.68
M,CEC,Community Engagement Cluster,Wheaton Urban District,Fulltime-Regular,Urban District Public Service Team Supervisor,06/01/1998,1998,54379.75
M,POL,Department of Police,FSB Traffic Division Automated Traffic Enforcement Section,Fulltime-Regular,Traffic Enforcement Field Service Technician II,02/03/2006,2006,56939.77
F,DGS,Department of General Services,Real Estate Office,Fulltime-Regular,Manager III,09/11/1989,1989,135392.0
F,FRS,Fire and Rescue Services,Human Resources Division,Fulltime-Regular,Fire/Rescue Division Chief,11/28/1988,1988,169543.85
F,DGS,Department of General Services,Energy and Sustainability,Fulltime-Regular,Program Manager II,04/04/2016,2016,82275.33
F,HHS,Department of Health and Human Services,Child Welfare Services,Fulltime-Regular,Social Worker III,04/21/2014,2014,66837.6
F,BOA,Board of Appeals Department,Executive Director,Fulltime-Regular,Manager III,04/04/2005,2005,135392.0
M,FRS,Fire and Rescue Services,Station 7,Fulltime-Regular,Fire/Rescue Captain,02/01/1986,1986,128818.06
M,DGS,Department of General Services,Automation,Fulltime-Regular,Senior Information Technology Specialist,08/11/2003,2003,118400.0
M,DOT,Department of Transportation,Transportation Planning and Design Section,Fulltime-Regular,Capital Projects Manager,09/04/2007,2007,118400.0
M,DLC,Department of Liquor Control,Beer Delivery Operations,Fulltime-Regular,Warehouse Equipment Operator,11/26/2007,2007,44475.41
F,HHS,Department of Health and Human Services,Adult Protective Services - Nurse Assessment,Fulltime-Regular,Nurse Manager,04/21/2003,2003,102664.0
F,LIB,Department of Public Libraries,Olney Library,Parttime-Regular,Librarian I,12/02/2013,2013,33561.66
F,HHS,Department of Health and Human Services,Maternity Dental,Fulltime-Regular,Dental Assistant,02/13/2012,2012,55443.86
M,POL,Department of Police,PSB 4th District Patrol,Fulltime-Regular,Police Officer I,10/06/2014,2014,53788.0
F,HHS,Department of Health and Human Services,Head Start/Pre-K (Health),Parttime-Regular,Community Health Nurse II,01/22/2008,2008,65183.22
M,CUS,Community Use of Public Facilities,Scheduling Team,Fulltime-Regular,Program Specialist II,07/04/1999,1999,72497.95
F,HHS,Department of Health and Human Services,Child Welfare Services,Fulltime-Regular,Social Worker III,11/06/1988,1988,100849.36
M,FRS,Fire and Rescue Services,Station 1,Fulltime-Regular,Firefighter/Rescuer III,02/14/2000,2000,89485.0
M,POL,Department of Police,ISB Criminal Investigations Division Financial Crimes Section,Fulltime-Regular,Police Officer III,02/06/1995,1995,92756.7
F,REC,Department of Recreation,Programs and Administration Division,Fulltime-Regular,Manager II,04/08/1984,1984,156510.65
M,FRS,Fire and Rescue Services,Training,Fulltime-Regular,Fire/Rescue Battalion Chief,02/29/1988,1988,135945.95
F,HHS,Department of Health and Human Services,Health Care and Group Facilities,Fulltime-Regular,Program Manager II,08/04/1986,1986,105743.92
M,POL,Department of Police,PSB 5th District Patrol,Fulltime-Regular,Police Officer I,06/01/2015,2015,61725.0
M,FRS,Fire and Rescue Services,Station 21,Fulltime-Regular,Firefighter/Rescuer III,09/04/2007,2007,73107.0
M,HHS,Department of Health and Human Services,Behavioral Health Planning and Management,Fulltime-Regular,Therapist II,04/16/1990,1990,100849.36
F,COR,Correction and Rehabilitation,MSD Management Services Division,Fulltime-Regular,Manager II,04/18/2005,2005,155403.05
M,POL,Department of Police,PSB 5th District Patrol,Fulltime-Regular,Police Officer III,07/16/2007,2007,70435.0
M,SHF,Sheriff's Office,Sheriff Domestic Violence,Fulltime-Regular,Deputy Sheriff III,07/14/2008,2008,64854.0
M,REC,Department of Recreation,Youth Development Your Sports/Activities,Fulltime-Regular,Recreation Specialist,06/27/1993,1993,87523.22
F,REC,Department of Recreation,Kennedy Shriver Aquatic Center,Fulltime-Regular,Recreation Specialist,07/01/2005,2005,64189.2
F,HHS,Department of Health and Human Services,School Health Services,Parttime-Regular,School Health Room Technician I,03/05/2001,2001,49831.17
F,IGR,Office of Intergovernmental Relations Department,Office of Intergovernmental Relations,Parttime-Regular,Intergovernmental Relations Legislative Analyst,10/31/2005,2005,94720.0
M,DOT,Department of Transportation,Highway Administration,Fulltime-Regular,Executive Administrative Aide,07/30/2007,2007,65000.0
M,POL,Department of Police,PSB 6th District Patrol,Fulltime-Regular,Police Sergeant,04/25/1999,1999,90199.0
F,BOE,Board of Elections,Registration Services,Fulltime-Regular,Office Services Coordinator,02/09/2004,2004,52081.11
M,DOT,Department of Transportation,Transit Gaithersburg Ride On,Fulltime-Regular,Bus Operator,02/24/2014,2014,42053.83
M,FRS,Fire and Rescue Services,Fourth Battalion - Administration,Fulltime-Regular,Fire/Rescue Lieutenant,02/11/2002,2002,98523.0
F,CUS,Community Use of Public Facilities,Scheduling Team,Fulltime-Regular,Program Specialist I,07/21/2002,2002,55090.38
M,DPS,Department of Permitting Services,Fire Protection,Fulltime-Regular,Permitting and Code Enforcement Inspector III,02/09/2015,2015,76910.33
M,DLC,Department of Liquor Control,Muddy Branch,Parttime-Regular,Liquor Store Clerk I,10/21/1996,1996,54022.26
M,DOT,Department of Transportation,Transit Silver Spring Ride On,Fulltime-Regular,Bus Operator,01/04/2016,2016,40631.32
M,FRS,Fire and Rescue Services,Station 21,Fulltime-Regular,Firefighter/Rescuer III,03/17/2008,2008,63493.0
M,DLC,Department of Liquor Control,Beer Delivery Operations,Parttime-Regular,Warehouse Worker,05/18/2015,2015,25546.33
M,DLC,Department of Liquor Control,Stock Liquor and Wine Warehouse Operations,Fulltime-Regular,Supply Technician II,06/24/2013,2013,36363.34
M,FRS,Fire and Rescue Services,Station 29,Fulltime-Regular,Master Firefighter/Rescuer,07/10/1989,1989,94006.07
M,FRS,Fire and Rescue Services,Station 8,Fulltime-Regular,Firefighter/Rescuer III,05/22/2011,2011,57265.0
F,DOT,Department of Transportation,Transit Silver Spring Ride On,Fulltime-Regular,Bus Operator,01/04/2016,2016,40631.32
M,FRS,Fire and Rescue Services,Recruit Training,Fulltime-Regular,Firefighter/Rescuer I (Recruit),12/12/2016,2016,45261.0
F,POL,Department of Police,PSB 3rd District Patrol,Fulltime-Regular,Police Services Assistant,11/13/2000,2000,67206.0
,CUS,Community Use of Public Facilities,Community Use of Public Facilities,Parttime-Regular,Principal Administrative Aide,12/27/2016,2016,23920.0
M,DLC,Department of Liquor Control,Seneca Meadows,Parttime-Regular,Liquor Store Clerk I,08/19/2007,2007,29779.07
F,OHR,Office of Human Resources,Health and Employee Welfare Division,Fulltime-Regular,Program Manager II,02/09/2015,2015,84878.28
F,HHS,Department of Health and Human Services,Child Welfare Services,Fulltime-Regular,Manager III,07/12/1989,1989,116340.64
F,COR,Correction and Rehabilitation,DS MCDC Custody and Security,Fulltime-Regular,Correctional Officer I (Private),03/07/2016,2016,44300.0
M,POL,Department of Police,PSB 2nd District Patrol,Fulltime-Regular,Police Officer I,10/06/2014,2014,51969.0
F,HHS,Department of Health and Human Services,Income Supports,Fulltime-Regular,Income Assistance Program Specialist III,06/26/1989,1989,91751.37
F,COR,Correction and Rehabilitation,DS MCCF Unit 3 Security,Fulltime-Regular,Correctional Supervisor (Sergeant),11/03/1997,1997,91532.0
F,BOE,Board of Elections,Information Technology,Fulltime-Regular,Information Technology Technician III,05/19/2014,2014,62359.07
M,POL,Department of Police,MSB Policy and Planning Division,Fulltime-Regular,Program Specialist II,03/18/1979,1979,82358.46
M,POL,Department of Police,PSB 4th District Patrol,Fulltime-Regular,Police Officer I,10/06/2014,2014,53788.0
M,DEP,Department of Environmental Protection,Watershed Management Operations,Fulltime-Regular,Manager II,12/26/2006,2006,149658.37
F,HHS,Department of Health and Human Services,School Health Services,Parttime-Regular,School Health Room Technician I,08/08/2005,2005,41954.12
M,HHS,Department of Health and Human Services,Child and Adolescent Mental Health Clinic Services,Fulltime-Regular,Medical Doctor IV - Psychiatrist,07/16/1995,1995,208997.66
M,FRS,Fire and Rescue Services,Recruit Training,Fulltime-Regular,Firefighter/Rescuer I (Recruit),12/12/2016,2016,45261.0
F,OHR,Office of Human Resources,Health Insurance Team,Fulltime-Regular,Administrative Specialist I,01/26/2015,2015,53048.93
F,SHF,Sheriff's Office,Sheriff Domestic Violence,Fulltime-Regular,Deputy Sheriff Lieutenant,01/14/1991,1991,106448.44
M,COR,Correction and Rehabilitation,DS MCCF Unit 1 Security,Fulltime-Regular,Correctional Officer II (PFC),03/17/2003,2003,65623.0
M,DLC,Department of Liquor Control,Beer Delivery Operations,Fulltime-Regular,Truck Driver/Warehouse Worker,07/09/2003,2003,53506.46
M,DGS,Department of General Services,Facilities Maintenance,Fulltime-Regular,Property Manager II,03/06/2006,2006,97912.0
M,POL,Department of Police,ISB Family Crimes Division Family Outreach Section,Fulltime-Regular,Police Officer III,07/18/2011,2011,65752.0
F,CEC,Community Engagement Cluster,Wheaton Urban District,Fulltime-Regular,Public Relations Specialist,01/07/2008,2008,97912.0
F,POL,Department of Police,MSB Communications Division,Fulltime-Regular,Public Safety Communications Specialist II,09/22/2014,2014,48571.6
F,DOT,Department of Transportation,Transit Silver Spring Ride On,Fulltime-Regular,Bus Operator,04/04/2016,2016,39257.31
M,DOT,Department of Transportation,Highway Services,Fulltime-Regular,Equipment Operator I,01/07/2008,2008,46626.87
M,FRS,Fire and Rescue Services,Station 1,Fulltime-Regular,Firefighter/Rescuer III,05/16/2005,2005,70396.0
F,CAT,County Attorney's Office,Finance and Procurement,Fulltime-Regular,Program Specialist II,07/29/1996,1996,84974.0
M,FRS,Fire and Rescue Services,Station 31,Fulltime-Regular,Master Firefighter/Rescuer,01/30/2006,2006,76852.0
F,POL,Department of Police,Management Services Bureau,Fulltime-Regular,Executive Administrative Aide,05/14/2001,2001,70422.0
F,HHS,Department of Health and Human Services,Medical Assistance Eligibility Services,Fulltime-Regular,Office Services Coordinator,01/06/1997,1997,65486.99
M,FRS,Fire and Rescue Services,Property and Supply,Fulltime-Regular,Senior Supply Technician,11/28/2005,2005,58940.64
M,CEC,Community Engagement Cluster,Community Engagement Cluster,Parttime-Regular,Community Outreach Manager,01/14/2013,2013,52099.83
F,COR,Correction and Rehabilitation,DO Director,Fulltime-Regular,Program Manager I,12/12/2016,2016,81500.0
F,CUS,Community Use of Public Facilities,Scheduling Team,Fulltime-Regular,Program Specialist I,04/14/1997,1997,73801.0
M,DOT,Department of Transportation,Highway Administration,Fulltime-Regular,Highway Inspector I,04/29/2010,2010,52923.68
M,DOT,Department of Transportation,Highway Administration,Fulltime-Regular,Manager III,07/24/2006,2006,120452.71
M,DTS,Department of Technology Services,EASD - DCM Services,Fulltime-Regular,Senior Information Technology Specialist,08/21/2006,2006,118400.0
M,POL,Department of Police,PSB 5th District Patrol,Fulltime-Regular,Police Officer III,06/13/1994,1994,92756.7
M,FRS,Fire and Rescue Services,Station 14,Fulltime-Regular,Firefighter/Rescuer II,10/09/2006,2006,73477.0
M,FRS,Fire and Rescue Services,Station 31,Fulltime-Regular,Master Firefighter/Rescuer,04/19/1987,1987,97224.98
M,DOT,Department of Transportation,Highway Services,Fulltime-Regular,Equipment Operator I,01/12/2015,2015,39003.45
M,DPS,Department of Permitting Services,Site Plan Enforcement,Fulltime-Regular,Permitting and Code Enforcement Inspector III,11/16/2003,2003,79747.75
F,HHS,Department of Health and Human Services,Women's Health Services,Fulltime-Regular,Community Health Nurse II,10/17/2005,2005,97912.0
F,HHS,Department of Health and Human Services,School Health Services,Parttime-Regular,School Health Room Technician I,10/22/2001,2001,48145.17
M,DGS,Department of General Services,Fleet Automotive Heavy Equipment,Fulltime-Regular,Mechanic Technician II,02/07/2005,2005,71891.64
M,POL,Department of Police,PSB 5th District Patrol,Fulltime-Regular,Police Officer III,01/26/2004,2004,83658.0
M,LIB,Department of Public Libraries,Silver Spring Library,Parttime-Regular,Library Associate,09/26/2014,2014,22651.5
F,DGS,Department of General Services,Fleet Management Services,Fulltime-Regular,Fiscal Assistant,12/10/2007,2007,67206.0
M,FRS,Fire and Rescue Services,Station 12,Fulltime-Regular,Master Firefighter/Rescuer,03/19/2007,2007,79676.0
M,DOT,Department of Transportation,Transit Gaithersburg Ride On,Fulltime-Regular,Bus Operator,09/15/2002,2002,56687.16
F,COR,Correction and Rehabilitation,DS MCCF Unit 1 Security,Fulltime-Regular,Correctional Officer III (Corporal),08/06/2007,2007,62903.0
M,POL,Department of Police,PSB 2nd District Patrol,Fulltime-Regular,Police Officer III,09/18/1995,1995,92756.7
F,DEP,Department of Environmental Protection,Solid Waste Services Collection Operations,Fulltime-Regular,Code Enforcement Inspector III,01/25/1982,1982,83497.98
F,DGS,Department of General Services,Facilities,Fulltime-Regular,Manager II,01/11/2016,2016,130051.82
F,COR,Correction and Rehabilitation,DS Health Services,Fulltime-Regular,Correctional Health Nurse II,12/02/2002,2002,97912.0
M,DOT,Department of Transportation,Highway Services,Fulltime-Regular,Equipment Operator I,11/13/2005,2005,49625.72
M,DOT,Department of Transportation,Transit Silver Spring Ride On,Fulltime-Regular,Bus Operator,01/02/1989,1989,66065.23
F,HHS,Department of Health and Human Services,Child Welfare Services,Fulltime-Regular,Community Services Aide III,10/30/2006,2006,51355.01
M,POL,Department of Police,PSB 4th District Patrol,Fulltime-Regular,Police Sergeant,07/26/1993,1993,107128.71
F,POL,Department of Police,MSB Communications Division,Fulltime-Regular,Public Safety Communications Specialist II,06/15/2015,2015,46929.17
F,POL,Department of Police,FSB Traffic Division School Safety Section,Parttime-Regular,Crossing Guard,06/16/2003,2003,21767.41
M,FRS,Fire and Rescue Services,Station 14,Fulltime-Regular,Master Firefighter/Rescuer,09/20/1993,1993,91969.07
F,DOT,Department of Transportation,Transit Silver Spring Ride On,Fulltime-Regular,Bus Operator,06/16/2008,2008,46626.87
F,HHS,Department of Health and Human Services,"Chief, Behavioral Health and Crisis Services",Fulltime-Regular,Executive Administrative Aide,01/23/2006,2006,70422.0
F,POL,Department of Police,MSB Management and Budget Division False Alarm Reduction Unit,Fulltime-Regular,Program Specialist I,08/28/2000,2000,73801.0
F,DOT,Department of Transportation,Transit Safety and Instruction,Fulltime-Regular,Safety and Training Instructor,12/17/1984,1984,77343.0
F,POL,Department of Police,Investigative Services Bureau,Fulltime-Regular,Executive Administrative Aide,08/25/2003,2003,59447.78
F,HHS,Department of Health and Human Services,School Health Services,Parttime-Regular,School Health Room Technician I,01/09/2006,2006,41953.24
M,DEP,Department of Environmental Protection,Construction,Fulltime-Regular,Senior Engineer,02/23/2015,2015,101323.45
M,DPS,Department of Permitting Services,"Team 4 Commercial Electrical, Mechanical and Fire Protection Systems",Fulltime-Regular,Permitting and Code Enforcement Inspector II,07/11/2016,2016,75000.0
M,DGS,Department of General Services,Fleet Management Services,Fulltime-Regular,Senior Financial Specialist,07/31/1989,1989,104717.28
F,HHS,Department of Health and Human Services,Health Care and Group Residential Services,Fulltime-Regular,Manager III,09/08/1987,1987,135392.0
M,DLC,Department of Liquor Control,Potomac,Parttime-Regular,Liquor Store Clerk I,02/28/2010,2010,29779.07
M,DOT,Department of Transportation,Transit Silver Spring Ride On,Fulltime-Regular,Bus Operator,11/04/2001,2001,53259.3
F,HHS,Department of Health and Human Services,Care Coordination,Fulltime-Regular,Community Services Aide III,05/03/1993,1993,76015.03
M,POL,Department of Police,PSB 3rd District Special Assignment Team,Fulltime-Regular,Police Officer III,07/18/2011,2011,65752.0
F,POL,Department of Police,PSB 1st District Patrol,Fulltime-Regular,Police Officer III,01/17/2006,2006,86588.0
M,DOT,Department of Transportation,Transit Silver Spring Ride On,Fulltime-Regular,Bus Operator,08/14/2006,2006,50699.16
F,DGS,Department of General Services,Administration and Budget,Fulltime-Regular,Administrative Specialist III,10/14/1997,1997,93396.0
M,POL,Department of Police,PSB 5th District Patrol,Fulltime-Regular,Police Officer III,07/18/2005,2005,89620.0
M,DPS,Department of Permitting Services,"Team 4 Commercial Electrical, Mechanical and Fire Protection Systems",Fulltime-Regular,Senior Permitting Services Specialist,03/31/1997,1997,107657.0
M,DLC,Department of Liquor Control,Beer Delivery Operations,Fulltime-Regular,Work Force Leader II,12/31/1990,1990,75277.02
M,DLC,Department of Liquor Control,"Licensure, Regulation and Education",Fulltime-Regular,Alcohol/Tobacco Enforcement Specialist II,01/30/2012,2012,75484.08
M,FRS,Fire and Rescue Services,Station 17,Fulltime-Regular,Firefighter/Rescuer III,01/14/2013,2013,55328.0
M,POL,Department of Police,PSB 3rd District Patrol,Fulltime-Regular,Police Officer III,07/17/2006,2006,72902.0
F,POL,Department of Police,PSB 4th District Patrol,Fulltime-Regular,Police Officer II,08/12/2013,2013,58455.0
M,FRS,Fire and Rescue Services,Station 1,Fulltime-Regular,Firefighter/Rescuer III,01/14/2013,2013,55328.0
M,POL,Department of Police,FSB Special Operations Division Police Community Action Team,Fulltime-Regular,Police Officer II,06/17/2013,2013,62620.0
M,POL,Department of Police,MSB Management and Budget Division False Alarm Reduction Unit,Fulltime-Regular,Program Manager II,04/22/2013,2013,102664.0
F,HHS,Department of Health and Human Services,Medical Assistance Eligibility Services,Fulltime-Regular,Income Assistance Program Specialist III,01/03/1994,1994,91751.37
M,POL,Department of Police,PSB 5th District Patrol,Fulltime-Regular,Police Officer III,07/06/1998,1998,89620.0
F,HHS,Department of Health and Human Services,Nurse Monitoring,Fulltime-Regular,Program Specialist II,11/03/2014,2014,64019.98
M,POL,Department of Police,PSB 6th District Patrol,Fulltime-Regular,Police Officer III,01/18/1994,1994,92756.7
F,CEX,Offices of the County Executive,Chief Administrative Officer's Office,Fulltime-Regular,Program Specialist II,10/31/2016,2016,60000.0
M,DGS,Department of General Services,Building Design and Construction,Fulltime-Regular,Manager III,11/06/1989,1989,135378.13
M,HCA,Department of Housing and Community Affairs,Housing Code Enforcement,Fulltime-Regular,Public Administration Associate,10/07/2012,2012,43850.22
M,DOT,Department of Transportation,Transit Silver Spring Ride On,Fulltime-Regular,Bus Operator,05/27/2014,2014,42053.83
M,FIN,Department of Finance,Accounts Payable,Fulltime-Regular,Program Manager II,11/10/2008,2008,102664.0
M,FRS,Fire and Rescue Services,Station 28,Fulltime-Regular,Firefighter/Rescuer III,06/07/2004,2004,74898.0
M,POL,Department of Police,PSB 1st District Patrol,Fulltime-Regular,Police Officer III,06/24/2002,2002,83658.0
F,POL,Department of Police,PSB 1st District Patrol,Fulltime-Regular,Police Officer I,10/06/2014,2014,53788.0
M,POL,Department of Police,PSB 3rd District Patrol,Fulltime-Regular,Police Officer II,02/24/2014,2014,56478.0
F,HHS,Department of Health and Human Services,Fiscal Team,Fulltime-Regular,Administrative Specialist II,08/08/1983,1983,86673.48
F,COR,Correction and Rehabilitation,DS MCCF Unit 1 Security,Fulltime-Regular,Correctional Officer III (Corporal),07/24/2000,2000,77328.0
M,DOT,Department of Transportation,Highway Services,Fulltime-Regular,Equipment Operator I,11/24/2008,2008,43028.88
M,POL,Department of Police,FSB Traffic Division School Safety Section,Parttime-Regular,Crossing Guard,10/17/2016,2016,16048.97
M,DGS,Department of General Services,Fleet Management Services,Fulltime-Regular,Supply Technician III,11/24/2008,2008,56463.95
F,HHS,Department of Health and Human Services,Adult Behavioral Health Services,Fulltime-Regular,Medical Doctor III - Psychiatrist,01/29/2001,2001,190429.0
M,FRS,Fire and Rescue Services,Station 22,Fulltime-Regular,Firefighter/Rescuer III,09/04/2007,2007,65716.0
M,DGS,Department of General Services,Fleet Management Administration,Fulltime-Regular,Senior Mechanic Technician,01/18/1982,1982,83497.98
F,POL,Department of Police,PSB 4th District Patrol,Fulltime-Regular,Police Sergeant,11/08/1999,1999,103506.0
F,HHS,Department of Health and Human Services,Child and Adolescent Mental Health Clinic Services,Fulltime-Regular,Therapist II,05/07/1990,1990,100849.36
M,FRS,Fire and Rescue Services,Third Battalion - Administration,Fulltime-Regular,Fire/Rescue Captain,04/06/1986,1986,118080.06
F,POL,Department of Police,MSB Communications Division,Fulltime-Regular,Public Safety Communications Specialist I,11/30/2015,2015,42662.89
M,FRS,Fire and Rescue Services,Station 34,Fulltime-Regular,Master Firefighter/Rescuer,01/03/1989,1989,95187.98
F,HHS,Department of Health and Human Services,Income Supports,Fulltime-Regular,Income Assistance Program Specialist III,11/27/1995,1995,91751.37
M,POL,Department of Police,FSB Traffic Division School Safety Section,Parttime-Regular,Crossing Guard,09/25/1989,1989,26208.35
M,FRS,Fire and Rescue Services,Station 16,Fulltime-Regular,Firefighter/Rescuer III,09/04/2007,2007,65716.0
M,DOT,Department of Transportation,Transit Nicholson Ride On,Fulltime-Regular,Motor Pool Attendant,06/12/2006,2006,48596.0
M,FRS,Fire and Rescue Services,Station 15,Fulltime-Regular,Firefighter/Rescuer III,06/04/2012,2012,57265.0
F,DOT,Department of Transportation,Traffic Engineering and Operations,Fulltime-Regular,Executive Administrative Aide,06/02/2014,2014,64853.44
F,HHS,Department of Health and Human Services,Clinical Assessment and Triage Services,Fulltime-Regular,Therapist II,04/02/2001,2001,97912.0
M,FRS,Fire and Rescue Services,Station 23,Fulltime-Regular,Master Firefighter/Rescuer,10/17/2005,2005,77434.0
F,LIB,Department of Public Libraries,Rockville Library,Fulltime-Regular,Library Associate II,12/08/1980,1980,87523.22
F,HHS,Department of Health and Human Services,School Health Services,Fulltime-Regular,Administrative Specialist III,11/19/1990,1990,93396.0
M,POL,Department of Police,PSB 3rd District Special Assignment Team,Fulltime-Regular,Police Officer III,01/16/2007,2007,70435.0
M,DLC,Department of Liquor Control,Pike,Parttime-Regular,Liquor Store Clerk I,09/15/2008,2008,29779.07
F,DLC,Department of Liquor Control,Cloverly,Fulltime-Regular,Liquor Store Manager,08/25/1999,1999,79479.67
M,DOT,Department of Transportation,Transit Silver Spring Ride On,Fulltime-Regular,Bus Operator,05/16/2016,2016,39257.31
M,DLC,Department of Liquor Control,Clarksburg Village,Fulltime-Regular,Liquor Store Clerk II,05/25/2008,2008,42378.72
M,COR,Correction and Rehabilitation,PTS ACS Work Crew,Fulltime-Regular,Correctional Officer III (Corporal),12/24/2001,2001,77328.0
M,POL,Department of Police,PSB 3rd District Patrol,Parttime-Regular,Police Officer III,07/14/2008,2008,40415.0
F,HHS,Department of Health and Human Services,Disease Control,Fulltime-Regular,Office Services Coordinator,07/31/1988,1988,66745.26
M,DPS,Department of Permitting Services,Team 5 Green Building,Fulltime-Regular,Senior Permitting Services Specialist,07/23/2007,2007,106138.55
M,DOT,Department of Transportation,Highway Services,Fulltime-Regular,Equipment Operator I,12/03/2012,2012,43244.28
M,DOT,Department of Transportation,Highway Services,Fulltime-Regular,Public Service Craftsworker,11/07/2011,2011,45406.49
M,DOT,Department of Transportation,Transit Nicholson Ride On,Fulltime-Regular,Bus Operator,03/02/2008,2008,46626.87
M,DPS,Department of Permitting Services,Fire Code Compliance,Fulltime-Regular,Permitting and Code Enforcement Inspector III,09/21/2015,2015,77774.66
F,DGS,Department of General Services,Fleet Management Administration,Fulltime-Regular,Executive Administrative Aide,11/25/2002,2002,70422.0
M,DOT,Department of Transportation,Transit Gaithersburg Ride On,Fulltime-Regular,Bus Operator,05/16/2016,2016,39257.31
M,DPS,Department of Permitting Services,Residential Building Construction & Intake - Division,Fulltime-Regular,Manager II,07/23/2001,2001,156525.0
M,DOT,Department of Transportation,Highway Services,Fulltime-Regular,Equipment Operator II,10/13/2008,2008,46995.44
F,HHS,Department of Health and Human Services,Victim Assistance and Sexual Assault Program,Parttime-Regular,Client Assistance Specialist,02/14/2011,2011,34531.25
F,HHS,Department of Health and Human Services,Adult Protective and Case Management Services,Fulltime-Regular,Social Worker III,02/14/2000,2000,97912.0
M,DEP,Department of Environmental Protection,Solid Waste Services Operations,Fulltime-Regular,Program Manager I,07/28/1997,1997,93396.0
M,FRS,Fire and Rescue Services,Station 30,Fulltime-Regular,Firefighter/Rescuer III,10/12/1986,1986,86537.84
M,FRS,Fire and Rescue Services,Third Battalion - Administration,Fulltime-Regular,Fire/Rescue Lieutenant,09/03/2002,2002,103150.0
M,FRS,Fire and Rescue Services,Station 15,Fulltime-Regular,Master Firefighter/Rescuer,05/16/2005,2005,77434.0
F,COR,Correction and Rehabilitation,DS MCDC Custody and Security,Fulltime-Regular,Correctional Shift Commander (Lieutenant),06/26/1995,1995,103708.64
F,HHS,Department of Health and Human Services,School Health Services,Parttime-Regular,School Health Room Technician I,10/16/2006,2006,40534.48
F,POL,Department of Police,PSB 1st District Patrol,Fulltime-Regular,Police Officer III,07/21/2003,2003,80829.0
M,DEP,Department of Environmental Protection,Solid Waste Services Recycling,Fulltime-Regular,Program Specialist I,11/26/2001,2001,61792.77
,HHS,Department of Health and Human Services,Infants and Toddlers,Fulltime-Regular,Program Aide,12/27/2016,2016,41900.0
M,DGS,Department of General Services,Facilities Maintenance,Fulltime-Regular,HVAC Mechanic II,11/19/2001,2001,77343.0
M,PRO,Office of Procurement,Procurement Operations Section,Fulltime-Regular,Procurement Specialist III,06/07/1999,1999,102664.0
F,FIN,Department of Finance,Tax Operations,Fulltime-Regular,Office Services Coordinator,09/12/1988,1988,69222.18
M,POL,Department of Police,PSB 2nd District Patrol,Fulltime-Regular,Police Officer III,09/12/1988,1988,92756.7
F,HHS,Department of Health and Human Services,Emergency Housing Assistance,Fulltime-Regular,Social Worker II,01/17/1996,1996,96197.88
M,FRS,Fire and Rescue Services,Station 21,Fulltime-Regular,Firefighter/Rescuer III,09/02/2008,2008,63493.0
F,COR,Correction and Rehabilitation,PRRS Facility and Security,Fulltime-Regular,Resident Supervisor II,08/29/2011,2011,54308.75
M,FRS,Fire and Rescue Services,Station 3,Fulltime-Regular,Master Firefighter/Rescuer,08/17/1998,1998,88859.0
M,FRS,Fire and Rescue Services,Recruit Training,Fulltime-Regular,Firefighter/Rescuer I (Recruit),12/12/2016,2016,45261.0
F,HHS,Department of Health and Human Services,"Planning, Accountability and Customer Service",Fulltime-Regular,Program Manager I,08/20/2007,2007,93396.0
F,POL,Department of Police,ISB Major Crimes Division Homicide and Sex Section,Fulltime-Regular,Police Officer III,01/16/2007,2007,70435.0
F,COR,Correction and Rehabilitation,DS MCDC Central Processing Unit,Fulltime-Regular,Correctional Officer II (PFC),02/23/2015,2015,48145.0
M,DOT,Department of Transportation,Transit Gaithersburg Ride On,Fulltime-Regular,Bus Operator,03/02/2015,2015,40631.32
M,DOT,Department of Transportation,Transit Gaithersburg Ride On,Fulltime-Regular,Bus Operator,11/26/2007,2007,45048.5
F,LIB,Department of Public Libraries,Quince Orchard Library,Fulltime-Regular,Library Assistant I,10/01/2001,2001,55140.93
M,DOT,Department of Transportation,Sign and Marking Shop,Fulltime-Regular,Work Force Leader III,09/25/1995,1995,71010.68
F,HHS,Department of Health and Human Services,Income Supports,Fulltime-Regular,Income Assistance Program Specialist II,11/14/2016,2016,49068.0
F,COR,Correction and Rehabilitation,Professional Standards Unit,Fulltime-Regular,Program Specialist II,12/27/2005,2005,80551.02
F,FIN,Department of Finance,General Accounting,Fulltime-Regular,Accountant/Auditor III,08/26/2013,2013,93294.96
F,FIN,Department of Finance,Accounts Receivable,Fulltime-Regular,Senior Financial Specialist,12/30/2002,2002,102664.0
M,DOT,Department of Transportation,Transit Services Information Technology,Fulltime-Regular,Information Technology Specialist III,05/02/2005,2005,107657.0
F,HHS,Department of Health and Human Services,Emergency Housing Assistance,Fulltime-Regular,Social Worker III,05/17/2004,2004,96370.05
M,DOT,Department of Transportation,Highway Services,Fulltime-Regular,Equipment Operator I,06/02/2003,2003,53163.59
M,DLC,Department of Liquor Control,Seneca Meadows,Fulltime-Regular,Liquor Store Assistant Manager,03/19/2007,2007,49936.84
M,FRS,Fire and Rescue Services,Station 20,Fulltime-Regular,Firefighter/Rescuer III,02/27/2012,2012,59302.0
M,DOT,Department of Transportation,Parking Management Engineering and Capital Project Management,Fulltime-Regular,Public Service Worker II,02/09/2003,2003,45892.46
F,FRS,Fire and Rescue Services,HR Labor Relations,Fulltime-Regular,Administrative Specialist I,12/27/2004,2004,73024.65
M,REC,Department of Recreation,MLK Indoor Pool,Fulltime-Regular,Recreation Supervisor,04/03/1994,1994,93396.0
F,POL,Department of Police,MSB Communications Division,Fulltime-Regular,Public Safety Communications Specialist I,11/30/2015,2015,42662.89
F,HHS,Department of Health and Human Services,Support Planning,Fulltime-Regular,Principal Administrative Aide,01/31/1999,1999,58448.0
M,FRS,Fire and Rescue Services,Station 35,Fulltime-Regular,Firefighter/Rescuer III,10/11/1999,1999,80784.0
M,CCL,County Council,Council Central Staff,Fulltime-Regular,Council Administrator,11/03/1991,1991,233003.0
M,POL,Department of Police,ISB Criminal Investigations Division 2nd District Investigative Section,Fulltime-Regular,Police Officer III,11/08/1999,1999,89620.0
M,DOT,Department of Transportation,Transit Gaithersburg Ride On,Fulltime-Regular,Bus Operator,08/27/2012,2012,45048.5
M,DPS,Department of Permitting Services,Team 2 Residential Inspection,Fulltime-Regular,Permitting and Code Enforcement Inspector II,03/23/2015,2015,63658.71
M,DOT,Department of Transportation,Transit Nicholson Ride On,Fulltime-Regular,Bus Operator,03/27/2006,2006,52233.06
M,FRS,Fire and Rescue Services,Station 28,Fulltime-Regular,Fire/Rescue Captain,11/16/1992,1992,119211.02
F,HHS,Department of Health and Human Services,Adult Protective and Case Management Services,Fulltime-Regular,Social Worker IV,07/26/2004,2004,102664.0
M,COR,Correction and Rehabilitation,PTS Intervention Program for Substance Abusers,Fulltime-Regular,Laboratory Assistant,08/12/2013,2013,41781.91
M,COR,Correction and Rehabilitation,DS MCCF Unit 3 Security,Fulltime-Regular,Correctional Officer III (Corporal),11/28/2011,2011,56733.0
M,FRS,Fire and Rescue Services,Station 18,Fulltime-Regular,Firefighter/Rescuer III,08/16/1987,1987,86537.84
F,HHS,Department of Health and Human Services,Medical Assistance Eligibility Services,Fulltime-Regular,Income Assistance Program Specialist II,01/26/2015,2015,49068.0
M,DOT,Department of Transportation,Transit Gaithersburg Ride On,Fulltime-Regular,Bus Operator,01/04/2016,2016,40631.32
F,HHS,Department of Health and Human Services,African American Health Program,Fulltime-Regular,Program Manager II,11/30/2015,2015,83214.0
M,FRS,Fire and Rescue Services,Station 2,Fulltime-Regular,Fire/Rescue Captain,07/24/1989,1989,117174.02
F,DOT,Department of Transportation,Transit Gaithersburg Ride On,Fulltime-Regular,Bus Operator,11/10/2014,2014,42053.42
M,DTS,Department of Technology Services,EASD - DCM Services,Fulltime-Regular,Senior Information Technology Specialist,05/03/2004,2004,118400.0
M,DOT,Department of Transportation,Transit Nicholson Ride On,Fulltime-Regular,Bus Operator,03/30/2015,2015,40631.32
F,HHS,Department of Health and Human Services,Income Supports,Fulltime-Regular,Principal Administrative Aide,03/03/2006,2006,44476.25
M,DOT,Department of Transportation,Highway Services,Fulltime-Regular,Equipment Operator II,05/20/2001,2001,52106.99
F,CCL,County Council,Council Central Staff,Fulltime-Regular,Legislative Services Coordinator,09/15/2008,2008,62300.19
M,DTS,Department of Technology Services,ERP Technical Support,Fulltime-Regular,Enterprise Technology Expert,11/17/2003,2003,149164.0
F,LIB,Department of Public Libraries,Long Branch Library,Parttime-Regular,Library Assistant I,02/17/2007,2007,21074.1
M,DPS,Department of Permitting Services,Building Construction Permit Processing,Fulltime-Regular,Permit Technician II,09/05/2006,2006,58760.06
M,FRS,Fire and Rescue Services,Second Battalion - Administration,Fulltime-Regular,Fire/Rescue Lieutenant,10/17/2005,2005,85185.0
F,PRO,Office of Procurement,Procurement Operations Section,Fulltime-Regular,Procurement Specialist III,02/06/2006,2006,91257.12
M,REC,Department of Recreation,Management Services,Fulltime-Regular,Accountant/Auditor III,03/26/2012,2012,90871.7
F,HHS,Department of Health and Human Services,School Health Services,Parttime-Regular,School Health Room Technician I,12/01/2003,2003,44945.53
M,DOT,Department of Transportation,Highway Services,Fulltime-Regular,Equipment Operator I,04/04/2016,2016,37684.0
M,POL,Department of Police,FSB Traffic Division School Safety Section,Parttime-Regular,Crossing Guard,11/16/2015,2015,16610.72
F,DOT,Department of Transportation,Transit Management Services,Fulltime-Regular,Administrative Specialist III,04/09/1984,1984,93396.0
M,DTS,Department of Technology Services,ESOD Core Services,Fulltime-Regular,Senior Information Technology Specialist,06/13/2016,2016,110550.0
M,OCP,Office of Consumer Protection,Investigations,Fulltime-Regular,Investigator III,06/20/1994,1994,105743.92
F,HHS,Department of Health and Human Services,School Health Services,Fulltime-Regular,Community Health Nurse II,07/28/2015,2015,78128.59
M,DPS,Department of Permitting Services,Land Development Sediment and Stormwater Inspection,Fulltime-Regular,Program Manager II,06/02/2003,2003,102664.0
M,DLC,Department of Liquor Control,Olney,Parttime-Regular,Liquor Store Clerk I,12/21/2009,2009,31899.51
F,HHS,Department of Health and Human Services,Access to Behavioral Health Services,Fulltime-Regular,Community Services Aide III,06/04/2012,2012,50963.8
M,FRS,Fire and Rescue Services,Recruit Training,Fulltime-Regular,Firefighter/Rescuer I (Recruit),12/12/2016,2016,45261.0
M,FRS,Fire and Rescue Services,Station 7,Fulltime-Regular,Master Firefighter/Rescuer,03/27/2006,2006,74815.0
F,HHS,Department of Health and Human Services,Clinical Assessment and Triage Services,Fulltime-Regular,Manager III,03/27/1989,1989,135392.0
M,POL,Department of Police,PSB 4th District Patrol,Fulltime-Regular,Police Officer III,07/22/2002,2002,83658.0
M,POL,Department of Police,PSB 5th District Patrol,Fulltime-Regular,Police Officer I,06/01/2015,2015,51969.0
M,DPS,Department of Permitting Services,Team 2 Residential Inspection,Fulltime-Regular,Permitting and Code Enforcement Inspector II,10/17/2016,2016,60300.0
M,FRS,Fire and Rescue Services,Station 4,Fulltime-Regular,Fire/Rescue Captain,09/18/1980,1980,129868.06
M,FRS,Fire and Rescue Services,Station 21,Fulltime-Regular,Fire/Rescue Captain,02/20/2001,2001,110229.0
F,LIB,Department of Public Libraries,Aspen Hill Library,Fulltime-Regular,Manager III,04/21/2014,2014,99774.52
F,DOT,Department of Transportation,Transit COS Marketing,Fulltime-Regular,Program Specialist I,01/26/2015,2015,53048.93
F,FRS,Fire and Rescue Services,Station 40,Fulltime-Regular,Firefighter/Rescuer II,03/10/2014,2014,50910.0
F,POL,Department of Police,FSB Traffic Division School Safety Section,Parttime-Regular,Crossing Guard,05/29/2007,2007,19728.85
F,DOT,Department of Transportation,Transit Silver Spring Ride On,Fulltime-Regular,Bus Operator,07/10/2006,2006,50699.16
M,FRS,Fire and Rescue Services,Station 26,Fulltime-Regular,Firefighter/Rescuer II,01/14/2013,2013,58773.0
F,POL,Department of Police,FSB Traffic Division School Safety Section,Fulltime-Regular,Principal Administrative Aide,11/22/1999,1999,54954.73
F,COR,Correction and Rehabilitation,DS MCDC Central Processing Unit,Fulltime-Regular,Correctional Supervisor (Sergeant),07/09/2001,2001,85445.0
F,LIB,Department of Public Libraries,Silver Spring Library,Parttime-Regular,Library Desk Assistant,10/20/2014,2014,18611.94
M,DGS,Department of General Services,Real Estate Office,Fulltime-Regular,Real Estate Specialist III,05/07/2012,2012,96929.82
F,POL,Department of Police,FSB Traffic Division School Safety Section,Parttime-Regular,Crossing Guard,09/19/2016,2016,16047.2
F,LIB,Department of Public Libraries,Damascus Library,Parttime-Regular,Library Desk Assistant,09/28/2000,2000,22879.76
M,FRS,Fire and Rescue Services,Safety,Fulltime-Regular,Fire/Rescue Captain,06/15/1992,1992,116124.02
F,OHR,Office of Human Resources,Recruitment and Selection Division,Fulltime-Regular,Human Resources Specialist III,07/24/2006,2006,104434.06
F,LIB,Department of Public Libraries,Twinbrook Library,Fulltime-Regular,Librarian I,02/08/1999,1999,80381.48
F,DLC,Department of Liquor Control,Muddy Branch,Parttime-Regular,Liquor Store Clerk I,04/23/2012,2012,29779.07
F,HHS,Department of Health and Human Services,Adult Protective and Case Management Services,Fulltime-Regular,Social Worker III,01/29/2001,2001,97912.0
F,HHS,Department of Health and Human Services,School Health Services,Parttime-Regular,Community Health Nurse II,08/06/2012,2012,44350.02
M,DPS,Department of Permitting Services,Land Development Right-of-Way Inspection,Fulltime-Regular,Program Manager II,07/08/2007,2007,101917.98
F,SHF,Sheriff's Office,Courthouse Security,Fulltime-Regular,Deputy Sheriff III,07/22/2002,2002,79728.0
F,DTS,Department of Technology Services,EASD Geographic Information System,Fulltime-Regular,Information Technology Specialist II,03/26/2012,2012,60403.27
F,HHS,Department of Health and Human Services,Medication Assisted Treatment - Clinical and Vocational Services,Fulltime-Regular,Community Services Aide III,09/22/2003,2003,67430.8
F,HHS,Department of Health and Human Services,Emergency Housing Assistance,Fulltime-Regular,Social Worker III,03/22/1989,1989,100849.36
M,COR,Correction and Rehabilitation,DS MCCF Unit 3 Security,Fulltime-Regular,Correctional Officer II (PFC),12/15/2014,2014,49831.0
F,POL,Department of Police,PSB 3rd District Patrol,Parttime-Regular,Police Officer III,07/14/2008,2008,35217.5
F,HHS,Department of Health and Human Services,Area Health Centers,Fulltime-Regular,Community Services Aide III,01/06/2003,2003,64465.03
M,DTS,Department of Technology Services,ESOD Data Center Operations,Fulltime-Regular,Manager III,10/17/1994,1994,125884.02
F,HCA,Department of Housing and Community Affairs,Housing Code Enforcement,Fulltime-Regular,Housing Code Inspector II,05/19/2006,2006,74701.81
F,DTS,Department of Technology Services,COO Office - Management Services,Fulltime-Regular,Office Services Coordinator,08/07/2000,2000,62777.97
M,POL,Department of Police,ISB Criminal Investigations Division 4th District Investigative Section,Fulltime-Regular,Police Sergeant,08/31/1998,1998,103506.0
F,COR,Correction and Rehabilitation,DS MCCF Unit 3 Security,Fulltime-Regular,Correctional Supervisor (Sergeant),08/23/2004,2004,77065.0
F,FRS,Fire and Rescue Services,Training,Fulltime-Regular,Community Health Nurse II,04/18/2005,2005,97912.0
M,COR,Correction and Rehabilitation,DS MCCF Unit 3 Security,Fulltime-Regular,Correctional Officer II (PFC),06/02/2014,2014,49831.0
M,POL,Department of Police,PSB 3rd District Patrol,Fulltime-Regular,Police Officer III,01/17/2006,2006,72902.0
F,CCL,County Council,Council Members and Staff,Fulltime-Regular,Public Administration Associate,01/26/2015,2015,53048.93
M,POL,Department of Police,PSB 5th District Patrol,Fulltime-Regular,Police Officer III,06/13/1994,1994,92756.7
M,FRS,Fire and Rescue Services,Station 19,Fulltime-Regular,Master Firefighter/Rescuer,02/08/1999,1999,88859.0
M,DOT,Department of Transportation,Transit Silver Spring Ride On,Fulltime-Regular,Bus Operator,03/04/2001,2001,60711.33
M,DGS,Department of General Services,Fleet Management Fleet Services,Fulltime-Regular,Mechanic Technician II,08/27/2012,2012,64833.32
M,COR,Correction and Rehabilitation,DS MCDC Custody and Security,Fulltime-Regular,Correctional Officer II (PFC),09/29/1997,1997,70301.0
M,FRS,Fire and Rescue Services,Station 22,Fulltime-Regular,Firefighter/Rescuer III,07/29/2013,2013,55328.0
M,DPS,Department of Permitting Services,Land Development Right-of-Way Inspection,Fulltime-Regular,Permitting and Code Enforcement Inspector III,12/21/2009,2009,64705.5
M,DOT,Department of Transportation,Highway Services,Fulltime-Regular,Arborist,04/04/2016,2016,74891.6
M,DOT,Department of Transportation,Sign and Marking Shop,Fulltime-Regular,Public Service Worker III,10/02/2005,2005,43440.79
M,HHS,Department of Health and Human Services,STD and HIV Services,Fulltime-Regular,Community Services Aide III,08/22/2005,2005,73801.0
F,FRS,Fire and Rescue Services,Emergency Communications Center (ECC),Fulltime-Regular,Public Safety Communications Specialist II,01/26/2015,2015,44694.45
M,DOT,Department of Transportation,Transit COS Taxicab Regulation,Fulltime-Regular,Code Enforcement Inspector III,06/21/1993,1993,83497.98
M,FRS,Fire and Rescue Services,First Battalion - Administration,Fulltime-Regular,Fire/Rescue Lieutenant,06/07/2004,2004,88168.0
M,DOT,Department of Transportation,Transit Gaithersburg Ride On,Fulltime-Regular,Bus Operator,11/12/2013,2013,43525.72
M,HHS,Department of Health and Human Services,Information Systems and Technology,Fulltime-Regular,Manager II,07/01/2013,2013,144675.32
M,POL,Department of Police,PSB 1st District Traffic Squad,Fulltime-Regular,Police Officer III,02/03/2003,2003,80829.0
M,HHS,Department of Health and Human Services,Jail Addiction Services,Fulltime-Regular,Behavioral Health Associate Counselor,12/03/2012,2012,75241.76
M,POL,Department of Police,PSB 4th District Patrol,Fulltime-Regular,Police Officer I,02/24/2014,2014,53788.0
M,DGS,Department of General Services,Fleet Management Fleet Services,Fulltime-Regular,Mechanic Technician II,02/19/2008,2008,61035.5
M,DOT,Department of Transportation,Transit Silver Spring Ride On,Fulltime-Regular,Bus Operator,07/18/1999,1999,60714.58
M,HHS,Department of Health and Human Services,Information Systems and Technology,Fulltime-Regular,Information Technology Specialist II,01/26/2015,2015,74079.01
M,FRS,Fire and Rescue Services,Scheduling,Fulltime-Regular,Master Firefighter/Rescuer,11/16/1992,1992,102707.07
M,DOT,Department of Transportation,Transportation Planning and Design Section,Fulltime-Regular,Manager III,01/14/2001,2001,135392.0
F,HHS,Department of Health and Human Services,Child Welfare Services,Fulltime-Regular,Principal Administrative Aide,05/21/2012,2012,40452.28
M,PIO,Office of Public Information,Cable Programming,Fulltime-Regular,Visual Information Specialist,02/16/2010,2010,75120.6
M,POL,Department of Police,PSB 4th District Patrol,Fulltime-Regular,Police Officer III,07/19/2004,2004,78096.0
F,COR,Correction and Rehabilitation,DS MCDC Custody and Security,Fulltime-Regular,Correctional Officer III (Corporal),06/23/2008,2008,60775.0
F,POL,Department of Police,MSB Information Mgmt and Tech Division Warrant Control Section,Fulltime-Regular,Office Services Coordinator,11/08/1999,1999,61135.2
M,LIB,Department of Public Libraries,Quince Orchard Library,Fulltime-Regular,Library Assistant II,08/24/1982,1982,69222.18
M,FRS,Fire and Rescue Services,Station 17,Fulltime-Regular,Firefighter/Rescuer III,08/17/1998,1998,80784.0
M,FRS,Fire and Rescue Services,Station 12,Fulltime-Regular,Firefighter/Rescuer II,03/10/2014,2014,50910.0
M,COR,Correction and Rehabilitation,DS MCDC Custody and Security,Fulltime-Regular,Correctional Officer III (Corporal),07/24/2000,2000,77328.0
F,CEX,Offices of the County Executive,Chief Administrative Officer's Office,Fulltime-Regular,Manager III,10/27/1986,1986,125588.48
M,FRS,Fire and Rescue Services,Recruit Training,Fulltime-Regular,Firefighter/Rescuer I (Recruit),12/12/2016,2016,45261.0
F,DLC,Department of Liquor Control,Potomac,Parttime-Regular,Liquor Store Clerk I,11/03/1993,1993,45980.85
M,POL,Department of Police,PSB 3rd District Community Action Team,Fulltime-Regular,Police Officer III,07/15/2002,2002,89620.0
F,HHS,Department of Health and Human Services,School Health Services,Fulltime-Regular,Community Health Nurse II,03/12/2013,2013,83692.79
F,HHS,Department of Health and Human Services,Income Supports,Fulltime-Regular,Income Assistance Program Specialist III,08/11/1997,1997,81263.62
F,LIB,Department of Public Libraries,Chevy Chase Library,Fulltime-Regular,Manager III,11/04/2001,2001,135384.59
M,HHS,Department of Health and Human Services,Community Action Agency,Fulltime-Regular,Office Services Coordinator,01/16/2007,2007,64184.58
F,HHS,Department of Health and Human Services,School Health Services,Parttime-Regular,Principal Administrative Aide,10/12/1998,1998,28475.25
M,DLC,Department of Liquor Control,Clarksburg Village,Parttime-Regular,Liquor Store Clerk I,08/25/2013,2013,29779.06
M,POL,Department of Police,PSB 4th District Patrol,Fulltime-Regular,Police Officer I,02/24/2014,2014,57620.0
M,POL,Department of Police,FSB Traffic Division Automated Traffic Enforcement Section,Fulltime-Regular,Manager III,04/04/2016,2016,100500.0
F,HHS,Department of Health and Human Services,School Health Services,Parttime-Regular,School Health Room Technician I,10/01/1990,1990,57807.08
M,FRS,Fire and Rescue Services,Station 15,Fulltime-Regular,Fire/Rescue Lieutenant,12/13/2004,2004,95559.0
F,POL,Department of Police,FSB Traffic Division School Safety Section,Parttime-Regular,Crossing Guard,05/16/2005,2005,21031.35
F,DGS,Department of General Services,Facilities Maintenance,Fulltime-Regular,Building Services Supervisor,08/17/1972,1972,65423.82
M,DLC,Department of Liquor Control,Leisure World,Parttime-Regular,Liquor Store Clerk I,12/03/2012,2012,29779.06
M,POL,Department of Police,PSB 2nd District Patrol,Fulltime-Regular,Police Officer III,07/20/2011,2011,65752.0
M,HHS,Department of Health and Human Services,STD and HIV Services,Fulltime-Regular,Social Worker IV,05/10/2010,2010,71377.33
F,PIO,Office of Public Information,MC311,Fulltime-Regular,Customer Service Representative II,10/10/2011,2011,57569.24
M,OHR,Office of Human Resources,Stress Management Team,Fulltime-Regular,Psychologist,04/18/2016,2016,107535.0
F,COR,Correction and Rehabilitation,DS Health Services,Fulltime-Regular,Correctional Health Nurse II,08/05/2002,2002,97912.0
M,FRS,Fire and Rescue Services,Recruit Training,Fulltime-Regular,Firefighter/Rescuer I (Recruit),12/12/2016,2016,45261.0
M,POL,Department of Police,PSB 6th District Community Action Team,Fulltime-Regular,Police Officer II,07/16/2012,2012,60501.0
M,FRS,Fire and Rescue Services,Field Operations Administration,Fulltime-Regular,Master Firefighter/Rescuer,03/27/2006,2006,74815.0
F,OCP,Office of Consumer Protection,Operations,Fulltime-Regular,Administrative Specialist I,02/08/1982,1982,73801.0
F,DOT,Department of Transportation,Transit Gaithersburg Ride On,Fulltime-Regular,Bus Operator,09/07/1998,1998,64141.0
M,HHS,Department of Health and Human Services,Adult Intensive Outpatient Services,Fulltime-Regular,Therapist II,08/27/1990,1990,100849.36
M,FRS,Fire and Rescue Services,Recruit Training,Fulltime-Regular,Firefighter/Rescuer I (Recruit),12/12/2016,2016,45261.0
F,HHS,Department of Health and Human Services,Emergency Housing Assistance,Fulltime-Regular,Community Services Aide III,09/28/1987,1987,76015.03
M,POL,Department of Police,FSB Traffic Division Collision Reconstruction,Fulltime-Regular,Police Officer III,03/25/2002,2002,86588.0
F,DOT,Department of Transportation,Transportation Construction Section,Fulltime-Regular,Construction Representative III,01/26/2015,2015,81695.34
M,DOT,Department of Transportation,Transit Gaithersburg Ride On,Fulltime-Regular,Bus Operator,07/24/1989,1989,66065.23
F,DTS,Department of Technology Services,Cable Franchise Administration (CTV),Fulltime-Regular,Office Services Coordinator,06/17/2013,2013,58581.96
M,DOT,Department of Transportation,Transit Silver Spring Ride On,Fulltime-Regular,Bus Operator,04/04/2016,2016,39257.31
M,LIB,Department of Public Libraries,Twinbrook Library,Parttime-Regular,Library Assistant I,01/12/1998,1998,27571.09
M,FIN,Department of Finance,Tax Operations,Fulltime-Regular,Office Services Coordinator,01/09/1989,1989,69222.18
M,POL,Department of Police,PSB 1st District Patrol,Fulltime-Regular,Police Officer III,09/29/1997,1997,89620.0
M,FRS,Fire and Rescue Services,Station 8,Fulltime-Regular,Firefighter/Rescuer III,02/26/1990,1990,83611.44
M,DPS,Department of Permitting Services,Fire Protection,Fulltime-Regular,Manager III,08/10/1992,1992,135392.0
M,POL,Department of Police,PSB 2nd District Patrol,Fulltime-Regular,Police Officer II,07/16/2012,2012,60501.0
F,LIB,Department of Public Libraries,Public Service Administration,Fulltime-Regular,Program Specialist II,08/22/2005,2005,67678.72
F,POL,Department of Police,FSB Traffic Division School Safety Section,Parttime-Regular,Crossing Guard,05/18/1992,1992,26208.35
M,POL,Department of Police,PSB 2nd District Patrol,Fulltime-Regular,Police Sergeant,01/18/2005,2005,87148.0
F,PRO,Office of Procurement,Business Relations and Compliance Division,Fulltime-Regular,Manager III,05/19/2003,2003,113206.31
F,DOT,Department of Transportation,Transit Silver Spring Ride On,Fulltime-Regular,Bus Operator,03/02/2008,2008,46626.87
M,DGS,Department of General Services,Facilities Major Programs,Fulltime-Regular,Property Manager I,10/04/2004,2004,80175.86
M,POL,Department of Police,FSB Special Operations Division Canine Section,Fulltime-Regular,Police Officer III,07/17/2006,2006,72902.0
M,POL,Department of Police,FSB Animal Services Division,Fulltime-Regular,Code Enforcement Inspector III,03/08/2004,2004,66556.86
F,HHS,Department of Health and Human Services,Chief Office of Community Affairs,Parttime-Regular,Planning Specialist III,07/30/2012,2012,46698.0
M,FRS,Fire and Rescue Services,Fleet Support,Fulltime-Regular,Manager III,01/03/1995,1995,121090.35
F,POL,Department of Police,MSB Communications Division,Fulltime-Regular,Public Safety Communications Specialist I,12/27/2016,2016,39257.0
F,POL,Department of Police,ISB Major Crimes Division Homicide and Sex Section,Fulltime-Regular,Police Officer III,12/08/1986,1986,92756.7
M,FRS,Fire and Rescue Services,Station 1,Fulltime-Regular,Fire/Rescue Captain,08/14/1989,1989,125875.02
M,POL,Department of Police,PSB 5th District Patrol,Fulltime-Regular,Police Sergeant,06/25/1990,1990,107128.71
F,POL,Department of Police,FSB Traffic Division Automated Traffic Enforcement Section,Fulltime-Regular,Police Aide,02/05/2007,2007,46626.06
F,REC,Department of Recreation,Damascus Community Recreation Center,Fulltime-Regular,Recreation Specialist,11/21/1988,1988,87523.22
F,HHS,Department of Health and Human Services,Medical Assistance Eligibility Services,Fulltime-Regular,Income Assistance Program Specialist III,08/11/2014,2014,57819.7
F,HHS,Department of Health and Human Services,School Health Services,Parttime-Regular,School Health Room Technician I,07/28/2014,2014,36797.13
M,DLC,Department of Liquor Control,Stock Liquor and Wine Warehouse Operations,Fulltime-Regular,Supply Technician II,08/05/2001,2001,46068.91
F,HHS,Department of Health and Human Services,Medical Assistance Eligibility Services,Fulltime-Regular,Income Assistance Program Specialist III,03/03/2003,2003,76140.8
M,DGS,Department of General Services,Facilities Maintenance,Fulltime-Regular,Public Service Craftsworker,01/10/2005,2005,64141.0
F,HHS,Department of Health and Human Services,Adult Protective and Case Management Services,Fulltime-Regular,Social Worker III,01/07/2008,2008,96486.29
M,DLC,Department of Liquor Control,Stock Liquor and Wine Warehouse Operations,Fulltime-Regular,Warehouse Equipment Operator,10/31/1999,1999,58448.0
F,HHS,Department of Health and Human Services,School Health Services,Fulltime-Regular,Community Health Nurse II,07/28/2015,2015,80002.98
F,HHS,Department of Health and Human Services,Income Supports,Fulltime-Regular,Income Assistance Program Specialist II,07/23/2007,2007,62849.7
M,FRS,Fire and Rescue Services,Station 30,Fulltime-Regular,Master Firefighter/Rescuer,09/02/2008,2008,77957.0
M,CCL,County Council,Council Members and Staff,Fulltime-Regular,Council Member,12/01/2014,2014,128519.0
F,POL,Department of Police,HQ Office of the Chief Internal Affairs Division,Fulltime-Regular,Police Sergeant,01/26/2004,2004,90199.0
F,HHS,Department of Health and Human Services,Income Supports,Fulltime-Regular,Principal Administrative Aide,05/31/2016,2016,36180.0
M,DTS,Department of Technology Services,ESOD Data Center Operations,Fulltime-Regular,Senior Information Technology Specialist,10/28/1996,1996,118400.0
M,DOT,Department of Transportation,Transit Gaithersburg Ride On,Fulltime-Regular,Bus Operator,03/07/2005,2005,51697.37
F,COR,Correction and Rehabilitation,DS MCDC Central Processing Unit,Fulltime-Regular,Correctional Officer III (Corporal),03/21/2005,2005,67384.0
M,DOT,Department of Transportation,Transit Gaithersburg Ride On,Fulltime-Regular,Bus Operator,08/18/2014,2014,42053.83
F,HHS,Department of Health and Human Services,24 Hours Crisis Center,Fulltime-Regular,Supervisory Therapist,03/28/1988,1988,104717.28
M,DOT,Department of Transportation,Transit Gaithersburg Ride On,Fulltime-Regular,Bus Operator,04/18/2011,2011,43525.72
F,HHS,Department of Health and Human Services,Area Health Centers,Fulltime-Regular,Manager III,09/20/1993,1993,122958.53
M,FIN,Department of Finance,Safety,Fulltime-Regular,Occupational Safety and Health Specialist,10/18/1993,1993,105743.92
F,DEP,Department of Environmental Protection,Management Services,Fulltime-Regular,Administrative Specialist II,01/31/2011,2011,74426.11
M,DOT,Department of Transportation,Transit Gaithersburg Ride On,Fulltime-Regular,Bus Operator,09/30/2001,2001,58657.24
F,HHS,Department of Health and Human Services,School Health Services,Parttime-Regular,School Health Room Technician I,10/07/2003,2003,44945.53
F,CCL,County Council,Council Members and Staff,Fulltime-Regular,Legislative Senior Aide I,01/21/2007,2007,68274.95
M,FRS,Fire and Rescue Services,Station 12,Fulltime-Regular,Firefighter/Rescuer III,06/04/2012,2012,63345.0
M,HHS,Department of Health and Human Services,Child and Adolescent Mental Health Clinic Services,Parttime-Regular,Medical Doctor IV - Psychiatrist,04/30/2001,2001,102736.52
F,CCL,County Council,Council Members and Staff,Fulltime-Regular,Confidential Aide,01/05/2009,2009,132387.9
F,DGS,Department of General Services,Fleet Management Services,Fulltime-Regular,Office Services Coordinator,03/31/2002,2002,60524.18
F,HHS,Department of Health and Human Services,School Health Services,Parttime-Regular,School Health Room Technician I,04/26/1999,1999,51576.21
M,SHF,Sheriff's Office,Court and Transport,Fulltime-Regular,Deputy Sheriff Sergeant,04/27/1998,1998,93945.0
F,DEP,Department of Environmental Protection,Field Services,Fulltime-Regular,Environmental Health Specialist III,07/06/2006,2006,69895.63
F,HHS,Department of Health and Human Services,School Health Services,Parttime-Regular,School Health Room Technician I,03/12/2013,2013,36797.11
M,DGS,Department of General Services,Fleet Automotive Heavy Equipment,Fulltime-Regular,Equipment Maintenance Crew Chief,04/24/2000,2000,89079.0
F,HHS,Department of Health and Human Services,School Health Services,Parttime-Regular,School Health Room Technician I,07/30/2013,2013,38085.07
F,CEX,Offices of the County Executive,Chief Administrative Officer's Office,Fulltime-Regular,Senior Executive Administrative Aide,10/18/2004,2004,81181.1
M,POL,Department of Police,PSB 5th District Patrol,Fulltime-Regular,Police Officer III,08/07/1989,1989,92756.7
M,POL,Department of Police,PSB 6th District Patrol,Fulltime-Regular,Police Officer II,02/24/2014,2014,58455.0
M,FRS,Fire and Rescue Services,Station 24,Fulltime-Regular,Firefighter/Rescuer III,06/04/2012,2012,57265.0
F,LIB,Department of Public Libraries,Wheaton Library,Parttime-Regular,Library Desk Assistant,09/26/2014,2014,17982.61
F,BOE,Board of Elections,Information Technology,Fulltime-Regular,Senior Information Technology Specialist,12/03/2007,2007,97546.52
F,FIN,Department of Finance,Tax Operations,Fulltime-Regular,Program Manager II,09/19/1988,1988,91807.11
F,HHS,Department of Health and Human Services,Maternity Dental,Fulltime-Regular,Principal Administrative Aide,03/25/2013,2013,50888.15
M,DGS,Department of General Services,Facilities Maintenance,Fulltime-Regular,HVAC Mechanic I,09/17/2007,2007,73801.0
F,HHS,Department of Health and Human Services,Screening and Assessment Services for Children and Adolescents,Fulltime-Regular,Therapist II,11/19/2012,2012,91220.65
F,POL,Department of Police,ISB Criminal Investigations Division Forensic Services Section,Fulltime-Regular,Administrative Specialist I,06/18/2012,2012,62640.89
M,DGS,Department of General Services,Fleet Management Fleet Services,Fulltime-Regular,Mechanic Technician II,03/05/2001,2001,73801.0
M,DTS,Department of Technology Services,Enterprise Telecommunications Services,Fulltime-Regular,Senior Information Technology Specialist,05/31/2005,2005,118400.0
F,DOT,Department of Transportation,Transit Gaithersburg Ride On,Fulltime-Regular,Bus Operator,02/13/2006,2006,50697.91
M,FRS,Fire and Rescue Services,Station 29,Fulltime-Regular,Firefighter/Rescuer II,03/10/2014,2014,56990.0
M,FRS,Fire and Rescue Services,Recruit Training,Fulltime-Regular,Firefighter/Rescuer I (Recruit),12/12/2016,2016,45261.0
M,SHF,Sheriff's Office,Court and Transport,Fulltime-Regular,Deputy Sheriff II,03/26/2012,2012,56580.0
M,POL,Department of Police,Investigative Services Bureau,Fulltime-Regular,Assistant Chief of Police,01/23/1984,1984,174166.0
F,POL,Department of Police,MSB Personnel Division Background Section,Fulltime-Regular,Background Screening Specialist,02/06/1995,1995,84974.0
F,DLC,Department of Liquor Control,Potomac,Fulltime-Regular,Liquor Store Manager,06/09/1986,1986,91007.15
F,FIN,Department of Finance,Tax Operations,Fulltime-Regular,Senior Financial Specialist,11/04/2002,2002,102664.0
M,COR,Correction and Rehabilitation,DS MCDC Custody and Security,Fulltime-Regular,Correctional Officer II (PFC),12/02/2013,2013,51576.0
M,DLC,Department of Liquor Control,Pike,Fulltime-Regular,Liquor Store Clerk II,07/10/2003,2003,52098.58
M,DGS,Department of General Services,Facilities Maintenance,Fulltime-Regular,Public Service Craftsworker,12/27/2004,2004,64141.0
F,POL,Department of Police,PSB 5th District Patrol,Fulltime-Regular,Police Services Assistant,11/12/1985,1985,69222.18
M,DOT,Department of Transportation,Highway Administration,Parttime-Regular,Office Clerk,09/06/2016,2016,13244.5
M,COR,Correction and Rehabilitation,DS MCCF Unit 1 Security,Fulltime-Regular,Correctional Officer III (Corporal),02/10/2014,2014,54814.0
M,FRS,Fire and Rescue Services,Station 24,Fulltime-Regular,Firefighter/Rescuer II,09/22/2014,2014,50910.0
M,DOT,Department of Transportation,Transit Nicholson Ride On,Fulltime-Regular,Bus Operator,03/12/2008,2008,52701.95
M,POL,Department of Police,ISB Criminal Investigations Division 6th District Investigative Section,Fulltime-Regular,Police Officer III,06/17/2002,2002,83658.0
F,POL,Department of Police,ISB Family Crimes Division Family Outreach Section,Fulltime-Regular,Client Assistance Specialist,03/03/1997,1997,81066.0
F,POL,Department of Police,MSB Communications Division,Fulltime-Regular,Program Specialist II,03/07/2005,2005,84974.0
F,COR,Correction and Rehabilitation,DS MCDC Custody and Security,Fulltime-Regular,Correctional Officer III (Corporal),06/01/2004,2004,69744.0
F,LIB,Department of Public Libraries,Collection Development,Fulltime-Regular,Supply Technician I,06/15/2015,2015,33221.36
F,POL,Department of Police,MSB Communications Division,Fulltime-Regular,Public Safety Communications Specialist I,11/30/2015,2015,42662.89
F,POL,Department of Police,FSB Security Services Division,Fulltime-Regular,Security Officer I,08/31/1981,1981,66065.23
F,POL,Department of Police,PSB 2nd District Station,Fulltime-Regular,Office Services Coordinator,07/14/1987,1987,69222.18
M,FRS,Fire and Rescue Services,Station 8,Fulltime-Regular,Firefighter/Rescuer III,03/27/2006,2006,74095.0
M,DLC,Department of Liquor Control,Beer Delivery Operations,Fulltime-Regular,Truck Driver Helper/Warehouse Worker,07/05/2005,2005,41426.86
M,POL,Department of Police,MSB Communications Division,Fulltime-Regular,Information Technology Specialist III,11/07/1988,1988,110886.71
F,POL,Department of Police,PSB 1st District Patrol,Fulltime-Regular,Master Police Officer,03/01/1982,1982,97392.47
M,POL,Department of Police,PSB 5th District Patrol,Fulltime-Regular,Police Officer III,07/19/2004,2004,78096.0
F,HHS,Department of Health and Human Services,School Health Services,Parttime-Regular,School Health Room Technician I,07/28/2014,2014,35552.8
M,POL,Department of Police,FSB Animal Services Division,Fulltime-Regular,Chief Veterinarian,12/01/2014,2014,137264.09
M,POL,Department of Police,PSB 6th District Patrol,Fulltime-Regular,Police Sergeant,01/14/2002,2002,103506.0
F,DOT,Department of Transportation,Transit Gaithersburg Ride On,Fulltime-Regular,Bus Operator,06/20/1999,1999,64141.0
F,DOT,Department of Transportation,Parking Management Financial Management,Fulltime-Regular,Office Services Coordinator,10/04/2004,2004,58625.89
F,HHS,Department of Health and Human Services,Child Welfare Services,Fulltime-Regular,Child Welfare Caseworker,02/27/1995,1995,96197.88
F,FRS,Fire and Rescue Services,Internal Affairs,Fulltime-Regular,Office Services Coordinator,02/13/1995,1995,69222.18
M,POL,Department of Police,PSB 4th District Patrol,Fulltime-Regular,Police Officer II,01/28/2013,2013,58455.0
M,FRS,Fire and Rescue Services,Recruit Training,Fulltime-Regular,Firefighter/Rescuer I (Recruit),05/16/2016,2016,45261.0
M,DOT,Department of Transportation,Transportation Management,Fulltime-Regular,Manager III,09/12/1988,1988,134403.16
F,DOT,Department of Transportation,Director Management Services,Fulltime-Regular,Manager III,03/14/1988,1988,132755.52
F,CEC,Community Engagement Cluster,Gilchrist Center,Parttime-Regular,Program Specialist II,12/14/2015,2015,33285.6
M,POL,Department of Police,PSB 2nd District Patrol,Fulltime-Regular,Police Officer III,07/26/1993,1993,92756.7
F,POL,Department of Police,PSB 3rd District Patrol,Fulltime-Regular,Police Officer II,01/28/2013,2013,58455.0
M,DOT,Department of Transportation,Transit Gaithersburg Ride On,Fulltime-Regular,Bus Operator,04/08/2013,2013,43525.72
M,HHS,Department of Health and Human Services,Child Welfare Services,Fulltime-Regular,Social Worker III,01/17/2012,2012,65812.12
M,DEP,Department of Environmental Protection,Solid Waste Services Collection Operations,Fulltime-Regular,Program Specialist II,12/19/1994,1994,87523.22
M,POL,Department of Police,PSB 6th District Patrol,Fulltime-Regular,Police Officer III,07/22/2002,2002,83658.0
M,POL,Department of Police,FSB Traffic Division School Safety Section,Parttime-Regular,Crossing Guard,01/22/2008,2008,19060.64
M,COR,Correction and Rehabilitation,DS MCDC Custody and Security,Fulltime-Regular,Correctional Supervisor (Sergeant),02/25/1990,1990,94277.96
M,FRS,Fire and Rescue Services,Recruit Training,Fulltime-Regular,Firefighter/Rescuer I (Recruit),12/12/2016,2016,45261.0
M,POL,Department of Police,ISB Criminal Investigations Division Central Auto Theft Section,Fulltime-Regular,Police Officer III,02/03/2003,2003,80829.0
M,COR,Correction and Rehabilitation,DS MCCF Unit 3 Security,Fulltime-Regular,Correctional Officer II (PFC),04/02/2001,2001,70301.0
M,DOT,Department of Transportation,Transit Gaithersburg Ride On,Fulltime-Regular,Bus Operator,10/30/2006,2006,48260.15
M,DGS,Department of General Services,Fleet Automotive Heavy Equipment,Fulltime-Regular,Mechanic Technician II,04/22/1985,1985,76015.03
F,HHS,Department of Health and Human Services,Child and Adolescent Mental Health Clinic Services,Fulltime-Regular,Therapist II,12/04/1994,1994,100849.36
M,LIB,Department of Public Libraries,Bethesda Library,Fulltime-Regular,Library Assistant I,08/02/1982,1982,60201.44
M,DOT,Department of Transportation,Transit Nicholson Ride On,Fulltime-Regular,Bus Operator,03/03/2008,2008,46626.87
M,DLC,Department of Liquor Control,Walnut Hill,Fulltime-Regular,Liquor Store Clerk II,06/27/1996,1996,63067.93
F,LIB,Department of Public Libraries,Bethesda Library,Fulltime-Regular,Library Assistant Supervisor,05/16/1993,1993,76928.44
M,DOT,Department of Transportation,Highway Services,Fulltime-Regular,Equipment Operator II,05/11/1998,1998,62991.05
M,DGS,Department of General Services,Facilities Maintenance,Fulltime-Regular,Electrician I,01/13/2014,2014,63492.87
M,FRS,Fire and Rescue Services,Special Operations,Fulltime-Regular,Fire/Rescue Assistant Chief,11/28/1988,1988,149529.08
M,DOT,Department of Transportation,Transit Gaithersburg Ride On,Fulltime-Regular,Transit Operations Supervisor,08/15/2005,2005,57719.59
M,DOT,Department of Transportation,Transit Gaithersburg Ride On,Fulltime-Regular,Bus Operator,11/26/2007,2007,46626.87
M,COR,Correction and Rehabilitation,DS MCCF Unit 1 Security,Fulltime-Regular,Correctional Officer III (Corporal),11/12/2002,2002,74713.0
M,DGS,Department of General Services,Property Management,Fulltime-Regular,Property Manager II,05/27/2008,2008,93546.57
F,IGR,Office of Intergovernmental Relations Department,Office of Intergovernmental Relations,Fulltime-Regular,Intergovernmental Relations Legislative Analyst,05/05/2014,2014,104309.72
M,POL,Department of Police,ISB Family Crimes Division Family Outreach Section,Fulltime-Regular,Police Sergeant,01/18/1994,1994,103506.0
M,HHS,Department of Health and Human Services,Positive Youth Development,Fulltime-Regular,Community Services Aide III,12/17/2012,2012,51355.08
F,POL,Department of Police,PSB 4th District Patrol,Fulltime-Regular,Master Police Officer,06/13/1994,1994,97392.47
M,DLC,Department of Liquor Control,Beer Delivery Operations,Fulltime-Regular,Truck Driver/Warehouse Worker,12/21/1998,1998,61400.19
M,HCA,Department of Housing and Community Affairs,Housing Code Enforcement,Fulltime-Regular,Housing Code Inspector III,09/16/1985,1985,96197.88
M,POL,Department of Police,PSB 5th District Patrol,Fulltime-Regular,Police Officer II,07/16/2012,2012,60501.0
M,POL,Department of Police,PSB 5th District Patrol,Fulltime-Regular,Police Sergeant,06/13/1994,1994,107128.71
M,HHS,Department of Health and Human Services,Medical Assistance Eligibility Services,Fulltime-Regular,Income Assistance Program Specialist I,11/28/2016,2016,42792.0
F,POL,Department of Police,MSB Information Management and Technology Division,Fulltime-Regular,Administrative Specialist II,08/28/1989,1989,86673.48
M,DOT,Department of Transportation,Transit Silver Spring Ride On,Fulltime-Regular,Bus Operator,06/22/2015,2015,40631.32
F,HHS,Department of Health and Human Services,Care Coordination,Fulltime-Regular,Community Health Nurse II,08/09/1999,1999,97912.0
F,COR,Correction and Rehabilitation,DS MCDC Custody and Security,Fulltime-Regular,Correctional Officer III (Corporal),05/11/1998,1998,77328.0
F,CEX,Offices of the County Executive,Chief Administrative Officer's Office,Fulltime-Regular,Senior Executive Administrative Aide,01/06/1997,1997,73801.0
M,FRS,Fire and Rescue Services,Station 35,Fulltime-Regular,Firefighter/Rescuer II,09/22/2014,2014,50910.0
M,HHS,Department of Health and Human Services,Adult Drug Court,Fulltime-Regular,Supervisory Therapist,11/27/1994,1994,105743.92
M,DOT,Department of Transportation,Transit Gaithersburg Ride On,Fulltime-Regular,Bus Operator,10/14/2001,2001,58657.24
F,HHS,Department of Health and Human Services,24 Hours Crisis Center,Fulltime-Regular,Behavioral Health Associate Counselor,06/07/1999,1999,80627.43
M,DOT,Department of Transportation,Transit Central Communication,Fulltime-Regular,Transit Communications Supervisor,09/24/1990,1990,76015.03
M,DPS,Department of Permitting Services,Fire Protection,Fulltime-Regular,Permitting and Code Enforcement Inspector II,01/14/2013,2013,72691.31
F,DOT,Department of Transportation,Transit Safety and Instruction,Fulltime-Regular,Safety and Training Instructor,09/19/2016,2016,58000.0
F,HHS,Department of Health and Human Services,School Health Services,Parttime-Regular,School Health Room Technician I,08/06/2012,2012,37838.45
M,FRS,Fire and Rescue Services,Station 1,Fulltime-Regular,Firefighter/Rescuer II,03/10/2014,2014,56990.0
M,DTS,Department of Technology Services,ERP Access Control,Fulltime-Regular,Manager III,10/07/2003,2003,135316.85
M,FRS,Fire and Rescue Services,Station 24,Fulltime-Regular,Master Firefighter/Rescuer,09/03/2002,2002,85854.0
M,DLC,Department of Liquor Control,Beer Delivery Operations,Fulltime-Regular,Truck Driver Helper/Warehouse Worker,05/24/2007,2007,39832.99
M,FRS,Fire and Rescue Services,Station 17,Fulltime-Regular,Firefighter/Rescuer III,09/02/2008,2008,69573.0
M,POL,Department of Police,PSB 1st District Patrol,Fulltime-Regular,Police Officer III,07/17/2006,2006,72902.0
M,OHR,Office of Human Resources,Communications and Strategic Planning Team,Fulltime-Regular,Administrative Specialist I,05/05/2014,2014,68028.09
M,DOT,Department of Transportation,Director Transportation Policy,Fulltime-Regular,Senior Engineer,04/09/2012,2012,103290.84
M,HHS,Department of Health and Human Services,Jail Addiction Services,Fulltime-Regular,Therapist II,10/19/1987,1987,100849.36
M,POL,Department of Police,MSB Communications Division,Fulltime-Regular,Public Safety Communications Specialist III,07/06/2010,2010,57234.14
M,DGS,Department of General Services,Central Duplicating,Fulltime-Regular,Printing Technician III,11/18/2013,2013,60314.17
F,DOT,Department of Transportation,Traffic Engineering and Operations Management Services,Fulltime-Regular,Administrative Specialist III,08/27/2012,2012,93396.0
F,LIB,Department of Public Libraries,Chevy Chase Library,Fulltime-Regular,Librarian II,08/22/2016,2016,59072.0
M,DLC,Department of Liquor Control,Beer Delivery Operations,Fulltime-Regular,Truck Driver Helper/Warehouse Worker,08/31/2005,2005,49949.26
F,POL,Department of Police,PSB 4th District Patrol,Fulltime-Regular,Police Officer III,07/17/2000,2000,89620.0
F,HHS,Department of Health and Human Services,School Health Services,Fulltime-Regular,Nurse Manager,08/11/2014,2014,86942.78
M,FRS,Fire and Rescue Services,Station 17,Fulltime-Regular,Firefighter/Rescuer II,01/14/2013,2013,52693.0
M,FRS,Fire and Rescue Services,Station 40,Fulltime-Regular,Firefighter/Rescuer II,01/14/2013,2013,52693.0
F,HHS,Department of Health and Human Services,Community Action Agency,Fulltime-Regular,Program Manager I,04/17/2006,2006,93396.0
M,DOT,Department of Transportation,Transit Silver Spring Ride On,Fulltime-Regular,Bus Operator,01/09/2012,2012,43525.72
F,POL,Department of Police,FSB Traffic Division School Safety Section,Parttime-Regular,Crossing Guard,01/13/2014,2014,17192.05
F,HHS,Department of Health and Human Services,Treatment Services Admin,Fulltime-Regular,Program Manager I,06/15/2015,2015,83817.3
F,DGS,Department of General Services,Building Design and Construction,Fulltime-Regular,Senior Engineer,05/02/2005,2005,112899.0
M,POL,Department of Police,PSB 3rd District Station,Fulltime-Regular,Police Captain,09/23/1985,1985,155693.29
F,HHS,Department of Health and Human Services,School Health Services,Parttime-Regular,School Health Room Technician I,08/04/2003,2003,46516.83
M,POL,Department of Police,ISB Criminal Investigations Division Central Auto Theft Section,Fulltime-Regular,Master Police Officer,09/29/1997,1997,87841.0
M,COR,Correction and Rehabilitation,DS MCCF Unit 2 Security,Fulltime-Regular,Correctional Supervisor (Sergeant),11/03/2003,2003,79763.0
F,SHF,Sheriff's Office,Warrant Section,Fulltime-Regular,Principal Administrative Aide,04/30/1990,1990,60201.44
M,DOT,Department of Transportation,Highway Services,Fulltime-Regular,Public Service Craftsworker,12/05/1994,1994,66065.23
F,FIN,Department of Finance,Information Technology,Fulltime-Regular,Senior Information Technology Specialist,09/17/2007,2007,116633.77
M,FIN,Department of Finance,Division of Fiscal Management,Fulltime-Regular,Senior Management and Budget Specialist,12/17/2012,2012,112899.0
M,DOT,Department of Transportation,Transportation Planning and Design Section,Fulltime-Regular,Survey Crew Leader,05/15/2006,2006,77343.0
F,POL,Department of Police,FSB Traffic Division School Safety Section,Parttime-Regular,Crossing Guard,05/18/1998,1998,25445.0
F,HHS,Department of Health and Human Services,Emergency Housing Assistance,Fulltime-Regular,Social Worker II,12/17/2012,2012,67404.1
M,PRO,Office of Procurement,Procurement Operations Section,Fulltime-Regular,Procurement Specialist III,09/20/2004,2004,97757.63
M,POL,Department of Police,FSB Traffic Division School Safety Section,Fulltime-Regular,Police Officer III,12/08/1986,1986,92756.7
M,HHS,Department of Health and Human Services,Positive Youth Development,Fulltime-Regular,Community Services Aide III,06/25/2007,2007,57244.34
F,CCL,County Council,Council Central Staff,Fulltime-Regular,Program Manager II,11/14/2016,2016,82275.0
F,DLC,Department of Liquor Control,Burtonsville,Fulltime-Regular,Liquor Store Assistant Manager,02/01/1999,1999,71476.12
F,HHS,Department of Health and Human Services,School Health Services,Parttime-Regular,School Health Room Technician I,08/08/2005,2005,41954.12
F,POL,Department of Police,PSB 4th District Patrol,Fulltime-Regular,Police Officer III,07/18/2005,2005,75453.0
M,DGS,Department of General Services,Fleet Management Services,Fulltime-Regular,Supply Technician II,10/03/2016,2016,45000.0
M,FRS,Fire and Rescue Services,Duty Operations Chief's Office,Fulltime-Regular,Fire/Rescue Assistant Chief,10/27/1985,1985,149529.08
M,DLC,Department of Liquor Control,Potomac,Parttime-Regular,Liquor Store Clerk I,02/28/2016,2016,27805.44
M,POL,Department of Police,ISB Criminal Investigations Division 3rd District Investigative Section,Fulltime-Regular,Police Officer III,06/11/2007,2007,70435.0
F,HHS,Department of Health and Human Services,School Health Services,Parttime-Regular,School Health Room Technician I,10/31/2005,2005,43422.51
M,DTS,Department of Technology Services,COO Office,Fulltime-Regular,Technology Expert,09/05/2006,2006,140794.0
M,DOT,Department of Transportation,Highway Services,Fulltime-Regular,Equipment Operator I,05/31/2016,2016,37684.0
F,HHS,Department of Health and Human Services,Care Coordination,Fulltime-Regular,Community Services Aide III,11/03/1980,1980,76015.03
M,DOT,Department of Transportation,Transit Silver Spring Ride On,Fulltime-Regular,Bus Operator,08/15/2005,2005,52472.36
M,FRS,Fire and Rescue Services,Facilities,Fulltime-Regular,Facilities and Equipment Maintenance Coordinator,02/27/2012,2012,72140.03
M,HHS,Department of Health and Human Services,Adult Behavioral Health Services,Fulltime-Regular,Therapist II,11/21/1988,1988,100849.36
F,DGS,Department of General Services,Planning and Development,Fulltime-Regular,Planning Specialist III,12/02/2013,2013,79381.84
M,FRS,Fire and Rescue Services,Station 1,Fulltime-Regular,Firefighter/Rescuer III,01/14/2013,2013,55328.0
F,POL,Department of Police,FSB Traffic Division Automated Traffic Enforcement Section,Fulltime-Regular,Police Aide,10/17/2005,2005,51253.43
F,FRS,Fire and Rescue Services,Procurement,Fulltime-Regular,Office Services Coordinator,09/08/1992,1992,69222.18
M,FRS,Fire and Rescue Services,Station 6,Fulltime-Regular,Master Firefighter/Rescuer,09/20/1993,1993,91969.07
F,REC,Department of Recreation,Northern Region Area I,Fulltime-Regular,Recreation Supervisor,06/08/1997,1997,79522.62
M,CEC,Community Engagement Cluster,Silver Spring Urban District,Fulltime-Regular,Program Manager II,05/15/2006,2006,100128.44
F,LIB,Department of Public Libraries,Bethesda Library,Fulltime-Regular,Librarian II,08/11/2014,2014,66327.39
M,SHF,Sheriff's Office,Courthouse Security,Fulltime-Regular,Deputy Sheriff III,02/03/2003,2003,77029.0
M,FRS,Fire and Rescue Services,Station 31,Fulltime-Regular,Firefighter/Rescuer III,11/28/1988,1988,88574.84
M,HHS,Department of Health and Human Services,Positive Youth Development,Fulltime-Regular,Community Services Aide III,06/25/2007,2007,57244.34
M,FRS,Fire and Rescue Services,Third Battalion - Administration,Fulltime-Regular,Fire/Rescue Lieutenant,03/19/2007,2007,83594.0
M,FRS,Fire and Rescue Services,Station 19,Fulltime-Regular,Fire/Rescue Captain,09/20/1993,1993,114087.02
F,HHS,Department of Health and Human Services,School Health Services,Parttime-Regular,School Health Room Technician I,08/15/1994,1994,55251.81
F,DEP,Department of Environmental Protection,Solid Waste Services Operations,Fulltime-Regular,Refuse Disposal Cashier,05/26/1987,1987,60201.44
F,LIB,Department of Public Libraries,Long Branch Library,Fulltime-Regular,Librarian I,02/07/2013,2013,56475.48
M,POL,Department of Police,ISB Criminal Investigations Division 3rd District Investigative Section,Fulltime-Regular,Police Officer III,01/18/1994,1994,92756.7
M,DOT,Department of Transportation,Transit Gaithersburg Ride On,Fulltime-Regular,Bus Operator,10/15/2000,2000,53034.52
M,DOT,Department of Transportation,Transit Gaithersburg Ride On,Fulltime-Regular,Transit Coordinator,07/07/2003,2003,62355.86
F,DOT,Department of Transportation,Transit Silver Spring Ride On,Fulltime-Regular,Bus Operator,11/09/2015,2015,39257.31
F,COR,Correction and Rehabilitation,DS MCCF Unit 2 Security,Fulltime-Regular,Correctional Supervisor (Sergeant),09/13/1999,1999,88436.0
M,DTS,Department of Technology Services,Franchise Enforcement,Fulltime-Regular,Permitting and Code Enforcement Inspector II,08/30/2010,2010,78251.45
F,HHS,Department of Health and Human Services,24 Hours Crisis Center,Fulltime-Regular,Therapist II,04/09/1990,1990,100849.36
M,SHF,Sheriff's Office,Court and Transport,Fulltime-Regular,Deputy Sheriff III,03/12/2001,2001,85405.0
M,DLC,Department of Liquor Control,Special Order Liquor and Wine Warehouse Operations,Fulltime-Regular,Supply Technician II,08/01/2001,2001,55802.0
M,FRS,Fire and Rescue Services,First Battalion - Administration,Fulltime-Regular,Fire/Rescue Lieutenant,10/17/2005,2005,85185.0
F,POL,Department of Police,MSB Training and Education Division,Fulltime-Regular,Police Sergeant,06/24/2002,2002,96624.0
M,SHF,Sheriff's Office,Warrant Section,Fulltime-Regular,Deputy Sheriff II,08/12/2013,2013,56580.0
F,HHS,Department of Health and Human Services,School Health Services,Parttime-Regular,School Health Room Technician I,12/06/1999,1999,51574.16
F,POL,Department of Police,MSB Communications Division,Fulltime-Regular,Public Safety Communications Specialist I,02/22/2016,2016,41220.18
M,DLC,Department of Liquor Control,Beer Delivery Operations,Fulltime-Regular,Truck Driver/Warehouse Worker,08/08/1999,1999,61894.52
F,LIB,Department of Public Libraries,Cataloging and Preparation,Fulltime-Regular,Library Associate II,04/01/1985,1985,87523.22
F,DOT,Department of Transportation,Director's Office,Fulltime-Regular,Senior Executive Administrative Aide,11/14/2016,2016,70000.0
F,OMB,Office of Management and Budget,Administration,Fulltime-Regular,Manager III,09/06/1988,1988,135392.0
M,FRS,Fire and Rescue Services,Station 2,Fulltime-Regular,Firefighter/Rescuer II,03/10/2014,2014,50910.0
M,FRS,Fire and Rescue Services,Station 12,Fulltime-Regular,Firefighter/Rescuer III,09/04/2001,2001,78052.0
F,CEX,Offices of the County Executive,Chief Administrative Officer's Office,Fulltime-Regular,Assistant Chief Administrative Officer,06/25/1990,1990,170687.0
M,DLC,Department of Liquor Control,Beer Delivery Operations,Fulltime-Regular,Truck Driver/Warehouse Worker,01/23/2006,2006,49949.14
M,DLC,Department of Liquor Control,Potomac,Fulltime-Regular,Liquor Store Assistant Manager,10/01/2006,2006,53495.77
F,LIB,Department of Public Libraries,Gaithersburg Library,Parttime-Regular,Librarian I,10/06/2014,2014,27527.1
M,DOT,Department of Transportation,Transit Nicholson Ride On,Fulltime-Regular,Bus Operator,06/04/2007,2007,48258.81
M,FRS,Fire and Rescue Services,Station 25,Fulltime-Regular,Master Firefighter/Rescuer,09/04/2001,2001,92933.0
M,FRS,Fire and Rescue Services,Station 35,Fulltime-Regular,Firefighter/Rescuer II,12/13/2004,2004,69390.0
F,OMB,Office of Management and Budget,Director,Fulltime-Regular,Director Office of Management and Budget,04/01/1985,1985,216336.0
M,POL,Department of Police,MSB Training and Education Division,Fulltime-Regular,Firearms Instructor,07/19/1999,1999,81066.0
F,DTS,Department of Technology Services,ESOD Server Support,Fulltime-Regular,Senior Information Technology Specialist,04/20/2015,2015,102151.01
M,FRS,Fire and Rescue Services,Second Battalion - Administration,Fulltime-Regular,Fire/Rescue Battalion Chief,08/14/1989,1989,131348.75
F,HHS,Department of Health and Human Services,Area Health Centers,Fulltime-Regular,Community Health Nurse II,08/17/1998,1998,97912.0
M,FRS,Fire and Rescue Services,Recruit Training,Fulltime-Regular,Firefighter/Rescuer I (Recruit),12/12/2016,2016,45261.0
M,DOT,Department of Transportation,Highway Services,Fulltime-Regular,Equipment Operator I,10/31/1988,1988,63067.93
F,DLC,Department of Liquor Control,Milestone,Parttime-Regular,Liquor Store Clerk I,11/19/2012,2012,29779.06
F,POL,Department of Police,MSB Communications Division,Fulltime-Regular,Public Safety Communications Specialist III,01/04/2010,2010,57235.41
M,DGS,Department of General Services,Fleet Management Fleet Services,Fulltime-Regular,Autobody Repairer,01/13/2014,2014,58729.79
M,FRS,Fire and Rescue Services,Station 6,Fulltime-Regular,Firefighter/Rescuer III,01/23/1995,1995,83611.44
M,DGS,Department of General Services,Facilities Maintenance,Fulltime-Regular,Electrician II,06/17/2013,2013,68854.1
M,DOT,Department of Transportation,Transit Nicholson Ride On,Fulltime-Regular,Transit Coordinator,11/08/2004,2004,58856.63
F,FIN,Department of Finance,Accounts Payable,Fulltime-Regular,Fiscal Assistant,01/31/1994,1994,69222.18
M,POL,Department of Police,MSB Training and Education Division,Fulltime-Regular,Police Officer Candidate,07/11/2016,2016,59638.0
M,CCL,County Council,Council Members and Staff,Fulltime-Regular,Confidential Aide,11/22/2010,2010,144551.85
M,POL,Department of Police,FSB Security Services Division,Fulltime-Regular,Security Officer I,03/22/2004,2004,61775.8
F,LIB,Department of Public Libraries,Damascus Library,Parttime-Regular,Library Assistant I,09/19/1995,1995,22426.41
F,DPS,Department of Permitting Services,Central Services Unit,Fulltime-Regular,Office Services Coordinator,09/28/1987,1987,69222.18
M,OMB,Office of Management and Budget,Administration,Fulltime-Regular,Management and Budget Specialist III,08/03/1986,1986,102664.0
F,HHS,Department of Health and Human Services,Income Supports,Fulltime-Regular,Income Assistance Program Specialist II,06/29/1979,1979,83497.98
M,POL,Department of Police,ISB Criminal Investigations Division 3rd District Investigative Section,Fulltime-Regular,Master Police Officer,01/16/2007,2007,76546.0
F,POL,Department of Police,PSB 4th District Patrol,Fulltime-Regular,Police Officer III,03/29/1999,1999,89620.0
F,POL,Department of Police,PSB 3rd District Patrol,Fulltime-Regular,Police Officer III,07/18/2011,2011,65752.0
F,HHS,Department of Health and Human Services,Child Welfare Services,Parttime-Regular,Principal Administrative Aide,02/25/2001,2001,29224.0
M,POL,Department of Police,MSB Communications Division,Fulltime-Regular,Public Safety Communications Specialist III,01/12/2004,2004,75370.21
F,POL,Department of Police,PSB 3rd District Patrol,Fulltime-Regular,Master Police Officer,02/06/1995,1995,97392.47
M,CCL,County Council,Council Members and Staff,Fulltime-Regular,Confidential Aide,09/26/2011,2011,125089.44
M,REC,Department of Recreation,Youth Development Youth Services,Fulltime-Regular,Recreation Specialist,03/21/2005,2005,68047.16
F,HHS,Department of Health and Human Services,Behavioral Health Community Support Services,Fulltime-Regular,Behavioral Health Technician,06/12/2006,2006,73801.0
M,CEX,Offices of the County Executive,CountyStat,Fulltime-Regular,Management and Budget Specialist I,02/22/2016,2016,53847.9
M,FRS,Fire and Rescue Services,Station 19,Fulltime-Regular,Firefighter/Rescuer II,07/29/2013,2013,52693.0
F,DPS,Department of Permitting Services,Zoning,Fulltime-Regular,Senior Permitting Services Specialist,12/01/2014,2014,86970.52
M,POL,Department of Police,PSB 5th District Patrol,Fulltime-Regular,Police Officer II,08/12/2013,2013,58455.0
F,COR,Correction and Rehabilitation,DS MCCF Case Managers Unit 1,Fulltime-Regular,Correctional Specialist IV,01/06/1997,1997,97153.42
M,DLC,Department of Liquor Control,Olney,Fulltime-Regular,Liquor Store Clerk II,08/30/1998,1998,55014.29
F,LIB,Department of Public Libraries,White Oak Library,Fulltime-Regular,Librarian I,10/20/2014,2014,60091.47
F,HHS,Department of Health and Human Services,Area Agency on Aging Administration,Fulltime-Regular,Program Manager II,09/29/1997,1997,102664.0
M,DGS,Department of General Services,Fleet Management Fleet Services,Fulltime-Regular,Mechanic Technician II,06/11/2001,2001,73801.0
M,POL,Department of Police,PSB 6th District Patrol,Fulltime-Regular,Master Police Officer,02/01/1999,1999,94099.0
M,SHF,Sheriff's Office,Sheriff Domestic Violence,Fulltime-Regular,Deputy Sheriff III,03/12/2001,2001,85405.0
M,FRS,Fire and Rescue Services,Emergency Communications Center (ECC),Fulltime-Regular,Firefighter/Rescuer III,01/23/1995,1995,88661.44
M,OAG,Office of Agriculture,Soil Conservation,Fulltime-Regular,Business Development Specialist III,10/02/2005,2005,78211.09
M,FRS,Fire and Rescue Services,Station 16,Fulltime-Regular,Fire/Rescue Captain,08/14/1989,1989,122788.02
F,HHS,Department of Health and Human Services,School Health Services,Parttime-Regular,School Health Room Technician II,08/10/1992,1992,60569.41
M,DGS,Department of General Services,Fleet Management Fleet Services,Fulltime-Regular,Mechanic Technician II,03/19/2007,2007,62780.23
F,HHS,Department of Health and Human Services,Child Welfare Services,Fulltime-Regular,Social Worker III,01/17/2012,2012,65643.26
F,HHS,Department of Health and Human Services,Adult Intensive Outpatient Services,Fulltime-Regular,Supervisory Therapist,02/21/2006,2006,102664.0
M,DGS,Department of General Services,Facilities Maintenance,Fulltime-Regular,Maintenance Renovation and Inspection Specialist,11/04/2002,2002,84974.0
F,POL,Department of Police,MSB Communications Division,Fulltime-Regular,Public Safety Communications Specialist II,02/25/2013,2013,50271.51
M,FRS,Fire and Rescue Services,Station 15,Fulltime-Regular,Fire/Rescue Captain,02/20/2001,2001,110229.0
M,POL,Department of Police,MSB Personnel Division Background Section,Fulltime-Regular,Background Screening Specialist,09/07/1999,1999,81824.52
F,DLC,Department of Liquor Control,Cloverly,Parttime-Regular,Liquor Store Clerk I,12/01/2014,2014,29779.09
M,DOT,Department of Transportation,Highway Services,Fulltime-Regular,Equipment Operator II,08/16/2010,2010,45406.15
F,HHS,Department of Health and Human Services,Permanent Supportive Housing,Parttime-Regular,Social Worker III,09/25/1996,1996,88120.8
M,DOT,Department of Transportation,Transit Special Transportation and Medicaid,Fulltime-Regular,Manager III,02/04/2008,2008,114098.84
M,POL,Department of Police,FSB Security Services Division,Fulltime-Regular,Security Officer II,12/04/1989,1989,69222.18
F,COR,Correction and Rehabilitation,DS Food Services,Fulltime-Regular,Correctional Dietary Supervisor,04/10/1989,1989,86359.62
F,CUS,Community Use of Public Facilities,Scheduling Team,Fulltime-Regular,Program Specialist I,09/23/2002,2002,63442.99
M,POL,Department of Police,PSB 2nd District Patrol,Fulltime-Regular,Police Officer III,01/17/2006,2006,86588.0
M,POL,Department of Police,MSB Communications Division,Fulltime-Regular,Program Manager II,01/11/1993,1993,96275.26
F,POL,Department of Police,PSB 5th District Patrol,Fulltime-Regular,Police Services Assistant,02/24/1991,1991,69222.18
M,POL,Department of Police,PSB 2nd District Patrol,Fulltime-Regular,Police Officer I,07/17/2006,2006,63887.0
M,DGS,Department of General Services,Central Duplicating,Fulltime-Regular,Printing Technician III,03/29/1999,1999,67206.0
M,DOT,Department of Transportation,Transit Gaithersburg Ride On,Fulltime-Regular,Bus Operator,01/04/2016,2016,40631.32
F,HHS,Department of Health and Human Services,Income Supports,Fulltime-Regular,Program Specialist II,11/14/2005,2005,61917.2
M,POL,Department of Police,FSB Security Services Division,Fulltime-Regular,Security Officer IV (Lieutenant),10/20/2014,2014,60402.79
M,DOT,Department of Transportation,Transit Gaithersburg Ride On,Fulltime-Regular,Bus Operator,05/20/2013,2013,43525.72
F,POL,Department of Police,MSB Personnel Division,Parttime-Regular,Police Cadet,10/31/2016,2016,16049.0
M,DOT,Department of Transportation,Transit Gaithersburg Ride On,Fulltime-Regular,Bus Operator,02/02/2015,2015,40631.32
M,POL,Department of Police,MSB Information Management and Technology Division,Fulltime-Regular,Manager III,03/23/1998,1998,135392.0
F,REC,Department of Recreation,Countywide Programs Classes,Fulltime-Regular,Recreation Specialist,09/22/2003,2003,79227.09
F,HHS,Department of Health and Human Services,Child Welfare Services,Fulltime-Regular,Social Worker II,06/03/2013,2013,62678.97
F,LIB,Department of Public Libraries,Germantown Library,Parttime-Regular,Library Desk Assistant,11/18/1999,1999,27901.0
F,COR,Correction and Rehabilitation,PTS Alternative Community Services,Fulltime-Regular,Correctional Specialist I,07/12/2004,2004,76712.99
M,FRS,Fire and Rescue Services,Emergency Communications Center (ECC),Fulltime-Regular,Firefighter/Rescuer III,09/02/2008,2008,68543.0
F,COR,Correction and Rehabilitation,MSD Fiscal Services,Fulltime-Regular,Senior Financial Specialist,06/26/2000,2000,102664.0
M,CEC,Community Engagement Cluster,Regional Services Centers,Fulltime-Regular,Director Regional Services Center,11/27/2006,2006,160372.0
M,FRS,Fire and Rescue Services,Third Battalion - Administration,Fulltime-Regular,Fire/Rescue Lieutenant,12/13/2004,2004,90205.0
M,POL,Department of Police,MSB Training and Education Division,Fulltime-Regular,Police Officer III,02/25/1985,1985,92756.7
M,POL,Department of Police,PSB 6th District Patrol,Fulltime-Regular,Police Officer III,07/19/2004,2004,89620.0
M,DTS,Department of Technology Services,CIO,Fulltime-Regular,Director Department of Technology Services,10/15/1985,1985,215120.0
M,FRS,Fire and Rescue Services,Fleet Operations,Fulltime-Regular,Emergency Vehicle Mechanic Technician II,09/23/2013,2013,60190.02
F,HHS,Department of Health and Human Services,Child Welfare Services,Fulltime-Regular,Social Worker III,02/26/2002,2002,86444.44
M,POL,Department of Police,PSB 6th District Patrol,Fulltime-Regular,Police Officer II,07/16/2012,2012,60501.0
M,FRS,Fire and Rescue Services,Station 25,Fulltime-Regular,Fire/Rescue Captain,02/20/2001,2001,114303.0
F,DOT,Department of Transportation,Transit Silver Spring Ride On,Fulltime-Regular,Bus Operator,09/28/2015,2015,40631.32
M,COR,Correction and Rehabilitation,DS MCCF Unit 2 Security,Fulltime-Regular,Correctional Officer II (PFC),02/09/2015,2015,48145.0
M,POL,Department of Police,PSB 3rd District Patrol,Fulltime-Regular,Police Officer II,02/24/2014,2014,58455.0
M,POL,Department of Police,PSB 4th District Patrol,Fulltime-Regular,Police Officer II,01/29/2013,2013,58455.0
F,DGS,Department of General Services,Administration and Budget,Fulltime-Regular,Management and Budget Specialist III,10/13/1987,1987,104717.28
F,POL,Department of Police,MSB Communications Division,Fulltime-Regular,Public Safety Emergency Communications Specialist III,05/04/2003,2003,57234.12
F,HHS,Department of Health and Human Services,Positive Youth Development,Fulltime-Regular,Community Services Aide III,03/30/2009,2009,51355.84
F,HHS,Department of Health and Human Services,Rental Assistance,Fulltime-Regular,Accountant/Auditor I,03/20/2006,2006,67724.61
M,OCP,Office of Consumer Protection,Investigations,Fulltime-Regular,Investigator III,01/26/2015,2015,67235.26
M,CEC,Community Engagement Cluster,Silver Spring Urban District,Fulltime-Regular,Public Service Worker II,01/28/2007,2007,37934.4
F,LIB,Department of Public Libraries,Marilyn J Praisner Library,Parttime-Regular,Librarian I,01/31/2000,2000,38831.3
M,POL,Department of Police,PSB 5th District Patrol,Fulltime-Regular,Police Officer III,01/14/2002,2002,89620.0
M,POL,Department of Police,MSB Personnel Division Background Section,Fulltime-Regular,Background Screening Specialist,11/17/2003,2003,80788.59
F,POL,Department of Police,ISB Criminal Investigations Division 2nd District Investigative Section,Fulltime-Regular,Police Officer III,08/04/1997,1997,89620.0
F,POL,Department of Police,ISB Criminal Investigations Division Crime Laboratory Section,Fulltime-Regular,Forensic Scientist,06/27/2005,2005,102664.0
M,SHF,Sheriff's Office,Sheriff Domestic Violence,Fulltime-Regular,Deputy Sheriff Sergeant,03/12/2001,2001,93945.0
F,COR,Correction and Rehabilitation,DS Programs and Services,Fulltime-Regular,Manager III,08/29/1988,1988,135392.0
M,DGS,Department of General Services,Fleet Management Fleet Services,Fulltime-Regular,Mechanic Technician II,07/07/1997,1997,73801.0
M,HHS,Department of Health and Human Services,Home Care Services,Fulltime-Regular,Community Services Aide III,10/06/2003,2003,73760.77
M,DOT,Department of Transportation,Parking Management Administration,Fulltime-Regular,Planning Specialist III,01/14/2013,2013,64506.79
F,HHS,Department of Health and Human Services,Behavioral Health Planning and Management,Fulltime-Regular,Program Manager II,06/25/2007,2007,102664.0
F,POL,Department of Police,ISB Family Crimes Division,Parttime-Regular,Office Services Coordinator,10/25/1999,1999,29534.52
M,DOT,Department of Transportation,Transit Commuter Services,Fulltime-Regular,Planning Specialist III,07/21/1997,1997,93396.0
M,FRS,Fire and Rescue Services,Station 18,Fulltime-Regular,Master Firefighter/Rescuer,12/13/2004,2004,80145.0
M,FRS,Fire and Rescue Services,Station 8,Fulltime-Regular,Fire/Rescue Lieutenant,06/13/1988,1988,104717.6
F,POL,Department of Police,PSB 6th District Patrol,Fulltime-Regular,Police Officer III,09/29/1997,1997,89620.0
M,FRS,Fire and Rescue Services,Station 34,Fulltime-Regular,Master Firefighter/Rescuer,12/27/1985,1985,95187.98
M,POL,Department of Police,FSB Security Services Division,Fulltime-Regular,Security Officer III (Sergeant),07/29/2002,2002,83905.86
M,DOT,Department of Transportation,Transportation Construction Section,Fulltime-Regular,Construction Representative III,07/03/1974,1974,96197.88
M,COR,Correction and Rehabilitation,PRRS Assessment and Quality Services,Fulltime-Regular,Correctional Specialist V,08/26/1996,1996,92202.64
M,POL,Department of Police,PSB 1st District Patrol,Fulltime-Regular,Police Sergeant,02/06/1995,1995,107128.71
M,FRS,Fire and Rescue Services,Station 3,Fulltime-Regular,Firefighter/Rescuer III,11/17/1997,1997,80784.0
F,DEP,Department of Environmental Protection,Solid Waste Services Recycling,Fulltime-Regular,Program Specialist I,03/11/2013,2013,63004.38
M,DOT,Department of Transportation,Highway Services,Fulltime-Regular,Equipment Operator Apprentice,04/23/2012,2012,33395.0
M,POL,Department of Police,PSB 6th District Patrol,Fulltime-Regular,Police Services Assistant,06/08/1998,1998,65776.57
F,POL,Department of Police,MSB Training and Education Division,Fulltime-Regular,Police Officer Candidate,07/11/2016,2016,50211.0
F,COR,Correction and Rehabilitation,PTS Supervision,Fulltime-Regular,Correctional Specialist III,12/27/2005,2005,75002.25
F,COR,Correction and Rehabilitation,DS Intake Classification and Re-Entry Services,Fulltime-Regular,Correctional Specialist II,03/04/1996,1996,91751.37
M,FRS,Fire and Rescue Services,Emergency Communications Center (ECC),Fulltime-Regular,Firefighter/Rescuer III,09/02/2008,2008,68543.0
F,POL,Department of Police,FSB Animal Services Division,Fulltime-Regular,Animal Care Attendant,12/30/2013,2013,41781.91
M,DOT,Department of Transportation,Transit Gaithersburg Ride On,Fulltime-Regular,Bus Operator,08/18/2014,2014,42053.83
F,POL,Department of Police,FSB Traffic Division School Safety Section,Parttime-Regular,Crossing Guard,11/13/2007,2007,19727.76
M,FIN,Department of Finance,Accounts Payable,Fulltime-Regular,Fiscal Assistant,03/20/2006,2006,62605.76
M,FRS,Fire and Rescue Services,Station 4,Fulltime-Regular,Master Firefighter/Rescuer,02/06/1995,1995,91969.07
M,FRS,Fire and Rescue Services,Station 12,Fulltime-Regular,Firefighter/Rescuer III,02/20/2007,2007,68015.0
F,DTS,Department of Technology Services,COO Office - Management Services,Fulltime-Regular,Administrative Specialist I,08/10/1981,1981,76015.03
M,COR,Correction and Rehabilitation,DS MCCF Unit 1 Security,Fulltime-Regular,Correctional Supervisor (Sergeant),07/02/1995,1995,94277.96
F,POL,Department of Police,FSB Traffic Division School Safety Section,Parttime-Regular,Crossing Guard,05/18/2015,2015,16610.68
M,DPS,Department of Permitting Services,Land Development,Fulltime-Regular,Senior Permitting Services Specialist,01/27/2014,2014,92490.97
M,DLC,Department of Liquor Control,Stock Liquor and Wine Warehouse Operations,Fulltime-Regular,Supply Technician II,05/04/2015,2015,35133.58
M,DLC,Department of Liquor Control,Beer Delivery Operations,Fulltime-Regular,Truck Driver/Warehouse Worker,04/21/2014,2014,42053.83
M,SHF,Sheriff's Office,Court and Transport,Fulltime-Regular,Deputy Sheriff I,06/01/2015,2015,49364.0
F,HHS,Department of Health and Human Services,24 Hours Crisis Center,Fulltime-Regular,Supervisory Therapist,04/23/2012,2012,91220.65
F,DOT,Department of Transportation,Director Management Services,Fulltime-Regular,Management Services Supervisor,01/07/2002,2002,112899.0
F,HHS,Department of Health and Human Services,School Health Services,Parttime-Regular,School Health Room Technician I,12/21/1981,1981,57807.08
M,FRS,Fire and Rescue Services,Recruit Training,Fulltime-Regular,Firefighter/Rescuer I (Recruit),12/12/2016,2016,45261.0
M,POL,Department of Police,ISB Major Crimes Division,Fulltime-Regular,Police Captain,08/19/1996,1996,141539.36
F,FRS,Fire and Rescue Services,Fifth Battalion - Administration,Fulltime-Regular,Fire/Rescue Lieutenant,09/11/2000,2000,107183.0
M,FRS,Fire and Rescue Services,Recruiting,Fulltime-Regular,Fire/Rescue Captain,08/14/1989,1989,114087.02
M,HHS,Department of Health and Human Services,Information Systems and Technology,Fulltime-Regular,Information Technology Specialist III,07/26/2004,2004,107657.0
M,COR,Correction and Rehabilitation,DS MCDC Custody and Security,Fulltime-Regular,Correctional Officer II (PFC),08/31/2009,2009,53381.0
M,LIB,Department of Public Libraries,Wheaton Library,Parttime-Regular,Library Desk Assistant,12/08/1998,1998,26892.66
M,FRS,Fire and Rescue Services,Station 23,Fulltime-Regular,Firefighter/Rescuer III,12/13/2004,2004,72861.0
F,CAT,County Attorney's Office,Insurance Defense Litigation,Fulltime-Regular,Assistant County Attorney III,01/22/2007,2007,140794.0
M,DOT,Department of Transportation,Traffic Engineering Studies Section,Fulltime-Regular,Engineer III,07/24/2006,2006,99433.25
F,HHS,Department of Health and Human Services,Child Welfare Services,Fulltime-Regular,Social Worker III,02/25/2002,2002,86444.44
F,HHS,Department of Health and Human Services,School Health Services,Parttime-Regular,School Health Room Technician I,08/09/1999,1999,49831.17
F,POL,Department of Police,MSB Information Management and Technology Division Data Systems Section,Fulltime-Regular,Office Services Coordinator,03/13/1989,1989,69222.18
M,DGS,Department of General Services,Property Management,Fulltime-Regular,Maintenance Renovation and Inspection Specialist,10/07/2002,2002,84974.0
F,HHS,Department of Health and Human Services,24 Hours Crisis Center,Fulltime-Regular,Therapist II,09/21/2015,2015,61139.52
M,REC,Department of Recreation,Germantown Indoor Pool,Fulltime-Regular,Recreation Supervisor,03/29/1998,1998,85428.25
M,FRS,Fire and Rescue Services,Station 28,Fulltime-Regular,Fire/Rescue Captain,03/29/1999,1999,112266.0
F,HHS,Department of Health and Human Services,Clinical Assessment and Triage Services,Fulltime-Regular,Principal Administrative Aide,05/20/2013,2013,43700.2
M,COR,Correction and Rehabilitation,PTS Alternative Community Services,Fulltime-Regular,Correctional Specialist II,11/20/2000,2000,80626.58
M,POL,Department of Police,PSB 4th District Patrol,Fulltime-Regular,Police Sergeant,02/03/2003,2003,93356.0
M,REC,Department of Recreation,Aquatic Team Management,Fulltime-Regular,Senior Pool Manager,12/12/2005,2005,44753.0
F,FIN,Department of Finance,Accounts Payable,Fulltime-Regular,Fiscal Assistant,02/04/2008,2008,58440.2
M,DOT,Department of Transportation,Transportation Construction Section,Fulltime-Regular,Construction Representative III,02/22/2005,2005,93396.0
M,DGS,Department of General Services,Facilities Maintenance,Fulltime-Regular,Electrician II,10/09/1990,1990,79663.29
M,HHS,Department of Health and Human Services,Public Health Emergency Preparedness and Response Program,Fulltime-Regular,Manager III,11/28/2016,2016,104734.0
F,HHS,Department of Health and Human Services,Medical Assistance Eligibility Services,Fulltime-Regular,Income Assistance Program Specialist II,09/08/2014,2014,50785.5
F,LIB,Department of Public Libraries,Twinbrook Library,Parttime-Regular,Library Assistant I,01/26/1997,1997,24023.44
F,DOT,Department of Transportation,Highway Services,Fulltime-Regular,Principal Administrative Aide,06/25/2007,2007,58448.0
M,DGS,Department of General Services,Fleet Automotive Heavy Equipment,Fulltime-Regular,Mechanic Technician II,10/13/2008,2008,56460.17
M,DOT,Department of Transportation,Parking Management Engineering and Capital Project Management,Fulltime-Regular,Capital Projects Manager,08/07/2006,2006,104087.85
M,COR,Correction and Rehabilitation,DS Inmate Records,Fulltime-Regular,Manager III,11/03/1982,1982,115440.06
F,HHS,Department of Health and Human Services,Montgomery Cares,Fulltime-Regular,Program Manager II,09/08/2014,2014,79366.1
M,DOT,Department of Transportation,Transit Gaithersburg Ride On,Fulltime-Regular,Bus Operator,02/11/2008,2008,46626.87
M,POL,Department of Police,PSB 3rd District Patrol,Fulltime-Regular,Police Officer III,01/12/2009,2009,65752.0
F,HHS,Department of Health and Human Services,Adult Protective Services - Nurse Assessment,Fulltime-Regular,Community Health Nurse II,10/17/2016,2016,77298.0
M,POL,Department of Police,PSB 2nd District Patrol,Fulltime-Regular,Police Officer III,09/08/1987,1987,92756.7
M,DLC,Department of Liquor Control,Beer Warehouse Operations,Fulltime-Regular,Supply Technician III,12/28/2003,2003,56922.23
F,POL,Department of Police,ISB Criminal Investigations Division Crime Laboratory Section,Fulltime-Regular,Forensic Scientist,04/04/2016,2016,64018.5
M,FRS,Fire and Rescue Services,Second Battalion - Administration,Fulltime-Regular,Fire/Rescue Lieutenant,03/19/2007,2007,79520.0
M,SHF,Sheriff's Office,Administration,Fulltime-Regular,Deputy Sheriff Candidate,07/11/2016,2016,47693.0
M,POL,Department of Police,PSB 1st District Community Action Team,Fulltime-Regular,Police Officer III,07/16/2007,2007,70435.0
M,DOT,Department of Transportation,Transit Gaithersburg Ride On,Fulltime-Regular,Transit Information Systems Technician,08/27/2012,2012,51958.37
M,DGS,Department of General Services,Planning and Development,Fulltime-Regular,Business Development Specialist III,01/21/2001,2001,102664.0
F,POL,Department of Police,PSB 3rd District Station,Fulltime-Regular,Office Services Coordinator,04/27/1998,1998,64976.91
M,HHS,Department of Health and Human Services,24 Hours Crisis Center,Fulltime-Regular,Therapist II,05/27/2008,2008,79585.44
M,DGS,Department of General Services,Central Duplicating,Fulltime-Regular,Print Shop Foreman,11/23/1977,1977,81066.0
M,POL,Department of Police,PSB 1st District Patrol,Fulltime-Regular,Police Officer III,09/29/1997,1997,89620.0
F,OLO,Office of Legislative Oversight,Legislative Oversight Staff,Fulltime-Regular,Manager II,01/22/1985,1985,156478.83
M,POL,Department of Police,PSB 3rd District Community Action Team,Fulltime-Regular,Police Officer II,01/28/2013,2013,58455.0
F,HHS,Department of Health and Human Services,School Health Services,Fulltime-Regular,Community Health Nurse II,11/08/2010,2010,75737.1
M,POL,Department of Police,PSB 4th District Patrol,Fulltime-Regular,Police Officer III,07/19/2010,2010,68054.0
F,FRS,Fire and Rescue Services,Emergency Communications Center (ECC),Fulltime-Regular,Public Safety Communications Specialist II,11/04/2013,2013,47878.29
M,POL,Department of Police,PSB 3rd District Patrol,Fulltime-Regular,Police Officer III,01/17/2006,2006,72902.0
F,LIB,Department of Public Libraries,Germantown Library,Fulltime-Regular,Library Assistant I,08/11/1994,1994,58448.0
M,POL,Department of Police,ISB Criminal Investigations Division Forensic Services Section,Fulltime-Regular,Photo/Digtal Image Technician,08/20/2007,2007,55014.28
M,DLC,Department of Liquor Control,Darnestown,Fulltime-Regular,Liquor Store Clerk II,10/28/2008,2008,45397.14
M,DEP,Department of Environmental Protection,Solid Waste Services Administration,Fulltime-Regular,Manager I,03/03/1997,1997,175127.0
M,POL,Department of Police,PSB 4th District Patrol,Fulltime-Regular,Police Officer III,01/14/2002,2002,83658.0
M,COR,Correction and Rehabilitation,DS MCDC Custody and Security,Fulltime-Regular,Correctional Officer III (Corporal),08/07/2006,2006,65105.0
F,REC,Department of Recreation,Aquatic Team Management,Fulltime-Regular,Aquatic Programs Supervisor,11/20/1994,1994,85272.55
M,DOT,Department of Transportation,Parking Management Parking Operations,Fulltime-Regular,Manager III,07/22/1983,1983,135392.0
M,DOT,Department of Transportation,Transit Nicholson Ride On,Fulltime-Regular,Bus Operator,05/14/2007,2007,48258.81
F,HHS,Department of Health and Human Services,Community Support Network for People with Disabilities,Parttime-Regular,Administrative Specialist I,02/05/1990,1990,57011.27
M,REC,Department of Recreation,Countywide Programs Sports,Fulltime-Regular,Recreation Specialist,05/29/1994,1994,84974.0
M,FRS,Fire and Rescue Services,Station 20,Fulltime-Regular,Firefighter/Rescuer III,10/17/2005,2005,70396.0
F,HHS,Department of Health and Human Services,Income Supports,Fulltime-Regular,Income Assistance Program Specialist III,01/22/2007,2007,64105.62
F,HHS,Department of Health and Human Services,Clinical Assessment and Triage Services,Fulltime-Regular,Therapist II,04/10/2012,2012,68595.41
M,DOT,Department of Transportation,Transit Silver Spring Ride On,Fulltime-Regular,Bus Operator,07/01/2013,2013,43525.72
F,HHS,Department of Health and Human Services,African American Health Program,Fulltime-Regular,Program Manager I,07/19/1976,1976,96197.88
F,CAT,County Attorney's Office,Finance and Procurement,Fulltime-Regular,Office Services Coordinator,02/08/1999,1999,64662.78
M,FRS,Fire and Rescue Services,Station 17,Fulltime-Regular,Firefighter/Rescuer III,02/27/2012,2012,57265.0
M,FRS,Fire and Rescue Services,Fire and Rescue Occupational Medical Services,Fulltime-Regular,Fire/Rescue Battalion Chief,02/26/1990,1990,131348.75
M,SHF,Sheriff's Office,Courthouse Security,Fulltime-Regular,Deputy Sheriff II,01/28/2013,2013,56580.0
M,FRS,Fire and Rescue Services,Station 16,Fulltime-Regular,Firefighter/Rescuer III,02/27/2012,2012,63345.0
F,LIB,Department of Public Libraries,Marilyn J Praisner Library,Fulltime-Regular,Library Assistant Supervisor,08/08/1989,1989,76321.49
M,POL,Department of Police,PSB 1st District Special Assignment Team,Fulltime-Regular,Police Officer III,01/14/2002,2002,89620.0
F,OCP,Office of Consumer Protection,Investigations,Fulltime-Regular,Investigator III,02/13/1989,1989,105743.92
M,FRS,Fire and Rescue Services,Station 15,Fulltime-Regular,Firefighter/Rescuer III,09/04/2007,2007,71796.0
F,POL,Department of Police,FSB Traffic Division School Safety Section,Parttime-Regular,Crossing Guard,12/19/2011,2011,18416.33
M,DLC,Department of Liquor Control,Beer Warehouse Operations,Fulltime-Regular,Supply Technician III,08/10/1987,1987,60201.44
M,DOT,Department of Transportation,Transit Nicholson Ride On,Fulltime-Regular,Bus Operator,02/12/2007,2007,48260.15
M,POL,Department of Police,MSB Communications Division,Fulltime-Regular,Public Safety Communications Specialist III,01/03/2012,2012,57177.95
M,SHF,Sheriff's Office,Court and Transport,Fulltime-Regular,Deputy Sheriff III,03/03/1997,1997,85405.0
M,FRS,Fire and Rescue Services,Emergency Communications Center (ECC),Fulltime-Regular,Fire/Rescue Captain,02/26/1990,1990,119137.02
M,DGS,Department of General Services,Fleet Automotive Heavy Equipment,Fulltime-Regular,Mechanic Technician II,07/23/2007,2007,63171.73
F,POL,Department of Police,PSB 4th District Patrol,Fulltime-Regular,Police Officer I,10/06/2014,2014,53788.0
F,HHS,Department of Health and Human Services,Child Welfare Services,Fulltime-Regular,Social Worker II,06/30/2014,2014,60559.39
M,DLC,Department of Liquor Control,Downtown Rockville,Fulltime-Regular,Liquor Store Manager,11/23/1998,1998,77289.48
M,POL,Department of Police,PSB 6th District Patrol,Fulltime-Regular,Police Officer III,02/12/2001,2001,86588.0
M,OHR,Office of Human Resources,Police Labor Relations Team,Fulltime-Regular,Manager III,10/17/2005,2005,130066.89
F,DTS,Department of Technology Services,Media Services,Fulltime-Regular,Audiovisual Production Specialist,10/08/2012,2012,77834.64
F,HHS,Department of Health and Human Services,School Health Services,Fulltime-Regular,Community Health Nurse II,07/30/2013,2013,78387.85
M,FRS,Fire and Rescue Services,Station 25,Fulltime-Regular,Firefighter/Rescuer II,04/23/2012,2012,59027.0
F,DOT,Department of Transportation,Transit Silver Spring Ride On,Fulltime-Regular,Bus Operator,03/21/2011,2011,43525.72
M,POL,Department of Police,PSB 1st District Patrol,Fulltime-Regular,Police Officer III,09/29/1997,1997,89620.0
M,FRS,Fire and Rescue Services,Emergency Communications Center (ECC),Fulltime-Regular,Firefighter/Rescuer III,08/16/1999,1999,94535.0
F,POL,Department of Police,PSB 4th District Educational Facilities Officers,Fulltime-Regular,Police Officer III,01/18/1994,1994,92756.7
F,HHS,Department of Health and Human Services,Adult Intensive Outpatient Services,Fulltime-Regular,Therapist II,06/10/1991,1991,100849.36
F,HHS,Department of Health and Human Services,Income Supports,Fulltime-Regular,Executive Administrative Aide,04/17/1996,1996,70422.0
F,POL,Department of Police,MSB Management and Budget Division Abandoned Vehicle Section,Fulltime-Regular,Program Specialist I,01/16/1990,1990,76015.03
F,HHS,Department of Health and Human Services,TB and Refugee Health,Fulltime-Regular,Manager III,07/14/2003,2003,125809.08
M,DGS,Department of General Services,Energy and Sustainability,Fulltime-Regular,Capital Projects Manager,10/06/2014,2014,113380.15
M,DOT,Department of Transportation,Transit Gaithersburg Ride On,Fulltime-Regular,Bus Operator,06/30/2014,2014,42053.83
M,POL,Department of Police,PSB 3rd District Station,Fulltime-Regular,Police Lieutenant,06/25/1990,1990,123902.96
M,FRS,Fire and Rescue Services,Station 12,Fulltime-Regular,Firefighter/Rescuer II,09/22/2014,2014,50910.0
M,DOT,Department of Transportation,Transit Silver Spring Ride On,Fulltime-Regular,Transit Coordinator,08/13/2007,2007,53084.71
F,DGS,Department of General Services,Central Services,Fulltime-Regular,Manager II,01/24/1994,1994,156525.0
F,HHS,Department of Health and Human Services,Income Supports,Fulltime-Regular,Income Assistance Program Specialist II,11/17/2003,2003,81066.0
M,FRS,Fire and Rescue Services,Station 12,Fulltime-Regular,Firefighter/Rescuer II,09/04/2001,2001,76936.0
F,POL,Department of Police,MSB Information Mgmt and Tech Division Records Management Section,Fulltime-Regular,Office Services Coordinator,10/15/2007,2007,59874.83
M,POL,Department of Police,PSB 3rd District Patrol,Fulltime-Regular,Police Officer III,07/18/2011,2011,65752.0
F,REC,Department of Recreation,Upper County Community Recreation Center,Fulltime-Regular,Recreation Specialist,07/14/1983,1983,82159.0
M,POL,Department of Police,PSB 5th District Patrol,Fulltime-Regular,Police Officer I,10/06/2014,2014,53788.0
M,DLC,Department of Liquor Control,Beer Delivery Operations,Fulltime-Regular,Truck Driver Helper/Warehouse Worker,08/15/1988,1988,52416.7
F,HHS,Department of Health and Human Services,Home Care Services,Fulltime-Regular,Program Specialist II,02/19/1991,1991,87523.22
F,HHS,Department of Health and Human Services,Income Supports,Fulltime-Regular,Income Assistance Program Specialist III,03/28/1999,1999,89079.0
F,CAT,County Attorney's Office,Support Services,Fulltime-Regular,Paralegal Specialist,08/15/1988,1988,82851.51
F,FRS,Fire and Rescue Services,Station 18,Fulltime-Regular,Master Firefighter/Rescuer,09/04/2001,2001,88859.0
F,CCL,County Council,Council Central Staff,Fulltime-Regular,Legislative Analyst II,05/14/2007,2007,89825.07
F,HHS,Department of Health and Human Services,School Health Services,Parttime-Regular,Community Health Nurse II,08/08/2005,2005,75832.74
F,HHS,Department of Health and Human Services,School Health Services,Fulltime-Regular,Community Health Nurse II,07/28/2015,2015,72094.53
M,FRS,Fire and Rescue Services,Station 28,Fulltime-Regular,Firefighter/Rescuer III,03/17/2008,2008,70884.0
F,HHS,Department of Health and Human Services,School Health Services,Parttime-Regular,School Health Room Technician I,08/19/1991,1991,57807.08
F,HHS,Department of Health and Human Services,Child Welfare Services,Fulltime-Regular,Community Services Aide III,02/14/2011,2011,49622.25
M,DOT,Department of Transportation,Transit Silver Spring Ride On,Fulltime-Regular,Bus Operator,08/16/2004,2004,55123.38
M,SHF,Sheriff's Office,Court and Transport,Fulltime-Regular,Deputy Sheriff III,03/12/2000,2000,74424.0
M,COR,Correction and Rehabilitation,DS MCCF Unit 3 Security,Fulltime-Regular,Correctional Officer III (Corporal),02/03/2003,2003,72185.0
M,DOT,Department of Transportation,Highway Services,Fulltime-Regular,District Supervisor,11/03/1980,1980,97912.0
M,LIB,Department of Public Libraries,Silver Spring Library,Fulltime-Regular,Library Associate,10/05/2015,2015,46319.36
M,FRS,Fire and Rescue Services,Station 18,Fulltime-Regular,Fire/Rescue Captain,01/23/1995,1995,114587.02
F,HHS,Department of Health and Human Services,Child Welfare Services,Fulltime-Regular,Social Worker II,12/02/2013,2013,62678.97
F,HHS,Department of Health and Human Services,Fiscal Team,Fulltime-Regular,Accountant/Auditor III,12/19/2011,2011,82307.01
M,DGS,Department of General Services,Fleet Management Fleet Services,Fulltime-Regular,Mechanic Technician II,01/18/2011,2011,64640.07
M,CEX,Offices of the County Executive,Chief Administrative Officer's Office,Fulltime-Regular,Development Ombudsman,06/22/2015,2015,154500.0
M,FRS,Fire and Rescue Services,Station 40,Fulltime-Regular,Firefighter/Rescuer III,03/19/2007,2007,71796.0
F,HHS,Department of Health and Human Services,Area Health Centers,Fulltime-Regular,Community Health Nurse II,06/01/2004,2004,97912.0
M,DOT,Department of Transportation,Transportation Construction Section,Fulltime-Regular,Construction Representative III,11/15/2004,2004,93396.0
M,POL,Department of Police,PSB 1st District Patrol,Fulltime-Regular,Police Officer III,07/22/2002,2002,83658.0
M,FRS,Fire and Rescue Services,Station 30,Fulltime-Regular,Firefighter/Rescuer III,01/14/2013,2013,57365.0
M,FRS,Fire and Rescue Services,Station 25,Fulltime-Regular,Firefighter/Rescuer III,06/01/2010,2010,61339.0
M,FRS,Fire and Rescue Services,Station 15,Fulltime-Regular,Fire/Rescue Captain,08/14/1989,1989,117174.02
F,POL,Department of Police,FSB Traffic Division School Safety Section,Parttime-Regular,Crossing Guard,03/11/2013,2013,17793.56
F,DOT,Department of Transportation,Transit Silver Spring Ride On,Fulltime-Regular,Bus Operator,05/16/1999,1999,64141.0
M,DPS,Department of Permitting Services,Zoning,Fulltime-Regular,Manager III,09/10/2001,2001,119986.28
M,DGS,Department of General Services,Fleet Automotive Heavy Equipment,Fulltime-Regular,Mechanic Technician II,06/30/2014,2014,57931.58
M,DOT,Department of Transportation,Highway Services,Fulltime-Regular,Equipment Operator I,08/11/2014,2014,39351.09
M,FRS,Fire and Rescue Services,Station 10,Fulltime-Regular,Master Firefighter/Rescuer,02/11/2002,2002,87891.0
M,FRS,Fire and Rescue Services,Station 30,Fulltime-Regular,Firefighter/Rescuer III,09/04/2007,2007,67753.0
M,DOT,Department of Transportation,Transit Gaithersburg Ride On,Fulltime-Regular,Bus Operator,01/05/2015,2015,42053.42
F,DTS,Department of Technology Services,Franchise Enforcement,Fulltime-Regular,Permitting and Code Enforcement Inspector II,08/16/2010,2010,68971.62
F,COR,Correction and Rehabilitation,DS Health Services,Fulltime-Regular,Correctional Health Nurse II,08/08/2005,2005,97912.0
F,LIB,Department of Public Libraries,Twinbrook Library,Parttime-Regular,Library Assistant I,05/16/1993,1993,30100.72
M,POL,Department of Police,MSB Information Management and Technology DivisioinCrime Analysis Section,Fulltime-Regular,Crime Analyst,05/20/2013,2013,54402.73
M,DOT,Department of Transportation,Transit Nicholson Ride On,Fulltime-Regular,Motor Pool Attendant,06/09/2002,2002,43433.04
F,LIB,Department of Public Libraries,Wheaton Library,Fulltime-Regular,Library Assistant I,07/26/2006,2006,44850.59
M,FRS,Fire and Rescue Services,Station 23,Fulltime-Regular,Fire/Rescue Lieutenant,09/04/2001,2001,97755.0
M,CCL,County Council,Council Central Staff,Fulltime-Regular,Visual Information Specialist,08/16/2010,2010,77749.83
M,FRS,Fire and Rescue Services,Station 28,Fulltime-Regular,Firefighter/Rescuer III,03/17/2008,2008,65530.0
F,POL,Department of Police,MSB Communications Division,Fulltime-Regular,Public Safety Communications Specialist III,06/01/2010,2010,57234.12
F,FIN,Department of Finance,Accounts Receivable,Fulltime-Regular,Manager III,02/01/1988,1988,135379.51
M,POL,Department of Police,PSB 1st District Patrol,Fulltime-Regular,Police Officer III,01/18/2005,2005,75453.0
M,FRS,Fire and Rescue Services,Station 22,Fulltime-Regular,Firefighter/Rescuer II,07/29/2013,2013,52693.0
F,HHS,Department of Health and Human Services,Adult Protective and Case Management Services,Fulltime-Regular,Social Worker III,09/19/2005,2005,97912.0
M,DOT,Department of Transportation,Transit Gaithersburg Ride On,Fulltime-Regular,Bus Operator,05/27/2014,2014,42053.83
M,SHF,Sheriff's Office,Warrant Section,Fulltime-Regular,Deputy Sheriff III,01/14/2002,2002,85405.0
F,POL,Department of Police,FSB Animal Services Division,Parttime-Regular,Client Assistance Specialist,10/31/2016,2016,24534.0
M,POL,Department of Police,MSB Training and Education Division,Fulltime-Regular,Police Officer Candidate,07/11/2016,2016,50211.0
M,DOT,Department of Transportation,Transit Silver Spring Ride On,Fulltime-Regular,Bus Operator,09/29/2014,2014,42053.42
M,CEC,Community Engagement Cluster,Wheaton Urban District,Fulltime-Regular,Public Service Worker II,09/24/2012,2012,38004.12
F,HHS,Department of Health and Human Services,Area Health Centers,Fulltime-Regular,Community Services Aide III,11/15/2004,2004,60181.89
F,ZAH,Office of Zoning and Administrative Hearings,Zoning and Administrative Hearings,Fulltime-Regular,Office Services Coordinator,01/03/2012,2012,62046.88
F,FRS,Fire and Rescue Services,Procurement,Fulltime-Regular,Administrative Specialist III,10/06/2008,2008,62678.98
M,FRS,Fire and Rescue Services,Station 2,Fulltime-Regular,Firefighter/Rescuer III,06/01/2010,2010,57265.0
F,POL,Department of Police,FSB Traffic Division School Safety Section,Parttime-Regular,Crossing Guard,01/24/1994,1994,26208.35
M,DOT,Department of Transportation,Transit Gaithersburg Ride On,Fulltime-Regular,Bus Operator,06/30/2014,2014,42053.83
M,DOT,Department of Transportation,Parking Management Engineering and Capital Project Management,Fulltime-Regular,Program Specialist I,05/12/2008,2008,56940.46
M,FRS,Fire and Rescue Services,Fleet Operations,Fulltime-Regular,Manager III,05/02/2016,2016,108540.0
F,POL,Department of Police,PSB 1st District Community Action Team,Fulltime-Regular,Police Officer II,08/12/2013,2013,58455.0
F,POL,Department of Police,PSB 3rd District Patrol,Fulltime-Regular,Police Officer II,01/28/2013,2013,58455.0
F,CAT,County Attorney's Office,Human Resources and Appeals,Fulltime-Regular,Assistant County Attorney III,06/17/1996,1996,140794.0
F,HHS,Department of Health and Human Services,Early Childhood Services,Fulltime-Regular,Manager II,07/02/2012,2012,132782.98
F,DGS,Department of General Services,Building Design and Construction,Fulltime-Regular,Senior Architect,04/27/2009,2009,118400.0
M,HHS,Department of Health and Human Services,Behavioral Health Planning and Management,Fulltime-Regular,Program Manager II,03/21/1994,1994,104717.28
M,HHS,Department of Health and Human Services,Fiscal Team,Fulltime-Regular,Accountant/Auditor III,12/20/1999,1999,91051.31
F,POL,Department of Police,FSB Animal Services Division,Fulltime-Regular,Principal Administrative Aide,02/10/2014,2014,38756.8
